[INFO] [launch]: All log files can be found below /root/.ros/log/2025-04-13-16-10-35-659264-drone-home-3282
[INFO] [launch]: Default logging verbosity is set to INFO
[INFO] [cv_controller-1]: process started with pid [3286]
[INFO] [controller-2]: process started with pid [3288]
[INFO] [pwm_publisher-3]: process started with pid [3290]
[INFO] [gps_publisher-4]: process started with pid [3292]
[INFO] [imu_publisher-5]: process started with pid [3294]
[INFO] [drive_hardware-6]: process started with pid [3296]
[cv_controller-1] [INFO] [1744575036.776822885] [drone_home1.sim]: CV Controller running
[gps_publisher-4] [INFO] [1744575036.965378306] [drone_home1.gps_publisher]: Connected GPS on /dev/ttyUSB0
[gps_publisher-4] [INFO] [1744575036.967956520] [drone_home1.gps_publisher]: GPS Initialized
[controller-2] [INFO] [1744575037.234553179] [drone_home1.controller]: Controller running
[imu_publisher-5] [INFO] [1744575037.973323213] [drone_home1.imu_publisher]: Calibration status: (True, 'Calibration (sys:0, gyro:0, accel:3, mag:0)')
[controller-2] [INFO] [1744575040.082543129] [drone_home1.controller]: Bearing: 250.19°
[controller-2] [INFO] [1744575040.083446343] [drone_home1.controller]: Going to [(29.639661, -82.361216)]: 1544.12 meters
[controller-2] [INFO] [1744575040.181786728] [drone_home1.controller]: Bearing: 250.19°
[controller-2] [INFO] [1744575040.182688503] [drone_home1.controller]: Going to [(29.639661, -82.361216)]: 1544.12 meters
[controller-2] [INFO] [1744575040.281556160] [drone_home1.controller]: Bearing: 250.19°
[controller-2] [INFO] [1744575040.282436814] [drone_home1.controller]: Going to [(29.639661, -82.361216)]: 1544.12 meters
[controller-2] [INFO] [1744575040.381950082] [drone_home1.controller]: Bearing: 250.19°
[controller-2] [INFO] [1744575040.382909073] [drone_home1.controller]: Going to [(29.639661, -82.361216)]: 1544.12 meters
[controller-2] [INFO] [1744575040.483631544] [drone_home1.controller]: Bearing: 250.19°
[controller-2] [INFO] [1744575040.484577383] [drone_home1.controller]: Going to [(29.639661, -82.361216)]: 1544.12 meters
[controller-2] [INFO] [1744575040.581721174] [drone_home1.controller]: Bearing: 250.19°
[controller-2] [INFO] [1744575040.582999082] [drone_home1.controller]: Going to [(29.639661, -82.361216)]: 1544.12 meters
[controller-2] [INFO] [1744575040.681915636] [drone_home1.controller]: Bearing: 250.19°
[controller-2] [INFO] [1744575040.682845411] [drone_home1.controller]: Going to [(29.639661, -82.361216)]: 1544.12 meters
[controller-2] [INFO] [1744575040.781853071] [drone_home1.controller]: Bearing: 250.19°
[controller-2] [INFO] [1744575040.782809758] [drone_home1.controller]: Going to [(29.639661, -82.361216)]: 1544.12 meters
[controller-2] [INFO] [1744575040.881797162] [drone_home1.controller]: Bearing: 250.19°
[controller-2] [INFO] [1744575040.882711640] [drone_home1.controller]: Going to [(29.639661, -82.361216)]: 1544.12 meters
[controller-2] [INFO] [1744575040.981696996] [drone_home1.controller]: Bearing: 250.19°
[controller-2] [INFO] [1744575040.982791157] [drone_home1.controller]: Going to [(29.639661, -82.361216)]: 1544.12 meters
[controller-2] [INFO] [1744575041.081702157] [drone_home1.controller]: Bearing: 250.19°
[controller-2] [INFO] [1744575041.082587931] [drone_home1.controller]: Going to [(29.639661, -82.361216)]: 1544.12 meters
[controller-2] [INFO] [1744575041.181679386] [drone_home1.controller]: Bearing: 250.19°
[controller-2] [INFO] [1744575041.182564296] [drone_home1.controller]: Going to [(29.639661, -82.361216)]: 1544.12 meters
[controller-2] [INFO] [1744575041.281685799] [drone_home1.controller]: Bearing: 250.19°
[controller-2] [INFO] [1744575041.285750087] [drone_home1.controller]: Going to [(29.639661, -82.361216)]: 1544.12 meters
[controller-2] [INFO] [1744575041.381686260] [drone_home1.controller]: Bearing: 250.19°
[controller-2] [INFO] [1744575041.382675908] [drone_home1.controller]: Going to [(29.639661, -82.361216)]: 1544.12 meters
[controller-2] [INFO] [1744575041.481601472] [drone_home1.controller]: Bearing: 250.19°
[controller-2] [INFO] [1744575041.482484558] [drone_home1.controller]: Going to [(29.639661, -82.361216)]: 1544.12 meters
[controller-2] [INFO] [1744575041.582558077] [drone_home1.controller]: Bearing: 250.19°
[controller-2] [INFO] [1744575041.585635277] [drone_home1.controller]: Going to [(29.639661, -82.361216)]: 1544.12 meters
[controller-2] [INFO] [1744575041.682284102] [drone_home1.controller]: Bearing: 250.19°
[controller-2] [INFO] [1744575041.685018801] [drone_home1.controller]: Going to [(29.639661, -82.361216)]: 1544.12 meters
[controller-2] [INFO] [1744575041.781975822] [drone_home1.controller]: Bearing: 250.19°
[controller-2] [INFO] [1744575041.785538534] [drone_home1.controller]: Going to [(29.639661, -82.361216)]: 1544.12 meters
[controller-2] [INFO] [1744575041.881565013] [drone_home1.controller]: Bearing: 250.19°
[controller-2] [INFO] [1744575041.882454371] [drone_home1.controller]: Going to [(29.639661, -82.361216)]: 1544.12 meters
[controller-2] [INFO] [1744575041.981626627] [drone_home1.controller]: Bearing: 250.19°
[controller-2] [INFO] [1744575041.982485488] [drone_home1.controller]: Going to [(29.639661, -82.361216)]: 1544.12 meters
[controller-2] [INFO] [1744575042.081745408] [drone_home1.controller]: Bearing: 250.19°
[controller-2] [INFO] [1744575042.082639630] [drone_home1.controller]: Going to [(29.639661, -82.361216)]: 1544.12 meters
[controller-2] [INFO] [1744575042.181749470] [drone_home1.controller]: Bearing: 250.19°
[controller-2] [INFO] [1744575042.182683501] [drone_home1.controller]: Going to [(29.639661, -82.361216)]: 1544.12 meters
[controller-2] [INFO] [1744575042.281908768] [drone_home1.controller]: Bearing: 250.19°
[controller-2] [INFO] [1744575042.283047314] [drone_home1.controller]: Going to [(29.639661, -82.361216)]: 1544.12 meters
[controller-2] [INFO] [1744575042.381877022] [drone_home1.controller]: Bearing: 250.19°
[controller-2] [INFO] [1744575042.384805485] [drone_home1.controller]: Going to [(29.639661, -82.361216)]: 1544.12 meters
[controller-2] [INFO] [1744575042.481761659] [drone_home1.controller]: Bearing: 250.19°
[controller-2] [INFO] [1744575042.482674505] [drone_home1.controller]: Going to [(29.639661, -82.361216)]: 1544.12 meters
[controller-2] [INFO] [1744575042.581814714] [drone_home1.controller]: Bearing: 250.19°
[controller-2] [INFO] [1744575042.582770762] [drone_home1.controller]: Going to [(29.639661, -82.361216)]: 1544.12 meters
[controller-2] [INFO] [1744575042.682072957] [drone_home1.controller]: Bearing: 250.19°
[controller-2] [INFO] [1744575042.683017708] [drone_home1.controller]: Going to [(29.639661, -82.361216)]: 1544.12 meters
[controller-2] [INFO] [1744575042.781920954] [drone_home1.controller]: Bearing: 250.19°
[controller-2] [INFO] [1744575042.782843048] [drone_home1.controller]: Going to [(29.639661, -82.361216)]: 1544.12 meters
[controller-2] [INFO] [1744575042.881653108] [drone_home1.controller]: Bearing: 250.19°
[controller-2] [INFO] [1744575042.884519170] [drone_home1.controller]: Going to [(29.639661, -82.361216)]: 1544.12 meters
[controller-2] [INFO] [1744575042.982213020] [drone_home1.controller]: Bearing: 250.19°
[controller-2] [INFO] [1744575042.984701987] [drone_home1.controller]: Going to [(29.639661, -82.361216)]: 1544.12 meters
[controller-2] [INFO] [1744575043.081638847] [drone_home1.controller]: Bearing: 250.19°
[controller-2] [INFO] [1744575043.082797330] [drone_home1.controller]: Going to [(29.639661, -82.361216)]: 1544.12 meters
[controller-2] [INFO] [1744575043.181830610] [drone_home1.controller]: Bearing: 250.19°
[controller-2] [INFO] [1744575043.182802722] [drone_home1.controller]: Going to [(29.639661, -82.361216)]: 1544.12 meters
[controller-2] [INFO] [1744575043.282447500] [drone_home1.controller]: Bearing: 250.19°
[controller-2] [INFO] [1744575043.284967381] [drone_home1.controller]: Going to [(29.639661, -82.361216)]: 1544.12 meters
[controller-2] [INFO] [1744575043.382257849] [drone_home1.controller]: Bearing: 250.19°
[controller-2] [INFO] [1744575043.383176840] [drone_home1.controller]: Going to [(29.639661, -82.361216)]: 1544.12 meters
[controller-2] [INFO] [1744575043.481861123] [drone_home1.controller]: Bearing: 250.19°
[controller-2] [INFO] [1744575043.482825362] [drone_home1.controller]: Going to [(29.639661, -82.361216)]: 1544.12 meters
[controller-2] [INFO] [1744575043.581553134] [drone_home1.controller]: Bearing: 250.19°
[controller-2] [INFO] [1744575043.582466109] [drone_home1.controller]: Going to [(29.639661, -82.361216)]: 1544.12 meters
[controller-2] [INFO] [1744575043.682744337] [drone_home1.controller]: Bearing: 250.19°
[controller-2] [INFO] [1744575043.683623808] [drone_home1.controller]: Going to [(29.639661, -82.361216)]: 1544.12 meters
[controller-2] [INFO] [1744575043.782737217] [drone_home1.controller]: Bearing: 250.19°
[controller-2] [INFO] [1744575043.783594799] [drone_home1.controller]: Going to [(29.639661, -82.361216)]: 1544.12 meters
[controller-2] [INFO] [1744575043.881921380] [drone_home1.controller]: Bearing: 250.19°
[controller-2] [INFO] [1744575043.882802354] [drone_home1.controller]: Going to [(29.639661, -82.361216)]: 1544.12 meters
[controller-2] [INFO] [1744575043.981706065] [drone_home1.controller]: Bearing: 250.19°
[controller-2] [INFO] [1744575043.982875908] [drone_home1.controller]: Going to [(29.639661, -82.361216)]: 1544.12 meters
[controller-2] [INFO] [1744575044.082268792] [drone_home1.controller]: Bearing: 250.19°
[controller-2] [INFO] [1744575044.083230087] [drone_home1.controller]: Going to [(29.639661, -82.361216)]: 1544.12 meters
[controller-2] [INFO] [1744575044.181799377] [drone_home1.controller]: Bearing: 250.19°
[controller-2] [INFO] [1744575044.182740449] [drone_home1.controller]: Going to [(29.639661, -82.361216)]: 1544.12 meters
[controller-2] [INFO] [1744575044.281757266] [drone_home1.controller]: Bearing: 250.19°
[controller-2] [INFO] [1744575044.282688545] [drone_home1.controller]: Going to [(29.639661, -82.361216)]: 1544.12 meters
[controller-2] [INFO] [1744575044.381833717] [drone_home1.controller]: Bearing: 250.19°
[controller-2] [INFO] [1744575044.382810436] [drone_home1.controller]: Going to [(29.639661, -82.361216)]: 1544.12 meters
[controller-2] [INFO] [1744575044.481827542] [drone_home1.controller]: Bearing: 250.19°
[controller-2] [INFO] [1744575044.482725700] [drone_home1.controller]: Going to [(29.639661, -82.361216)]: 1544.12 meters
[controller-2] [INFO] [1744575044.584010811] [drone_home1.controller]: Bearing: 250.19°
[controller-2] [INFO] [1744575044.584923242] [drone_home1.controller]: Going to [(29.639661, -82.361216)]: 1544.12 meters
[controller-2] [INFO] [1744575044.681656374] [drone_home1.controller]: Bearing: 250.19°
[controller-2] [INFO] [1744575044.682546660] [drone_home1.controller]: Going to [(29.639661, -82.361216)]: 1544.12 meters
[controller-2] [INFO] [1744575044.781556693] [drone_home1.controller]: Bearing: 250.19°
[controller-2] [INFO] [1744575044.782444388] [drone_home1.controller]: Going to [(29.639661, -82.361216)]: 1544.12 meters
[controller-2] [INFO] [1744575044.881792027] [drone_home1.controller]: Bearing: 250.19°
[controller-2] [INFO] [1744575044.882673769] [drone_home1.controller]: Going to [(29.639661, -82.361216)]: 1544.12 meters
[controller-2] [INFO] [1744575044.982627722] [drone_home1.controller]: Bearing: 250.19°
[controller-2] [INFO] [1744575044.983597657] [drone_home1.controller]: Going to [(29.639661, -82.361216)]: 1544.12 meters
[controller-2] [INFO] [1744575045.081644648] [drone_home1.controller]: Bearing: 250.19°
[controller-2] [INFO] [1744575045.082598104] [drone_home1.controller]: Going to [(29.639661, -82.361216)]: 1544.12 meters
[controller-2] [INFO] [1744575045.181623642] [drone_home1.controller]: Bearing: 250.19°
[controller-2] [INFO] [1744575045.182519177] [drone_home1.controller]: Going to [(29.639661, -82.361216)]: 1544.12 meters
[controller-2] [INFO] [1744575045.281795088] [drone_home1.controller]: Bearing: 250.19°
[controller-2] [INFO] [1744575045.282990851] [drone_home1.controller]: Going to [(29.639661, -82.361216)]: 1544.12 meters
[controller-2] [INFO] [1744575045.381624191] [drone_home1.controller]: Bearing: 250.19°
[controller-2] [INFO] [1744575045.382527118] [drone_home1.controller]: Going to [(29.639661, -82.361216)]: 1544.12 meters
[controller-2] [INFO] [1744575045.482027416] [drone_home1.controller]: Bearing: 250.19°
[controller-2] [INFO] [1744575045.482952072] [drone_home1.controller]: Going to [(29.639661, -82.361216)]: 1544.12 meters
[controller-2] [INFO] [1744575045.581801287] [drone_home1.controller]: Bearing: 250.19°
[controller-2] [INFO] [1744575045.582809208] [drone_home1.controller]: Going to [(29.639661, -82.361216)]: 1544.12 meters
[controller-2] [INFO] [1744575045.681783129] [drone_home1.controller]: Bearing: 250.19°
[controller-2] [INFO] [1744575045.682665160] [drone_home1.controller]: Going to [(29.639661, -82.361216)]: 1544.12 meters
[controller-2] [INFO] [1744575045.782013007] [drone_home1.controller]: Bearing: 250.19°
[controller-2] [INFO] [1744575045.783035200] [drone_home1.controller]: Going to [(29.639661, -82.361216)]: 1544.12 meters
[controller-2] [INFO] [1744575045.882457993] [drone_home1.controller]: Bearing: 250.19°
[controller-2] [INFO] [1744575045.883485146] [drone_home1.controller]: Going to [(29.639661, -82.361216)]: 1544.12 meters
[controller-2] [INFO] [1744575045.982034837] [drone_home1.controller]: Bearing: 250.19°
[controller-2] [INFO] [1744575045.983049733] [drone_home1.controller]: Going to [(29.639661, -82.361216)]: 1544.12 meters
[controller-2] [INFO] [1744575046.081633038] [drone_home1.controller]: Bearing: 250.19°
[controller-2] [INFO] [1744575046.082548509] [drone_home1.controller]: Going to [(29.639661, -82.361216)]: 1544.12 meters
[controller-2] [INFO] [1744575046.182164346] [drone_home1.controller]: Bearing: 250.19°
[controller-2] [INFO] [1744575046.183088297] [drone_home1.controller]: Going to [(29.639661, -82.361216)]: 1544.12 meters
[controller-2] [INFO] [1744575046.281823544] [drone_home1.controller]: Bearing: 250.19°
[controller-2] [INFO] [1744575046.282789288] [drone_home1.controller]: Going to [(29.639661, -82.361216)]: 1544.12 meters
[controller-2] [INFO] [1744575046.382054943] [drone_home1.controller]: Bearing: 250.19°
[controller-2] [INFO] [1744575046.383105488] [drone_home1.controller]: Going to [(29.639661, -82.361216)]: 1544.12 meters
[controller-2] [INFO] [1744575046.482837647] [drone_home1.controller]: Bearing: 250.19°
[controller-2] [INFO] [1744575046.483742751] [drone_home1.controller]: Going to [(29.639661, -82.361216)]: 1544.12 meters
[controller-2] [INFO] [1744575046.583315419] [drone_home1.controller]: Bearing: 250.19°
[controller-2] [INFO] [1744575046.584295435] [drone_home1.controller]: Going to [(29.639661, -82.361216)]: 1544.12 meters
[controller-2] [INFO] [1744575046.682369934] [drone_home1.controller]: Bearing: 250.19°
[controller-2] [INFO] [1744575046.683311614] [drone_home1.controller]: Going to [(29.639661, -82.361216)]: 1544.12 meters
[controller-2] [INFO] [1744575046.781589541] [drone_home1.controller]: Bearing: 250.19°
[controller-2] [INFO] [1744575046.782464531] [drone_home1.controller]: Going to [(29.639661, -82.361216)]: 1544.12 meters
[controller-2] [INFO] [1744575046.882304596] [drone_home1.controller]: Bearing: 250.19°
[controller-2] [INFO] [1744575046.883214531] [drone_home1.controller]: Going to [(29.639661, -82.361216)]: 1544.12 meters
[controller-2] [INFO] [1744575046.982057939] [drone_home1.controller]: Bearing: 250.19°
[controller-2] [INFO] [1744575046.982981923] [drone_home1.controller]: Going to [(29.639661, -82.361216)]: 1544.12 meters
[controller-2] [INFO] [1744575047.082158470] [drone_home1.controller]: Bearing: 250.19°
[controller-2] [INFO] [1744575047.083160183] [drone_home1.controller]: Going to [(29.639661, -82.361216)]: 1544.12 meters
[controller-2] [INFO] [1744575047.188381411] [drone_home1.controller]: Bearing: 250.19°
[controller-2] [INFO] [1744575047.189384308] [drone_home1.controller]: Going to [(29.639661, -82.361216)]: 1544.12 meters
[controller-2] [INFO] [1744575047.285314851] [drone_home1.controller]: Bearing: 250.19°
[controller-2] [INFO] [1744575047.286287604] [drone_home1.controller]: Going to [(29.639661, -82.361216)]: 1544.12 meters
[controller-2] [INFO] [1744575047.383716509] [drone_home1.controller]: Bearing: 250.19°
[controller-2] [INFO] [1744575047.387587870] [drone_home1.controller]: Going to [(29.639661, -82.361216)]: 1544.12 meters
[controller-2] [INFO] [1744575047.484249146] [drone_home1.controller]: Bearing: 250.19°
[controller-2] [INFO] [1744575047.486793477] [drone_home1.controller]: Going to [(29.639661, -82.361216)]: 1544.12 meters
[controller-2] [INFO] [1744575047.582460400] [drone_home1.controller]: Bearing: 250.19°
[controller-2] [INFO] [1744575047.586974588] [drone_home1.controller]: Going to [(29.639661, -82.361216)]: 1544.12 meters
[controller-2] [INFO] [1744575047.682040125] [drone_home1.controller]: Bearing: 250.19°
[controller-2] [INFO] [1744575047.683060174] [drone_home1.controller]: Going to [(29.639661, -82.361216)]: 1544.12 meters
[controller-2] [INFO] [1744575047.781783053] [drone_home1.controller]: Bearing: 250.19°
[controller-2] [INFO] [1744575047.782731165] [drone_home1.controller]: Going to [(29.639661, -82.361216)]: 1544.12 meters
[controller-2] [INFO] [1744575047.881821698] [drone_home1.controller]: Bearing: 250.19°
[controller-2] [INFO] [1744575047.882682257] [drone_home1.controller]: Going to [(29.639661, -82.361216)]: 1544.12 meters
[controller-2] [INFO] [1744575047.981602483] [drone_home1.controller]: Bearing: 250.19°
[controller-2] [INFO] [1744575047.982492994] [drone_home1.controller]: Going to [(29.639661, -82.361216)]: 1544.12 meters
[controller-2] [INFO] [1744575048.085224754] [drone_home1.controller]: Bearing: 250.19°
[controller-2] [INFO] [1744575048.088202500] [drone_home1.controller]: Going to [(29.639661, -82.361216)]: 1544.12 meters
[controller-2] [INFO] [1744575048.181729947] [drone_home1.controller]: Bearing: 250.19°
[controller-2] [INFO] [1744575048.182640139] [drone_home1.controller]: Going to [(29.639661, -82.361216)]: 1544.12 meters
[controller-2] [INFO] [1744575048.282184488] [drone_home1.controller]: Bearing: 250.19°
[controller-2] [INFO] [1744575048.283221081] [drone_home1.controller]: Going to [(29.639661, -82.361216)]: 1544.12 meters
[controller-2] [INFO] [1744575048.382616180] [drone_home1.controller]: Bearing: 250.19°
[controller-2] [INFO] [1744575048.383706695] [drone_home1.controller]: Going to [(29.639661, -82.361216)]: 1544.12 meters
[controller-2] [INFO] [1744575048.481898029] [drone_home1.controller]: Bearing: 250.19°
[controller-2] [INFO] [1744575048.482821597] [drone_home1.controller]: Going to [(29.639661, -82.361216)]: 1544.12 meters
[controller-2] [INFO] [1744575048.582564637] [drone_home1.controller]: Bearing: 250.19°
[controller-2] [INFO] [1744575048.584634176] [drone_home1.controller]: Going to [(29.639661, -82.361216)]: 1544.12 meters
[controller-2] [INFO] [1744575048.682691524] [drone_home1.controller]: Bearing: 250.19°
[controller-2] [INFO] [1744575048.686266081] [drone_home1.controller]: Going to [(29.639661, -82.361216)]: 1544.12 meters
[controller-2] [INFO] [1744575048.782257826] [drone_home1.controller]: Bearing: 250.19°
[controller-2] [INFO] [1744575048.783195890] [drone_home1.controller]: Going to [(29.639661, -82.361216)]: 1544.12 meters
[controller-2] [INFO] [1744575048.881627964] [drone_home1.controller]: Bearing: 250.19°
[controller-2] [INFO] [1744575048.882625421] [drone_home1.controller]: Going to [(29.639661, -82.361216)]: 1544.12 meters
[controller-2] [INFO] [1744575048.982304013] [drone_home1.controller]: Bearing: 250.19°
[controller-2] [INFO] [1744575048.983210172] [drone_home1.controller]: Going to [(29.639661, -82.361216)]: 1544.12 meters
[controller-2] [INFO] [1744575049.082195997] [drone_home1.controller]: Bearing: 250.19°
[controller-2] [INFO] [1744575049.083238799] [drone_home1.controller]: Going to [(29.639661, -82.361216)]: 1544.12 meters
[controller-2] [INFO] [1744575049.181783147] [drone_home1.controller]: Bearing: 250.19°
[controller-2] [INFO] [1744575049.182681306] [drone_home1.controller]: Going to [(29.639661, -82.361216)]: 1544.12 meters
[controller-2] [INFO] [1744575049.281827585] [drone_home1.controller]: Bearing: 250.19°
[controller-2] [INFO] [1744575049.282771410] [drone_home1.controller]: Going to [(29.639661, -82.361216)]: 1544.12 meters
[controller-2] [INFO] [1744575049.381774806] [drone_home1.controller]: Bearing: 250.19°
[controller-2] [INFO] [1744575049.382700838] [drone_home1.controller]: Going to [(29.639661, -82.361216)]: 1544.12 meters
[controller-2] [INFO] [1744575049.482396662] [drone_home1.controller]: Bearing: 250.19°
[controller-2] [INFO] [1744575049.483276901] [drone_home1.controller]: Going to [(29.639661, -82.361216)]: 1544.12 meters
[controller-2] [INFO] [1744575049.582764306] [drone_home1.controller]: Bearing: 250.19°
[controller-2] [INFO] [1744575049.584185098] [drone_home1.controller]: Going to [(29.639661, -82.361216)]: 1544.12 meters
[controller-2] [INFO] [1744575049.681987354] [drone_home1.controller]: Bearing: 250.19°
[controller-2] [INFO] [1744575049.685410933] [drone_home1.controller]: Going to [(29.639661, -82.361216)]: 1544.12 meters
[controller-2] [INFO] [1744575049.781752300] [drone_home1.controller]: Bearing: 250.19°
[controller-2] [INFO] [1744575049.782679068] [drone_home1.controller]: Going to [(29.639661, -82.361216)]: 1544.12 meters
[controller-2] [INFO] [1744575049.881979813] [drone_home1.controller]: Bearing: 250.19°
[controller-2] [INFO] [1744575049.882915445] [drone_home1.controller]: Going to [(29.639661, -82.361216)]: 1544.12 meters
[controller-2] [INFO] [1744575049.981991387] [drone_home1.controller]: Bearing: 250.19°
[controller-2] [INFO] [1744575049.982925131] [drone_home1.controller]: Going to [(29.639661, -82.361216)]: 1544.12 meters
[controller-2] [INFO] [1744575050.085426201] [drone_home1.controller]: Bearing: 250.19°
[controller-2] [INFO] [1744575050.086370313] [drone_home1.controller]: Going to [(29.639661, -82.361216)]: 1544.12 meters
[controller-2] [INFO] [1744575050.182201191] [drone_home1.controller]: Bearing: 250.19°
[controller-2] [INFO] [1744575050.183158584] [drone_home1.controller]: Going to [(29.639661, -82.361216)]: 1544.12 meters
[controller-2] [INFO] [1744575050.281593666] [drone_home1.controller]: Bearing: 250.19°
[controller-2] [INFO] [1744575050.282507090] [drone_home1.controller]: Going to [(29.639661, -82.361216)]: 1544.12 meters
[controller-2] [INFO] [1744575050.385975636] [drone_home1.controller]: Bearing: 250.19°
[controller-2] [INFO] [1744575050.387334764] [drone_home1.controller]: Going to [(29.639661, -82.361216)]: 1544.12 meters
[controller-2] [INFO] [1744575050.481822482] [drone_home1.controller]: Bearing: 250.19°
[controller-2] [INFO] [1744575050.482850852] [drone_home1.controller]: Going to [(29.639661, -82.361216)]: 1544.12 meters
[controller-2] [INFO] [1744575050.581983035] [drone_home1.controller]: Bearing: 250.19°
[controller-2] [INFO] [1744575050.587745343] [drone_home1.controller]: Going to [(29.639661, -82.361216)]: 1544.12 meters
[controller-2] [INFO] [1744575050.683812673] [drone_home1.controller]: Bearing: 250.19°
[controller-2] [INFO] [1744575050.686432782] [drone_home1.controller]: Going to [(29.639661, -82.361216)]: 1544.12 meters
[controller-2] [INFO] [1744575050.781827044] [drone_home1.controller]: Bearing: 250.19°
[controller-2] [INFO] [1744575050.784491731] [drone_home1.controller]: Going to [(29.639661, -82.361216)]: 1544.12 meters
[controller-2] [INFO] [1744575050.882519638] [drone_home1.controller]: Bearing: 250.19°
[controller-2] [INFO] [1744575050.883690475] [drone_home1.controller]: Going to [(29.639661, -82.361216)]: 1544.12 meters
[controller-2] [INFO] [1744575050.981963571] [drone_home1.controller]: Bearing: 250.19°
[controller-2] [INFO] [1744575050.983161607] [drone_home1.controller]: Going to [(29.639661, -82.361216)]: 1544.12 meters
[controller-2] [INFO] [1744575051.083193435] [drone_home1.controller]: Bearing: 250.19°
[controller-2] [INFO] [1744575051.086599702] [drone_home1.controller]: Going to [(29.639661, -82.361216)]: 1544.12 meters
[controller-2] [INFO] [1744575051.182579046] [drone_home1.controller]: Bearing: 250.19°
[controller-2] [INFO] [1744575051.184617322] [drone_home1.controller]: Going to [(29.639661, -82.361216)]: 1544.12 meters
[controller-2] [INFO] [1744575051.282377465] [drone_home1.controller]: Bearing: 250.19°
[controller-2] [INFO] [1744575051.283857747] [drone_home1.controller]: Going to [(29.639661, -82.361216)]: 1544.12 meters
[controller-2] [INFO] [1744575051.383411426] [drone_home1.controller]: Bearing: 250.19°
[controller-2] [INFO] [1744575051.384455604] [drone_home1.controller]: Going to [(29.639661, -82.361216)]: 1544.12 meters
[controller-2] [INFO] [1744575051.481957086] [drone_home1.controller]: Bearing: 250.19°
[controller-2] [INFO] [1744575051.482911791] [drone_home1.controller]: Going to [(29.639661, -82.361216)]: 1544.12 meters
[controller-2] [INFO] [1744575051.581916084] [drone_home1.controller]: Bearing: 250.19°
[controller-2] [INFO] [1744575051.582855908] [drone_home1.controller]: Going to [(29.639661, -82.361216)]: 1544.12 meters
[controller-2] [INFO] [1744575051.684173138] [drone_home1.controller]: Bearing: 250.19°
[controller-2] [INFO] [1744575051.686494554] [drone_home1.controller]: Going to [(29.639661, -82.361216)]: 1544.12 meters
[controller-2] [INFO] [1744575051.781904064] [drone_home1.controller]: Bearing: 250.19°
[controller-2] [INFO] [1744575051.783226168] [drone_home1.controller]: Going to [(29.639661, -82.361216)]: 1544.12 meters
[controller-2] [INFO] [1744575051.881700371] [drone_home1.controller]: Bearing: 250.19°
[controller-2] [INFO] [1744575051.882602531] [drone_home1.controller]: Going to [(29.639661, -82.361216)]: 1544.12 meters
[controller-2] [INFO] [1744575051.981742090] [drone_home1.controller]: Bearing: 250.19°
[controller-2] [INFO] [1744575051.982648826] [drone_home1.controller]: Going to [(29.639661, -82.361216)]: 1544.12 meters
[controller-2] [INFO] [1744575052.082073747] [drone_home1.controller]: Bearing: 250.19°
[controller-2] [INFO] [1744575052.082969667] [drone_home1.controller]: Going to [(29.639661, -82.361216)]: 1544.12 meters
[controller-2] [INFO] [1744575052.181759220] [drone_home1.controller]: Bearing: 250.19°
[controller-2] [INFO] [1744575052.184740456] [drone_home1.controller]: Going to [(29.639661, -82.361216)]: 1544.12 meters
[controller-2] [INFO] [1744575052.281652216] [drone_home1.controller]: Bearing: 250.19°
[controller-2] [INFO] [1744575052.284516971] [drone_home1.controller]: Going to [(29.639661, -82.361216)]: 1544.12 meters
[controller-2] [INFO] [1744575052.381636575] [drone_home1.controller]: Bearing: 250.19°
[controller-2] [INFO] [1744575052.382543375] [drone_home1.controller]: Going to [(29.639661, -82.361216)]: 1544.12 meters
[controller-2] [INFO] [1744575052.483557415] [drone_home1.controller]: Bearing: 250.19°
[controller-2] [INFO] [1744575052.484968448] [drone_home1.controller]: Going to [(29.639661, -82.361216)]: 1544.12 meters
[controller-2] [INFO] [1744575052.581905168] [drone_home1.controller]: Bearing: 250.19°
[controller-2] [INFO] [1744575052.583118950] [drone_home1.controller]: Going to [(29.639661, -82.361216)]: 1544.12 meters
[controller-2] [INFO] [1744575052.681930231] [drone_home1.controller]: Bearing: 250.19°
[controller-2] [INFO] [1744575052.683552212] [drone_home1.controller]: Going to [(29.639661, -82.361216)]: 1544.12 meters
[controller-2] [INFO] [1744575052.781658105] [drone_home1.controller]: Bearing: 250.19°
[controller-2] [INFO] [1744575052.783042193] [drone_home1.controller]: Going to [(29.639661, -82.361216)]: 1544.12 meters
[controller-2] [INFO] [1744575052.882086215] [drone_home1.controller]: Bearing: 250.19°
[controller-2] [INFO] [1744575052.883110681] [drone_home1.controller]: Going to [(29.639661, -82.361216)]: 1544.12 meters
[controller-2] [INFO] [1744575052.981800968] [drone_home1.controller]: Bearing: 250.19°
[controller-2] [INFO] [1744575052.984465655] [drone_home1.controller]: Going to [(29.639661, -82.361216)]: 1544.12 meters
[controller-2] [INFO] [1744575053.082565289] [drone_home1.controller]: Bearing: 250.19°
[controller-2] [INFO] [1744575053.086187274] [drone_home1.controller]: Going to [(29.639661, -82.361216)]: 1544.12 meters
[controller-2] [INFO] [1744575053.181673616] [drone_home1.controller]: Bearing: 250.19°
[controller-2] [INFO] [1744575053.182937414] [drone_home1.controller]: Going to [(29.639661, -82.361216)]: 1544.12 meters
[controller-2] [INFO] [1744575053.282360307] [drone_home1.controller]: Bearing: 250.19°
[controller-2] [INFO] [1744575053.285200357] [drone_home1.controller]: Going to [(29.639661, -82.361216)]: 1544.12 meters
[controller-2] [INFO] [1744575053.382972212] [drone_home1.controller]: Bearing: 250.19°
[controller-2] [INFO] [1744575053.386227054] [drone_home1.controller]: Going to [(29.639661, -82.361216)]: 1544.12 meters
[controller-2] [INFO] [1744575053.482678277] [drone_home1.controller]: Bearing: 250.19°
[controller-2] [INFO] [1744575053.483608086] [drone_home1.controller]: Going to [(29.639661, -82.361216)]: 1544.12 meters
[controller-2] [INFO] [1744575053.582052913] [drone_home1.controller]: Bearing: 250.19°
[controller-2] [INFO] [1744575053.584664575] [drone_home1.controller]: Going to [(29.639661, -82.361216)]: 1544.12 meters
[controller-2] [INFO] [1744575053.681826723] [drone_home1.controller]: Bearing: 250.19°
[controller-2] [INFO] [1744575053.682730131] [drone_home1.controller]: Going to [(29.639661, -82.361216)]: 1544.12 meters
[controller-2] [INFO] [1744575053.782330595] [drone_home1.controller]: Bearing: 250.19°
[controller-2] [INFO] [1744575053.783386102] [drone_home1.controller]: Going to [(29.639661, -82.361216)]: 1544.12 meters
[controller-2] [INFO] [1744575053.881769487] [drone_home1.controller]: Bearing: 250.19°
[controller-2] [INFO] [1744575053.882742625] [drone_home1.controller]: Going to [(29.639661, -82.361216)]: 1544.12 meters
[controller-2] [INFO] [1744575053.982447666] [drone_home1.controller]: Bearing: 250.19°
[controller-2] [INFO] [1744575053.983377698] [drone_home1.controller]: Going to [(29.639661, -82.361216)]: 1544.12 meters
[controller-2] [INFO] [1744575054.082081710] [drone_home1.controller]: Bearing: 250.19°
[controller-2] [INFO] [1744575054.083006463] [drone_home1.controller]: Going to [(29.639661, -82.361216)]: 1544.12 meters
[controller-2] [INFO] [1744575054.182596382] [drone_home1.controller]: Bearing: 250.19°
[controller-2] [INFO] [1744575054.183535887] [drone_home1.controller]: Going to [(29.639661, -82.361216)]: 1544.12 meters
[controller-2] [INFO] [1744575054.283633879] [drone_home1.controller]: Bearing: 250.19°
[controller-2] [INFO] [1744575054.284610377] [drone_home1.controller]: Going to [(29.639661, -82.361216)]: 1544.12 meters
[controller-2] [INFO] [1744575054.382348327] [drone_home1.controller]: Bearing: 250.19°
[controller-2] [INFO] [1744575054.383383961] [drone_home1.controller]: Going to [(29.639661, -82.361216)]: 1544.12 meters
[controller-2] [INFO] [1744575054.481793923] [drone_home1.controller]: Bearing: 250.19°
[controller-2] [INFO] [1744575054.482796949] [drone_home1.controller]: Going to [(29.639661, -82.361216)]: 1544.12 meters
[controller-2] [INFO] [1744575054.582424949] [drone_home1.controller]: Bearing: 250.19°
[controller-2] [INFO] [1744575054.583375558] [drone_home1.controller]: Going to [(29.639661, -82.361216)]: 1544.12 meters
[controller-2] [INFO] [1744575054.682650976] [drone_home1.controller]: Bearing: 250.19°
[controller-2] [INFO] [1744575054.686228128] [drone_home1.controller]: Going to [(29.639661, -82.361216)]: 1544.12 meters
[controller-2] [INFO] [1744575054.781617619] [drone_home1.controller]: Bearing: 250.19°
[controller-2] [INFO] [1744575054.784935919] [drone_home1.controller]: Going to [(29.639661, -82.361216)]: 1544.12 meters
[controller-2] [INFO] [1744575054.881783741] [drone_home1.controller]: Bearing: 250.19°
[controller-2] [INFO] [1744575054.882964178] [drone_home1.controller]: Going to [(29.639661, -82.361216)]: 1544.12 meters
[controller-2] [INFO] [1744575054.981839012] [drone_home1.controller]: Bearing: 250.19°
[controller-2] [INFO] [1744575054.986477944] [drone_home1.controller]: Going to [(29.639661, -82.361216)]: 1544.12 meters
[controller-2] [INFO] [1744575055.082175005] [drone_home1.controller]: Bearing: 250.19°
[controller-2] [INFO] [1744575055.083058157] [drone_home1.controller]: Going to [(29.639661, -82.361216)]: 1544.12 meters
[controller-2] [INFO] [1744575055.181708491] [drone_home1.controller]: Bearing: 250.19°
[controller-2] [INFO] [1744575055.182606427] [drone_home1.controller]: Going to [(29.639661, -82.361216)]: 1544.12 meters
[controller-2] [INFO] [1744575055.283663397] [drone_home1.controller]: Bearing: 250.19°
[controller-2] [INFO] [1744575055.291865882] [drone_home1.controller]: Going to [(29.639661, -82.361216)]: 1544.12 meters
[controller-2] [INFO] [1744575055.382209601] [drone_home1.controller]: Bearing: 250.19°
[controller-2] [INFO] [1744575055.383173138] [drone_home1.controller]: Going to [(29.639661, -82.361216)]: 1544.12 meters
[controller-2] [INFO] [1744575055.481719406] [drone_home1.controller]: Bearing: 250.19°
[controller-2] [INFO] [1744575055.484957513] [drone_home1.controller]: Going to [(29.639661, -82.361216)]: 1544.12 meters
[controller-2] [INFO] [1744575055.581898152] [drone_home1.controller]: Bearing: 250.19°
[controller-2] [INFO] [1744575055.584725563] [drone_home1.controller]: Going to [(29.639661, -82.361216)]: 1544.12 meters
[controller-2] [INFO] [1744575055.681787836] [drone_home1.controller]: Bearing: 250.19°
[controller-2] [INFO] [1744575055.682929457] [drone_home1.controller]: Going to [(29.639661, -82.361216)]: 1544.12 meters
[controller-2] [INFO] [1744575055.781613263] [drone_home1.controller]: Bearing: 250.19°
[controller-2] [INFO] [1744575055.782861926] [drone_home1.controller]: Going to [(29.639661, -82.361216)]: 1544.12 meters
[controller-2] [INFO] [1744575055.881538180] [drone_home1.controller]: Bearing: 250.19°
[controller-2] [INFO] [1744575055.882587799] [drone_home1.controller]: Going to [(29.639661, -82.361216)]: 1544.12 meters
[controller-2] [INFO] [1744575055.981594331] [drone_home1.controller]: Bearing: 250.19°
[controller-2] [INFO] [1744575055.982475467] [drone_home1.controller]: Going to [(29.639661, -82.361216)]: 1544.12 meters
[controller-2] [INFO] [1744575056.081866915] [drone_home1.controller]: Bearing: 250.19°
[controller-2] [INFO] [1744575056.085136383] [drone_home1.controller]: Going to [(29.639661, -82.361216)]: 1544.12 meters
[controller-2] [INFO] [1744575056.182694232] [drone_home1.controller]: Bearing: 250.19°
[controller-2] [INFO] [1744575056.186428092] [drone_home1.controller]: Going to [(29.639661, -82.361216)]: 1544.12 meters
[controller-2] [INFO] [1744575056.282385304] [drone_home1.controller]: Bearing: 250.19°
[controller-2] [INFO] [1744575056.283237288] [drone_home1.controller]: Going to [(29.639661, -82.361216)]: 1544.12 meters
[controller-2] [INFO] [1744575056.382253148] [drone_home1.controller]: Bearing: 250.19°
[controller-2] [INFO] [1744575056.383509427] [drone_home1.controller]: Going to [(29.639661, -82.361216)]: 1544.12 meters
[controller-2] [INFO] [1744575056.482695498] [drone_home1.controller]: Bearing: 250.19°
[controller-2] [INFO] [1744575056.483658108] [drone_home1.controller]: Going to [(29.639661, -82.361216)]: 1544.12 meters
[controller-2] [INFO] [1744575056.582165030] [drone_home1.controller]: Bearing: 250.19°
[controller-2] [INFO] [1744575056.587014495] [drone_home1.controller]: Going to [(29.639661, -82.361216)]: 1544.12 meters
[controller-2] [INFO] [1744575056.681993929] [drone_home1.controller]: Bearing: 250.19°
[controller-2] [INFO] [1744575056.682927130] [drone_home1.controller]: Going to [(29.639661, -82.361216)]: 1544.12 meters
[controller-2] [INFO] [1744575056.782089073] [drone_home1.controller]: Bearing: 250.19°
[controller-2] [INFO] [1744575056.783006178] [drone_home1.controller]: Going to [(29.639661, -82.361216)]: 1544.12 meters
[controller-2] [INFO] [1744575056.881650287] [drone_home1.controller]: Bearing: 250.19°
[controller-2] [INFO] [1744575056.882711682] [drone_home1.controller]: Going to [(29.639661, -82.361216)]: 1544.12 meters
[controller-2] [INFO] [1744575056.981980091] [drone_home1.controller]: Bearing: 250.19°
[controller-2] [INFO] [1744575056.982903084] [drone_home1.controller]: Going to [(29.639661, -82.361216)]: 1544.12 meters
[controller-2] [INFO] [1744575057.081621670] [drone_home1.controller]: Bearing: 250.19°
[controller-2] [INFO] [1744575057.082769596] [drone_home1.controller]: Going to [(29.639661, -82.361216)]: 1544.12 meters
[controller-2] [INFO] [1744575057.181849856] [drone_home1.controller]: Bearing: 250.19°
[controller-2] [INFO] [1744575057.182797298] [drone_home1.controller]: Going to [(29.639661, -82.361216)]: 1544.12 meters
[controller-2] [INFO] [1744575057.281815317] [drone_home1.controller]: Bearing: 250.19°
[controller-2] [INFO] [1744575057.284550248] [drone_home1.controller]: Going to [(29.639661, -82.361216)]: 1544.12 meters
[controller-2] [INFO] [1744575057.382429302] [drone_home1.controller]: Bearing: 250.19°
[controller-2] [INFO] [1744575057.383594603] [drone_home1.controller]: Going to [(29.639661, -82.361216)]: 1544.12 meters
[controller-2] [INFO] [1744575057.482872340] [drone_home1.controller]: Bearing: 250.19°
[controller-2] [INFO] [1744575057.485495076] [drone_home1.controller]: Going to [(29.639661, -82.361216)]: 1544.12 meters
[controller-2] [INFO] [1744575057.581775093] [drone_home1.controller]: Bearing: 250.19°
[controller-2] [INFO] [1744575057.582666661] [drone_home1.controller]: Going to [(29.639661, -82.361216)]: 1544.12 meters
[controller-2] [INFO] [1744575057.682500056] [drone_home1.controller]: Bearing: 250.19°
[controller-2] [INFO] [1744575057.683471306] [drone_home1.controller]: Going to [(29.639661, -82.361216)]: 1544.12 meters
[controller-2] [INFO] [1744575057.782587567] [drone_home1.controller]: Bearing: 250.19°
[controller-2] [INFO] [1744575057.783510912] [drone_home1.controller]: Going to [(29.639661, -82.361216)]: 1544.12 meters
[controller-2] [INFO] [1744575057.886020772] [drone_home1.controller]: Bearing: 250.19°
[controller-2] [INFO] [1744575057.888413072] [drone_home1.controller]: Going to [(29.639661, -82.361216)]: 1544.12 meters
[controller-2] [INFO] [1744575057.982606235] [drone_home1.controller]: Bearing: 250.19°
[controller-2] [INFO] [1744575057.985017511] [drone_home1.controller]: Going to [(29.639661, -82.361216)]: 1544.12 meters
[controller-2] [INFO] [1744575058.081528040] [drone_home1.controller]: Bearing: 250.19°
[controller-2] [INFO] [1744575058.082403000] [drone_home1.controller]: Going to [(29.639661, -82.361216)]: 1544.12 meters
[controller-2] [INFO] [1744575058.183152683] [drone_home1.controller]: Bearing: 250.19°
[controller-2] [INFO] [1744575058.184576806] [drone_home1.controller]: Going to [(29.639661, -82.361216)]: 1544.12 meters
[controller-2] [INFO] [1744575058.281816248] [drone_home1.controller]: Bearing: 250.19°
[controller-2] [INFO] [1744575058.282723432] [drone_home1.controller]: Going to [(29.639661, -82.361216)]: 1544.12 meters
[controller-2] [INFO] [1744575058.382557706] [drone_home1.controller]: Bearing: 250.19°
[controller-2] [INFO] [1744575058.386522036] [drone_home1.controller]: Going to [(29.639661, -82.361216)]: 1544.12 meters
[controller-2] [INFO] [1744575058.482167144] [drone_home1.controller]: Bearing: 250.19°
[controller-2] [INFO] [1744575058.483281277] [drone_home1.controller]: Going to [(29.639661, -82.361216)]: 1544.12 meters
[controller-2] [INFO] [1744575058.581771334] [drone_home1.controller]: Bearing: 250.19°
[controller-2] [INFO] [1744575058.582676535] [drone_home1.controller]: Going to [(29.639661, -82.361216)]: 1544.12 meters
[controller-2] [INFO] [1744575058.683067075] [drone_home1.controller]: Bearing: 250.19°
[controller-2] [INFO] [1744575058.687088270] [drone_home1.controller]: Going to [(29.639661, -82.361216)]: 1544.12 meters
[controller-2] [INFO] [1744575058.782144567] [drone_home1.controller]: Bearing: 250.19°
[controller-2] [INFO] [1744575058.783060488] [drone_home1.controller]: Going to [(29.639661, -82.361216)]: 1544.12 meters
[controller-2] [INFO] [1744575058.881622514] [drone_home1.controller]: Bearing: 250.19°
[controller-2] [INFO] [1744575058.885691678] [drone_home1.controller]: Going to [(29.639661, -82.361216)]: 1544.12 meters
[controller-2] [INFO] [1744575058.981671736] [drone_home1.controller]: Bearing: 250.19°
[controller-2] [INFO] [1744575058.982520520] [drone_home1.controller]: Going to [(29.639661, -82.361216)]: 1544.12 meters
[controller-2] [INFO] [1744575059.083121412] [drone_home1.controller]: Bearing: 250.19°
[controller-2] [INFO] [1744575059.084260857] [drone_home1.controller]: Going to [(29.639661, -82.361216)]: 1544.12 meters
[controller-2] [INFO] [1744575059.181670013] [drone_home1.controller]: Bearing: 250.19°
[controller-2] [INFO] [1744575059.182573134] [drone_home1.controller]: Going to [(29.639661, -82.361216)]: 1544.12 meters
[controller-2] [INFO] [1744575059.283280560] [drone_home1.controller]: Bearing: 250.19°
[controller-2] [INFO] [1744575059.284987536] [drone_home1.controller]: Going to [(29.639661, -82.361216)]: 1544.12 meters
[controller-2] [INFO] [1744575059.382117518] [drone_home1.controller]: Bearing: 250.19°
[controller-2] [INFO] [1744575059.383015615] [drone_home1.controller]: Going to [(29.639661, -82.361216)]: 1544.12 meters
[controller-2] [INFO] [1744575059.481651482] [drone_home1.controller]: Bearing: 250.19°
[controller-2] [INFO] [1744575059.482554667] [drone_home1.controller]: Going to [(29.639661, -82.361216)]: 1544.12 meters
[controller-2] [INFO] [1744575059.582598880] [drone_home1.controller]: Bearing: 250.19°
[controller-2] [INFO] [1744575059.584526756] [drone_home1.controller]: Going to [(29.639661, -82.361216)]: 1544.12 meters
[controller-2] [INFO] [1744575059.682094475] [drone_home1.controller]: Bearing: 250.19°
[controller-2] [INFO] [1744575059.683285345] [drone_home1.controller]: Going to [(29.639661, -82.361216)]: 1544.12 meters
[controller-2] [INFO] [1744575059.782586472] [drone_home1.controller]: Bearing: 250.19°
[controller-2] [INFO] [1744575059.786385615] [drone_home1.controller]: Going to [(29.639661, -82.361216)]: 1544.12 meters
[controller-2] [INFO] [1744575059.886234273] [drone_home1.controller]: Bearing: 250.19°
[controller-2] [INFO] [1744575059.887219027] [drone_home1.controller]: Going to [(29.639661, -82.361216)]: 1544.12 meters
[controller-2] [INFO] [1744575059.982650770] [drone_home1.controller]: Bearing: 250.19°
[controller-2] [INFO] [1744575059.983585828] [drone_home1.controller]: Going to [(29.639661, -82.361216)]: 1544.12 meters
[controller-2] [INFO] [1744575060.082679795] [drone_home1.controller]: Bearing: 250.19°
[controller-2] [INFO] [1744575060.083566180] [drone_home1.controller]: Going to [(29.639661, -82.361216)]: 1544.12 meters
[controller-2] [INFO] [1744575060.182435122] [drone_home1.controller]: Bearing: 250.19°
[controller-2] [INFO] [1744575060.183313730] [drone_home1.controller]: Going to [(29.639661, -82.361216)]: 1544.12 meters
[controller-2] [INFO] [1744575060.281574341] [drone_home1.controller]: Bearing: 250.19°
[controller-2] [INFO] [1744575060.282438613] [drone_home1.controller]: Going to [(29.639661, -82.361216)]: 1544.12 meters
[controller-2] [INFO] [1744575060.381896431] [drone_home1.controller]: Bearing: 250.19°
[controller-2] [INFO] [1744575060.383072165] [drone_home1.controller]: Going to [(29.639661, -82.361216)]: 1544.12 meters
[controller-2] [INFO] [1744575060.481743215] [drone_home1.controller]: Bearing: 250.19°
[controller-2] [INFO] [1744575060.484402370] [drone_home1.controller]: Going to [(29.639661, -82.361216)]: 1544.12 meters
[controller-2] [INFO] [1744575060.581989847] [drone_home1.controller]: Bearing: 250.19°
[controller-2] [INFO] [1744575060.583199470] [drone_home1.controller]: Going to [(29.639661, -82.361216)]: 1544.12 meters
[controller-2] [INFO] [1744575060.682261088] [drone_home1.controller]: Bearing: 250.19°
[controller-2] [INFO] [1744575060.683150673] [drone_home1.controller]: Going to [(29.639661, -82.361216)]: 1544.12 meters
[controller-2] [INFO] [1744575060.781538646] [drone_home1.controller]: Bearing: 250.19°
[controller-2] [INFO] [1744575060.782399590] [drone_home1.controller]: Going to [(29.639661, -82.361216)]: 1544.12 meters
[controller-2] [INFO] [1744575060.881898752] [drone_home1.controller]: Bearing: 250.19°
[controller-2] [INFO] [1744575060.883330395] [drone_home1.controller]: Going to [(29.639661, -82.361216)]: 1544.12 meters
[controller-2] [INFO] [1744575060.985819886] [drone_home1.controller]: Bearing: 250.19°
[controller-2] [INFO] [1744575060.986689566] [drone_home1.controller]: Going to [(29.639661, -82.361216)]: 1544.12 meters
[controller-2] [INFO] [1744575061.081883667] [drone_home1.controller]: Bearing: 250.19°
[controller-2] [INFO] [1744575061.084972878] [drone_home1.controller]: Going to [(29.639661, -82.361216)]: 1544.12 meters
[controller-2] [INFO] [1744575061.181955943] [drone_home1.controller]: Bearing: 250.19°
[controller-2] [INFO] [1744575061.185565388] [drone_home1.controller]: Going to [(29.639661, -82.361216)]: 1544.12 meters
[controller-2] [INFO] [1744575061.281846263] [drone_home1.controller]: Bearing: 250.19°
[controller-2] [INFO] [1744575061.285571358] [drone_home1.controller]: Going to [(29.639661, -82.361216)]: 1544.12 meters
[controller-2] [INFO] [1744575061.382433013] [drone_home1.controller]: Bearing: 250.19°
[controller-2] [INFO] [1744575061.384038292] [drone_home1.controller]: Going to [(29.639661, -82.361216)]: 1544.12 meters
[controller-2] [INFO] [1744575061.483786530] [drone_home1.controller]: Bearing: 250.19°
[controller-2] [INFO] [1744575061.484678899] [drone_home1.controller]: Going to [(29.639661, -82.361216)]: 1544.12 meters
[controller-2] [INFO] [1744575061.582015218] [drone_home1.controller]: Bearing: 250.19°
[controller-2] [INFO] [1744575061.583186089] [drone_home1.controller]: Going to [(29.639661, -82.361216)]: 1544.12 meters
[controller-2] [INFO] [1744575061.682066726] [drone_home1.controller]: Bearing: 250.19°
[controller-2] [INFO] [1744575061.682919190] [drone_home1.controller]: Going to [(29.639661, -82.361216)]: 1544.12 meters
[controller-2] [INFO] [1744575061.783179662] [drone_home1.controller]: Bearing: 250.19°
[controller-2] [INFO] [1744575061.785654173] [drone_home1.controller]: Going to [(29.639661, -82.361216)]: 1544.12 meters
[controller-2] [INFO] [1744575061.882050731] [drone_home1.controller]: Bearing: 250.19°
[controller-2] [INFO] [1744575061.884712414] [drone_home1.controller]: Going to [(29.639661, -82.361216)]: 1544.12 meters
[controller-2] [INFO] [1744575061.981976060] [drone_home1.controller]: Bearing: 250.19°
[controller-2] [INFO] [1744575061.984719216] [drone_home1.controller]: Going to [(29.639661, -82.361216)]: 1544.12 meters
[controller-2] [INFO] [1744575062.083213970] [drone_home1.controller]: Bearing: 250.19°
[controller-2] [INFO] [1744575062.085455261] [drone_home1.controller]: Going to [(29.639661, -82.361216)]: 1544.12 meters
[controller-2] [INFO] [1744575062.181879994] [drone_home1.controller]: Bearing: 250.19°
[controller-2] [INFO] [1744575062.185112632] [drone_home1.controller]: Going to [(29.639661, -82.361216)]: 1544.12 meters
[controller-2] [INFO] [1744575062.281618167] [drone_home1.controller]: Bearing: 250.19°
[controller-2] [INFO] [1744575062.282542216] [drone_home1.controller]: Going to [(29.639661, -82.361216)]: 1544.12 meters
[controller-2] [INFO] [1744575062.382358822] [drone_home1.controller]: Bearing: 250.19°
[controller-2] [INFO] [1744575062.383876132] [drone_home1.controller]: Going to [(29.639661, -82.361216)]: 1544.12 meters
[drive_hardware-6] [INFO] [1744575062.426989344] [drone_home1.drive_hardware]: Service request to change drive mode custom_messages.srv.SetMode_Request(mode='manual')
[drive_hardware-6] [INFO] [1744575062.429659411] [drone_home1.drive_hardware]: Drive mode now: manual
[controller-2] [INFO] [1744575062.481603162] [drone_home1.controller]: Bearing: 250.19°
[controller-2] [INFO] [1744575062.482536171] [drone_home1.controller]: Going to [(29.639661, -82.361216)]: 1544.12 meters
[controller-2] [INFO] [1744575062.581602811] [drone_home1.controller]: Bearing: 250.19°
[controller-2] [INFO] [1744575062.582534477] [drone_home1.controller]: Going to [(29.639661, -82.361216)]: 1544.12 meters
[controller-2] [INFO] [1744575062.681881986] [drone_home1.controller]: Bearing: 250.19°
[controller-2] [INFO] [1744575062.682811092] [drone_home1.controller]: Going to [(29.639661, -82.361216)]: 1544.12 meters
[controller-2] [INFO] [1744575062.781585310] [drone_home1.controller]: Bearing: 250.19°
[controller-2] [INFO] [1744575062.782469295] [drone_home1.controller]: Going to [(29.639661, -82.361216)]: 1544.12 meters
[controller-2] [INFO] [1744575062.881596416] [drone_home1.controller]: Bearing: 250.19°
[controller-2] [INFO] [1744575062.882505969] [drone_home1.controller]: Going to [(29.639661, -82.361216)]: 1544.12 meters
[controller-2] [INFO] [1744575062.981920039] [drone_home1.controller]: Bearing: 250.19°
[controller-2] [INFO] [1744575062.982838937] [drone_home1.controller]: Going to [(29.639661, -82.361216)]: 1544.12 meters
[controller-2] [INFO] [1744575063.081744337] [drone_home1.controller]: Bearing: 250.19°
[controller-2] [INFO] [1744575063.082654787] [drone_home1.controller]: Going to [(29.639661, -82.361216)]: 1544.12 meters
[drive_hardware-6] [INFO] [1744575063.110064246] [drone_home1.drive_hardware]: Service request to change drive mode custom_messages.srv.SetMode_Request(mode='automatic')
[drive_hardware-6] [INFO] [1744575063.111194540] [drone_home1.drive_hardware]: Drive mode now: automatic
[controller-2] [INFO] [1744575063.181867236] [drone_home1.controller]: Bearing: 250.19°
[controller-2] [INFO] [1744575063.182744085] [drone_home1.controller]: Going to [(29.639661, -82.361216)]: 1544.12 meters
[controller-2] [INFO] [1744575063.281842356] [drone_home1.controller]: Bearing: 250.19°
[controller-2] [INFO] [1744575063.282726885] [drone_home1.controller]: Going to [(29.639661, -82.361216)]: 1544.12 meters
[controller-2] [INFO] [1744575063.381740194] [drone_home1.controller]: Bearing: 250.19°
[controller-2] [INFO] [1744575063.382630324] [drone_home1.controller]: Going to [(29.639661, -82.361216)]: 1544.12 meters
[controller-2] [INFO] [1744575063.481896982] [drone_home1.controller]: Bearing: 250.19°
[controller-2] [INFO] [1744575063.482783175] [drone_home1.controller]: Going to [(29.639661, -82.361216)]: 1544.12 meters
[controller-2] [INFO] [1744575063.582202572] [drone_home1.controller]: Bearing: 250.19°
[controller-2] [INFO] [1744575063.583148063] [drone_home1.controller]: Going to [(29.639661, -82.361216)]: 1544.12 meters
[controller-2] [INFO] [1744575063.682679046] [drone_home1.controller]: Bearing: 250.19°
[controller-2] [INFO] [1744575063.683590904] [drone_home1.controller]: Going to [(29.639661, -82.361216)]: 1544.12 meters
[controller-2] [INFO] [1744575063.783055486] [drone_home1.controller]: Bearing: 250.19°
[controller-2] [INFO] [1744575063.784506074] [drone_home1.controller]: Going to [(29.639661, -82.361216)]: 1544.12 meters
[controller-2] [INFO] [1744575063.882309792] [drone_home1.controller]: Bearing: 250.19°
[controller-2] [INFO] [1744575063.884319591] [drone_home1.controller]: Going to [(29.639661, -82.361216)]: 1544.12 meters
[controller-2] [INFO] [1744575063.981745637] [drone_home1.controller]: Bearing: 250.19°
[controller-2] [INFO] [1744575063.982692887] [drone_home1.controller]: Going to [(29.639661, -82.361216)]: 1544.12 meters
[controller-2] [INFO] [1744575064.081676864] [drone_home1.controller]: Bearing: 250.19°
[controller-2] [INFO] [1744575064.085296166] [drone_home1.controller]: Going to [(29.639661, -82.361216)]: 1544.12 meters
[controller-2] [INFO] [1744575064.183713063] [drone_home1.controller]: Bearing: 250.19°
[controller-2] [INFO] [1744575064.185860273] [drone_home1.controller]: Going to [(29.639661, -82.361216)]: 1544.12 meters
[controller-2] [INFO] [1744575064.281576796] [drone_home1.controller]: Bearing: 250.19°
[controller-2] [INFO] [1744575064.282475342] [drone_home1.controller]: Going to [(29.639661, -82.361216)]: 1544.12 meters
[controller-2] [INFO] [1744575064.381984163] [drone_home1.controller]: Bearing: 250.19°
[controller-2] [INFO] [1744575064.382906037] [drone_home1.controller]: Going to [(29.639661, -82.361216)]: 1544.12 meters
[controller-2] [INFO] [1744575064.481605243] [drone_home1.controller]: Bearing: 250.19°
[controller-2] [INFO] [1744575064.484839834] [drone_home1.controller]: Going to [(29.639661, -82.361216)]: 1544.12 meters
[controller-2] [INFO] [1744575064.581571801] [drone_home1.controller]: Bearing: 250.19°
[controller-2] [INFO] [1744575064.583425982] [drone_home1.controller]: Going to [(29.639661, -82.361216)]: 1544.12 meters
[controller-2] [INFO] [1744575064.682226821] [drone_home1.controller]: Bearing: 250.19°
[controller-2] [INFO] [1744575064.683138615] [drone_home1.controller]: Going to [(29.639661, -82.361216)]: 1544.12 meters
[controller-2] [INFO] [1744575064.781754939] [drone_home1.controller]: Bearing: 250.19°
[controller-2] [INFO] [1744575064.783213208] [drone_home1.controller]: Going to [(29.639661, -82.361216)]: 1544.12 meters
[controller-2] [INFO] [1744575064.886866686] [drone_home1.controller]: Bearing: 250.19°
[controller-2] [INFO] [1744575064.888852709] [drone_home1.controller]: Going to [(29.639661, -82.361216)]: 1544.12 meters
[controller-2] [INFO] [1744575064.982309061] [drone_home1.controller]: Bearing: 250.19°
[controller-2] [INFO] [1744575064.985262622] [drone_home1.controller]: Going to [(29.639661, -82.361216)]: 1544.12 meters
[controller-2] [INFO] [1744575065.081934888] [drone_home1.controller]: Bearing: 250.19°
[controller-2] [INFO] [1744575065.083016701] [drone_home1.controller]: Going to [(29.639661, -82.361216)]: 1544.12 meters
[controller-2] [INFO] [1744575065.182488160] [drone_home1.controller]: Bearing: 250.19°
[controller-2] [INFO] [1744575065.183978814] [drone_home1.controller]: Going to [(29.639661, -82.361216)]: 1544.12 meters
[controller-2] [INFO] [1744575065.282520367] [drone_home1.controller]: Bearing: 250.19°
[controller-2] [INFO] [1744575065.285089953] [drone_home1.controller]: Going to [(29.639661, -82.361216)]: 1544.12 meters
[controller-2] [INFO] [1744575065.389124958] [drone_home1.controller]: Bearing: 250.19°
[controller-2] [INFO] [1744575065.391635408] [drone_home1.controller]: Going to [(29.639661, -82.361216)]: 1544.12 meters
[controller-2] [INFO] [1744575065.481759003] [drone_home1.controller]: Bearing: 250.19°
[controller-2] [INFO] [1744575065.482706606] [drone_home1.controller]: Going to [(29.639661, -82.361216)]: 1544.12 meters
[controller-2] [INFO] [1744575065.581529349] [drone_home1.controller]: Bearing: 250.19°
[controller-2] [INFO] [1744575065.582382166] [drone_home1.controller]: Going to [(29.639661, -82.361216)]: 1544.12 meters
[controller-2] [INFO] [1744575065.681691478] [drone_home1.controller]: Bearing: 250.19°
[controller-2] [INFO] [1744575065.682719082] [drone_home1.controller]: Going to [(29.639661, -82.361216)]: 1544.12 meters
[controller-2] [INFO] [1744575065.781796742] [drone_home1.controller]: Bearing: 250.19°
[controller-2] [INFO] [1744575065.782785721] [drone_home1.controller]: Going to [(29.639661, -82.361216)]: 1544.12 meters
[controller-2] [INFO] [1744575065.881795635] [drone_home1.controller]: Bearing: 250.19°
[controller-2] [INFO] [1744575065.882662244] [drone_home1.controller]: Going to [(29.639661, -82.361216)]: 1544.12 meters
[controller-2] [INFO] [1744575065.981841218] [drone_home1.controller]: Bearing: 250.19°
[controller-2] [INFO] [1744575065.982745332] [drone_home1.controller]: Going to [(29.639661, -82.361216)]: 1544.12 meters
[controller-2] [INFO] [1744575066.082052255] [drone_home1.controller]: Bearing: 250.19°
[controller-2] [INFO] [1744575066.083454427] [drone_home1.controller]: Going to [(29.639661, -82.361216)]: 1544.12 meters
[controller-2] [INFO] [1744575066.182600006] [drone_home1.controller]: Bearing: 250.19°
[controller-2] [INFO] [1744575066.183507864] [drone_home1.controller]: Going to [(29.639661, -82.361216)]: 1544.12 meters
[controller-2] [INFO] [1744575066.281576398] [drone_home1.controller]: Bearing: 250.19°
[controller-2] [INFO] [1744575066.282430879] [drone_home1.controller]: Going to [(29.639661, -82.361216)]: 1544.12 meters
[controller-2] [INFO] [1744575066.383328973] [drone_home1.controller]: Bearing: 250.19°
[controller-2] [INFO] [1744575066.387329533] [drone_home1.controller]: Going to [(29.639661, -82.361216)]: 1544.12 meters
[controller-2] [INFO] [1744575066.481675529] [drone_home1.controller]: Bearing: 250.19°
[controller-2] [INFO] [1744575066.482569947] [drone_home1.controller]: Going to [(29.639661, -82.361216)]: 1544.12 meters
[controller-2] [INFO] [1744575066.581656517] [drone_home1.controller]: Bearing: 250.19°
[controller-2] [INFO] [1744575066.582547255] [drone_home1.controller]: Going to [(29.639661, -82.361216)]: 1544.12 meters
[controller-2] [INFO] [1744575066.683631752] [drone_home1.controller]: Bearing: 250.19°
[controller-2] [INFO] [1744575066.686307805] [drone_home1.controller]: Going to [(29.639661, -82.361216)]: 1544.12 meters
[controller-2] [INFO] [1744575066.783134299] [drone_home1.controller]: Bearing: 250.19°
[controller-2] [INFO] [1744575066.786528734] [drone_home1.controller]: Going to [(29.639661, -82.361216)]: 1544.12 meters
[controller-2] [INFO] [1744575066.882535403] [drone_home1.controller]: Bearing: 250.19°
[controller-2] [INFO] [1744575066.885335907] [drone_home1.controller]: Going to [(29.639661, -82.361216)]: 1544.12 meters
[controller-2] [INFO] [1744575066.981637238] [drone_home1.controller]: Bearing: 250.19°
[controller-2] [INFO] [1744575066.984135623] [drone_home1.controller]: Going to [(29.639661, -82.361216)]: 1544.12 meters
[controller-2] [INFO] [1744575067.081886754] [drone_home1.controller]: Bearing: 250.19°
[controller-2] [INFO] [1744575067.085206180] [drone_home1.controller]: Going to [(29.639661, -82.361216)]: 1544.12 meters
[controller-2] [INFO] [1744575067.184017431] [drone_home1.controller]: Bearing: 250.19°
[controller-2] [INFO] [1744575067.185443636] [drone_home1.controller]: Going to [(29.639661, -82.361216)]: 1544.12 meters
[controller-2] [INFO] [1744575067.283167025] [drone_home1.controller]: Bearing: 250.19°
[controller-2] [INFO] [1744575067.284294248] [drone_home1.controller]: Going to [(29.639661, -82.361216)]: 1544.12 meters
[controller-2] [INFO] [1744575067.382120807] [drone_home1.controller]: Bearing: 250.19°
[controller-2] [INFO] [1744575067.383048665] [drone_home1.controller]: Going to [(29.639661, -82.361216)]: 1544.12 meters
[controller-2] [INFO] [1744575067.481707337] [drone_home1.controller]: Bearing: 250.19°
[controller-2] [INFO] [1744575067.482600763] [drone_home1.controller]: Going to [(29.639661, -82.361216)]: 1544.12 meters
[controller-2] [INFO] [1744575067.582469827] [drone_home1.controller]: Bearing: 250.19°
[controller-2] [INFO] [1744575067.583427222] [drone_home1.controller]: Going to [(29.639661, -82.361216)]: 1544.12 meters
[controller-2] [INFO] [1744575067.685511595] [drone_home1.controller]: Bearing: 250.19°
[controller-2] [INFO] [1744575067.686652257] [drone_home1.controller]: Going to [(29.639661, -82.361216)]: 1544.12 meters
[controller-2] [INFO] [1744575067.781787595] [drone_home1.controller]: Bearing: 250.19°
[controller-2] [INFO] [1744575067.783102053] [drone_home1.controller]: Going to [(29.639661, -82.361216)]: 1544.12 meters
[controller-2] [INFO] [1744575067.881597362] [drone_home1.controller]: Bearing: 250.19°
[controller-2] [INFO] [1744575067.882495844] [drone_home1.controller]: Going to [(29.639661, -82.361216)]: 1544.12 meters
[controller-2] [INFO] [1744575067.981541979] [drone_home1.controller]: Bearing: 250.19°
[controller-2] [INFO] [1744575067.982453166] [drone_home1.controller]: Going to [(29.639661, -82.361216)]: 1544.12 meters
[controller-2] [INFO] [1744575068.081735573] [drone_home1.controller]: Bearing: 250.19°
[controller-2] [INFO] [1744575068.082616231] [drone_home1.controller]: Going to [(29.639661, -82.361216)]: 1544.12 meters
[controller-2] [INFO] [1744575068.181681069] [drone_home1.controller]: Bearing: 250.19°
[controller-2] [INFO] [1744575068.182644448] [drone_home1.controller]: Going to [(29.639661, -82.361216)]: 1544.12 meters
[controller-2] [INFO] [1744575068.282719419] [drone_home1.controller]: Bearing: 250.19°
[controller-2] [INFO] [1744575068.284472542] [drone_home1.controller]: Going to [(29.639661, -82.361216)]: 1544.12 meters
[controller-2] [INFO] [1744575068.384357813] [drone_home1.controller]: Bearing: 250.19°
[controller-2] [INFO] [1744575068.386189081] [drone_home1.controller]: Going to [(29.639661, -82.361216)]: 1544.12 meters
[controller-2] [INFO] [1744575068.483091252] [drone_home1.controller]: Bearing: 250.19°
[controller-2] [INFO] [1744575068.484485200] [drone_home1.controller]: Going to [(29.639661, -82.361216)]: 1544.12 meters
[controller-2] [INFO] [1744575068.581549294] [drone_home1.controller]: Bearing: 250.19°
[controller-2] [INFO] [1744575068.582688869] [drone_home1.controller]: Going to [(29.639661, -82.361216)]: 1544.12 meters
[controller-2] [INFO] [1744575068.684676550] [drone_home1.controller]: Bearing: 250.19°
[controller-2] [INFO] [1744575068.685782108] [drone_home1.controller]: Going to [(29.639661, -82.361216)]: 1544.12 meters
[controller-2] [INFO] [1744575068.782127564] [drone_home1.controller]: Bearing: 250.19°
[controller-2] [INFO] [1744575068.784238038] [drone_home1.controller]: Going to [(29.639661, -82.361216)]: 1544.12 meters
[controller-2] [INFO] [1744575068.881862367] [drone_home1.controller]: Bearing: 250.19°
[controller-2] [INFO] [1744575068.883409150] [drone_home1.controller]: Going to [(29.639661, -82.361216)]: 1544.12 meters
[controller-2] [INFO] [1744575068.984634832] [drone_home1.controller]: Bearing: 250.19°
[controller-2] [INFO] [1744575068.986180399] [drone_home1.controller]: Going to [(29.639661, -82.361216)]: 1544.12 meters
[controller-2] [INFO] [1744575069.085357155] [drone_home1.controller]: Bearing: 250.19°
[controller-2] [INFO] [1744575069.086633789] [drone_home1.controller]: Going to [(29.639661, -82.361216)]: 1544.12 meters
[controller-2] [INFO] [1744575069.181734465] [drone_home1.controller]: Bearing: 250.19°
[controller-2] [INFO] [1744575069.182667348] [drone_home1.controller]: Going to [(29.639661, -82.361216)]: 1544.12 meters
[controller-2] [INFO] [1744575069.282979457] [drone_home1.controller]: Bearing: 250.19°
[controller-2] [INFO] [1744575069.284833031] [drone_home1.controller]: Going to [(29.639661, -82.361216)]: 1544.12 meters
[controller-2] [INFO] [1744575069.381677102] [drone_home1.controller]: Bearing: 250.19°
[controller-2] [INFO] [1744575069.383039721] [drone_home1.controller]: Going to [(29.639661, -82.361216)]: 1544.12 meters
[controller-2] [INFO] [1744575069.481799319] [drone_home1.controller]: Bearing: 250.19°
[controller-2] [INFO] [1744575069.485140891] [drone_home1.controller]: Going to [(29.639661, -82.361216)]: 1544.12 meters
[controller-2] [INFO] [1744575069.582580846] [drone_home1.controller]: Bearing: 250.19°
[controller-2] [INFO] [1744575069.584044940] [drone_home1.controller]: Going to [(29.639661, -82.361216)]: 1544.12 meters
[controller-2] [INFO] [1744575069.681812294] [drone_home1.controller]: Bearing: 250.19°
[controller-2] [INFO] [1744575069.682772185] [drone_home1.controller]: Going to [(29.639661, -82.361216)]: 1544.12 meters
[controller-2] [INFO] [1744575069.781598985] [drone_home1.controller]: Bearing: 250.19°
[controller-2] [INFO] [1744575069.782853314] [drone_home1.controller]: Going to [(29.639661, -82.361216)]: 1544.12 meters
[controller-2] [INFO] [1744575069.882342911] [drone_home1.controller]: Bearing: 250.19°
[controller-2] [INFO] [1744575069.883267954] [drone_home1.controller]: Going to [(29.639661, -82.361216)]: 1544.12 meters
[controller-2] [INFO] [1744575069.981875037] [drone_home1.controller]: Bearing: 250.19°
[controller-2] [INFO] [1744575069.982808080] [drone_home1.controller]: Going to [(29.639661, -82.361216)]: 1544.12 meters
[controller-2] [INFO] [1744575070.082662623] [drone_home1.controller]: Bearing: 250.19°
[controller-2] [INFO] [1744575070.084157501] [drone_home1.controller]: Going to [(29.639661, -82.361216)]: 1544.12 meters
[controller-2] [INFO] [1744575070.182382286] [drone_home1.controller]: Bearing: 250.19°
[controller-2] [INFO] [1744575070.183295489] [drone_home1.controller]: Going to [(29.639661, -82.361216)]: 1544.12 meters
[controller-2] [INFO] [1744575070.281986971] [drone_home1.controller]: Bearing: 250.19°
[controller-2] [INFO] [1744575070.282956207] [drone_home1.controller]: Going to [(29.639661, -82.361216)]: 1544.12 meters
[controller-2] [INFO] [1744575070.381775564] [drone_home1.controller]: Bearing: 250.19°
[controller-2] [INFO] [1744575070.382717696] [drone_home1.controller]: Going to [(29.639661, -82.361216)]: 1544.12 meters
[controller-2] [INFO] [1744575070.481757761] [drone_home1.controller]: Bearing: 250.19°
[controller-2] [INFO] [1744575070.483576678] [drone_home1.controller]: Going to [(29.639661, -82.361216)]: 1544.12 meters
[controller-2] [INFO] [1744575070.581648596] [drone_home1.controller]: Bearing: 250.19°
[controller-2] [INFO] [1744575070.582582119] [drone_home1.controller]: Going to [(29.639661, -82.361216)]: 1544.12 meters
[controller-2] [INFO] [1744575070.682538075] [drone_home1.controller]: Bearing: 250.19°
[controller-2] [INFO] [1744575070.684883659] [drone_home1.controller]: Going to [(29.639661, -82.361216)]: 1544.12 meters
[controller-2] [INFO] [1744575070.781783585] [drone_home1.controller]: Bearing: 250.19°
[controller-2] [INFO] [1744575070.782738293] [drone_home1.controller]: Going to [(29.639661, -82.361216)]: 1544.12 meters
[controller-2] [INFO] [1744575070.881831959] [drone_home1.controller]: Bearing: 250.19°
[controller-2] [INFO] [1744575070.882763498] [drone_home1.controller]: Going to [(29.639661, -82.361216)]: 1544.12 meters
[controller-2] [INFO] [1744575070.982350839] [drone_home1.controller]: Bearing: 250.19°
[controller-2] [INFO] [1744575070.983821749] [drone_home1.controller]: Going to [(29.639661, -82.361216)]: 1544.12 meters
[controller-2] [INFO] [1744575071.082101010] [drone_home1.controller]: Bearing: 250.19°
[controller-2] [INFO] [1744575071.083124391] [drone_home1.controller]: Going to [(29.639661, -82.361216)]: 1544.12 meters
[controller-2] [INFO] [1744575071.181812623] [drone_home1.controller]: Bearing: 250.19°
[controller-2] [INFO] [1744575071.182764227] [drone_home1.controller]: Going to [(29.639661, -82.361216)]: 1544.12 meters
[controller-2] [INFO] [1744575071.281762449] [drone_home1.controller]: Bearing: 250.19°
[controller-2] [INFO] [1744575071.282768006] [drone_home1.controller]: Going to [(29.639661, -82.361216)]: 1544.12 meters
[controller-2] [INFO] [1744575071.381813974] [drone_home1.controller]: Bearing: 250.19°
[controller-2] [INFO] [1744575071.382695752] [drone_home1.controller]: Going to [(29.639661, -82.361216)]: 1544.12 meters
[controller-2] [INFO] [1744575071.481698198] [drone_home1.controller]: Bearing: 250.19°
[controller-2] [INFO] [1744575071.482698603] [drone_home1.controller]: Going to [(29.639661, -82.361216)]: 1544.12 meters
[controller-2] [INFO] [1744575071.581868509] [drone_home1.controller]: Bearing: 250.19°
[controller-2] [INFO] [1744575071.583411293] [drone_home1.controller]: Going to [(29.639661, -82.361216)]: 1544.12 meters
[controller-2] [INFO] [1744575071.681756350] [drone_home1.controller]: Bearing: 250.19°
[controller-2] [INFO] [1744575071.682749266] [drone_home1.controller]: Going to [(29.639661, -82.361216)]: 1544.12 meters
[controller-2] [INFO] [1744575071.781673567] [drone_home1.controller]: Bearing: 250.19°
[controller-2] [INFO] [1744575071.782610035] [drone_home1.controller]: Going to [(29.639661, -82.361216)]: 1544.12 meters
[controller-2] [INFO] [1744575071.883038014] [drone_home1.controller]: Bearing: 250.19°
[controller-2] [INFO] [1744575071.884068436] [drone_home1.controller]: Going to [(29.639661, -82.361216)]: 1544.12 meters
[controller-2] [INFO] [1744575071.984186681] [drone_home1.controller]: Bearing: 250.19°
[controller-2] [INFO] [1744575071.985100620] [drone_home1.controller]: Going to [(29.639661, -82.361216)]: 1544.12 meters
[controller-2] [INFO] [1744575072.081866391] [drone_home1.controller]: Bearing: 250.19°
[controller-2] [INFO] [1744575072.084519854] [drone_home1.controller]: Going to [(29.639661, -82.361216)]: 1544.12 meters
[controller-2] [INFO] [1744575072.184692611] [drone_home1.controller]: Bearing: 250.19°
[controller-2] [INFO] [1744575072.189793132] [drone_home1.controller]: Going to [(29.639661, -82.361216)]: 1544.12 meters
[controller-2] [INFO] [1744575072.281729751] [drone_home1.controller]: Bearing: 250.19°
[controller-2] [INFO] [1744575072.282714219] [drone_home1.controller]: Going to [(29.639661, -82.361216)]: 1544.12 meters
[controller-2] [INFO] [1744575072.381964172] [drone_home1.controller]: Bearing: 250.19°
[controller-2] [INFO] [1744575072.384115001] [drone_home1.controller]: Going to [(29.639661, -82.361216)]: 1544.12 meters
[controller-2] [INFO] [1744575072.481988990] [drone_home1.controller]: Bearing: 250.19°
[controller-2] [INFO] [1744575072.482950578] [drone_home1.controller]: Going to [(29.639661, -82.361216)]: 1544.12 meters
[controller-2] [INFO] [1744575072.582018383] [drone_home1.controller]: Bearing: 250.19°
[controller-2] [INFO] [1744575072.583079205] [drone_home1.controller]: Going to [(29.639661, -82.361216)]: 1544.12 meters
[controller-2] [INFO] [1744575072.684700088] [drone_home1.controller]: Bearing: 250.19°
[controller-2] [INFO] [1744575072.686024659] [drone_home1.controller]: Going to [(29.639661, -82.361216)]: 1544.12 meters
[controller-2] [INFO] [1744575072.781556168] [drone_home1.controller]: Bearing: 250.19°
[controller-2] [INFO] [1744575072.782532924] [drone_home1.controller]: Going to [(29.639661, -82.361216)]: 1544.12 meters
[controller-2] [INFO] [1744575072.883218459] [drone_home1.controller]: Bearing: 250.19°
[controller-2] [INFO] [1744575072.884460693] [drone_home1.controller]: Going to [(29.639661, -82.361216)]: 1544.12 meters
[controller-2] [INFO] [1744575072.982029332] [drone_home1.controller]: Bearing: 250.19°
[controller-2] [INFO] [1744575072.984739308] [drone_home1.controller]: Going to [(29.639661, -82.361216)]: 1544.12 meters
[controller-2] [INFO] [1744575073.081796170] [drone_home1.controller]: Bearing: 250.19°
[controller-2] [INFO] [1744575073.083054373] [drone_home1.controller]: Going to [(29.639661, -82.361216)]: 1544.12 meters
[controller-2] [INFO] [1744575073.182538745] [drone_home1.controller]: Bearing: 250.19°
[controller-2] [INFO] [1744575073.183486764] [drone_home1.controller]: Going to [(29.639661, -82.361216)]: 1544.12 meters
[controller-2] [INFO] [1744575073.283456330] [drone_home1.controller]: Bearing: 250.19°
[controller-2] [INFO] [1744575073.284779142] [drone_home1.controller]: Going to [(29.639661, -82.361216)]: 1544.12 meters
[controller-2] [INFO] [1744575073.382259376] [drone_home1.controller]: Bearing: 250.19°
[controller-2] [INFO] [1744575073.385019050] [drone_home1.controller]: Going to [(29.639661, -82.361216)]: 1544.12 meters
[controller-2] [INFO] [1744575073.481887175] [drone_home1.controller]: Bearing: 250.19°
[controller-2] [INFO] [1744575073.483923441] [drone_home1.controller]: Going to [(29.639661, -82.361216)]: 1544.12 meters
[controller-2] [INFO] [1744575073.581940167] [drone_home1.controller]: Bearing: 250.19°
[controller-2] [INFO] [1744575073.583011677] [drone_home1.controller]: Going to [(29.639661, -82.361216)]: 1544.12 meters
[controller-2] [INFO] [1744575073.682048840] [drone_home1.controller]: Bearing: 250.19°
[controller-2] [INFO] [1744575073.682919226] [drone_home1.controller]: Going to [(29.639661, -82.361216)]: 1544.12 meters
[controller-2] [INFO] [1744575073.781644158] [drone_home1.controller]: Bearing: 250.19°
[controller-2] [INFO] [1744575073.782532945] [drone_home1.controller]: Going to [(29.639661, -82.361216)]: 1544.12 meters
[controller-2] [INFO] [1744575073.881750527] [drone_home1.controller]: Bearing: 250.19°
[controller-2] [INFO] [1744575073.882640210] [drone_home1.controller]: Going to [(29.639661, -82.361216)]: 1544.12 meters
[controller-2] [INFO] [1744575073.981849888] [drone_home1.controller]: Bearing: 250.19°
[controller-2] [INFO] [1744575073.982843669] [drone_home1.controller]: Going to [(29.639661, -82.361216)]: 1544.12 meters
[controller-2] [INFO] [1744575074.083638799] [drone_home1.controller]: Bearing: 250.19°
[controller-2] [INFO] [1744575074.084712997] [drone_home1.controller]: Going to [(29.639661, -82.361216)]: 1544.12 meters
[controller-2] [INFO] [1744575074.182205853] [drone_home1.controller]: Bearing: 250.19°
[controller-2] [INFO] [1744575074.183357781] [drone_home1.controller]: Going to [(29.639661, -82.361216)]: 1544.12 meters
[controller-2] [INFO] [1744575074.283768618] [drone_home1.controller]: Bearing: 250.19°
[controller-2] [INFO] [1744575074.287072399] [drone_home1.controller]: Going to [(29.639661, -82.361216)]: 1544.12 meters
[controller-2] [INFO] [1744575074.383293484] [drone_home1.controller]: Bearing: 250.19°
[controller-2] [INFO] [1744575074.387712425] [drone_home1.controller]: Going to [(29.639661, -82.361216)]: 1544.12 meters
[controller-2] [INFO] [1744575074.481712568] [drone_home1.controller]: Bearing: 250.19°
[controller-2] [INFO] [1744575074.485783693] [drone_home1.controller]: Going to [(29.639661, -82.361216)]: 1544.12 meters
[controller-2] [INFO] [1744575074.581892456] [drone_home1.controller]: Bearing: 250.19°
[controller-2] [INFO] [1744575074.582786650] [drone_home1.controller]: Going to [(29.639661, -82.361216)]: 1544.12 meters
[controller-2] [INFO] [1744575074.683626808] [drone_home1.controller]: Bearing: 250.19°
[controller-2] [INFO] [1744575074.684669678] [drone_home1.controller]: Going to [(29.639661, -82.361216)]: 1544.12 meters
[controller-2] [INFO] [1744575074.782127973] [drone_home1.controller]: Bearing: 250.19°
[controller-2] [INFO] [1744575074.783266173] [drone_home1.controller]: Going to [(29.639661, -82.361216)]: 1544.12 meters
[controller-2] [INFO] [1744575074.883077382] [drone_home1.controller]: Bearing: 250.19°
[controller-2] [INFO] [1744575074.884568005] [drone_home1.controller]: Going to [(29.639661, -82.361216)]: 1544.12 meters
[controller-2] [INFO] [1744575074.981743798] [drone_home1.controller]: Bearing: 250.19°
[controller-2] [INFO] [1744575074.983024881] [drone_home1.controller]: Going to [(29.639661, -82.361216)]: 1544.12 meters
[controller-2] [INFO] [1744575075.081581737] [drone_home1.controller]: Bearing: 250.19°
[controller-2] [INFO] [1744575075.082441563] [drone_home1.controller]: Going to [(29.639661, -82.361216)]: 1544.12 meters
[controller-2] [INFO] [1744575075.181916714] [drone_home1.controller]: Bearing: 250.19°
[controller-2] [INFO] [1744575075.182794685] [drone_home1.controller]: Going to [(29.639661, -82.361216)]: 1544.12 meters
[controller-2] [INFO] [1744575075.282316749] [drone_home1.controller]: Bearing: 250.19°
[controller-2] [INFO] [1744575075.283199135] [drone_home1.controller]: Going to [(29.639661, -82.361216)]: 1544.12 meters
[controller-2] [INFO] [1744575075.381714330] [drone_home1.controller]: Bearing: 250.19°
[controller-2] [INFO] [1744575075.382602156] [drone_home1.controller]: Going to [(29.639661, -82.361216)]: 1544.12 meters
[controller-2] [INFO] [1744575075.481829398] [drone_home1.controller]: Bearing: 250.19°
[controller-2] [INFO] [1744575075.484754740] [drone_home1.controller]: Going to [(29.639661, -82.361216)]: 1544.12 meters
[controller-2] [INFO] [1744575075.581580619] [drone_home1.controller]: Bearing: 250.19°
[controller-2] [INFO] [1744575075.584462343] [drone_home1.controller]: Going to [(29.639661, -82.361216)]: 1544.12 meters
[controller-2] [INFO] [1744575075.682047246] [drone_home1.controller]: Bearing: 250.19°
[controller-2] [INFO] [1744575075.682977602] [drone_home1.controller]: Going to [(29.639661, -82.361216)]: 1544.12 meters
[controller-2] [INFO] [1744575075.782053832] [drone_home1.controller]: Bearing: 250.19°
[controller-2] [INFO] [1744575075.782952571] [drone_home1.controller]: Going to [(29.639661, -82.361216)]: 1544.12 meters
[controller-2] [INFO] [1744575075.882607566] [drone_home1.controller]: Bearing: 250.19°
[controller-2] [INFO] [1744575075.883933034] [drone_home1.controller]: Going to [(29.639661, -82.361216)]: 1544.12 meters
[controller-2] [INFO] [1744575075.981909753] [drone_home1.controller]: Bearing: 250.19°
[controller-2] [INFO] [1744575075.983072177] [drone_home1.controller]: Going to [(29.639661, -82.361216)]: 1544.12 meters
[controller-2] [INFO] [1744575076.086165847] [drone_home1.controller]: Bearing: 250.19°
[controller-2] [INFO] [1744575076.087395921] [drone_home1.controller]: Going to [(29.639661, -82.361216)]: 1544.12 meters
[controller-2] [INFO] [1744575076.181740833] [drone_home1.controller]: Bearing: 250.19°
[controller-2] [INFO] [1744575076.185457328] [drone_home1.controller]: Going to [(29.639661, -82.361216)]: 1544.12 meters
[controller-2] [INFO] [1744575076.282007310] [drone_home1.controller]: Bearing: 250.19°
[controller-2] [INFO] [1744575076.283140166] [drone_home1.controller]: Going to [(29.639661, -82.361216)]: 1544.12 meters
[controller-2] [INFO] [1744575076.382207993] [drone_home1.controller]: Bearing: 250.19°
[controller-2] [INFO] [1744575076.383158221] [drone_home1.controller]: Going to [(29.639661, -82.361216)]: 1544.12 meters
[controller-2] [INFO] [1744575076.484400527] [drone_home1.controller]: Bearing: 250.19°
[controller-2] [INFO] [1744575076.485438885] [drone_home1.controller]: Going to [(29.639661, -82.361216)]: 1544.12 meters
[controller-2] [INFO] [1744575076.581699997] [drone_home1.controller]: Bearing: 250.19°
[controller-2] [INFO] [1744575076.582602768] [drone_home1.controller]: Going to [(29.639661, -82.361216)]: 1544.12 meters
[controller-2] [INFO] [1744575076.681547873] [drone_home1.controller]: Bearing: 250.19°
[controller-2] [INFO] [1744575076.682429076] [drone_home1.controller]: Going to [(29.639661, -82.361216)]: 1544.12 meters
[controller-2] [INFO] [1744575076.785558429] [drone_home1.controller]: Bearing: 250.19°
[controller-2] [INFO] [1744575076.786458960] [drone_home1.controller]: Going to [(29.639661, -82.361216)]: 1544.12 meters
[controller-2] [INFO] [1744575076.881757076] [drone_home1.controller]: Bearing: 250.19°
[controller-2] [INFO] [1744575076.884405548] [drone_home1.controller]: Going to [(29.639661, -82.361216)]: 1544.12 meters
[controller-2] [INFO] [1744575076.985733520] [drone_home1.controller]: Bearing: 250.19°
[controller-2] [INFO] [1744575076.986651523] [drone_home1.controller]: Going to [(29.639661, -82.361216)]: 1544.12 meters
[controller-2] [INFO] [1744575077.081845263] [drone_home1.controller]: Bearing: 250.19°
[controller-2] [INFO] [1744575077.082732130] [drone_home1.controller]: Going to [(29.639661, -82.361216)]: 1544.12 meters
[controller-2] [INFO] [1744575077.182022599] [drone_home1.controller]: Bearing: 250.19°
[controller-2] [INFO] [1744575077.182968379] [drone_home1.controller]: Going to [(29.639661, -82.361216)]: 1544.12 meters
[controller-2] [INFO] [1744575077.281954362] [drone_home1.controller]: Bearing: 250.19°
[controller-2] [INFO] [1744575077.282893902] [drone_home1.controller]: Going to [(29.639661, -82.361216)]: 1544.12 meters
[controller-2] [INFO] [1744575077.383547537] [drone_home1.controller]: Bearing: 250.19°
[controller-2] [INFO] [1744575077.384772907] [drone_home1.controller]: Going to [(29.639661, -82.361216)]: 1544.12 meters
[controller-2] [INFO] [1744575077.482035813] [drone_home1.controller]: Bearing: 250.19°
[controller-2] [INFO] [1744575077.485912120] [drone_home1.controller]: Going to [(29.639661, -82.361216)]: 1544.12 meters
[controller-2] [INFO] [1744575077.582156028] [drone_home1.controller]: Bearing: 250.19°
[controller-2] [INFO] [1744575077.585665575] [drone_home1.controller]: Going to [(29.639661, -82.361216)]: 1544.12 meters
[controller-2] [INFO] [1744575077.682460087] [drone_home1.controller]: Bearing: 250.19°
[controller-2] [INFO] [1744575077.684904267] [drone_home1.controller]: Going to [(29.639661, -82.361216)]: 1544.12 meters
[controller-2] [INFO] [1744575077.785686929] [drone_home1.controller]: Bearing: 250.19°
[controller-2] [INFO] [1744575077.789215388] [drone_home1.controller]: Going to [(29.639661, -82.361216)]: 1544.12 meters
[controller-2] [INFO] [1744575077.885850313] [drone_home1.controller]: Bearing: 250.19°
[controller-2] [INFO] [1744575077.889252113] [drone_home1.controller]: Going to [(29.639661, -82.361216)]: 1544.12 meters
[controller-2] [INFO] [1744575077.981610051] [drone_home1.controller]: Bearing: 250.19°
[controller-2] [INFO] [1744575077.985020299] [drone_home1.controller]: Going to [(29.639661, -82.361216)]: 1544.12 meters
[controller-2] [INFO] [1744575078.084295131] [drone_home1.controller]: Bearing: 250.19°
[controller-2] [INFO] [1744575078.087821543] [drone_home1.controller]: Going to [(29.639661, -82.361216)]: 1544.12 meters
[controller-2] [INFO] [1744575078.181835272] [drone_home1.controller]: Bearing: 250.19°
[controller-2] [INFO] [1744575078.182731739] [drone_home1.controller]: Going to [(29.639661, -82.361216)]: 1544.12 meters
[controller-2] [INFO] [1744575078.281762280] [drone_home1.controller]: Bearing: 250.19°
[controller-2] [INFO] [1744575078.282644539] [drone_home1.controller]: Going to [(29.639661, -82.361216)]: 1544.12 meters
[controller-2] [INFO] [1744575078.381831084] [drone_home1.controller]: Bearing: 250.19°
[controller-2] [INFO] [1744575078.382778176] [drone_home1.controller]: Going to [(29.639661, -82.361216)]: 1544.12 meters
[controller-2] [INFO] [1744575078.481597800] [drone_home1.controller]: Bearing: 250.19°
[controller-2] [INFO] [1744575078.482776898] [drone_home1.controller]: Going to [(29.639661, -82.361216)]: 1544.12 meters
[controller-2] [INFO] [1744575078.583424785] [drone_home1.controller]: Bearing: 250.19°
[controller-2] [INFO] [1744575078.584347525] [drone_home1.controller]: Going to [(29.639661, -82.361216)]: 1544.12 meters
[controller-2] [INFO] [1744575078.681571755] [drone_home1.controller]: Bearing: 250.19°
[controller-2] [INFO] [1744575078.682427614] [drone_home1.controller]: Going to [(29.639661, -82.361216)]: 1544.12 meters
[controller-2] [INFO] [1744575078.782076280] [drone_home1.controller]: Bearing: 250.19°
[controller-2] [INFO] [1744575078.783330227] [drone_home1.controller]: Going to [(29.639661, -82.361216)]: 1544.12 meters
[controller-2] [INFO] [1744575078.882280254] [drone_home1.controller]: Bearing: 250.19°
[controller-2] [INFO] [1744575078.885688551] [drone_home1.controller]: Going to [(29.639661, -82.361216)]: 1544.12 meters
[controller-2] [INFO] [1744575078.981769013] [drone_home1.controller]: Bearing: 250.19°
[controller-2] [INFO] [1744575078.984222986] [drone_home1.controller]: Going to [(29.639661, -82.361216)]: 1544.12 meters
[controller-2] [INFO] [1744575079.081770753] [drone_home1.controller]: Bearing: 250.19°
[controller-2] [INFO] [1744575079.082681909] [drone_home1.controller]: Going to [(29.639661, -82.361216)]: 1544.12 meters
[controller-2] [INFO] [1744575079.181688974] [drone_home1.controller]: Bearing: 250.19°
[controller-2] [INFO] [1744575079.182568929] [drone_home1.controller]: Going to [(29.639661, -82.361216)]: 1544.12 meters
[controller-2] [INFO] [1744575079.281762782] [drone_home1.controller]: Bearing: 250.19°
[controller-2] [INFO] [1744575079.282803637] [drone_home1.controller]: Going to [(29.639661, -82.361216)]: 1544.12 meters
[controller-2] [INFO] [1744575079.381721932] [drone_home1.controller]: Bearing: 250.19°
[controller-2] [INFO] [1744575079.383059529] [drone_home1.controller]: Going to [(29.639661, -82.361216)]: 1544.12 meters
[controller-2] [INFO] [1744575079.483362719] [drone_home1.controller]: Bearing: 250.19°
[controller-2] [INFO] [1744575079.484312851] [drone_home1.controller]: Going to [(29.639661, -82.361216)]: 1544.12 meters
[controller-2] [INFO] [1744575079.582196020] [drone_home1.controller]: Bearing: 250.19°
[controller-2] [INFO] [1744575079.583110984] [drone_home1.controller]: Going to [(29.639661, -82.361216)]: 1544.12 meters
[controller-2] [INFO] [1744575079.681933246] [drone_home1.controller]: Bearing: 250.19°
[controller-2] [INFO] [1744575079.683717284] [drone_home1.controller]: Going to [(29.639661, -82.361216)]: 1544.12 meters
[controller-2] [INFO] [1744575079.781754313] [drone_home1.controller]: Bearing: 250.19°
[controller-2] [INFO] [1744575079.782662652] [drone_home1.controller]: Going to [(29.639661, -82.361216)]: 1544.12 meters
[controller-2] [INFO] [1744575079.881752407] [drone_home1.controller]: Bearing: 250.19°
[controller-2] [INFO] [1744575079.882731789] [drone_home1.controller]: Going to [(29.639661, -82.361216)]: 1544.12 meters
[controller-2] [INFO] [1744575079.985409365] [drone_home1.controller]: Bearing: 250.19°
[controller-2] [INFO] [1744575079.988077615] [drone_home1.controller]: Going to [(29.639661, -82.361216)]: 1544.12 meters
[controller-2] [INFO] [1744575080.082438286] [drone_home1.controller]: Bearing: 250.19°
[controller-2] [INFO] [1744575080.083397571] [drone_home1.controller]: Going to [(29.639661, -82.361216)]: 1544.12 meters
[controller-2] [INFO] [1744575080.181906206] [drone_home1.controller]: Bearing: 250.19°
[controller-2] [INFO] [1744575080.182810194] [drone_home1.controller]: Going to [(29.639661, -82.361216)]: 1544.12 meters
[controller-2] [INFO] [1744575080.283341625] [drone_home1.controller]: Bearing: 250.19°
[controller-2] [INFO] [1744575080.284557844] [drone_home1.controller]: Going to [(29.639661, -82.361216)]: 1544.12 meters
[controller-2] [INFO] [1744575080.387279915] [drone_home1.controller]: Bearing: 250.19°
[controller-2] [INFO] [1744575080.388261472] [drone_home1.controller]: Going to [(29.639661, -82.361216)]: 1544.12 meters
[controller-2] [INFO] [1744575080.481742414] [drone_home1.controller]: Bearing: 250.19°
[controller-2] [INFO] [1744575080.482790949] [drone_home1.controller]: Going to [(29.639661, -82.361216)]: 1544.12 meters
[controller-2] [INFO] [1744575080.581636232] [drone_home1.controller]: Bearing: 250.19°
[controller-2] [INFO] [1744575080.582528763] [drone_home1.controller]: Going to [(29.639661, -82.361216)]: 1544.12 meters
[controller-2] [INFO] [1744575080.681664644] [drone_home1.controller]: Bearing: 250.19°
[controller-2] [INFO] [1744575080.682575896] [drone_home1.controller]: Going to [(29.639661, -82.361216)]: 1544.12 meters
[controller-2] [INFO] [1744575080.781720258] [drone_home1.controller]: Bearing: 250.19°
[controller-2] [INFO] [1744575080.784186423] [drone_home1.controller]: Going to [(29.639661, -82.361216)]: 1544.12 meters
[controller-2] [INFO] [1744575080.882603409] [drone_home1.controller]: Bearing: 250.19°
[controller-2] [INFO] [1744575080.883968494] [drone_home1.controller]: Going to [(29.639661, -82.361216)]: 1544.12 meters
[controller-2] [INFO] [1744575080.982072129] [drone_home1.controller]: Bearing: 250.19°
[controller-2] [INFO] [1744575080.983034070] [drone_home1.controller]: Going to [(29.639661, -82.361216)]: 1544.12 meters
[controller-2] [INFO] [1744575081.082196426] [drone_home1.controller]: Bearing: 250.19°
[controller-2] [INFO] [1744575081.083094077] [drone_home1.controller]: Going to [(29.639661, -82.361216)]: 1544.12 meters
[controller-2] [INFO] [1744575081.181618214] [drone_home1.controller]: Bearing: 250.19°
[controller-2] [INFO] [1744575081.182498265] [drone_home1.controller]: Going to [(29.639661, -82.361216)]: 1544.12 meters
[controller-2] [INFO] [1744575081.282232444] [drone_home1.controller]: Bearing: 250.19°
[controller-2] [INFO] [1744575081.283148784] [drone_home1.controller]: Going to [(29.639661, -82.361216)]: 1544.12 meters
[controller-2] [INFO] [1744575081.383547969] [drone_home1.controller]: Bearing: 250.19°
[controller-2] [INFO] [1744575081.384444981] [drone_home1.controller]: Going to [(29.639661, -82.361216)]: 1544.12 meters
[controller-2] [INFO] [1744575081.481652225] [drone_home1.controller]: Bearing: 250.19°
[controller-2] [INFO] [1744575081.482556756] [drone_home1.controller]: Going to [(29.639661, -82.361216)]: 1544.12 meters
[controller-2] [INFO] [1744575081.581683018] [drone_home1.controller]: Bearing: 250.19°
[controller-2] [INFO] [1744575081.584257730] [drone_home1.controller]: Going to [(29.639661, -82.361216)]: 1544.12 meters
[controller-2] [INFO] [1744575081.681977081] [drone_home1.controller]: Bearing: 250.19°
[controller-2] [INFO] [1744575081.682925806] [drone_home1.controller]: Going to [(29.639661, -82.361216)]: 1544.12 meters
[controller-2] [INFO] [1744575081.783672327] [drone_home1.controller]: Bearing: 250.19°
[controller-2] [INFO] [1744575081.784604283] [drone_home1.controller]: Going to [(29.639661, -82.361216)]: 1544.12 meters
[controller-2] [INFO] [1744575081.881857064] [drone_home1.controller]: Bearing: 250.19°
[controller-2] [INFO] [1744575081.882804701] [drone_home1.controller]: Going to [(29.639661, -82.361216)]: 1544.12 meters
[controller-2] [INFO] [1744575081.981661197] [drone_home1.controller]: Bearing: 250.19°
[controller-2] [INFO] [1744575081.985025398] [drone_home1.controller]: Going to [(29.639661, -82.361216)]: 1544.12 meters
[controller-2] [INFO] [1744575082.081837955] [drone_home1.controller]: Bearing: 250.19°
[controller-2] [INFO] [1744575082.082823449] [drone_home1.controller]: Going to [(29.639661, -82.361216)]: 1544.12 meters
[controller-2] [INFO] [1744575082.181693590] [drone_home1.controller]: Bearing: 250.19°
[controller-2] [INFO] [1744575082.182604906] [drone_home1.controller]: Going to [(29.639661, -82.361216)]: 1544.12 meters
[controller-2] [INFO] [1744575082.282497117] [drone_home1.controller]: Bearing: 250.19°
[controller-2] [INFO] [1744575082.283382192] [drone_home1.controller]: Going to [(29.639661, -82.361216)]: 1544.12 meters
[controller-2] [INFO] [1744575082.381612415] [drone_home1.controller]: Bearing: 250.19°
[controller-2] [INFO] [1744575082.382635701] [drone_home1.controller]: Going to [(29.639661, -82.361216)]: 1544.12 meters
[controller-2] [INFO] [1744575082.481664278] [drone_home1.controller]: Bearing: 250.19°
[controller-2] [INFO] [1744575082.482795279] [drone_home1.controller]: Going to [(29.639661, -82.361216)]: 1544.12 meters
[controller-2] [INFO] [1744575082.582301209] [drone_home1.controller]: Bearing: 250.19°
[controller-2] [INFO] [1744575082.586797852] [drone_home1.controller]: Going to [(29.639661, -82.361216)]: 1544.12 meters
[controller-2] [INFO] [1744575082.682869275] [drone_home1.controller]: Bearing: 250.19°
[controller-2] [INFO] [1744575082.685559158] [drone_home1.controller]: Going to [(29.639661, -82.361216)]: 1544.12 meters
[controller-2] [INFO] [1744575082.782073311] [drone_home1.controller]: Bearing: 250.19°
[controller-2] [INFO] [1744575082.782962355] [drone_home1.controller]: Going to [(29.639661, -82.361216)]: 1544.12 meters
[controller-2] [INFO] [1744575082.881699597] [drone_home1.controller]: Bearing: 250.19°
[controller-2] [INFO] [1744575082.884270533] [drone_home1.controller]: Going to [(29.639661, -82.361216)]: 1544.12 meters
[controller-2] [INFO] [1744575082.982080235] [drone_home1.controller]: Bearing: 250.19°
[controller-2] [INFO] [1744575082.982977854] [drone_home1.controller]: Going to [(29.639661, -82.361216)]: 1544.12 meters
[controller-2] [INFO] [1744575083.081896550] [drone_home1.controller]: Bearing: 250.19°
[controller-2] [INFO] [1744575083.085271377] [drone_home1.controller]: Going to [(29.639661, -82.361216)]: 1544.12 meters
[controller-2] [INFO] [1744575083.181766533] [drone_home1.controller]: Bearing: 250.19°
[controller-2] [INFO] [1744575083.183085730] [drone_home1.controller]: Going to [(29.639661, -82.361216)]: 1544.12 meters
[controller-2] [INFO] [1744575083.281911595] [drone_home1.controller]: Bearing: 250.19°
[controller-2] [INFO] [1744575083.283028003] [drone_home1.controller]: Going to [(29.639661, -82.361216)]: 1544.12 meters
[controller-2] [INFO] [1744575083.381937230] [drone_home1.controller]: Bearing: 250.19°
[controller-2] [INFO] [1744575083.382858402] [drone_home1.controller]: Going to [(29.639661, -82.361216)]: 1544.12 meters
[controller-2] [INFO] [1744575083.481810733] [drone_home1.controller]: Bearing: 250.19°
[controller-2] [INFO] [1744575083.482790915] [drone_home1.controller]: Going to [(29.639661, -82.361216)]: 1544.12 meters
[controller-2] [INFO] [1744575083.581677932] [drone_home1.controller]: Bearing: 250.19°
[controller-2] [INFO] [1744575083.582737764] [drone_home1.controller]: Going to [(29.639661, -82.361216)]: 1544.12 meters
[controller-2] [INFO] [1744575083.681759952] [drone_home1.controller]: Bearing: 250.19°
[controller-2] [INFO] [1744575083.684872149] [drone_home1.controller]: Going to [(29.639661, -82.361216)]: 1544.12 meters
[controller-2] [INFO] [1744575083.781584559] [drone_home1.controller]: Bearing: 250.19°
[controller-2] [INFO] [1744575083.782824618] [drone_home1.controller]: Going to [(29.639661, -82.361216)]: 1544.12 meters
[controller-2] [INFO] [1744575083.882634664] [drone_home1.controller]: Bearing: 250.19°
[controller-2] [INFO] [1744575083.883583677] [drone_home1.controller]: Going to [(29.639661, -82.361216)]: 1544.12 meters
[controller-2] [INFO] [1744575083.981729238] [drone_home1.controller]: Bearing: 250.19°
[controller-2] [INFO] [1744575083.982660043] [drone_home1.controller]: Going to [(29.639661, -82.361216)]: 1544.12 meters
[controller-2] [INFO] [1744575084.081623744] [drone_home1.controller]: Bearing: 250.19°
[controller-2] [INFO] [1744575084.082543125] [drone_home1.controller]: Going to [(29.639661, -82.361216)]: 1544.12 meters
[controller-2] [INFO] [1744575084.181627951] [drone_home1.controller]: Bearing: 250.19°
[controller-2] [INFO] [1744575084.182501123] [drone_home1.controller]: Going to [(29.639661, -82.361216)]: 1544.12 meters
[controller-2] [INFO] [1744575084.281606301] [drone_home1.controller]: Bearing: 250.19°
[controller-2] [INFO] [1744575084.282515922] [drone_home1.controller]: Going to [(29.639661, -82.361216)]: 1544.12 meters
[controller-2] [INFO] [1744575084.382862120] [drone_home1.controller]: Bearing: 250.19°
[controller-2] [INFO] [1744575084.383767260] [drone_home1.controller]: Going to [(29.639661, -82.361216)]: 1544.12 meters
[controller-2] [INFO] [1744575084.482154759] [drone_home1.controller]: Bearing: 250.19°
[controller-2] [INFO] [1744575084.485539603] [drone_home1.controller]: Going to [(29.639661, -82.361216)]: 1544.12 meters
[controller-2] [INFO] [1744575084.582425820] [drone_home1.controller]: Bearing: 250.19°
[controller-2] [INFO] [1744575084.583322704] [drone_home1.controller]: Going to [(29.639661, -82.361216)]: 1544.12 meters
[controller-2] [INFO] [1744575084.681687323] [drone_home1.controller]: Bearing: 250.19°
[controller-2] [INFO] [1744575084.682588335] [drone_home1.controller]: Going to [(29.639661, -82.361216)]: 1544.12 meters
[controller-2] [INFO] [1744575084.781712202] [drone_home1.controller]: Bearing: 250.19°
[controller-2] [INFO] [1744575084.782841891] [drone_home1.controller]: Going to [(29.639661, -82.361216)]: 1544.12 meters
[controller-2] [INFO] [1744575084.881686712] [drone_home1.controller]: Bearing: 250.19°
[controller-2] [INFO] [1744575084.882879059] [drone_home1.controller]: Going to [(29.639661, -82.361216)]: 1544.12 meters
[controller-2] [INFO] [1744575084.982687709] [drone_home1.controller]: Bearing: 250.19°
[controller-2] [INFO] [1744575084.983634034] [drone_home1.controller]: Going to [(29.639661, -82.361216)]: 1544.12 meters
[controller-2] [INFO] [1744575085.082662229] [drone_home1.controller]: Bearing: 250.19°
[controller-2] [INFO] [1744575085.083624939] [drone_home1.controller]: Going to [(29.639661, -82.361216)]: 1544.12 meters
[controller-2] [INFO] [1744575085.182084900] [drone_home1.controller]: Bearing: 250.19°
[controller-2] [INFO] [1744575085.183220317] [drone_home1.controller]: Going to [(29.639661, -82.361216)]: 1544.12 meters
[controller-2] [INFO] [1744575085.281694711] [drone_home1.controller]: Bearing: 250.19°
[controller-2] [INFO] [1744575085.283251065] [drone_home1.controller]: Going to [(29.639661, -82.361216)]: 1544.12 meters
[controller-2] [INFO] [1744575085.381715538] [drone_home1.controller]: Bearing: 250.19°
[controller-2] [INFO] [1744575085.382625447] [drone_home1.controller]: Going to [(29.639661, -82.361216)]: 1544.12 meters
[controller-2] [INFO] [1744575085.482531968] [drone_home1.controller]: Bearing: 250.19°
[controller-2] [INFO] [1744575085.485099769] [drone_home1.controller]: Going to [(29.639661, -82.361216)]: 1544.12 meters
[controller-2] [INFO] [1744575085.581774858] [drone_home1.controller]: Bearing: 250.19°
[controller-2] [INFO] [1744575085.582699519] [drone_home1.controller]: Going to [(29.639661, -82.361216)]: 1544.12 meters
[controller-2] [INFO] [1744575085.684158715] [drone_home1.controller]: Bearing: 250.19°
[controller-2] [INFO] [1744575085.685087344] [drone_home1.controller]: Going to [(29.639661, -82.361216)]: 1544.12 meters
[controller-2] [INFO] [1744575085.781529116] [drone_home1.controller]: Bearing: 250.19°
[controller-2] [INFO] [1744575085.782388975] [drone_home1.controller]: Going to [(29.639661, -82.361216)]: 1544.12 meters
[controller-2] [INFO] [1744575085.881589912] [drone_home1.controller]: Bearing: 250.19°
[controller-2] [INFO] [1744575085.883150651] [drone_home1.controller]: Going to [(29.639661, -82.361216)]: 1544.12 meters
[controller-2] [INFO] [1744575085.981537298] [drone_home1.controller]: Bearing: 250.19°
[controller-2] [INFO] [1744575085.983816389] [drone_home1.controller]: Going to [(29.639661, -82.361216)]: 1544.12 meters
[controller-2] [INFO] [1744575086.081963777] [drone_home1.controller]: Bearing: 250.19°
[controller-2] [INFO] [1744575086.082945271] [drone_home1.controller]: Going to [(29.639661, -82.361216)]: 1544.12 meters
[controller-2] [INFO] [1744575086.183056001] [drone_home1.controller]: Bearing: 250.19°
[controller-2] [INFO] [1744575086.184573411] [drone_home1.controller]: Going to [(29.639661, -82.361216)]: 1544.12 meters
[controller-2] [INFO] [1744575086.282598943] [drone_home1.controller]: Bearing: 250.19°
[controller-2] [INFO] [1744575086.284744687] [drone_home1.controller]: Going to [(29.639661, -82.361216)]: 1544.12 meters
[controller-2] [INFO] [1744575086.382238206] [drone_home1.controller]: Bearing: 250.19°
[controller-2] [INFO] [1744575086.384289708] [drone_home1.controller]: Going to [(29.639661, -82.361216)]: 1544.12 meters
[controller-2] [INFO] [1744575086.481816541] [drone_home1.controller]: Bearing: 250.19°
[controller-2] [INFO] [1744575086.482704017] [drone_home1.controller]: Going to [(29.639661, -82.361216)]: 1544.12 meters
[controller-2] [INFO] [1744575086.581735714] [drone_home1.controller]: Bearing: 250.19°
[controller-2] [INFO] [1744575086.582688152] [drone_home1.controller]: Going to [(29.639661, -82.361216)]: 1544.12 meters
[controller-2] [INFO] [1744575086.684066303] [drone_home1.controller]: Bearing: 250.19°
[controller-2] [INFO] [1744575086.685044021] [drone_home1.controller]: Going to [(29.639661, -82.361216)]: 1544.12 meters
[controller-2] [INFO] [1744575086.782473891] [drone_home1.controller]: Bearing: 250.19°
[controller-2] [INFO] [1744575086.784086343] [drone_home1.controller]: Going to [(29.639661, -82.361216)]: 1544.12 meters
[controller-2] [INFO] [1744575086.881507733] [drone_home1.controller]: Bearing: 250.19°
[controller-2] [INFO] [1744575086.882355976] [drone_home1.controller]: Going to [(29.639661, -82.361216)]: 1544.12 meters
[controller-2] [INFO] [1744575086.981784259] [drone_home1.controller]: Bearing: 250.19°
[controller-2] [INFO] [1744575086.982707351] [drone_home1.controller]: Going to [(29.639661, -82.361216)]: 1544.12 meters
[controller-2] [INFO] [1744575087.081761491] [drone_home1.controller]: Bearing: 250.19°
[controller-2] [INFO] [1744575087.083014128] [drone_home1.controller]: Going to [(29.639661, -82.361216)]: 1544.12 meters
[controller-2] [INFO] [1744575087.182980707] [drone_home1.controller]: Bearing: 250.19°
[controller-2] [INFO] [1744575087.183969465] [drone_home1.controller]: Going to [(29.639661, -82.361216)]: 1544.12 meters
[controller-2] [INFO] [1744575087.281937663] [drone_home1.controller]: Bearing: 250.19°
[controller-2] [INFO] [1744575087.282861492] [drone_home1.controller]: Going to [(29.639661, -82.361216)]: 1544.12 meters
[controller-2] [INFO] [1744575087.381847281] [drone_home1.controller]: Bearing: 250.19°
[controller-2] [INFO] [1744575087.382761574] [drone_home1.controller]: Going to [(29.639661, -82.361216)]: 1544.12 meters
[controller-2] [INFO] [1744575087.485225842] [drone_home1.controller]: Bearing: 250.19°
[controller-2] [INFO] [1744575087.486129574] [drone_home1.controller]: Going to [(29.639661, -82.361216)]: 1544.12 meters
[controller-2] [INFO] [1744575087.582744270] [drone_home1.controller]: Bearing: 250.19°
[controller-2] [INFO] [1744575087.586888875] [drone_home1.controller]: Going to [(29.639661, -82.361216)]: 1544.12 meters
[controller-2] [INFO] [1744575087.681890158] [drone_home1.controller]: Bearing: 250.19°
[controller-2] [INFO] [1744575087.682809667] [drone_home1.controller]: Going to [(29.639661, -82.361216)]: 1544.12 meters
[controller-2] [INFO] [1744575087.781618844] [drone_home1.controller]: Bearing: 250.19°
[controller-2] [INFO] [1744575087.782497744] [drone_home1.controller]: Going to [(29.639661, -82.361216)]: 1544.12 meters
[controller-2] [INFO] [1744575087.885835184] [drone_home1.controller]: Bearing: 250.19°
[controller-2] [INFO] [1744575087.888589230] [drone_home1.controller]: Going to [(29.639661, -82.361216)]: 1544.12 meters
[controller-2] [INFO] [1744575087.985886405] [drone_home1.controller]: Bearing: 250.19°
[controller-2] [INFO] [1744575087.988833511] [drone_home1.controller]: Going to [(29.639661, -82.361216)]: 1544.12 meters
[controller-2] [INFO] [1744575088.083237863] [drone_home1.controller]: Bearing: 250.19°
[controller-2] [INFO] [1744575088.084316511] [drone_home1.controller]: Going to [(29.639661, -82.361216)]: 1544.12 meters
[controller-2] [INFO] [1744575088.182512983] [drone_home1.controller]: Bearing: 250.19°
[controller-2] [INFO] [1744575088.183410891] [drone_home1.controller]: Going to [(29.639661, -82.361216)]: 1544.12 meters
[controller-2] [INFO] [1744575088.282924160] [drone_home1.controller]: Bearing: 250.19°
[controller-2] [INFO] [1744575088.283891542] [drone_home1.controller]: Going to [(29.639661, -82.361216)]: 1544.12 meters
[controller-2] [INFO] [1744575088.384411842] [drone_home1.controller]: Bearing: 250.19°
[controller-2] [INFO] [1744575088.385304278] [drone_home1.controller]: Going to [(29.639661, -82.361216)]: 1544.12 meters
[controller-2] [INFO] [1744575088.482985666] [drone_home1.controller]: Bearing: 250.19°
[controller-2] [INFO] [1744575088.483904695] [drone_home1.controller]: Going to [(29.639661, -82.361216)]: 1544.12 meters
[controller-2] [INFO] [1744575088.581857193] [drone_home1.controller]: Bearing: 250.19°
[controller-2] [INFO] [1744575088.583090885] [drone_home1.controller]: Going to [(29.639661, -82.361216)]: 1544.12 meters
[controller-2] [INFO] [1744575088.683963417] [drone_home1.controller]: Bearing: 250.19°
[controller-2] [INFO] [1744575088.684830988] [drone_home1.controller]: Going to [(29.639661, -82.361216)]: 1544.12 meters
[controller-2] [INFO] [1744575088.781702758] [drone_home1.controller]: Bearing: 250.19°
[controller-2] [INFO] [1744575088.784983728] [drone_home1.controller]: Going to [(29.639661, -82.361216)]: 1544.12 meters
[controller-2] [INFO] [1744575088.882575546] [drone_home1.controller]: Bearing: 250.19°
[controller-2] [INFO] [1744575088.883464142] [drone_home1.controller]: Going to [(29.639661, -82.361216)]: 1544.12 meters
[controller-2] [INFO] [1744575088.982126128] [drone_home1.controller]: Bearing: 250.19°
[controller-2] [INFO] [1744575088.987569163] [drone_home1.controller]: Going to [(29.639661, -82.361216)]: 1544.12 meters
[controller-2] [INFO] [1744575089.081820274] [drone_home1.controller]: Bearing: 250.19°
[controller-2] [INFO] [1744575089.082782472] [drone_home1.controller]: Going to [(29.639661, -82.361216)]: 1544.12 meters
[controller-2] [INFO] [1744575089.184637023] [drone_home1.controller]: Bearing: 250.19°
[controller-2] [INFO] [1744575089.185523795] [drone_home1.controller]: Going to [(29.639661, -82.361216)]: 1544.12 meters
[controller-2] [INFO] [1744575089.283398031] [drone_home1.controller]: Bearing: 250.19°
[controller-2] [INFO] [1744575089.284325508] [drone_home1.controller]: Going to [(29.639661, -82.361216)]: 1544.12 meters
[controller-2] [INFO] [1744575089.383100853] [drone_home1.controller]: Bearing: 250.19°
[controller-2] [INFO] [1744575089.391315984] [drone_home1.controller]: Going to [(29.639661, -82.361216)]: 1544.12 meters
[controller-2] [INFO] [1744575089.482385713] [drone_home1.controller]: Bearing: 250.19°
[controller-2] [INFO] [1744575089.483288933] [drone_home1.controller]: Going to [(29.639661, -82.361216)]: 1544.12 meters
[controller-2] [INFO] [1744575089.585793515] [drone_home1.controller]: Bearing: 250.19°
[controller-2] [INFO] [1744575089.588311141] [drone_home1.controller]: Going to [(29.639661, -82.361216)]: 1544.12 meters
[controller-2] [INFO] [1744575089.681854653] [drone_home1.controller]: Bearing: 250.19°
[controller-2] [INFO] [1744575089.682802035] [drone_home1.controller]: Going to [(29.639661, -82.361216)]: 1544.12 meters
[controller-2] [INFO] [1744575089.782842112] [drone_home1.controller]: Bearing: 250.19°
[controller-2] [INFO] [1744575089.783756181] [drone_home1.controller]: Going to [(29.639661, -82.361216)]: 1544.12 meters
[controller-2] [INFO] [1744575089.882262079] [drone_home1.controller]: Bearing: 250.19°
[controller-2] [INFO] [1744575089.883374713] [drone_home1.controller]: Going to [(29.639661, -82.361216)]: 1544.12 meters
[controller-2] [INFO] [1744575089.984718372] [drone_home1.controller]: Bearing: 250.19°
[controller-2] [INFO] [1744575089.985627545] [drone_home1.controller]: Going to [(29.639661, -82.361216)]: 1544.12 meters
[controller-2] [INFO] [1744575090.081674900] [drone_home1.controller]: Bearing: 250.19°
[controller-2] [INFO] [1744575090.082591081] [drone_home1.controller]: Going to [(29.639661, -82.361216)]: 1544.12 meters
[controller-2] [INFO] [1744575090.181759662] [drone_home1.controller]: Bearing: 250.19°
[controller-2] [INFO] [1744575090.184096452] [drone_home1.controller]: Going to [(29.639661, -82.361216)]: 1544.12 meters
[controller-2] [INFO] [1744575090.282045549] [drone_home1.controller]: Bearing: 250.19°
[controller-2] [INFO] [1744575090.283023524] [drone_home1.controller]: Going to [(29.639661, -82.361216)]: 1544.12 meters
[controller-2] [INFO] [1744575090.381650205] [drone_home1.controller]: Bearing: 250.19°
[controller-2] [INFO] [1744575090.382560241] [drone_home1.controller]: Going to [(29.639661, -82.361216)]: 1544.12 meters
[controller-2] [INFO] [1744575090.481975388] [drone_home1.controller]: Bearing: 250.19°
[controller-2] [INFO] [1744575090.482954963] [drone_home1.controller]: Going to [(29.639661, -82.361216)]: 1544.12 meters
[controller-2] [INFO] [1744575090.583295443] [drone_home1.controller]: Bearing: 250.19°
[controller-2] [INFO] [1744575090.584248969] [drone_home1.controller]: Going to [(29.639661, -82.361216)]: 1544.12 meters
[controller-2] [INFO] [1744575090.682005550] [drone_home1.controller]: Bearing: 250.19°
[controller-2] [INFO] [1744575090.684991602] [drone_home1.controller]: Going to [(29.639661, -82.361216)]: 1544.12 meters
[controller-2] [INFO] [1744575090.781776353] [drone_home1.controller]: Bearing: 250.19°
[controller-2] [INFO] [1744575090.789281389] [drone_home1.controller]: Going to [(29.639661, -82.361216)]: 1544.12 meters
[controller-2] [INFO] [1744575090.881783738] [drone_home1.controller]: Bearing: 250.19°
[controller-2] [INFO] [1744575090.882710159] [drone_home1.controller]: Going to [(29.639661, -82.361216)]: 1544.12 meters
[controller-2] [INFO] [1744575090.981650191] [drone_home1.controller]: Bearing: 250.19°
[controller-2] [INFO] [1744575090.982708967] [drone_home1.controller]: Going to [(29.639661, -82.361216)]: 1544.12 meters
[controller-2] [INFO] [1744575091.081579919] [drone_home1.controller]: Bearing: 250.19°
[controller-2] [INFO] [1744575091.083533180] [drone_home1.controller]: Going to [(29.639661, -82.361216)]: 1544.12 meters
[controller-2] [INFO] [1744575091.181558355] [drone_home1.controller]: Bearing: 250.19°
[controller-2] [INFO] [1744575091.182448135] [drone_home1.controller]: Going to [(29.639661, -82.361216)]: 1544.12 meters
[controller-2] [INFO] [1744575091.281606296] [drone_home1.controller]: Bearing: 250.19°
[controller-2] [INFO] [1744575091.282465612] [drone_home1.controller]: Going to [(29.639661, -82.361216)]: 1544.12 meters
[controller-2] [INFO] [1744575091.382048647] [drone_home1.controller]: Bearing: 250.19°
[controller-2] [INFO] [1744575091.382997308] [drone_home1.controller]: Going to [(29.639661, -82.361216)]: 1544.12 meters
[controller-2] [INFO] [1744575091.481847910] [drone_home1.controller]: Bearing: 250.19°
[controller-2] [INFO] [1744575091.482833373] [drone_home1.controller]: Going to [(29.639661, -82.361216)]: 1544.12 meters
[controller-2] [INFO] [1744575091.581843370] [drone_home1.controller]: Bearing: 250.19°
[controller-2] [INFO] [1744575091.582799200] [drone_home1.controller]: Going to [(29.639661, -82.361216)]: 1544.12 meters
[controller-2] [INFO] [1744575091.682267833] [drone_home1.controller]: Bearing: 250.19°
[controller-2] [INFO] [1744575091.683249999] [drone_home1.controller]: Going to [(29.639661, -82.361216)]: 1544.12 meters
[controller-2] [INFO] [1744575091.782006583] [drone_home1.controller]: Bearing: 250.19°
[controller-2] [INFO] [1744575091.782956461] [drone_home1.controller]: Going to [(29.639661, -82.361216)]: 1544.12 meters
[controller-2] [INFO] [1744575091.881852152] [drone_home1.controller]: Bearing: 250.19°
[controller-2] [INFO] [1744575091.883043891] [drone_home1.controller]: Going to [(29.639661, -82.361216)]: 1544.12 meters
[controller-2] [INFO] [1744575091.983946476] [drone_home1.controller]: Bearing: 250.19°
[controller-2] [INFO] [1744575091.984861377] [drone_home1.controller]: Going to [(29.639661, -82.361216)]: 1544.12 meters
[controller-2] [INFO] [1744575092.081721350] [drone_home1.controller]: Bearing: 250.19°
[controller-2] [INFO] [1744575092.082761918] [drone_home1.controller]: Going to [(29.639661, -82.361216)]: 1544.12 meters
[controller-2] [INFO] [1744575092.181624340] [drone_home1.controller]: Bearing: 250.19°
[controller-2] [INFO] [1744575092.182493672] [drone_home1.controller]: Going to [(29.639661, -82.361216)]: 1544.12 meters
[controller-2] [INFO] [1744575092.281600676] [drone_home1.controller]: Bearing: 250.19°
[controller-2] [INFO] [1744575092.282564538] [drone_home1.controller]: Going to [(29.639661, -82.361216)]: 1544.12 meters
[controller-2] [INFO] [1744575092.384341235] [drone_home1.controller]: Bearing: 250.19°
[controller-2] [INFO] [1744575092.385787285] [drone_home1.controller]: Going to [(29.639661, -82.361216)]: 1544.12 meters
[controller-2] [INFO] [1744575092.483722517] [drone_home1.controller]: Bearing: 250.19°
[controller-2] [INFO] [1744575092.484889104] [drone_home1.controller]: Going to [(29.639661, -82.361216)]: 1544.12 meters
[controller-2] [INFO] [1744575092.581956060] [drone_home1.controller]: Bearing: 250.19°
[controller-2] [INFO] [1744575092.585337195] [drone_home1.controller]: Going to [(29.639661, -82.361216)]: 1544.12 meters
[controller-2] [INFO] [1744575092.681568804] [drone_home1.controller]: Bearing: 250.19°
[controller-2] [INFO] [1744575092.682554362] [drone_home1.controller]: Going to [(29.639661, -82.361216)]: 1544.12 meters
[controller-2] [INFO] [1744575092.781642997] [drone_home1.controller]: Bearing: 250.19°
[controller-2] [INFO] [1744575092.782904595] [drone_home1.controller]: Going to [(29.639661, -82.361216)]: 1544.12 meters
[controller-2] [INFO] [1744575092.881686118] [drone_home1.controller]: Bearing: 250.19°
[controller-2] [INFO] [1744575092.882808865] [drone_home1.controller]: Going to [(29.639661, -82.361216)]: 1544.12 meters
[controller-2] [INFO] [1744575092.981534195] [drone_home1.controller]: Bearing: 250.19°
[controller-2] [INFO] [1744575092.983784935] [drone_home1.controller]: Going to [(29.639661, -82.361216)]: 1544.12 meters
[controller-2] [INFO] [1744575093.081590574] [drone_home1.controller]: Bearing: 250.19°
[controller-2] [INFO] [1744575093.082452802] [drone_home1.controller]: Going to [(29.639661, -82.361216)]: 1544.12 meters
[controller-2] [INFO] [1744575093.181638411] [drone_home1.controller]: Bearing: 250.19°
[controller-2] [INFO] [1744575093.182567232] [drone_home1.controller]: Going to [(29.639661, -82.361216)]: 1544.12 meters
[controller-2] [INFO] [1744575093.282580252] [drone_home1.controller]: Bearing: 250.19°
[controller-2] [INFO] [1744575093.283531411] [drone_home1.controller]: Going to [(29.639661, -82.361216)]: 1544.12 meters
[controller-2] [INFO] [1744575093.382403252] [drone_home1.controller]: Bearing: 250.19°
[controller-2] [INFO] [1744575093.385377434] [drone_home1.controller]: Going to [(29.639661, -82.361216)]: 1544.12 meters
[controller-2] [INFO] [1744575093.483155746] [drone_home1.controller]: Bearing: 250.19°
[controller-2] [INFO] [1744575093.486469551] [drone_home1.controller]: Going to [(29.639661, -82.361216)]: 1544.12 meters
[controller-2] [INFO] [1744575093.582441517] [drone_home1.controller]: Bearing: 250.19°
[controller-2] [INFO] [1744575093.585295759] [drone_home1.controller]: Going to [(29.639661, -82.361216)]: 1544.12 meters
[controller-2] [INFO] [1744575093.682180707] [drone_home1.controller]: Bearing: 250.19°
[controller-2] [INFO] [1744575093.683110296] [drone_home1.controller]: Going to [(29.639661, -82.361216)]: 1544.12 meters
[controller-2] [INFO] [1744575093.781743412] [drone_home1.controller]: Bearing: 250.19°
[controller-2] [INFO] [1744575093.783341689] [drone_home1.controller]: Going to [(29.639661, -82.361216)]: 1544.12 meters
[controller-2] [INFO] [1744575093.882179866] [drone_home1.controller]: Bearing: 250.19°
[controller-2] [INFO] [1744575093.883322133] [drone_home1.controller]: Going to [(29.639661, -82.361216)]: 1544.12 meters
[controller-2] [INFO] [1744575093.981984530] [drone_home1.controller]: Bearing: 250.19°
[controller-2] [INFO] [1744575093.984527149] [drone_home1.controller]: Going to [(29.639661, -82.361216)]: 1544.12 meters
[controller-2] [INFO] [1744575094.081674095] [drone_home1.controller]: Bearing: 250.19°
[controller-2] [INFO] [1744575094.082524835] [drone_home1.controller]: Going to [(29.639661, -82.361216)]: 1544.12 meters
[controller-2] [INFO] [1744575094.182141922] [drone_home1.controller]: Bearing: 250.19°
[controller-2] [INFO] [1744575094.183134041] [drone_home1.controller]: Going to [(29.639661, -82.361216)]: 1544.12 meters
[controller-2] [INFO] [1744575094.281738912] [drone_home1.controller]: Bearing: 250.19°
[controller-2] [INFO] [1744575094.282832345] [drone_home1.controller]: Going to [(29.639661, -82.361216)]: 1544.12 meters
[controller-2] [INFO] [1744575094.381936172] [drone_home1.controller]: Bearing: 250.19°
[controller-2] [INFO] [1744575094.384445063] [drone_home1.controller]: Going to [(29.639661, -82.361216)]: 1544.12 meters
[controller-2] [INFO] [1744575094.482306108] [drone_home1.controller]: Bearing: 250.19°
[controller-2] [INFO] [1744575094.483229650] [drone_home1.controller]: Going to [(29.639661, -82.361216)]: 1544.12 meters
[controller-2] [INFO] [1744575094.581821144] [drone_home1.controller]: Bearing: 250.19°
[controller-2] [INFO] [1744575094.582761326] [drone_home1.controller]: Going to [(29.639661, -82.361216)]: 1544.12 meters
[controller-2] [INFO] [1744575094.682973723] [drone_home1.controller]: Bearing: 250.19°
[controller-2] [INFO] [1744575094.683954706] [drone_home1.controller]: Going to [(29.639661, -82.361216)]: 1544.12 meters
[controller-2] [INFO] [1744575094.782844415] [drone_home1.controller]: Bearing: 250.19°
[controller-2] [INFO] [1744575094.784104765] [drone_home1.controller]: Going to [(29.639661, -82.361216)]: 1544.12 meters
[controller-2] [INFO] [1744575094.885304768] [drone_home1.controller]: Bearing: 250.19°
[controller-2] [INFO] [1744575094.893613795] [drone_home1.controller]: Going to [(29.639661, -82.361216)]: 1544.12 meters
[controller-2] [INFO] [1744575094.983209783] [drone_home1.controller]: Bearing: 250.19°
[controller-2] [INFO] [1744575094.985604623] [drone_home1.controller]: Going to [(29.639661, -82.361216)]: 1544.12 meters
[controller-2] [INFO] [1744575095.082418581] [drone_home1.controller]: Bearing: 250.19°
[controller-2] [INFO] [1744575095.085050259] [drone_home1.controller]: Going to [(29.639661, -82.361216)]: 1544.12 meters
[controller-2] [INFO] [1744575095.182148482] [drone_home1.controller]: Bearing: 250.19°
[controller-2] [INFO] [1744575095.183136505] [drone_home1.controller]: Going to [(29.639661, -82.361216)]: 1544.12 meters
[controller-2] [INFO] [1744575095.283721114] [drone_home1.controller]: Bearing: 250.19°
[controller-2] [INFO] [1744575095.284739858] [drone_home1.controller]: Going to [(29.639661, -82.361216)]: 1544.12 meters
[controller-2] [INFO] [1744575095.381935587] [drone_home1.controller]: Bearing: 250.19°
[controller-2] [INFO] [1744575095.382832824] [drone_home1.controller]: Going to [(29.639661, -82.361216)]: 1544.12 meters
[controller-2] [INFO] [1744575095.481598542] [drone_home1.controller]: Bearing: 250.19°
[controller-2] [INFO] [1744575095.482491107] [drone_home1.controller]: Going to [(29.639661, -82.361216)]: 1544.12 meters
[controller-2] [INFO] [1744575095.581832454] [drone_home1.controller]: Bearing: 250.19°
[controller-2] [INFO] [1744575095.582746492] [drone_home1.controller]: Going to [(29.639661, -82.361216)]: 1544.12 meters
[controller-2] [INFO] [1744575095.683142648] [drone_home1.controller]: Bearing: 250.19°
[controller-2] [INFO] [1744575095.685078726] [drone_home1.controller]: Going to [(29.639661, -82.361216)]: 1544.12 meters
[controller-2] [INFO] [1744575095.782188693] [drone_home1.controller]: Bearing: 250.19°
[controller-2] [INFO] [1744575095.783135691] [drone_home1.controller]: Going to [(29.639661, -82.361216)]: 1544.12 meters
[controller-2] [INFO] [1744575095.883929937] [drone_home1.controller]: Bearing: 250.19°
[controller-2] [INFO] [1744575095.884892232] [drone_home1.controller]: Going to [(29.639661, -82.361216)]: 1544.12 meters
[controller-2] [INFO] [1744575095.987648060] [drone_home1.controller]: Bearing: 250.19°
[controller-2] [INFO] [1744575095.988713269] [drone_home1.controller]: Going to [(29.639661, -82.361216)]: 1544.12 meters
[controller-2] [INFO] [1744575096.086092179] [drone_home1.controller]: Bearing: 250.19°
[controller-2] [INFO] [1744575096.089958703] [drone_home1.controller]: Going to [(29.639661, -82.361216)]: 1544.12 meters
[controller-2] [INFO] [1744575096.181834029] [drone_home1.controller]: Bearing: 250.19°
[controller-2] [INFO] [1744575096.182739107] [drone_home1.controller]: Going to [(29.639661, -82.361216)]: 1544.12 meters
[controller-2] [INFO] [1744575096.282038129] [drone_home1.controller]: Bearing: 250.19°
[controller-2] [INFO] [1744575096.284251813] [drone_home1.controller]: Going to [(29.639661, -82.361216)]: 1544.12 meters
[controller-2] [INFO] [1744575096.382232180] [drone_home1.controller]: Bearing: 250.19°
[controller-2] [INFO] [1744575096.383574931] [drone_home1.controller]: Going to [(29.639661, -82.361216)]: 1544.12 meters
[controller-2] [INFO] [1744575096.481719014] [drone_home1.controller]: Bearing: 250.19°
[controller-2] [INFO] [1744575096.485787782] [drone_home1.controller]: Going to [(29.639661, -82.361216)]: 1544.12 meters
[controller-2] [INFO] [1744575096.582714428] [drone_home1.controller]: Bearing: 250.19°
[controller-2] [INFO] [1744575096.591090146] [drone_home1.controller]: Going to [(29.639661, -82.361216)]: 1544.12 meters
[controller-2] [INFO] [1744575096.682436500] [drone_home1.controller]: Bearing: 250.19°
[controller-2] [INFO] [1744575096.691073088] [drone_home1.controller]: Going to [(29.639661, -82.361216)]: 1544.12 meters
[controller-2] [INFO] [1744575096.782031945] [drone_home1.controller]: Bearing: 250.19°
[controller-2] [INFO] [1744575096.782905598] [drone_home1.controller]: Going to [(29.639661, -82.361216)]: 1544.12 meters
[controller-2] [INFO] [1744575096.881963078] [drone_home1.controller]: Bearing: 250.19°
[controller-2] [INFO] [1744575096.882830778] [drone_home1.controller]: Going to [(29.639661, -82.361216)]: 1544.12 meters
[controller-2] [INFO] [1744575096.989609977] [drone_home1.controller]: Bearing: 250.19°
[controller-2] [INFO] [1744575096.990813366] [drone_home1.controller]: Going to [(29.639661, -82.361216)]: 1544.12 meters
[controller-2] [INFO] [1744575097.092105341] [drone_home1.controller]: Bearing: 250.19°
[controller-2] [INFO] [1744575097.094844254] [drone_home1.controller]: Going to [(29.639661, -82.361216)]: 1544.12 meters
[controller-2] [INFO] [1744575097.181958582] [drone_home1.controller]: Bearing: 250.19°
[controller-2] [INFO] [1744575097.182833162] [drone_home1.controller]: Going to [(29.639661, -82.361216)]: 1544.12 meters
[controller-2] [INFO] [1744575097.282880437] [drone_home1.controller]: Bearing: 250.19°
[controller-2] [INFO] [1744575097.284485948] [drone_home1.controller]: Going to [(29.639661, -82.361216)]: 1544.12 meters
[controller-2] [INFO] [1744575097.381915336] [drone_home1.controller]: Bearing: 250.19°
[controller-2] [INFO] [1744575097.384969585] [drone_home1.controller]: Going to [(29.639661, -82.361216)]: 1544.12 meters
[controller-2] [INFO] [1744575097.481619403] [drone_home1.controller]: Bearing: 250.19°
[controller-2] [INFO] [1744575097.482492352] [drone_home1.controller]: Going to [(29.639661, -82.361216)]: 1544.12 meters
[controller-2] [INFO] [1744575097.586375590] [drone_home1.controller]: Bearing: 250.19°
[controller-2] [INFO] [1744575097.587322333] [drone_home1.controller]: Going to [(29.639661, -82.361216)]: 1544.12 meters
[controller-2] [INFO] [1744575097.681917318] [drone_home1.controller]: Bearing: 250.19°
[controller-2] [INFO] [1744575097.684066393] [drone_home1.controller]: Going to [(29.639661, -82.361216)]: 1544.12 meters
[controller-2] [INFO] [1744575097.781900464] [drone_home1.controller]: Bearing: 250.19°
[controller-2] [INFO] [1744575097.782874311] [drone_home1.controller]: Going to [(29.639661, -82.361216)]: 1544.12 meters
[controller-2] [INFO] [1744575097.881776279] [drone_home1.controller]: Bearing: 250.19°
[controller-2] [INFO] [1744575097.882653835] [drone_home1.controller]: Going to [(29.639661, -82.361216)]: 1544.12 meters
[controller-2] [INFO] [1744575097.981812609] [drone_home1.controller]: Bearing: 250.19°
[controller-2] [INFO] [1744575097.982734263] [drone_home1.controller]: Going to [(29.639661, -82.361216)]: 1544.12 meters
[controller-2] [INFO] [1744575098.083952039] [drone_home1.controller]: Bearing: 250.19°
[controller-2] [INFO] [1744575098.085304295] [drone_home1.controller]: Going to [(29.639661, -82.361216)]: 1544.12 meters
[controller-2] [INFO] [1744575098.181763624] [drone_home1.controller]: Bearing: 250.19°
[controller-2] [INFO] [1744575098.182685662] [drone_home1.controller]: Going to [(29.639661, -82.361216)]: 1544.12 meters
[controller-2] [INFO] [1744575098.282155559] [drone_home1.controller]: Bearing: 250.19°
[controller-2] [INFO] [1744575098.283096509] [drone_home1.controller]: Going to [(29.639661, -82.361216)]: 1544.12 meters
[controller-2] [INFO] [1744575098.382613191] [drone_home1.controller]: Bearing: 250.19°
[controller-2] [INFO] [1744575098.383495452] [drone_home1.controller]: Going to [(29.639661, -82.361216)]: 1544.12 meters
[controller-2] [INFO] [1744575098.481837257] [drone_home1.controller]: Bearing: 250.19°
[controller-2] [INFO] [1744575098.482704126] [drone_home1.controller]: Going to [(29.639661, -82.361216)]: 1544.12 meters
[controller-2] [INFO] [1744575098.582235080] [drone_home1.controller]: Bearing: 250.19°
[controller-2] [INFO] [1744575098.583421604] [drone_home1.controller]: Going to [(29.639661, -82.361216)]: 1544.12 meters
[controller-2] [INFO] [1744575098.684338640] [drone_home1.controller]: Bearing: 250.19°
[controller-2] [INFO] [1744575098.685294822] [drone_home1.controller]: Going to [(29.639661, -82.361216)]: 1544.12 meters
[controller-2] [INFO] [1744575098.784218434] [drone_home1.controller]: Bearing: 250.19°
[controller-2] [INFO] [1744575098.785173977] [drone_home1.controller]: Going to [(29.639661, -82.361216)]: 1544.12 meters
[controller-2] [INFO] [1744575098.881714331] [drone_home1.controller]: Bearing: 250.19°
[controller-2] [INFO] [1744575098.882656594] [drone_home1.controller]: Going to [(29.639661, -82.361216)]: 1544.12 meters
[controller-2] [INFO] [1744575098.981790674] [drone_home1.controller]: Bearing: 250.19°
[controller-2] [INFO] [1744575098.982768778] [drone_home1.controller]: Going to [(29.639661, -82.361216)]: 1544.12 meters
[controller-2] [INFO] [1744575099.084592435] [drone_home1.controller]: Bearing: 250.19°
[controller-2] [INFO] [1744575099.087426775] [drone_home1.controller]: Going to [(29.639661, -82.361216)]: 1544.12 meters
[controller-2] [INFO] [1744575099.182013686] [drone_home1.controller]: Bearing: 250.19°
[controller-2] [INFO] [1744575099.182977581] [drone_home1.controller]: Going to [(29.639661, -82.361216)]: 1544.12 meters
[controller-2] [INFO] [1744575099.282426176] [drone_home1.controller]: Bearing: 250.19°
[controller-2] [INFO] [1744575099.285722671] [drone_home1.controller]: Going to [(29.639661, -82.361216)]: 1544.12 meters
[controller-2] [INFO] [1744575099.381737296] [drone_home1.controller]: Bearing: 250.19°
[controller-2] [INFO] [1744575099.382631909] [drone_home1.controller]: Going to [(29.639661, -82.361216)]: 1544.12 meters
[controller-2] [INFO] [1744575099.481847859] [drone_home1.controller]: Bearing: 250.19°
[controller-2] [INFO] [1744575099.482962926] [drone_home1.controller]: Going to [(29.639661, -82.361216)]: 1544.12 meters
[controller-2] [INFO] [1744575099.586325535] [drone_home1.controller]: Bearing: 250.19°
[controller-2] [INFO] [1744575099.587308886] [drone_home1.controller]: Going to [(29.639661, -82.361216)]: 1544.12 meters
[controller-2] [INFO] [1744575099.685702288] [drone_home1.controller]: Bearing: 250.19°
[controller-2] [INFO] [1744575099.686596326] [drone_home1.controller]: Going to [(29.639661, -82.361216)]: 1544.12 meters
[controller-2] [INFO] [1744575099.781654512] [drone_home1.controller]: Bearing: 250.19°
[controller-2] [INFO] [1744575099.782561733] [drone_home1.controller]: Going to [(29.639661, -82.361216)]: 1544.12 meters
[controller-2] [INFO] [1744575099.882067834] [drone_home1.controller]: Bearing: 250.19°
[controller-2] [INFO] [1744575099.882967887] [drone_home1.controller]: Going to [(29.639661, -82.361216)]: 1544.12 meters
[controller-2] [INFO] [1744575099.981645360] [drone_home1.controller]: Bearing: 250.19°
[controller-2] [INFO] [1744575099.982489732] [drone_home1.controller]: Going to [(29.639661, -82.361216)]: 1544.12 meters
[controller-2] [INFO] [1744575100.081538583] [drone_home1.controller]: Bearing: 250.19°
[controller-2] [INFO] [1744575100.082537711] [drone_home1.controller]: Going to [(29.639661, -82.361216)]: 1544.12 meters
[controller-2] [INFO] [1744575100.181824297] [drone_home1.controller]: Bearing: 250.19°
[controller-2] [INFO] [1744575100.182744159] [drone_home1.controller]: Going to [(29.639661, -82.361216)]: 1544.12 meters
[controller-2] [INFO] [1744575100.281563758] [drone_home1.controller]: Bearing: 250.19°
[controller-2] [INFO] [1744575100.282485220] [drone_home1.controller]: Going to [(29.639661, -82.361216)]: 1544.12 meters
[controller-2] [INFO] [1744575100.381545145] [drone_home1.controller]: Bearing: 250.19°
[controller-2] [INFO] [1744575100.382531057] [drone_home1.controller]: Going to [(29.639661, -82.361216)]: 1544.12 meters
[controller-2] [INFO] [1744575100.481750570] [drone_home1.controller]: Bearing: 250.19°
[controller-2] [INFO] [1744575100.482726369] [drone_home1.controller]: Going to [(29.639661, -82.361216)]: 1544.12 meters
[controller-2] [INFO] [1744575100.582637258] [drone_home1.controller]: Bearing: 250.19°
[controller-2] [INFO] [1744575100.584445494] [drone_home1.controller]: Going to [(29.639661, -82.361216)]: 1544.12 meters
[controller-2] [INFO] [1744575100.681688351] [drone_home1.controller]: Bearing: 250.19°
[controller-2] [INFO] [1744575100.682658454] [drone_home1.controller]: Going to [(29.639661, -82.361216)]: 1544.12 meters
[controller-2] [INFO] [1744575100.781544039] [drone_home1.controller]: Bearing: 250.19°
[controller-2] [INFO] [1744575100.782500382] [drone_home1.controller]: Going to [(29.639661, -82.361216)]: 1544.12 meters
[controller-2] [INFO] [1744575100.881760472] [drone_home1.controller]: Bearing: 250.19°
[controller-2] [INFO] [1744575100.882715503] [drone_home1.controller]: Going to [(29.639661, -82.361216)]: 1544.12 meters
[controller-2] [INFO] [1744575100.981865990] [drone_home1.controller]: Bearing: 250.19°
[controller-2] [INFO] [1744575100.982790652] [drone_home1.controller]: Going to [(29.639661, -82.361216)]: 1544.12 meters
[controller-2] [INFO] [1744575101.081666645] [drone_home1.controller]: Bearing: 250.19°
[controller-2] [INFO] [1744575101.082552171] [drone_home1.controller]: Going to [(29.639661, -82.361216)]: 1544.12 meters
[controller-2] [INFO] [1744575101.182193592] [drone_home1.controller]: Bearing: 250.19°
[controller-2] [INFO] [1744575101.183172592] [drone_home1.controller]: Going to [(29.639661, -82.361216)]: 1544.12 meters
[controller-2] [INFO] [1744575101.281703555] [drone_home1.controller]: Bearing: 250.19°
[controller-2] [INFO] [1744575101.282738236] [drone_home1.controller]: Going to [(29.639661, -82.361216)]: 1544.12 meters
[controller-2] [INFO] [1744575101.381685241] [drone_home1.controller]: Bearing: 250.19°
[controller-2] [INFO] [1744575101.382558318] [drone_home1.controller]: Going to [(29.639661, -82.361216)]: 1544.12 meters
[controller-2] [INFO] [1744575101.482419585] [drone_home1.controller]: Bearing: 250.19°
[controller-2] [INFO] [1744575101.483978951] [drone_home1.controller]: Going to [(29.639661, -82.361216)]: 1544.12 meters
[controller-2] [INFO] [1744575101.581656741] [drone_home1.controller]: Bearing: 250.19°
[controller-2] [INFO] [1744575101.582578140] [drone_home1.controller]: Going to [(29.639661, -82.361216)]: 1544.12 meters
[controller-2] [INFO] [1744575101.681715101] [drone_home1.controller]: Bearing: 250.19°
[controller-2] [INFO] [1744575101.683421991] [drone_home1.controller]: Going to [(29.639661, -82.361216)]: 1544.12 meters
[controller-2] [INFO] [1744575101.782096637] [drone_home1.controller]: Bearing: 250.19°
[controller-2] [INFO] [1744575101.782991123] [drone_home1.controller]: Going to [(29.639661, -82.361216)]: 1544.12 meters
[controller-2] [INFO] [1744575101.882367546] [drone_home1.controller]: Bearing: 250.19°
[controller-2] [INFO] [1744575101.883628889] [drone_home1.controller]: Going to [(29.639661, -82.361216)]: 1544.12 meters
[controller-2] [INFO] [1744575101.981573150] [drone_home1.controller]: Bearing: 250.19°
[controller-2] [INFO] [1744575101.982481396] [drone_home1.controller]: Going to [(29.639661, -82.361216)]: 1544.12 meters
[controller-2] [INFO] [1744575102.082383952] [drone_home1.controller]: Bearing: 250.19°
[controller-2] [INFO] [1744575102.083315591] [drone_home1.controller]: Going to [(29.639661, -82.361216)]: 1544.12 meters
[controller-2] [INFO] [1744575102.181554046] [drone_home1.controller]: Bearing: 250.19°
[controller-2] [INFO] [1744575102.182454771] [drone_home1.controller]: Going to [(29.639661, -82.361216)]: 1544.12 meters
[controller-2] [INFO] [1744575102.281601664] [drone_home1.controller]: Bearing: 250.19°
[controller-2] [INFO] [1744575102.282467701] [drone_home1.controller]: Going to [(29.639661, -82.361216)]: 1544.12 meters
[controller-2] [INFO] [1744575102.381689092] [drone_home1.controller]: Bearing: 250.19°
[controller-2] [INFO] [1744575102.382731837] [drone_home1.controller]: Going to [(29.639661, -82.361216)]: 1544.12 meters
[controller-2] [INFO] [1744575102.481865705] [drone_home1.controller]: Bearing: 250.19°
[controller-2] [INFO] [1744575102.482778016] [drone_home1.controller]: Going to [(29.639661, -82.361216)]: 1544.12 meters
[controller-2] [INFO] [1744575102.582372311] [drone_home1.controller]: Bearing: 250.19°
[controller-2] [INFO] [1744575102.583945374] [drone_home1.controller]: Going to [(29.639661, -82.361216)]: 1544.12 meters
[controller-2] [INFO] [1744575102.682746658] [drone_home1.controller]: Bearing: 250.19°
[controller-2] [INFO] [1744575102.684645040] [drone_home1.controller]: Going to [(29.639661, -82.361216)]: 1544.12 meters
[controller-2] [INFO] [1744575102.782433564] [drone_home1.controller]: Bearing: 250.19°
[controller-2] [INFO] [1744575102.785017403] [drone_home1.controller]: Going to [(29.639661, -82.361216)]: 1544.12 meters
[controller-2] [INFO] [1744575102.882523967] [drone_home1.controller]: Bearing: 250.19°
[controller-2] [INFO] [1744575102.885225377] [drone_home1.controller]: Going to [(29.639661, -82.361216)]: 1544.12 meters
[controller-2] [INFO] [1744575102.982553793] [drone_home1.controller]: Bearing: 250.19°
[controller-2] [INFO] [1744575102.985070079] [drone_home1.controller]: Going to [(29.639661, -82.361216)]: 1544.12 meters
[controller-2] [INFO] [1744575103.081574228] [drone_home1.controller]: Bearing: 250.19°
[controller-2] [INFO] [1744575103.082421832] [drone_home1.controller]: Going to [(29.639661, -82.361216)]: 1544.12 meters
[controller-2] [INFO] [1744575103.181706275] [drone_home1.controller]: Bearing: 250.19°
[controller-2] [INFO] [1744575103.182878016] [drone_home1.controller]: Going to [(29.639661, -82.361216)]: 1544.12 meters
[controller-2] [INFO] [1744575103.281785457] [drone_home1.controller]: Bearing: 250.19°
[controller-2] [INFO] [1744575103.283303222] [drone_home1.controller]: Going to [(29.639661, -82.361216)]: 1544.12 meters
[controller-2] [INFO] [1744575103.381668827] [drone_home1.controller]: Bearing: 250.19°
[controller-2] [INFO] [1744575103.383938322] [drone_home1.controller]: Going to [(29.639661, -82.361216)]: 1544.12 meters
[controller-2] [INFO] [1744575103.481650183] [drone_home1.controller]: Bearing: 250.19°
[controller-2] [INFO] [1744575103.484379241] [drone_home1.controller]: Going to [(29.639661, -82.361216)]: 1544.12 meters
[controller-2] [INFO] [1744575103.581612082] [drone_home1.controller]: Bearing: 250.19°
[controller-2] [INFO] [1744575103.582478855] [drone_home1.controller]: Going to [(29.639661, -82.361216)]: 1544.12 meters
[controller-2] [INFO] [1744575103.683688177] [drone_home1.controller]: Bearing: 250.19°
[controller-2] [INFO] [1744575103.686015530] [drone_home1.controller]: Going to [(29.639661, -82.361216)]: 1544.12 meters
[controller-2] [INFO] [1744575103.781781967] [drone_home1.controller]: Bearing: 250.19°
[controller-2] [INFO] [1744575103.782751398] [drone_home1.controller]: Going to [(29.639661, -82.361216)]: 1544.12 meters
[controller-2] [INFO] [1744575103.881716249] [drone_home1.controller]: Bearing: 250.19°
[controller-2] [INFO] [1744575103.882581551] [drone_home1.controller]: Going to [(29.639661, -82.361216)]: 1544.12 meters
[controller-2] [INFO] [1744575103.981654788] [drone_home1.controller]: Bearing: 250.19°
[controller-2] [INFO] [1744575103.982504537] [drone_home1.controller]: Going to [(29.639661, -82.361216)]: 1544.12 meters
[controller-2] [INFO] [1744575104.081753851] [drone_home1.controller]: Bearing: 250.19°
[controller-2] [INFO] [1744575104.082930552] [drone_home1.controller]: Going to [(29.639661, -82.361216)]: 1544.12 meters
[controller-2] [INFO] [1744575104.182678537] [drone_home1.controller]: Bearing: 250.19°
[controller-2] [INFO] [1744575104.183598816] [drone_home1.controller]: Going to [(29.639661, -82.361216)]: 1544.12 meters
[controller-2] [INFO] [1744575104.281917678] [drone_home1.controller]: Bearing: 250.19°
[controller-2] [INFO] [1744575104.282866565] [drone_home1.controller]: Going to [(29.639661, -82.361216)]: 1544.12 meters
[controller-2] [INFO] [1744575104.382515379] [drone_home1.controller]: Bearing: 250.19°
[controller-2] [INFO] [1744575104.384129659] [drone_home1.controller]: Going to [(29.639661, -82.361216)]: 1544.12 meters
[controller-2] [INFO] [1744575104.481946940] [drone_home1.controller]: Bearing: 250.19°
[controller-2] [INFO] [1744575104.482833746] [drone_home1.controller]: Going to [(29.639661, -82.361216)]: 1544.12 meters
[controller-2] [INFO] [1744575104.581877906] [drone_home1.controller]: Bearing: 250.19°
[controller-2] [INFO] [1744575104.582774088] [drone_home1.controller]: Going to [(29.639661, -82.361216)]: 1544.12 meters
[controller-2] [INFO] [1744575104.681710437] [drone_home1.controller]: Bearing: 250.19°
[controller-2] [INFO] [1744575104.682595322] [drone_home1.controller]: Going to [(29.639661, -82.361216)]: 1544.12 meters
[controller-2] [INFO] [1744575104.781750941] [drone_home1.controller]: Bearing: 250.19°
[controller-2] [INFO] [1744575104.782957210] [drone_home1.controller]: Going to [(29.639661, -82.361216)]: 1544.12 meters
[controller-2] [INFO] [1744575104.881799221] [drone_home1.controller]: Bearing: 250.19°
[controller-2] [INFO] [1744575104.882763981] [drone_home1.controller]: Going to [(29.639661, -82.361216)]: 1544.12 meters
[controller-2] [INFO] [1744575104.981619432] [drone_home1.controller]: Bearing: 250.19°
[controller-2] [INFO] [1744575104.982521694] [drone_home1.controller]: Going to [(29.639661, -82.361216)]: 1544.12 meters
[controller-2] [INFO] [1744575105.081862221] [drone_home1.controller]: Bearing: 250.19°
[controller-2] [INFO] [1744575105.083171597] [drone_home1.controller]: Going to [(29.639661, -82.361216)]: 1544.12 meters
[controller-2] [INFO] [1744575105.181603336] [drone_home1.controller]: Bearing: 250.19°
[controller-2] [INFO] [1744575105.182540000] [drone_home1.controller]: Going to [(29.639661, -82.361216)]: 1544.12 meters
[controller-2] [INFO] [1744575105.281655851] [drone_home1.controller]: Bearing: 250.19°
[controller-2] [INFO] [1744575105.282563234] [drone_home1.controller]: Going to [(29.639661, -82.361216)]: 1544.12 meters
[controller-2] [INFO] [1744575105.381592972] [drone_home1.controller]: Bearing: 250.19°
[controller-2] [INFO] [1744575105.382490978] [drone_home1.controller]: Going to [(29.639661, -82.361216)]: 1544.12 meters
[controller-2] [INFO] [1744575105.482143227] [drone_home1.controller]: Bearing: 250.19°
[controller-2] [INFO] [1744575105.483050929] [drone_home1.controller]: Going to [(29.639661, -82.361216)]: 1544.12 meters
[controller-2] [INFO] [1744575105.582640393] [drone_home1.controller]: Bearing: 250.19°
[controller-2] [INFO] [1744575105.583532255] [drone_home1.controller]: Going to [(29.639661, -82.361216)]: 1544.12 meters
[controller-2] [INFO] [1744575105.681667891] [drone_home1.controller]: Bearing: 250.19°
[controller-2] [INFO] [1744575105.683010484] [drone_home1.controller]: Going to [(29.639661, -82.361216)]: 1544.12 meters
[controller-2] [INFO] [1744575105.781607187] [drone_home1.controller]: Bearing: 250.19°
[controller-2] [INFO] [1744575105.782508841] [drone_home1.controller]: Going to [(29.639661, -82.361216)]: 1544.12 meters
[controller-2] [INFO] [1744575105.881607317] [drone_home1.controller]: Bearing: 250.19°
[controller-2] [INFO] [1744575105.882570445] [drone_home1.controller]: Going to [(29.639661, -82.361216)]: 1544.12 meters
[controller-2] [INFO] [1744575105.981960191] [drone_home1.controller]: Bearing: 250.19°
[controller-2] [INFO] [1744575105.982865782] [drone_home1.controller]: Going to [(29.639661, -82.361216)]: 1544.12 meters
[controller-2] [INFO] [1744575106.081661250] [drone_home1.controller]: Bearing: 250.19°
[controller-2] [INFO] [1744575106.082583961] [drone_home1.controller]: Going to [(29.639661, -82.361216)]: 1544.12 meters
[controller-2] [INFO] [1744575106.181944181] [drone_home1.controller]: Bearing: 250.19°
[controller-2] [INFO] [1744575106.183377625] [drone_home1.controller]: Going to [(29.639661, -82.361216)]: 1544.12 meters
[controller-2] [INFO] [1744575106.281586937] [drone_home1.controller]: Bearing: 250.19°
[controller-2] [INFO] [1744575106.282439790] [drone_home1.controller]: Going to [(29.639661, -82.361216)]: 1544.12 meters
[controller-2] [INFO] [1744575106.381677895] [drone_home1.controller]: Bearing: 250.19°
[controller-2] [INFO] [1744575106.382595742] [drone_home1.controller]: Going to [(29.639661, -82.361216)]: 1544.12 meters
[controller-2] [INFO] [1744575106.481714933] [drone_home1.controller]: Bearing: 250.19°
[controller-2] [INFO] [1744575106.485510131] [drone_home1.controller]: Going to [(29.639661, -82.361216)]: 1544.12 meters
[controller-2] [INFO] [1744575106.581746722] [drone_home1.controller]: Bearing: 250.19°
[controller-2] [INFO] [1744575106.584398467] [drone_home1.controller]: Going to [(29.639661, -82.361216)]: 1544.12 meters
[controller-2] [INFO] [1744575106.681759886] [drone_home1.controller]: Bearing: 250.19°
[controller-2] [INFO] [1744575106.682631940] [drone_home1.controller]: Going to [(29.639661, -82.361216)]: 1544.12 meters
[controller-2] [INFO] [1744575106.782637073] [drone_home1.controller]: Bearing: 250.19°
[controller-2] [INFO] [1744575106.784569792] [drone_home1.controller]: Going to [(29.639661, -82.361216)]: 1544.12 meters
[controller-2] [INFO] [1744575106.882344278] [drone_home1.controller]: Bearing: 250.19°
[controller-2] [INFO] [1744575106.883512915] [drone_home1.controller]: Going to [(29.639661, -82.361216)]: 1544.12 meters
[controller-2] [INFO] [1744575106.982460325] [drone_home1.controller]: Bearing: 250.19°
[controller-2] [INFO] [1744575106.984072973] [drone_home1.controller]: Going to [(29.639661, -82.361216)]: 1544.12 meters
[controller-2] [INFO] [1744575107.081776264] [drone_home1.controller]: Bearing: 250.19°
[controller-2] [INFO] [1744575107.083366576] [drone_home1.controller]: Going to [(29.639661, -82.361216)]: 1544.12 meters
[controller-2] [INFO] [1744575107.182417263] [drone_home1.controller]: Bearing: 250.19°
[controller-2] [INFO] [1744575107.184077657] [drone_home1.controller]: Going to [(29.639661, -82.361216)]: 1544.12 meters
[controller-2] [INFO] [1744575107.281629907] [drone_home1.controller]: Bearing: 250.19°
[controller-2] [INFO] [1744575107.282505992] [drone_home1.controller]: Going to [(29.639661, -82.361216)]: 1544.12 meters
[controller-2] [INFO] [1744575107.381850287] [drone_home1.controller]: Bearing: 250.19°
[controller-2] [INFO] [1744575107.382920810] [drone_home1.controller]: Going to [(29.639661, -82.361216)]: 1544.12 meters
[controller-2] [INFO] [1744575107.482435220] [drone_home1.controller]: Bearing: 250.19°
[controller-2] [INFO] [1744575107.484476711] [drone_home1.controller]: Going to [(29.639661, -82.361216)]: 1544.12 meters
[controller-2] [INFO] [1744575107.582409035] [drone_home1.controller]: Bearing: 250.19°
[controller-2] [INFO] [1744575107.584064756] [drone_home1.controller]: Going to [(29.639661, -82.361216)]: 1544.12 meters
[controller-2] [INFO] [1744575107.682688328] [drone_home1.controller]: Bearing: 250.19°
[controller-2] [INFO] [1744575107.684291792] [drone_home1.controller]: Going to [(29.639661, -82.361216)]: 1544.12 meters
[controller-2] [INFO] [1744575107.782706560] [drone_home1.controller]: Bearing: 250.19°
[controller-2] [INFO] [1744575107.784323720] [drone_home1.controller]: Going to [(29.639661, -82.361216)]: 1544.12 meters
[controller-2] [INFO] [1744575107.882459632] [drone_home1.controller]: Bearing: 250.19°
[controller-2] [INFO] [1744575107.884075705] [drone_home1.controller]: Going to [(29.639661, -82.361216)]: 1544.12 meters
[controller-2] [INFO] [1744575107.982615819] [drone_home1.controller]: Bearing: 250.19°
[controller-2] [INFO] [1744575107.984187026] [drone_home1.controller]: Going to [(29.639661, -82.361216)]: 1544.12 meters
[controller-2] [INFO] [1744575108.081690707] [drone_home1.controller]: Bearing: 250.19°
[controller-2] [INFO] [1744575108.082612874] [drone_home1.controller]: Going to [(29.639661, -82.361216)]: 1544.12 meters
[controller-2] [INFO] [1744575108.181726133] [drone_home1.controller]: Bearing: 250.19°
[controller-2] [INFO] [1744575108.182622252] [drone_home1.controller]: Going to [(29.639661, -82.361216)]: 1544.12 meters
[controller-2] [INFO] [1744575108.282777489] [drone_home1.controller]: Bearing: 250.19°
[controller-2] [INFO] [1744575108.284397337] [drone_home1.controller]: Going to [(29.639661, -82.361216)]: 1544.12 meters
[controller-2] [INFO] [1744575108.381588277] [drone_home1.controller]: Bearing: 250.19°
[controller-2] [INFO] [1744575108.382824051] [drone_home1.controller]: Going to [(29.639661, -82.361216)]: 1544.12 meters
[controller-2] [INFO] [1744575108.481559349] [drone_home1.controller]: Bearing: 250.19°
[controller-2] [INFO] [1744575108.482453707] [drone_home1.controller]: Going to [(29.639661, -82.361216)]: 1544.12 meters
[controller-2] [INFO] [1744575108.581516245] [drone_home1.controller]: Bearing: 250.19°
[controller-2] [INFO] [1744575108.582598480] [drone_home1.controller]: Going to [(29.639661, -82.361216)]: 1544.12 meters
[controller-2] [INFO] [1744575108.681715964] [drone_home1.controller]: Bearing: 250.19°
[controller-2] [INFO] [1744575108.682662131] [drone_home1.controller]: Going to [(29.639661, -82.361216)]: 1544.12 meters
[controller-2] [INFO] [1744575108.782458095] [drone_home1.controller]: Bearing: 250.19°
[controller-2] [INFO] [1744575108.784074872] [drone_home1.controller]: Going to [(29.639661, -82.361216)]: 1544.12 meters
[controller-2] [INFO] [1744575108.882719287] [drone_home1.controller]: Bearing: 250.19°
[controller-2] [INFO] [1744575108.885996585] [drone_home1.controller]: Going to [(29.639661, -82.361216)]: 1544.12 meters
[controller-2] [INFO] [1744575108.983569806] [drone_home1.controller]: Bearing: 250.19°
[controller-2] [INFO] [1744575108.985420188] [drone_home1.controller]: Going to [(29.639661, -82.361216)]: 1544.12 meters
[controller-2] [INFO] [1744575109.083797405] [drone_home1.controller]: Bearing: 250.19°
[controller-2] [INFO] [1744575109.085214241] [drone_home1.controller]: Going to [(29.639661, -82.361216)]: 1544.12 meters
[controller-2] [INFO] [1744575109.182619435] [drone_home1.controller]: Bearing: 250.19°
[controller-2] [INFO] [1744575109.184012078] [drone_home1.controller]: Going to [(29.639661, -82.361216)]: 1544.12 meters
[controller-2] [INFO] [1744575109.281516379] [drone_home1.controller]: Bearing: 250.19°
[controller-2] [INFO] [1744575109.282363664] [drone_home1.controller]: Going to [(29.639661, -82.361216)]: 1544.12 meters
[controller-2] [INFO] [1744575109.381604361] [drone_home1.controller]: Bearing: 250.19°
[controller-2] [INFO] [1744575109.382494335] [drone_home1.controller]: Going to [(29.639661, -82.361216)]: 1544.12 meters
[controller-2] [INFO] [1744575109.482116482] [drone_home1.controller]: Bearing: 250.19°
[controller-2] [INFO] [1744575109.484447068] [drone_home1.controller]: Going to [(29.639661, -82.361216)]: 1544.12 meters
[controller-2] [INFO] [1744575109.581577376] [drone_home1.controller]: Bearing: 250.19°
[controller-2] [INFO] [1744575109.582496055] [drone_home1.controller]: Going to [(29.639661, -82.361216)]: 1544.12 meters
[controller-2] [INFO] [1744575109.681889619] [drone_home1.controller]: Bearing: 250.19°
[controller-2] [INFO] [1744575109.682808426] [drone_home1.controller]: Going to [(29.639661, -82.361216)]: 1544.12 meters
[controller-2] [INFO] [1744575109.781816061] [drone_home1.controller]: Bearing: 250.19°
[controller-2] [INFO] [1744575109.782725236] [drone_home1.controller]: Going to [(29.639661, -82.361216)]: 1544.12 meters
[controller-2] [INFO] [1744575109.881705158] [drone_home1.controller]: Bearing: 250.19°
[controller-2] [INFO] [1744575109.882632925] [drone_home1.controller]: Going to [(29.639661, -82.361216)]: 1544.12 meters
[controller-2] [INFO] [1744575109.982428708] [drone_home1.controller]: Bearing: 250.19°
[controller-2] [INFO] [1744575109.984317971] [drone_home1.controller]: Going to [(29.639661, -82.361216)]: 1544.12 meters
[controller-2] [INFO] [1744575110.081778055] [drone_home1.controller]: Bearing: 250.19°
[controller-2] [INFO] [1744575110.082689438] [drone_home1.controller]: Going to [(29.639661, -82.361216)]: 1544.12 meters
[controller-2] [INFO] [1744575110.181583800] [drone_home1.controller]: Bearing: 250.19°
[controller-2] [INFO] [1744575110.182890201] [drone_home1.controller]: Going to [(29.639661, -82.361216)]: 1544.12 meters
[controller-2] [INFO] [1744575110.281547661] [drone_home1.controller]: Bearing: 250.19°
[controller-2] [INFO] [1744575110.282480997] [drone_home1.controller]: Going to [(29.639661, -82.361216)]: 1544.12 meters
[controller-2] [INFO] [1744575110.381721351] [drone_home1.controller]: Bearing: 250.19°
[controller-2] [INFO] [1744575110.382695200] [drone_home1.controller]: Going to [(29.639661, -82.361216)]: 1544.12 meters
[controller-2] [INFO] [1744575110.481959299] [drone_home1.controller]: Bearing: 250.19°
[controller-2] [INFO] [1744575110.483454153] [drone_home1.controller]: Going to [(29.639661, -82.361216)]: 1544.12 meters
[controller-2] [INFO] [1744575110.582058588] [drone_home1.controller]: Bearing: 250.19°
[controller-2] [INFO] [1744575110.583460767] [drone_home1.controller]: Going to [(29.639661, -82.361216)]: 1544.12 meters
[controller-2] [INFO] [1744575110.682597631] [drone_home1.controller]: Bearing: 250.19°
[controller-2] [INFO] [1744575110.684412589] [drone_home1.controller]: Going to [(29.639661, -82.361216)]: 1544.12 meters
[controller-2] [INFO] [1744575110.782563604] [drone_home1.controller]: Bearing: 250.19°
[controller-2] [INFO] [1744575110.784629608] [drone_home1.controller]: Going to [(29.639661, -82.361216)]: 1544.12 meters
[controller-2] [INFO] [1744575110.882679181] [drone_home1.controller]: Bearing: 250.19°
[controller-2] [INFO] [1744575110.884460058] [drone_home1.controller]: Going to [(29.639661, -82.361216)]: 1544.12 meters
[controller-2] [INFO] [1744575110.982376412] [drone_home1.controller]: Bearing: 250.19°
[controller-2] [INFO] [1744575110.984389038] [drone_home1.controller]: Going to [(29.639661, -82.361216)]: 1544.12 meters
[controller-2] [INFO] [1744575111.082585119] [drone_home1.controller]: Bearing: 250.19°
[controller-2] [INFO] [1744575111.085010300] [drone_home1.controller]: Going to [(29.639661, -82.361216)]: 1544.12 meters
[controller-2] [INFO] [1744575111.182396218] [drone_home1.controller]: Bearing: 250.19°
[controller-2] [INFO] [1744575111.183993250] [drone_home1.controller]: Going to [(29.639661, -82.361216)]: 1544.12 meters
[controller-2] [INFO] [1744575111.281532644] [drone_home1.controller]: Bearing: 250.19°
[controller-2] [INFO] [1744575111.282446427] [drone_home1.controller]: Going to [(29.639661, -82.361216)]: 1544.12 meters
[controller-2] [INFO] [1744575111.381679656] [drone_home1.controller]: Bearing: 250.19°
[controller-2] [INFO] [1744575111.382620288] [drone_home1.controller]: Going to [(29.639661, -82.361216)]: 1544.12 meters
[controller-2] [INFO] [1744575111.481882125] [drone_home1.controller]: Bearing: 250.19°
[controller-2] [INFO] [1744575111.482876391] [drone_home1.controller]: Going to [(29.639661, -82.361216)]: 1544.12 meters
[controller-2] [INFO] [1744575111.582412603] [drone_home1.controller]: Bearing: 250.19°
[controller-2] [INFO] [1744575111.584010595] [drone_home1.controller]: Going to [(29.639661, -82.361216)]: 1544.12 meters
[controller-2] [INFO] [1744575111.682413915] [drone_home1.controller]: Bearing: 250.19°
[controller-2] [INFO] [1744575111.685012317] [drone_home1.controller]: Going to [(29.639661, -82.361216)]: 1544.12 meters
[controller-2] [INFO] [1744575111.782372858] [drone_home1.controller]: Bearing: 250.19°
[controller-2] [INFO] [1744575111.784028196] [drone_home1.controller]: Going to [(29.639661, -82.361216)]: 1544.12 meters
[controller-2] [INFO] [1744575111.882332953] [drone_home1.controller]: Bearing: 250.19°
[controller-2] [INFO] [1744575111.883923042] [drone_home1.controller]: Going to [(29.639661, -82.361216)]: 1544.12 meters
[controller-2] [INFO] [1744575111.981590695] [drone_home1.controller]: Bearing: 250.19°
[controller-2] [INFO] [1744575111.982524030] [drone_home1.controller]: Going to [(29.639661, -82.361216)]: 1544.12 meters
[controller-2] [INFO] [1744575112.082336482] [drone_home1.controller]: Bearing: 250.19°
[controller-2] [INFO] [1744575112.084332980] [drone_home1.controller]: Going to [(29.639661, -82.361216)]: 1544.12 meters
[controller-2] [INFO] [1744575112.182455759] [drone_home1.controller]: Bearing: 250.19°
[controller-2] [INFO] [1744575112.185234965] [drone_home1.controller]: Going to [(29.639661, -82.361216)]: 1544.12 meters
[controller-2] [INFO] [1744575112.282428568] [drone_home1.controller]: Bearing: 250.19°
[controller-2] [INFO] [1744575112.284021889] [drone_home1.controller]: Going to [(29.639661, -82.361216)]: 1544.12 meters
[controller-2] [INFO] [1744575112.382402946] [drone_home1.controller]: Bearing: 250.19°
[controller-2] [INFO] [1744575112.384203728] [drone_home1.controller]: Going to [(29.639661, -82.361216)]: 1544.12 meters
[controller-2] [INFO] [1744575112.482629106] [drone_home1.controller]: Bearing: 250.19°
[controller-2] [INFO] [1744575112.484491137] [drone_home1.controller]: Going to [(29.639661, -82.361216)]: 1544.12 meters
[controller-2] [INFO] [1744575112.582439447] [drone_home1.controller]: Bearing: 250.19°
[controller-2] [INFO] [1744575112.585083226] [drone_home1.controller]: Going to [(29.639661, -82.361216)]: 1544.12 meters
[controller-2] [INFO] [1744575112.682384640] [drone_home1.controller]: Bearing: 250.19°
[controller-2] [INFO] [1744575112.684184814] [drone_home1.controller]: Going to [(29.639661, -82.361216)]: 1544.12 meters
[controller-2] [INFO] [1744575112.783456678] [drone_home1.controller]: Bearing: 250.19°
[controller-2] [INFO] [1744575112.785078959] [drone_home1.controller]: Going to [(29.639661, -82.361216)]: 1544.12 meters
[controller-2] [INFO] [1744575112.882383253] [drone_home1.controller]: Bearing: 250.19°
[controller-2] [INFO] [1744575112.883985373] [drone_home1.controller]: Going to [(29.639661, -82.361216)]: 1544.12 meters
[controller-2] [INFO] [1744575112.982752072] [drone_home1.controller]: Bearing: 250.19°
[controller-2] [INFO] [1744575112.984647352] [drone_home1.controller]: Going to [(29.639661, -82.361216)]: 1544.12 meters
[controller-2] [INFO] [1744575113.082374417] [drone_home1.controller]: Bearing: 250.19°
[controller-2] [INFO] [1744575113.083983802] [drone_home1.controller]: Going to [(29.639661, -82.361216)]: 1544.12 meters
[controller-2] [INFO] [1744575113.182353316] [drone_home1.controller]: Bearing: 250.19°
[controller-2] [INFO] [1744575113.183881259] [drone_home1.controller]: Going to [(29.639661, -82.361216)]: 1544.12 meters
[controller-2] [INFO] [1744575113.282468060] [drone_home1.controller]: Bearing: 250.19°
[controller-2] [INFO] [1744575113.284062692] [drone_home1.controller]: Going to [(29.639661, -82.361216)]: 1544.12 meters
[controller-2] [INFO] [1744575113.381646939] [drone_home1.controller]: Bearing: 250.19°
[controller-2] [INFO] [1744575113.382494833] [drone_home1.controller]: Going to [(29.639661, -82.361216)]: 1544.12 meters
[controller-2] [INFO] [1744575113.481752146] [drone_home1.controller]: Bearing: 250.19°
[controller-2] [INFO] [1744575113.482633480] [drone_home1.controller]: Going to [(29.639661, -82.361216)]: 1544.12 meters
[controller-2] [INFO] [1744575113.581900330] [drone_home1.controller]: Bearing: 250.19°
[controller-2] [INFO] [1744575113.582810689] [drone_home1.controller]: Going to [(29.639661, -82.361216)]: 1544.12 meters
[controller-2] [INFO] [1744575113.682709491] [drone_home1.controller]: Bearing: 250.19°
[controller-2] [INFO] [1744575113.684376061] [drone_home1.controller]: Going to [(29.639661, -82.361216)]: 1544.12 meters
[controller-2] [INFO] [1744575113.782419680] [drone_home1.controller]: Bearing: 250.19°
[controller-2] [INFO] [1744575113.783930214] [drone_home1.controller]: Going to [(29.639661, -82.361216)]: 1544.12 meters
[controller-2] [INFO] [1744575113.882486998] [drone_home1.controller]: Bearing: 250.19°
[controller-2] [INFO] [1744575113.884158208] [drone_home1.controller]: Going to [(29.639661, -82.361216)]: 1544.12 meters
[controller-2] [INFO] [1744575113.982597325] [drone_home1.controller]: Bearing: 250.19°
[controller-2] [INFO] [1744575113.984897159] [drone_home1.controller]: Going to [(29.639661, -82.361216)]: 1544.12 meters
[controller-2] [INFO] [1744575114.082002618] [drone_home1.controller]: Bearing: 250.19°
[controller-2] [INFO] [1744575114.082934418] [drone_home1.controller]: Going to [(29.639661, -82.361216)]: 1544.12 meters
[controller-2] [INFO] [1744575114.181630222] [drone_home1.controller]: Bearing: 250.19°
[controller-2] [INFO] [1744575114.182525445] [drone_home1.controller]: Going to [(29.639661, -82.361216)]: 1544.12 meters
[controller-2] [INFO] [1744575114.281626925] [drone_home1.controller]: Bearing: 250.19°
[controller-2] [INFO] [1744575114.282551300] [drone_home1.controller]: Going to [(29.639661, -82.361216)]: 1544.12 meters
[controller-2] [INFO] [1744575114.382159192] [drone_home1.controller]: Bearing: 250.19°
[controller-2] [INFO] [1744575114.383036815] [drone_home1.controller]: Going to [(29.639661, -82.361216)]: 1544.12 meters
[controller-2] [INFO] [1744575114.482592610] [drone_home1.controller]: Bearing: 250.19°
[controller-2] [INFO] [1744575114.484515923] [drone_home1.controller]: Going to [(29.639661, -82.361216)]: 1544.12 meters
[controller-2] [INFO] [1744575114.582445628] [drone_home1.controller]: Bearing: 250.19°
[controller-2] [INFO] [1744575114.584615028] [drone_home1.controller]: Going to [(29.639661, -82.361216)]: 1544.12 meters
[controller-2] [INFO] [1744575114.682359192] [drone_home1.controller]: Bearing: 250.19°
[controller-2] [INFO] [1744575114.684106501] [drone_home1.controller]: Going to [(29.639661, -82.361216)]: 1544.12 meters
[controller-2] [INFO] [1744575114.782332758] [drone_home1.controller]: Bearing: 250.19°
[controller-2] [INFO] [1744575114.784883383] [drone_home1.controller]: Going to [(29.639661, -82.361216)]: 1544.12 meters
[controller-2] [INFO] [1744575114.882439863] [drone_home1.controller]: Bearing: 250.19°
[controller-2] [INFO] [1744575114.884103841] [drone_home1.controller]: Going to [(29.639661, -82.361216)]: 1544.12 meters
[controller-2] [INFO] [1744575114.982384947] [drone_home1.controller]: Bearing: 250.19°
[controller-2] [INFO] [1744575114.984011293] [drone_home1.controller]: Going to [(29.639661, -82.361216)]: 1544.12 meters
[controller-2] [INFO] [1744575115.082448475] [drone_home1.controller]: Bearing: 250.19°
[controller-2] [INFO] [1744575115.084053700] [drone_home1.controller]: Going to [(29.639661, -82.361216)]: 1544.12 meters
[controller-2] [INFO] [1744575115.182387170] [drone_home1.controller]: Bearing: 250.19°
[controller-2] [INFO] [1744575115.184068397] [drone_home1.controller]: Going to [(29.639661, -82.361216)]: 1544.12 meters
[controller-2] [INFO] [1744575115.282668881] [drone_home1.controller]: Bearing: 250.19°
[controller-2] [INFO] [1744575115.284388669] [drone_home1.controller]: Going to [(29.639661, -82.361216)]: 1544.12 meters
[controller-2] [INFO] [1744575115.383063043] [drone_home1.controller]: Bearing: 250.19°
[controller-2] [INFO] [1744575115.386017647] [drone_home1.controller]: Going to [(29.639661, -82.361216)]: 1544.12 meters
[controller-2] [INFO] [1744575115.482369529] [drone_home1.controller]: Bearing: 250.19°
[controller-2] [INFO] [1744575115.484701109] [drone_home1.controller]: Going to [(29.639661, -82.361216)]: 1544.12 meters
[controller-2] [INFO] [1744575115.581847892] [drone_home1.controller]: Bearing: 250.19°
[controller-2] [INFO] [1744575115.582736363] [drone_home1.controller]: Going to [(29.639661, -82.361216)]: 1544.12 meters
[controller-2] [INFO] [1744575115.681728121] [drone_home1.controller]: Bearing: 250.19°
[controller-2] [INFO] [1744575115.682688242] [drone_home1.controller]: Going to [(29.639661, -82.361216)]: 1544.12 meters
[controller-2] [INFO] [1744575115.782454996] [drone_home1.controller]: Bearing: 250.19°
[controller-2] [INFO] [1744575115.784819345] [drone_home1.controller]: Going to [(29.639661, -82.361216)]: 1544.12 meters
[controller-2] [INFO] [1744575115.882402267] [drone_home1.controller]: Bearing: 250.19°
[controller-2] [INFO] [1744575115.884758711] [drone_home1.controller]: Going to [(29.639661, -82.361216)]: 1544.12 meters
[controller-2] [INFO] [1744575115.982394883] [drone_home1.controller]: Bearing: 250.19°
[controller-2] [INFO] [1744575115.984480920] [drone_home1.controller]: Going to [(29.639661, -82.361216)]: 1544.12 meters
[controller-2] [INFO] [1744575116.082371666] [drone_home1.controller]: Bearing: 250.19°
[controller-2] [INFO] [1744575116.084003260] [drone_home1.controller]: Going to [(29.639661, -82.361216)]: 1544.12 meters
[controller-2] [INFO] [1744575116.182434085] [drone_home1.controller]: Bearing: 250.19°
[controller-2] [INFO] [1744575116.184009166] [drone_home1.controller]: Going to [(29.639661, -82.361216)]: 1544.12 meters
[controller-2] [INFO] [1744575116.282360693] [drone_home1.controller]: Bearing: 250.19°
[controller-2] [INFO] [1744575116.284336392] [drone_home1.controller]: Going to [(29.639661, -82.361216)]: 1544.12 meters
[controller-2] [INFO] [1744575116.382396264] [drone_home1.controller]: Bearing: 250.19°
[controller-2] [INFO] [1744575116.383999985] [drone_home1.controller]: Going to [(29.639661, -82.361216)]: 1544.12 meters
[controller-2] [INFO] [1744575116.483061483] [drone_home1.controller]: Bearing: 250.19°
[controller-2] [INFO] [1744575116.484917275] [drone_home1.controller]: Going to [(29.639661, -82.361216)]: 1544.12 meters
[controller-2] [INFO] [1744575116.582357099] [drone_home1.controller]: Bearing: 250.19°
[controller-2] [INFO] [1744575116.584168954] [drone_home1.controller]: Going to [(29.639661, -82.361216)]: 1544.12 meters
[controller-2] [INFO] [1744575116.682319644] [drone_home1.controller]: Bearing: 250.19°
[controller-2] [INFO] [1744575116.683886884] [drone_home1.controller]: Going to [(29.639661, -82.361216)]: 1544.12 meters
[controller-2] [INFO] [1744575116.782385615] [drone_home1.controller]: Bearing: 250.19°
[controller-2] [INFO] [1744575116.785027444] [drone_home1.controller]: Going to [(29.639661, -82.361216)]: 1544.12 meters
[controller-2] [INFO] [1744575116.882456995] [drone_home1.controller]: Bearing: 250.19°
[controller-2] [INFO] [1744575116.884427862] [drone_home1.controller]: Going to [(29.639661, -82.361216)]: 1544.12 meters
[controller-2] [INFO] [1744575116.982837631] [drone_home1.controller]: Bearing: 250.19°
[controller-2] [INFO] [1744575116.984888212] [drone_home1.controller]: Going to [(29.639661, -82.361216)]: 1544.12 meters
[controller-2] [INFO] [1744575117.082404013] [drone_home1.controller]: Bearing: 250.19°
[controller-2] [INFO] [1744575117.084036087] [drone_home1.controller]: Going to [(29.639661, -82.361216)]: 1544.12 meters
[controller-2] [INFO] [1744575117.181673334] [drone_home1.controller]: Bearing: 250.19°
[controller-2] [INFO] [1744575117.182581709] [drone_home1.controller]: Going to [(29.639661, -82.361216)]: 1544.12 meters
[controller-2] [INFO] [1744575117.281730003] [drone_home1.controller]: Bearing: 250.19°
[controller-2] [INFO] [1744575117.282622058] [drone_home1.controller]: Going to [(29.639661, -82.361216)]: 1544.12 meters
[controller-2] [INFO] [1744575117.381647437] [drone_home1.controller]: Bearing: 250.19°
[controller-2] [INFO] [1744575117.382547140] [drone_home1.controller]: Going to [(29.639661, -82.361216)]: 1544.12 meters
[controller-2] [INFO] [1744575117.482383035] [drone_home1.controller]: Bearing: 250.19°
[controller-2] [INFO] [1744575117.484962270] [drone_home1.controller]: Going to [(29.639661, -82.361216)]: 1544.12 meters
[controller-2] [INFO] [1744575117.582371479] [drone_home1.controller]: Bearing: 250.19°
[controller-2] [INFO] [1744575117.585230656] [drone_home1.controller]: Going to [(29.639661, -82.361216)]: 1544.12 meters
[controller-2] [INFO] [1744575117.682478965] [drone_home1.controller]: Bearing: 250.19°
[controller-2] [INFO] [1744575117.684118367] [drone_home1.controller]: Going to [(29.639661, -82.361216)]: 1544.12 meters
[controller-2] [INFO] [1744575117.782449296] [drone_home1.controller]: Bearing: 250.19°
[controller-2] [INFO] [1744575117.784084986] [drone_home1.controller]: Going to [(29.639661, -82.361216)]: 1544.12 meters
[controller-2] [INFO] [1744575117.882399754] [drone_home1.controller]: Bearing: 250.19°
[controller-2] [INFO] [1744575117.884082902] [drone_home1.controller]: Going to [(29.639661, -82.361216)]: 1544.12 meters
[controller-2] [INFO] [1744575117.982710606] [drone_home1.controller]: Bearing: 250.19°
[controller-2] [INFO] [1744575117.984366905] [drone_home1.controller]: Going to [(29.639661, -82.361216)]: 1544.12 meters
[controller-2] [INFO] [1744575118.082535468] [drone_home1.controller]: Bearing: 250.19°
[controller-2] [INFO] [1744575118.084117174] [drone_home1.controller]: Going to [(29.639661, -82.361216)]: 1544.12 meters
[controller-2] [INFO] [1744575118.182368781] [drone_home1.controller]: Bearing: 250.19°
[controller-2] [INFO] [1744575118.184375938] [drone_home1.controller]: Going to [(29.639661, -82.361216)]: 1544.12 meters
[controller-2] [INFO] [1744575118.282355250] [drone_home1.controller]: Bearing: 250.19°
[controller-2] [INFO] [1744575118.284616557] [drone_home1.controller]: Going to [(29.639661, -82.361216)]: 1544.12 meters
[controller-2] [INFO] [1744575118.382675680] [drone_home1.controller]: Bearing: 250.19°
[controller-2] [INFO] [1744575118.384539152] [drone_home1.controller]: Going to [(29.639661, -82.361216)]: 1544.12 meters
[controller-2] [INFO] [1744575118.481968659] [drone_home1.controller]: Bearing: 250.19°
[controller-2] [INFO] [1744575118.484271823] [drone_home1.controller]: Going to [(29.639661, -82.361216)]: 1544.12 meters
[controller-2] [INFO] [1744575118.582444324] [drone_home1.controller]: Bearing: 250.19°
[controller-2] [INFO] [1744575118.584114928] [drone_home1.controller]: Going to [(29.639661, -82.361216)]: 1544.12 meters
[controller-2] [INFO] [1744575118.682378600] [drone_home1.controller]: Bearing: 250.19°
[controller-2] [INFO] [1744575118.683978706] [drone_home1.controller]: Going to [(29.639661, -82.361216)]: 1544.12 meters
[controller-2] [INFO] [1744575118.782363149] [drone_home1.controller]: Bearing: 250.19°
[controller-2] [INFO] [1744575118.783958038] [drone_home1.controller]: Going to [(29.639661, -82.361216)]: 1544.12 meters
[controller-2] [INFO] [1744575118.882445684] [drone_home1.controller]: Bearing: 250.19°
[controller-2] [INFO] [1744575118.884475785] [drone_home1.controller]: Going to [(29.639661, -82.361216)]: 1544.12 meters
[controller-2] [INFO] [1744575118.982359319] [drone_home1.controller]: Bearing: 250.19°
[controller-2] [INFO] [1744575118.983963969] [drone_home1.controller]: Going to [(29.639661, -82.361216)]: 1544.12 meters
[controller-2] [INFO] [1744575119.082450374] [drone_home1.controller]: Bearing: 250.19°
[controller-2] [INFO] [1744575119.084232949] [drone_home1.controller]: Going to [(29.639661, -82.361216)]: 1544.12 meters
[controller-2] [INFO] [1744575119.182319346] [drone_home1.controller]: Bearing: 250.19°
[controller-2] [INFO] [1744575119.183910939] [drone_home1.controller]: Going to [(29.639661, -82.361216)]: 1544.12 meters
[controller-2] [INFO] [1744575119.281844308] [drone_home1.controller]: Bearing: 250.19°
[controller-2] [INFO] [1744575119.282789549] [drone_home1.controller]: Going to [(29.639661, -82.361216)]: 1544.12 meters
[controller-2] [INFO] [1744575119.381653022] [drone_home1.controller]: Bearing: 250.19°
[controller-2] [INFO] [1744575119.382543573] [drone_home1.controller]: Going to [(29.639661, -82.361216)]: 1544.12 meters
[controller-2] [INFO] [1744575119.482630150] [drone_home1.controller]: Bearing: 250.19°
[controller-2] [INFO] [1744575119.484583001] [drone_home1.controller]: Going to [(29.639661, -82.361216)]: 1544.12 meters
[controller-2] [INFO] [1744575119.582397295] [drone_home1.controller]: Bearing: 250.19°
[controller-2] [INFO] [1744575119.584316801] [drone_home1.controller]: Going to [(29.639661, -82.361216)]: 1544.12 meters
[controller-2] [INFO] [1744575119.682448287] [drone_home1.controller]: Bearing: 250.19°
[controller-2] [INFO] [1744575119.684006120] [drone_home1.controller]: Going to [(29.639661, -82.361216)]: 1544.12 meters
[controller-2] [INFO] [1744575119.781712411] [drone_home1.controller]: Bearing: 250.19°
[controller-2] [INFO] [1744575119.782634547] [drone_home1.controller]: Going to [(29.639661, -82.361216)]: 1544.12 meters
[controller-2] [INFO] [1744575119.881548486] [drone_home1.controller]: Bearing: 250.19°
[controller-2] [INFO] [1744575119.882791526] [drone_home1.controller]: Going to [(29.639661, -82.361216)]: 1544.12 meters
[controller-2] [INFO] [1744575119.981590902] [drone_home1.controller]: Bearing: 250.19°
[controller-2] [INFO] [1744575119.982450508] [drone_home1.controller]: Going to [(29.639661, -82.361216)]: 1544.12 meters
[controller-2] [INFO] [1744575120.082034391] [drone_home1.controller]: Bearing: 250.19°
[controller-2] [INFO] [1744575120.083133716] [drone_home1.controller]: Going to [(29.639661, -82.361216)]: 1544.12 meters
[controller-2] [INFO] [1744575120.181799946] [drone_home1.controller]: Bearing: 250.19°
[controller-2] [INFO] [1744575120.182745474] [drone_home1.controller]: Going to [(29.639661, -82.361216)]: 1544.12 meters
[controller-2] [INFO] [1744575120.281914629] [drone_home1.controller]: Bearing: 250.19°
[controller-2] [INFO] [1744575120.282815325] [drone_home1.controller]: Going to [(29.639661, -82.361216)]: 1544.12 meters
[controller-2] [INFO] [1744575120.381671191] [drone_home1.controller]: Bearing: 250.19°
[controller-2] [INFO] [1744575120.382554414] [drone_home1.controller]: Going to [(29.639661, -82.361216)]: 1544.12 meters
[controller-2] [INFO] [1744575120.481654095] [drone_home1.controller]: Bearing: 250.19°
[controller-2] [INFO] [1744575120.482527334] [drone_home1.controller]: Going to [(29.639661, -82.361216)]: 1544.12 meters
[controller-2] [INFO] [1744575120.581695048] [drone_home1.controller]: Bearing: 250.19°
[controller-2] [INFO] [1744575120.582590720] [drone_home1.controller]: Going to [(29.639661, -82.361216)]: 1544.12 meters
[controller-2] [INFO] [1744575120.681673312] [drone_home1.controller]: Bearing: 250.19°
[controller-2] [INFO] [1744575120.682513590] [drone_home1.controller]: Going to [(29.639661, -82.361216)]: 1544.12 meters
[controller-2] [INFO] [1744575120.781661304] [drone_home1.controller]: Bearing: 250.19°
[controller-2] [INFO] [1744575120.782618353] [drone_home1.controller]: Going to [(29.639661, -82.361216)]: 1544.12 meters
[controller-2] [INFO] [1744575120.881533165] [drone_home1.controller]: Bearing: 250.19°
[controller-2] [INFO] [1744575120.882432869] [drone_home1.controller]: Going to [(29.639661, -82.361216)]: 1544.12 meters
[controller-2] [INFO] [1744575120.981724202] [drone_home1.controller]: Bearing: 250.19°
[controller-2] [INFO] [1744575120.982617666] [drone_home1.controller]: Going to [(29.639661, -82.361216)]: 1544.12 meters
[controller-2] [INFO] [1744575121.081761451] [drone_home1.controller]: Bearing: 250.19°
[controller-2] [INFO] [1744575121.082751973] [drone_home1.controller]: Going to [(29.639661, -82.361216)]: 1544.12 meters
[controller-2] [INFO] [1744575121.181617673] [drone_home1.controller]: Bearing: 250.19°
[controller-2] [INFO] [1744575121.182528385] [drone_home1.controller]: Going to [(29.639661, -82.361216)]: 1544.12 meters
[controller-2] [INFO] [1744575121.281613579] [drone_home1.controller]: Bearing: 250.19°
[controller-2] [INFO] [1744575121.282509410] [drone_home1.controller]: Going to [(29.639661, -82.361216)]: 1544.12 meters
[controller-2] [INFO] [1744575121.382388097] [drone_home1.controller]: Bearing: 250.19°
[controller-2] [INFO] [1744575121.383976106] [drone_home1.controller]: Going to [(29.639661, -82.361216)]: 1544.12 meters
[controller-2] [INFO] [1744575121.481579949] [drone_home1.controller]: Bearing: 250.19°
[controller-2] [INFO] [1744575121.482896560] [drone_home1.controller]: Going to [(29.639661, -82.361216)]: 1544.12 meters
[controller-2] [INFO] [1744575121.581715507] [drone_home1.controller]: Bearing: 250.19°
[controller-2] [INFO] [1744575121.583238875] [drone_home1.controller]: Going to [(29.639661, -82.361216)]: 1544.12 meters
[controller-2] [INFO] [1744575121.681601905] [drone_home1.controller]: Bearing: 250.19°
[controller-2] [INFO] [1744575121.682538922] [drone_home1.controller]: Going to [(29.639661, -82.361216)]: 1544.12 meters
[controller-2] [INFO] [1744575121.782392264] [drone_home1.controller]: Bearing: 250.19°
[controller-2] [INFO] [1744575121.784022835] [drone_home1.controller]: Going to [(29.639661, -82.361216)]: 1544.12 meters
[controller-2] [INFO] [1744575121.882684017] [drone_home1.controller]: Bearing: 250.19°
[controller-2] [INFO] [1744575121.884309084] [drone_home1.controller]: Going to [(29.639661, -82.361216)]: 1544.12 meters
[controller-2] [INFO] [1744575121.981949760] [drone_home1.controller]: Bearing: 250.19°
[controller-2] [INFO] [1744575121.983313412] [drone_home1.controller]: Going to [(29.639661, -82.361216)]: 1544.12 meters
[controller-2] [INFO] [1744575122.083650166] [drone_home1.controller]: Bearing: 250.19°
[controller-2] [INFO] [1744575122.085291105] [drone_home1.controller]: Going to [(29.639661, -82.361216)]: 1544.12 meters
[controller-2] [INFO] [1744575122.182484226] [drone_home1.controller]: Bearing: 250.19°
[controller-2] [INFO] [1744575122.184089388] [drone_home1.controller]: Going to [(29.639661, -82.361216)]: 1544.12 meters
[controller-2] [INFO] [1744575122.281712249] [drone_home1.controller]: Bearing: 250.19°
[controller-2] [INFO] [1744575122.282611088] [drone_home1.controller]: Going to [(29.639661, -82.361216)]: 1544.12 meters
[controller-2] [INFO] [1744575122.382382006] [drone_home1.controller]: Bearing: 250.19°
[controller-2] [INFO] [1744575122.383993760] [drone_home1.controller]: Going to [(29.639661, -82.361216)]: 1544.12 meters
[controller-2] [INFO] [1744575122.481684206] [drone_home1.controller]: Bearing: 250.19°
[controller-2] [INFO] [1744575122.482865773] [drone_home1.controller]: Going to [(29.639661, -82.361216)]: 1544.12 meters
[controller-2] [INFO] [1744575122.581676281] [drone_home1.controller]: Bearing: 250.19°
[controller-2] [INFO] [1744575122.582614514] [drone_home1.controller]: Going to [(29.639661, -82.361216)]: 1544.12 meters
[controller-2] [INFO] [1744575122.681900202] [drone_home1.controller]: Bearing: 250.19°
[controller-2] [INFO] [1744575122.682877348] [drone_home1.controller]: Going to [(29.639661, -82.361216)]: 1544.12 meters
[controller-2] [INFO] [1744575122.781905141] [drone_home1.controller]: Bearing: 250.19°
[controller-2] [INFO] [1744575122.782800813] [drone_home1.controller]: Going to [(29.639661, -82.361216)]: 1544.12 meters
[controller-2] [INFO] [1744575122.881644250] [drone_home1.controller]: Bearing: 250.19°
[controller-2] [INFO] [1744575122.882528369] [drone_home1.controller]: Going to [(29.639661, -82.361216)]: 1544.12 meters
[controller-2] [INFO] [1744575122.982370008] [drone_home1.controller]: Bearing: 250.19°
[controller-2] [INFO] [1744575122.984992829] [drone_home1.controller]: Going to [(29.639661, -82.361216)]: 1544.12 meters
[controller-2] [INFO] [1744575123.082331657] [drone_home1.controller]: Bearing: 250.19°
[controller-2] [INFO] [1744575123.083948724] [drone_home1.controller]: Going to [(29.639661, -82.361216)]: 1544.12 meters
[controller-2] [INFO] [1744575123.182360222] [drone_home1.controller]: Bearing: 250.19°
[controller-2] [INFO] [1744575123.184533240] [drone_home1.controller]: Going to [(29.639661, -82.361216)]: 1544.12 meters
[controller-2] [INFO] [1744575123.282356851] [drone_home1.controller]: Bearing: 250.19°
[controller-2] [INFO] [1744575123.283934364] [drone_home1.controller]: Going to [(29.639661, -82.361216)]: 1544.12 meters
[controller-2] [INFO] [1744575123.381892187] [drone_home1.controller]: Bearing: 250.19°
[controller-2] [INFO] [1744575123.382944247] [drone_home1.controller]: Going to [(29.639661, -82.361216)]: 1544.12 meters
[controller-2] [INFO] [1744575123.482123349] [drone_home1.controller]: Bearing: 250.19°
[controller-2] [INFO] [1744575123.482993996] [drone_home1.controller]: Going to [(29.639661, -82.361216)]: 1544.12 meters
[controller-2] [INFO] [1744575123.581549690] [drone_home1.controller]: Bearing: 250.19°
[controller-2] [INFO] [1744575123.582461267] [drone_home1.controller]: Going to [(29.639661, -82.361216)]: 1544.12 meters
[controller-2] [INFO] [1744575123.682402917] [drone_home1.controller]: Bearing: 250.19°
[controller-2] [INFO] [1744575123.684041553] [drone_home1.controller]: Going to [(29.639661, -82.361216)]: 1544.12 meters
[controller-2] [INFO] [1744575123.782362745] [drone_home1.controller]: Bearing: 250.19°
[controller-2] [INFO] [1744575123.784508722] [drone_home1.controller]: Going to [(29.639661, -82.361216)]: 1544.12 meters
[controller-2] [INFO] [1744575123.882515601] [drone_home1.controller]: Bearing: 250.19°
[controller-2] [INFO] [1744575123.884329345] [drone_home1.controller]: Going to [(29.639661, -82.361216)]: 1544.12 meters
[controller-2] [INFO] [1744575123.982433219] [drone_home1.controller]: Bearing: 250.19°
[controller-2] [INFO] [1744575123.984240627] [drone_home1.controller]: Going to [(29.639661, -82.361216)]: 1544.12 meters
[controller-2] [INFO] [1744575124.081812239] [drone_home1.controller]: Bearing: 250.19°
[controller-2] [INFO] [1744575124.082749415] [drone_home1.controller]: Going to [(29.639661, -82.361216)]: 1544.12 meters
[controller-2] [INFO] [1744575124.181722314] [drone_home1.controller]: Bearing: 250.19°
[controller-2] [INFO] [1744575124.182679811] [drone_home1.controller]: Going to [(29.639661, -82.361216)]: 1544.12 meters
[controller-2] [INFO] [1744575124.282498236] [drone_home1.controller]: Bearing: 250.19°
[controller-2] [INFO] [1744575124.284756024] [drone_home1.controller]: Going to [(29.639661, -82.361216)]: 1544.12 meters
[controller-2] [INFO] [1744575124.382477209] [drone_home1.controller]: Bearing: 250.19°
[controller-2] [INFO] [1744575124.384551888] [drone_home1.controller]: Going to [(29.639661, -82.361216)]: 1544.12 meters
[controller-2] [INFO] [1744575124.482371412] [drone_home1.controller]: Bearing: 250.19°
[controller-2] [INFO] [1744575124.483957278] [drone_home1.controller]: Going to [(29.639661, -82.361216)]: 1544.12 meters
[controller-2] [INFO] [1744575124.581610525] [drone_home1.controller]: Bearing: 250.19°
[controller-2] [INFO] [1744575124.582530358] [drone_home1.controller]: Going to [(29.639661, -82.361216)]: 1544.12 meters
[controller-2] [INFO] [1744575124.681648252] [drone_home1.controller]: Bearing: 250.19°
[controller-2] [INFO] [1744575124.682581460] [drone_home1.controller]: Going to [(29.639661, -82.361216)]: 1544.12 meters
[controller-2] [INFO] [1744575124.782364812] [drone_home1.controller]: Bearing: 250.19°
[controller-2] [INFO] [1744575124.784148412] [drone_home1.controller]: Going to [(29.639661, -82.361216)]: 1544.12 meters
[controller-2] [INFO] [1744575124.881742265] [drone_home1.controller]: Bearing: 250.19°
[controller-2] [INFO] [1744575124.882961658] [drone_home1.controller]: Going to [(29.639661, -82.361216)]: 1544.12 meters
[controller-2] [INFO] [1744575124.981790712] [drone_home1.controller]: Bearing: 250.19°
[controller-2] [INFO] [1744575124.982806195] [drone_home1.controller]: Going to [(29.639661, -82.361216)]: 1544.12 meters
[controller-2] [INFO] [1744575125.081562135] [drone_home1.controller]: Bearing: 250.19°
[controller-2] [INFO] [1744575125.082498704] [drone_home1.controller]: Going to [(29.639661, -82.361216)]: 1544.12 meters
[controller-2] [INFO] [1744575125.181649504] [drone_home1.controller]: Bearing: 250.19°
[controller-2] [INFO] [1744575125.182551256] [drone_home1.controller]: Going to [(29.639661, -82.361216)]: 1544.12 meters
[controller-2] [INFO] [1744575125.281765290] [drone_home1.controller]: Bearing: 250.19°
[controller-2] [INFO] [1744575125.282680610] [drone_home1.controller]: Going to [(29.639661, -82.361216)]: 1544.12 meters
[controller-2] [INFO] [1744575125.382494756] [drone_home1.controller]: Bearing: 250.19°
[controller-2] [INFO] [1744575125.384152688] [drone_home1.controller]: Going to [(29.639661, -82.361216)]: 1544.12 meters
[controller-2] [INFO] [1744575125.482837204] [drone_home1.controller]: Bearing: 250.19°
[controller-2] [INFO] [1744575125.484839177] [drone_home1.controller]: Going to [(29.639661, -82.361216)]: 1544.12 meters
[controller-2] [INFO] [1744575125.582375310] [drone_home1.controller]: Bearing: 250.19°
[controller-2] [INFO] [1744575125.584117565] [drone_home1.controller]: Going to [(29.639661, -82.361216)]: 1544.12 meters
[controller-2] [INFO] [1744575125.681725732] [drone_home1.controller]: Bearing: 250.19°
[controller-2] [INFO] [1744575125.682856610] [drone_home1.controller]: Going to [(29.639661, -82.361216)]: 1544.12 meters
[controller-2] [INFO] [1744575125.781828461] [drone_home1.controller]: Bearing: 250.19°
[controller-2] [INFO] [1744575125.782898185] [drone_home1.controller]: Going to [(29.639661, -82.361216)]: 1544.12 meters
[controller-2] [INFO] [1744575125.881851444] [drone_home1.controller]: Bearing: 250.19°
[controller-2] [INFO] [1744575125.883494848] [drone_home1.controller]: Going to [(29.639661, -82.361216)]: 1544.12 meters
[controller-2] [INFO] [1744575125.981760249] [drone_home1.controller]: Bearing: 250.19°
[controller-2] [INFO] [1744575125.982710322] [drone_home1.controller]: Going to [(29.639661, -82.361216)]: 1544.12 meters
[controller-2] [INFO] [1744575126.081660356] [drone_home1.controller]: Bearing: 250.19°
[controller-2] [INFO] [1744575126.082597437] [drone_home1.controller]: Going to [(29.639661, -82.361216)]: 1544.12 meters
[controller-2] [INFO] [1744575126.182404295] [drone_home1.controller]: Bearing: 250.19°
[controller-2] [INFO] [1744575126.184017427] [drone_home1.controller]: Going to [(29.639661, -82.361216)]: 1544.12 meters
[controller-2] [INFO] [1744575126.282469369] [drone_home1.controller]: Bearing: 250.19°
[controller-2] [INFO] [1744575126.284846200] [drone_home1.controller]: Going to [(29.639661, -82.361216)]: 1544.12 meters
[controller-2] [INFO] [1744575126.382407207] [drone_home1.controller]: Bearing: 250.19°
[controller-2] [INFO] [1744575126.384026898] [drone_home1.controller]: Going to [(29.639661, -82.361216)]: 1544.12 meters
[controller-2] [INFO] [1744575126.482440312] [drone_home1.controller]: Bearing: 250.19°
[controller-2] [INFO] [1744575126.484213223] [drone_home1.controller]: Going to [(29.639661, -82.361216)]: 1544.12 meters
[controller-2] [INFO] [1744575126.582738447] [drone_home1.controller]: Bearing: 250.19°
[controller-2] [INFO] [1744575126.584464766] [drone_home1.controller]: Going to [(29.639661, -82.361216)]: 1544.12 meters
[controller-2] [INFO] [1744575126.682478968] [drone_home1.controller]: Bearing: 250.19°
[controller-2] [INFO] [1744575126.684095780] [drone_home1.controller]: Going to [(29.639661, -82.361216)]: 1544.12 meters
[controller-2] [INFO] [1744575126.782474472] [drone_home1.controller]: Bearing: 250.19°
[controller-2] [INFO] [1744575126.784117460] [drone_home1.controller]: Going to [(29.639661, -82.361216)]: 1544.12 meters
[controller-2] [INFO] [1744575126.881572640] [drone_home1.controller]: Bearing: 250.19°
[controller-2] [INFO] [1744575126.882576986] [drone_home1.controller]: Going to [(29.639661, -82.361216)]: 1544.12 meters
[controller-2] [INFO] [1744575126.982331524] [drone_home1.controller]: Bearing: 250.19°
[controller-2] [INFO] [1744575126.983987536] [drone_home1.controller]: Going to [(29.639661, -82.361216)]: 1544.12 meters
[controller-2] [INFO] [1744575127.081588583] [drone_home1.controller]: Bearing: 250.19°
[controller-2] [INFO] [1744575127.082741926] [drone_home1.controller]: Going to [(29.639661, -82.361216)]: 1544.12 meters
[controller-2] [INFO] [1744575127.182413910] [drone_home1.controller]: Bearing: 250.19°
[controller-2] [INFO] [1744575127.183993120] [drone_home1.controller]: Going to [(29.639661, -82.361216)]: 1544.12 meters
[controller-2] [INFO] [1744575127.282358701] [drone_home1.controller]: Bearing: 250.19°
[controller-2] [INFO] [1744575127.283962456] [drone_home1.controller]: Going to [(29.639661, -82.361216)]: 1544.12 meters
[controller-2] [INFO] [1744575127.382512426] [drone_home1.controller]: Bearing: 250.19°
[controller-2] [INFO] [1744575127.384113109] [drone_home1.controller]: Going to [(29.639661, -82.361216)]: 1544.12 meters
[controller-2] [INFO] [1744575127.482540899] [drone_home1.controller]: Bearing: 250.19°
[controller-2] [INFO] [1744575127.484143502] [drone_home1.controller]: Going to [(29.639661, -82.361216)]: 1544.12 meters
[controller-2] [INFO] [1744575127.582399928] [drone_home1.controller]: Bearing: 250.19°
[controller-2] [INFO] [1744575127.584263082] [drone_home1.controller]: Going to [(29.639661, -82.361216)]: 1544.12 meters
[controller-2] [INFO] [1744575127.682357168] [drone_home1.controller]: Bearing: 250.19°
[controller-2] [INFO] [1744575127.683943386] [drone_home1.controller]: Going to [(29.639661, -82.361216)]: 1544.12 meters
[controller-2] [INFO] [1744575127.782383913] [drone_home1.controller]: Bearing: 250.19°
[controller-2] [INFO] [1744575127.783981716] [drone_home1.controller]: Going to [(29.639661, -82.361216)]: 1544.12 meters
[controller-2] [INFO] [1744575127.882359713] [drone_home1.controller]: Bearing: 250.19°
[controller-2] [INFO] [1744575127.883968269] [drone_home1.controller]: Going to [(29.639661, -82.361216)]: 1544.12 meters
[controller-2] [INFO] [1744575127.982388251] [drone_home1.controller]: Bearing: 250.19°
[controller-2] [INFO] [1744575127.983986246] [drone_home1.controller]: Going to [(29.639661, -82.361216)]: 1544.12 meters
[controller-2] [INFO] [1744575128.082343738] [drone_home1.controller]: Bearing: 250.19°
[controller-2] [INFO] [1744575128.083988166] [drone_home1.controller]: Going to [(29.639661, -82.361216)]: 1544.12 meters
[controller-2] [INFO] [1744575128.182807176] [drone_home1.controller]: Bearing: 250.19°
[controller-2] [INFO] [1744575128.184460116] [drone_home1.controller]: Going to [(29.639661, -82.361216)]: 1544.12 meters
[controller-2] [INFO] [1744575128.282488257] [drone_home1.controller]: Bearing: 250.19°
[controller-2] [INFO] [1744575128.284243760] [drone_home1.controller]: Going to [(29.639661, -82.361216)]: 1544.12 meters
[controller-2] [INFO] [1744575128.382357023] [drone_home1.controller]: Bearing: 250.19°
[controller-2] [INFO] [1744575128.383970410] [drone_home1.controller]: Going to [(29.639661, -82.361216)]: 1544.12 meters
[controller-2] [INFO] [1744575128.483203991] [drone_home1.controller]: Bearing: 250.19°
[controller-2] [INFO] [1744575128.484145329] [drone_home1.controller]: Going to [(29.639661, -82.361216)]: 1544.12 meters
[controller-2] [INFO] [1744575128.582399812] [drone_home1.controller]: Bearing: 250.19°
[controller-2] [INFO] [1744575128.584232309] [drone_home1.controller]: Going to [(29.639661, -82.361216)]: 1544.12 meters
[controller-2] [INFO] [1744575128.682368836] [drone_home1.controller]: Bearing: 250.19°
[controller-2] [INFO] [1744575128.683949359] [drone_home1.controller]: Going to [(29.639661, -82.361216)]: 1544.12 meters
[controller-2] [INFO] [1744575128.782595084] [drone_home1.controller]: Bearing: 250.19°
[controller-2] [INFO] [1744575128.784570945] [drone_home1.controller]: Going to [(29.639661, -82.361216)]: 1544.12 meters
[controller-2] [INFO] [1744575128.881502256] [drone_home1.controller]: Bearing: 250.19°
[controller-2] [INFO] [1744575128.883024281] [drone_home1.controller]: Going to [(29.639661, -82.361216)]: 1544.12 meters
[controller-2] [INFO] [1744575128.982204741] [drone_home1.controller]: Bearing: 250.19°
[controller-2] [INFO] [1744575128.983177503] [drone_home1.controller]: Going to [(29.639661, -82.361216)]: 1544.12 meters
[controller-2] [INFO] [1744575129.081582525] [drone_home1.controller]: Bearing: 250.19°
[controller-2] [INFO] [1744575129.082510166] [drone_home1.controller]: Going to [(29.639661, -82.361216)]: 1544.12 meters
[controller-2] [INFO] [1744575129.182672709] [drone_home1.controller]: Bearing: 250.19°
[controller-2] [INFO] [1744575129.184728636] [drone_home1.controller]: Going to [(29.639661, -82.361216)]: 1544.12 meters
[controller-2] [INFO] [1744575129.283367202] [drone_home1.controller]: Bearing: 250.19°
[controller-2] [INFO] [1744575129.285831909] [drone_home1.controller]: Going to [(29.639661, -82.361216)]: 1544.12 meters
[controller-2] [INFO] [1744575129.382422611] [drone_home1.controller]: Bearing: 250.19°
[controller-2] [INFO] [1744575129.384002974] [drone_home1.controller]: Going to [(29.639661, -82.361216)]: 1544.12 meters
[controller-2] [INFO] [1744575129.482333563] [drone_home1.controller]: Bearing: 250.19°
[controller-2] [INFO] [1744575129.483917734] [drone_home1.controller]: Going to [(29.639661, -82.361216)]: 1544.12 meters
[controller-2] [INFO] [1744575129.582675439] [drone_home1.controller]: Bearing: 250.19°
[controller-2] [INFO] [1744575129.584435871] [drone_home1.controller]: Going to [(29.639661, -82.361216)]: 1544.12 meters
[controller-2] [INFO] [1744575129.682370289] [drone_home1.controller]: Bearing: 250.19°
[controller-2] [INFO] [1744575129.684035518] [drone_home1.controller]: Going to [(29.639661, -82.361216)]: 1544.12 meters
[controller-2] [INFO] [1744575129.781922096] [drone_home1.controller]: Bearing: 250.19°
[controller-2] [INFO] [1744575129.782947339] [drone_home1.controller]: Going to [(29.639661, -82.361216)]: 1544.12 meters
[controller-2] [INFO] [1744575129.881679668] [drone_home1.controller]: Bearing: 250.19°
[controller-2] [INFO] [1744575129.882596909] [drone_home1.controller]: Going to [(29.639661, -82.361216)]: 1544.12 meters
[controller-2] [INFO] [1744575129.981649246] [drone_home1.controller]: Bearing: 250.19°
[controller-2] [INFO] [1744575129.982551094] [drone_home1.controller]: Going to [(29.639661, -82.361216)]: 1544.12 meters
[controller-2] [INFO] [1744575130.081754738] [drone_home1.controller]: Bearing: 250.19°
[controller-2] [INFO] [1744575130.082692907] [drone_home1.controller]: Going to [(29.639661, -82.361216)]: 1544.12 meters
[controller-2] [INFO] [1744575130.182402871] [drone_home1.controller]: Bearing: 250.19°
[controller-2] [INFO] [1744575130.184691541] [drone_home1.controller]: Going to [(29.639661, -82.361216)]: 1544.12 meters
[controller-2] [INFO] [1744575130.281626517] [drone_home1.controller]: Bearing: 250.19°
[controller-2] [INFO] [1744575130.282517293] [drone_home1.controller]: Going to [(29.639661, -82.361216)]: 1544.12 meters
[controller-2] [INFO] [1744575130.382423454] [drone_home1.controller]: Bearing: 250.19°
[controller-2] [INFO] [1744575130.384100875] [drone_home1.controller]: Going to [(29.639661, -82.361216)]: 1544.12 meters
[controller-2] [INFO] [1744575130.482671512] [drone_home1.controller]: Bearing: 250.19°
[controller-2] [INFO] [1744575130.484366886] [drone_home1.controller]: Going to [(29.639661, -82.361216)]: 1544.12 meters
[controller-2] [INFO] [1744575130.581708593] [drone_home1.controller]: Bearing: 250.19°
[controller-2] [INFO] [1744575130.584661185] [drone_home1.controller]: Going to [(29.639661, -82.361216)]: 1544.12 meters
[controller-2] [INFO] [1744575130.682466585] [drone_home1.controller]: Bearing: 250.19°
[controller-2] [INFO] [1744575130.684104773] [drone_home1.controller]: Going to [(29.639661, -82.361216)]: 1544.12 meters
[controller-2] [INFO] [1744575130.782739412] [drone_home1.controller]: Bearing: 250.19°
[controller-2] [INFO] [1744575130.784385856] [drone_home1.controller]: Going to [(29.639661, -82.361216)]: 1544.12 meters
[controller-2] [INFO] [1744575130.881950258] [drone_home1.controller]: Bearing: 250.19°
[controller-2] [INFO] [1744575130.884459574] [drone_home1.controller]: Going to [(29.639661, -82.361216)]: 1544.12 meters
[controller-2] [INFO] [1744575130.981562106] [drone_home1.controller]: Bearing: 250.19°
[controller-2] [INFO] [1744575130.982443826] [drone_home1.controller]: Going to [(29.639661, -82.361216)]: 1544.12 meters
[controller-2] [INFO] [1744575131.081606806] [drone_home1.controller]: Bearing: 250.19°
[controller-2] [INFO] [1744575131.082495342] [drone_home1.controller]: Going to [(29.639661, -82.361216)]: 1544.12 meters
[controller-2] [INFO] [1744575131.181938555] [drone_home1.controller]: Bearing: 250.19°
[controller-2] [INFO] [1744575131.182972535] [drone_home1.controller]: Going to [(29.639661, -82.361216)]: 1544.12 meters
[controller-2] [INFO] [1744575131.282598185] [drone_home1.controller]: Bearing: 250.19°
[controller-2] [INFO] [1744575131.284206452] [drone_home1.controller]: Going to [(29.639661, -82.361216)]: 1544.12 meters
[controller-2] [INFO] [1744575131.382569636] [drone_home1.controller]: Bearing: 250.19°
[controller-2] [INFO] [1744575131.384209969] [drone_home1.controller]: Going to [(29.639661, -82.361216)]: 1544.12 meters
[controller-2] [INFO] [1744575131.482485950] [drone_home1.controller]: Bearing: 250.19°
[controller-2] [INFO] [1744575131.484059944] [drone_home1.controller]: Going to [(29.639661, -82.361216)]: 1544.12 meters
[controller-2] [INFO] [1744575131.582341494] [drone_home1.controller]: Bearing: 250.19°
[controller-2] [INFO] [1744575131.583928129] [drone_home1.controller]: Going to [(29.639661, -82.361216)]: 1544.12 meters
[controller-2] [INFO] [1744575131.682407988] [drone_home1.controller]: Bearing: 250.19°
[controller-2] [INFO] [1744575131.683974782] [drone_home1.controller]: Going to [(29.639661, -82.361216)]: 1544.12 meters
[controller-2] [INFO] [1744575131.781648539] [drone_home1.controller]: Bearing: 250.19°
[controller-2] [INFO] [1744575131.782501010] [drone_home1.controller]: Going to [(29.639661, -82.361216)]: 1544.12 meters
[controller-2] [INFO] [1744575131.881643351] [drone_home1.controller]: Bearing: 250.19°
[controller-2] [INFO] [1744575131.882883641] [drone_home1.controller]: Going to [(29.639661, -82.361216)]: 1544.12 meters
[controller-2] [INFO] [1744575131.985451450] [drone_home1.controller]: Bearing: 250.19°
[controller-2] [INFO] [1744575131.986327410] [drone_home1.controller]: Going to [(29.639661, -82.361216)]: 1544.12 meters
[controller-2] [INFO] [1744575132.081710776] [drone_home1.controller]: Bearing: 250.19°
[controller-2] [INFO] [1744575132.082638705] [drone_home1.controller]: Going to [(29.639661, -82.361216)]: 1544.12 meters
[controller-2] [INFO] [1744575132.186680292] [drone_home1.controller]: Bearing: 250.19°
[controller-2] [INFO] [1744575132.190289062] [drone_home1.controller]: Going to [(29.639661, -82.361216)]: 1544.12 meters
[controller-2] [INFO] [1744575132.283397199] [drone_home1.controller]: Bearing: 250.19°
[controller-2] [INFO] [1744575132.291111201] [drone_home1.controller]: Going to [(29.639661, -82.361216)]: 1544.12 meters
[controller-2] [INFO] [1744575132.382095376] [drone_home1.controller]: Bearing: 250.19°
[controller-2] [INFO] [1744575132.383071851] [drone_home1.controller]: Going to [(29.639661, -82.361216)]: 1544.12 meters
[controller-2] [INFO] [1744575132.482249913] [drone_home1.controller]: Bearing: 250.19°
[controller-2] [INFO] [1744575132.483228500] [drone_home1.controller]: Going to [(29.639661, -82.361216)]: 1544.12 meters
[controller-2] [INFO] [1744575132.583338139] [drone_home1.controller]: Bearing: 250.19°
[controller-2] [INFO] [1744575132.584967080] [drone_home1.controller]: Going to [(29.639661, -82.361216)]: 1544.12 meters
[controller-2] [INFO] [1744575132.683133370] [drone_home1.controller]: Bearing: 250.19°
[controller-2] [INFO] [1744575132.684779751] [drone_home1.controller]: Going to [(29.639661, -82.361216)]: 1544.12 meters
[controller-2] [INFO] [1744575132.781547636] [drone_home1.controller]: Bearing: 250.19°
[controller-2] [INFO] [1744575132.782440684] [drone_home1.controller]: Going to [(29.639661, -82.361216)]: 1544.12 meters
[controller-2] [INFO] [1744575132.881622491] [drone_home1.controller]: Bearing: 250.19°
[controller-2] [INFO] [1744575132.882569940] [drone_home1.controller]: Going to [(29.639661, -82.361216)]: 1544.12 meters
[controller-2] [INFO] [1744575132.982514264] [drone_home1.controller]: Bearing: 250.19°
[controller-2] [INFO] [1744575132.984110915] [drone_home1.controller]: Going to [(29.639661, -82.361216)]: 1544.12 meters
[controller-2] [INFO] [1744575133.082378879] [drone_home1.controller]: Bearing: 250.19°
[controller-2] [INFO] [1744575133.083985387] [drone_home1.controller]: Going to [(29.639661, -82.361216)]: 1544.12 meters
[controller-2] [INFO] [1744575133.182371020] [drone_home1.controller]: Bearing: 250.19°
[controller-2] [INFO] [1744575133.183990841] [drone_home1.controller]: Going to [(29.639661, -82.361216)]: 1544.12 meters
[controller-2] [INFO] [1744575133.281747689] [drone_home1.controller]: Bearing: 250.19°
[controller-2] [INFO] [1744575133.282672130] [drone_home1.controller]: Going to [(29.639661, -82.361216)]: 1544.12 meters
[controller-2] [INFO] [1744575133.382727313] [drone_home1.controller]: Bearing: 250.19°
[controller-2] [INFO] [1744575133.384357149] [drone_home1.controller]: Going to [(29.639661, -82.361216)]: 1544.12 meters
[controller-2] [INFO] [1744575133.481746563] [drone_home1.controller]: Bearing: 250.19°
[controller-2] [INFO] [1744575133.482663484] [drone_home1.controller]: Going to [(29.639661, -82.361216)]: 1544.12 meters
[controller-2] [INFO] [1744575133.582383682] [drone_home1.controller]: Bearing: 250.19°
[controller-2] [INFO] [1744575133.583985133] [drone_home1.controller]: Going to [(29.639661, -82.361216)]: 1544.12 meters
[controller-2] [INFO] [1744575133.683100131] [drone_home1.controller]: Bearing: 250.19°
[controller-2] [INFO] [1744575133.684712207] [drone_home1.controller]: Going to [(29.639661, -82.361216)]: 1544.12 meters
[controller-2] [INFO] [1744575133.782403293] [drone_home1.controller]: Bearing: 250.19°
[controller-2] [INFO] [1744575133.784293744] [drone_home1.controller]: Going to [(29.639661, -82.361216)]: 1544.12 meters
[controller-2] [INFO] [1744575133.881725719] [drone_home1.controller]: Bearing: 250.19°
[controller-2] [INFO] [1744575133.882979386] [drone_home1.controller]: Going to [(29.639661, -82.361216)]: 1544.12 meters
[controller-2] [INFO] [1744575133.982404247] [drone_home1.controller]: Bearing: 250.19°
[controller-2] [INFO] [1744575133.983993699] [drone_home1.controller]: Going to [(29.639661, -82.361216)]: 1544.12 meters
[controller-2] [INFO] [1744575134.082373578] [drone_home1.controller]: Bearing: 250.19°
[controller-2] [INFO] [1744575134.084419522] [drone_home1.controller]: Going to [(29.639661, -82.361216)]: 1544.12 meters
[controller-2] [INFO] [1744575134.182056823] [drone_home1.controller]: Bearing: 250.19°
[controller-2] [INFO] [1744575134.182977905] [drone_home1.controller]: Going to [(29.639661, -82.361216)]: 1544.12 meters
[controller-2] [INFO] [1744575134.281691779] [drone_home1.controller]: Bearing: 250.19°
[controller-2] [INFO] [1744575134.282579996] [drone_home1.controller]: Going to [(29.639661, -82.361216)]: 1544.12 meters
[controller-2] [INFO] [1744575134.381676473] [drone_home1.controller]: Bearing: 250.19°
[controller-2] [INFO] [1744575134.382562577] [drone_home1.controller]: Going to [(29.639661, -82.361216)]: 1544.12 meters
[controller-2] [INFO] [1744575134.482435875] [drone_home1.controller]: Bearing: 250.19°
[controller-2] [INFO] [1744575134.484054960] [drone_home1.controller]: Going to [(29.639661, -82.361216)]: 1544.12 meters
[controller-2] [INFO] [1744575134.582380279] [drone_home1.controller]: Bearing: 250.19°
[controller-2] [INFO] [1744575134.584165928] [drone_home1.controller]: Going to [(29.639661, -82.361216)]: 1544.12 meters
[controller-2] [INFO] [1744575134.682667573] [drone_home1.controller]: Bearing: 250.19°
[controller-2] [INFO] [1744575134.684321474] [drone_home1.controller]: Going to [(29.639661, -82.361216)]: 1544.12 meters
[controller-2] [INFO] [1744575134.782380003] [drone_home1.controller]: Bearing: 250.19°
[controller-2] [INFO] [1744575134.783972623] [drone_home1.controller]: Going to [(29.639661, -82.361216)]: 1544.12 meters
[controller-2] [INFO] [1744575134.882407577] [drone_home1.controller]: Bearing: 250.19°
[controller-2] [INFO] [1744575134.883972292] [drone_home1.controller]: Going to [(29.639661, -82.361216)]: 1544.12 meters
[controller-2] [INFO] [1744575134.982418255] [drone_home1.controller]: Bearing: 250.19°
[controller-2] [INFO] [1744575134.983994939] [drone_home1.controller]: Going to [(29.639661, -82.361216)]: 1544.12 meters
[controller-2] [INFO] [1744575135.081716377] [drone_home1.controller]: Bearing: 250.19°
[controller-2] [INFO] [1744575135.082785878] [drone_home1.controller]: Going to [(29.639661, -82.361216)]: 1544.12 meters
[controller-2] [INFO] [1744575135.181871707] [drone_home1.controller]: Bearing: 250.19°
[controller-2] [INFO] [1744575135.192931883] [drone_home1.controller]: Going to [(29.639661, -82.361216)]: 1544.12 meters
[controller-2] [INFO] [1744575135.281948411] [drone_home1.controller]: Bearing: 250.19°
[controller-2] [INFO] [1744575135.282914294] [drone_home1.controller]: Going to [(29.639661, -82.361216)]: 1544.12 meters
[controller-2] [INFO] [1744575135.382399046] [drone_home1.controller]: Bearing: 250.19°
[controller-2] [INFO] [1744575135.385715969] [drone_home1.controller]: Going to [(29.639661, -82.361216)]: 1544.12 meters
[controller-2] [INFO] [1744575135.481717137] [drone_home1.controller]: Bearing: 250.19°
[controller-2] [INFO] [1744575135.482722509] [drone_home1.controller]: Going to [(29.639661, -82.361216)]: 1544.12 meters
[controller-2] [INFO] [1744575135.581649710] [drone_home1.controller]: Bearing: 250.19°
[controller-2] [INFO] [1744575135.584702530] [drone_home1.controller]: Going to [(29.639661, -82.361216)]: 1544.12 meters
[controller-2] [INFO] [1744575135.682686568] [drone_home1.controller]: Bearing: 250.19°
[controller-2] [INFO] [1744575135.683597730] [drone_home1.controller]: Going to [(29.639661, -82.361216)]: 1544.12 meters
[controller-2] [INFO] [1744575135.781897009] [drone_home1.controller]: Bearing: 250.19°
[controller-2] [INFO] [1744575135.785070792] [drone_home1.controller]: Going to [(29.639661, -82.361216)]: 1544.12 meters
[controller-2] [INFO] [1744575135.883092240] [drone_home1.controller]: Bearing: 250.19°
[controller-2] [INFO] [1744575135.884085163] [drone_home1.controller]: Going to [(29.639661, -82.361216)]: 1544.12 meters
[controller-2] [INFO] [1744575135.982056914] [drone_home1.controller]: Bearing: 250.19°
[controller-2] [INFO] [1744575135.983194417] [drone_home1.controller]: Going to [(29.639661, -82.361216)]: 1544.12 meters
[controller-2] [INFO] [1744575136.081723725] [drone_home1.controller]: Bearing: 250.19°
[controller-2] [INFO] [1744575136.082630918] [drone_home1.controller]: Going to [(29.639661, -82.361216)]: 1544.12 meters
[controller-2] [INFO] [1744575136.182598060] [drone_home1.controller]: Bearing: 250.19°
[controller-2] [INFO] [1744575136.183536774] [drone_home1.controller]: Going to [(29.639661, -82.361216)]: 1544.12 meters
[controller-2] [INFO] [1744575136.281737467] [drone_home1.controller]: Bearing: 250.19°
[controller-2] [INFO] [1744575136.282654036] [drone_home1.controller]: Going to [(29.639661, -82.361216)]: 1544.12 meters
[controller-2] [INFO] [1744575136.388713570] [drone_home1.controller]: Bearing: 250.19°
[controller-2] [INFO] [1744575136.391928187] [drone_home1.controller]: Going to [(29.639661, -82.361216)]: 1544.12 meters
[controller-2] [INFO] [1744575136.482407803] [drone_home1.controller]: Bearing: 250.19°
[controller-2] [INFO] [1744575136.483507769] [drone_home1.controller]: Going to [(29.639661, -82.361216)]: 1544.12 meters
[controller-2] [INFO] [1744575136.581736815] [drone_home1.controller]: Bearing: 250.19°
[controller-2] [INFO] [1744575136.585024489] [drone_home1.controller]: Going to [(29.639661, -82.361216)]: 1544.12 meters
[controller-2] [INFO] [1744575136.681839320] [drone_home1.controller]: Bearing: 250.19°
[controller-2] [INFO] [1744575136.686491576] [drone_home1.controller]: Going to [(29.639661, -82.361216)]: 1544.12 meters
[controller-2] [INFO] [1744575136.781806686] [drone_home1.controller]: Bearing: 250.19°
[controller-2] [INFO] [1744575136.782755320] [drone_home1.controller]: Going to [(29.639661, -82.361216)]: 1544.12 meters
[controller-2] [INFO] [1744575136.882389684] [drone_home1.controller]: Bearing: 250.19°
[controller-2] [INFO] [1744575136.884439693] [drone_home1.controller]: Going to [(29.639661, -82.361216)]: 1544.12 meters
[controller-2] [INFO] [1744575136.982222774] [drone_home1.controller]: Bearing: 250.19°
[controller-2] [INFO] [1744575136.983309876] [drone_home1.controller]: Going to [(29.639661, -82.361216)]: 1544.12 meters
[controller-2] [INFO] [1744575137.082302534] [drone_home1.controller]: Bearing: 250.19°
[controller-2] [INFO] [1744575137.083224383] [drone_home1.controller]: Going to [(29.639661, -82.361216)]: 1544.12 meters
[controller-2] [INFO] [1744575137.182872292] [drone_home1.controller]: Bearing: 250.19°
[controller-2] [INFO] [1744575137.183758877] [drone_home1.controller]: Going to [(29.639661, -82.361216)]: 1544.12 meters
[controller-2] [INFO] [1744575137.283103770] [drone_home1.controller]: Bearing: 250.19°
[controller-2] [INFO] [1744575137.290544647] [drone_home1.controller]: Going to [(29.639661, -82.361216)]: 1544.12 meters
[controller-2] [INFO] [1744575137.382106221] [drone_home1.controller]: Bearing: 250.19°
[controller-2] [INFO] [1744575137.384575025] [drone_home1.controller]: Going to [(29.639661, -82.361216)]: 1544.12 meters
[controller-2] [INFO] [1744575137.482475014] [drone_home1.controller]: Bearing: 250.19°
[controller-2] [INFO] [1744575137.485136592] [drone_home1.controller]: Going to [(29.639661, -82.361216)]: 1544.12 meters
[controller-2] [INFO] [1744575137.581568124] [drone_home1.controller]: Bearing: 250.19°
[controller-2] [INFO] [1744575137.582434356] [drone_home1.controller]: Going to [(29.639661, -82.361216)]: 1544.12 meters
[controller-2] [INFO] [1744575137.681521641] [drone_home1.controller]: Bearing: 250.19°
[controller-2] [INFO] [1744575137.682368097] [drone_home1.controller]: Going to [(29.639661, -82.361216)]: 1544.12 meters
[controller-2] [INFO] [1744575137.781873218] [drone_home1.controller]: Bearing: 250.19°
[controller-2] [INFO] [1744575137.783310314] [drone_home1.controller]: Going to [(29.639661, -82.361216)]: 1544.12 meters
[controller-2] [INFO] [1744575137.882529731] [drone_home1.controller]: Bearing: 250.19°
[controller-2] [INFO] [1744575137.884920517] [drone_home1.controller]: Going to [(29.639661, -82.361216)]: 1544.12 meters
[controller-2] [INFO] [1744575137.982337805] [drone_home1.controller]: Bearing: 250.19°
[controller-2] [INFO] [1744575137.984064668] [drone_home1.controller]: Going to [(29.639661, -82.361216)]: 1544.12 meters
[controller-2] [INFO] [1744575138.082334434] [drone_home1.controller]: Bearing: 250.19°
[controller-2] [INFO] [1744575138.084103699] [drone_home1.controller]: Going to [(29.639661, -82.361216)]: 1544.12 meters
[controller-2] [INFO] [1744575138.181559716] [drone_home1.controller]: Bearing: 250.19°
[controller-2] [INFO] [1744575138.182409531] [drone_home1.controller]: Going to [(29.639661, -82.361216)]: 1544.12 meters
[controller-2] [INFO] [1744575138.282347153] [drone_home1.controller]: Bearing: 250.19°
[controller-2] [INFO] [1744575138.284705170] [drone_home1.controller]: Going to [(29.639661, -82.361216)]: 1544.12 meters
[controller-2] [INFO] [1744575138.382760947] [drone_home1.controller]: Bearing: 250.19°
[controller-2] [INFO] [1744575138.384559717] [drone_home1.controller]: Going to [(29.639661, -82.361216)]: 1544.12 meters
[controller-2] [INFO] [1744575138.481579658] [drone_home1.controller]: Bearing: 250.19°
[controller-2] [INFO] [1744575138.482458690] [drone_home1.controller]: Going to [(29.639661, -82.361216)]: 1544.12 meters
[controller-2] [INFO] [1744575138.581769446] [drone_home1.controller]: Bearing: 250.19°
[controller-2] [INFO] [1744575138.582888069] [drone_home1.controller]: Going to [(29.639661, -82.361216)]: 1544.12 meters
[controller-2] [INFO] [1744575138.681660666] [drone_home1.controller]: Bearing: 250.19°
[controller-2] [INFO] [1744575138.682602644] [drone_home1.controller]: Going to [(29.639661, -82.361216)]: 1544.12 meters
[controller-2] [INFO] [1744575138.781771316] [drone_home1.controller]: Bearing: 250.19°
[controller-2] [INFO] [1744575138.782689518] [drone_home1.controller]: Going to [(29.639661, -82.361216)]: 1544.12 meters
[controller-2] [INFO] [1744575138.881851822] [drone_home1.controller]: Bearing: 250.19°
[controller-2] [INFO] [1744575138.883041903] [drone_home1.controller]: Going to [(29.639661, -82.361216)]: 1544.12 meters
[controller-2] [INFO] [1744575138.982003977] [drone_home1.controller]: Bearing: 250.19°
[controller-2] [INFO] [1744575138.982973796] [drone_home1.controller]: Going to [(29.639661, -82.361216)]: 1544.12 meters
[controller-2] [INFO] [1744575139.081612028] [drone_home1.controller]: Bearing: 250.19°
[controller-2] [INFO] [1744575139.082454067] [drone_home1.controller]: Going to [(29.639661, -82.361216)]: 1544.12 meters
[controller-2] [INFO] [1744575139.181647740] [drone_home1.controller]: Bearing: 250.19°
[controller-2] [INFO] [1744575139.182561877] [drone_home1.controller]: Going to [(29.639661, -82.361216)]: 1544.12 meters
[controller-2] [INFO] [1744575139.282566933] [drone_home1.controller]: Bearing: 250.19°
[controller-2] [INFO] [1744575139.284827252] [drone_home1.controller]: Going to [(29.639661, -82.361216)]: 1544.12 meters
[controller-2] [INFO] [1744575139.382663223] [drone_home1.controller]: Bearing: 250.19°
[controller-2] [INFO] [1744575139.384376039] [drone_home1.controller]: Going to [(29.639661, -82.361216)]: 1544.12 meters
[controller-2] [INFO] [1744575139.482006308] [drone_home1.controller]: Bearing: 250.19°
[controller-2] [INFO] [1744575139.483007168] [drone_home1.controller]: Going to [(29.639661, -82.361216)]: 1544.12 meters
[controller-2] [INFO] [1744575139.581707867] [drone_home1.controller]: Bearing: 250.19°
[controller-2] [INFO] [1744575139.583253254] [drone_home1.controller]: Going to [(29.639661, -82.361216)]: 1544.12 meters
[controller-2] [INFO] [1744575139.681661017] [drone_home1.controller]: Bearing: 250.19°
[controller-2] [INFO] [1744575139.682535921] [drone_home1.controller]: Going to [(29.639661, -82.361216)]: 1544.12 meters
[controller-2] [INFO] [1744575139.781569526] [drone_home1.controller]: Bearing: 250.19°
[controller-2] [INFO] [1744575139.782474575] [drone_home1.controller]: Going to [(29.639661, -82.361216)]: 1544.12 meters
[controller-2] [INFO] [1744575139.881716185] [drone_home1.controller]: Bearing: 250.19°
[controller-2] [INFO] [1744575139.884662251] [drone_home1.controller]: Going to [(29.639661, -82.361216)]: 1544.12 meters
[controller-2] [INFO] [1744575139.982394251] [drone_home1.controller]: Bearing: 250.19°
[controller-2] [INFO] [1744575139.984358530] [drone_home1.controller]: Going to [(29.639661, -82.361216)]: 1544.12 meters
[controller-2] [INFO] [1744575140.082528533] [drone_home1.controller]: Bearing: 250.19°
[controller-2] [INFO] [1744575140.084517900] [drone_home1.controller]: Going to [(29.639661, -82.361216)]: 1544.12 meters
[controller-2] [INFO] [1744575140.182409497] [drone_home1.controller]: Bearing: 250.19°
[controller-2] [INFO] [1744575140.184093704] [drone_home1.controller]: Going to [(29.639661, -82.361216)]: 1544.12 meters
[controller-2] [INFO] [1744575140.282562693] [drone_home1.controller]: Bearing: 250.19°
[controller-2] [INFO] [1744575140.284183506] [drone_home1.controller]: Going to [(29.639661, -82.361216)]: 1544.12 meters
[controller-2] [INFO] [1744575140.382494026] [drone_home1.controller]: Bearing: 250.19°
[controller-2] [INFO] [1744575140.384168025] [drone_home1.controller]: Going to [(29.639661, -82.361216)]: 1544.12 meters
[controller-2] [INFO] [1744575140.482477649] [drone_home1.controller]: Bearing: 250.19°
[controller-2] [INFO] [1744575140.484057213] [drone_home1.controller]: Going to [(29.639661, -82.361216)]: 1544.12 meters
[controller-2] [INFO] [1744575140.582401270] [drone_home1.controller]: Bearing: 250.19°
[controller-2] [INFO] [1744575140.583924161] [drone_home1.controller]: Going to [(29.639661, -82.361216)]: 1544.12 meters
[controller-2] [INFO] [1744575140.682423358] [drone_home1.controller]: Bearing: 250.19°
[controller-2] [INFO] [1744575140.684022315] [drone_home1.controller]: Going to [(29.639661, -82.361216)]: 1544.12 meters
[controller-2] [INFO] [1744575140.782436198] [drone_home1.controller]: Bearing: 250.19°
[controller-2] [INFO] [1744575140.783997042] [drone_home1.controller]: Going to [(29.639661, -82.361216)]: 1544.12 meters
[controller-2] [INFO] [1744575140.882446446] [drone_home1.controller]: Bearing: 250.19°
[controller-2] [INFO] [1744575140.884485287] [drone_home1.controller]: Going to [(29.639661, -82.361216)]: 1544.12 meters
[controller-2] [INFO] [1744575140.981677120] [drone_home1.controller]: Bearing: 250.19°
[controller-2] [INFO] [1744575140.982684220] [drone_home1.controller]: Going to [(29.639661, -82.361216)]: 1544.12 meters
[controller-2] [INFO] [1744575141.082024247] [drone_home1.controller]: Bearing: 250.19°
[controller-2] [INFO] [1744575141.082921424] [drone_home1.controller]: Going to [(29.639661, -82.361216)]: 1544.12 meters
[controller-2] [INFO] [1744575141.182409458] [drone_home1.controller]: Bearing: 250.19°
[controller-2] [INFO] [1744575141.184731283] [drone_home1.controller]: Going to [(29.639661, -82.361216)]: 1544.12 meters
[controller-2] [INFO] [1744575141.282346975] [drone_home1.controller]: Bearing: 250.19°
[controller-2] [INFO] [1744575141.284658880] [drone_home1.controller]: Going to [(29.639661, -82.361216)]: 1544.12 meters
[controller-2] [INFO] [1744575141.382365359] [drone_home1.controller]: Bearing: 250.19°
[controller-2] [INFO] [1744575141.385179678] [drone_home1.controller]: Going to [(29.639661, -82.361216)]: 1544.12 meters
[controller-2] [INFO] [1744575141.482414144] [drone_home1.controller]: Bearing: 250.19°
[controller-2] [INFO] [1744575141.484431993] [drone_home1.controller]: Going to [(29.639661, -82.361216)]: 1544.12 meters
[controller-2] [INFO] [1744575141.582345966] [drone_home1.controller]: Bearing: 250.19°
[controller-2] [INFO] [1744575141.584167969] [drone_home1.controller]: Going to [(29.639661, -82.361216)]: 1544.12 meters
[controller-2] [INFO] [1744575141.682462561] [drone_home1.controller]: Bearing: 250.19°
[controller-2] [INFO] [1744575141.684270195] [drone_home1.controller]: Going to [(29.639661, -82.361216)]: 1544.12 meters
[controller-2] [INFO] [1744575141.782336301] [drone_home1.controller]: Bearing: 250.19°
[controller-2] [INFO] [1744575141.783953114] [drone_home1.controller]: Going to [(29.639661, -82.361216)]: 1544.12 meters
[controller-2] [INFO] [1744575141.882765928] [drone_home1.controller]: Bearing: 250.19°
[controller-2] [INFO] [1744575141.884393078] [drone_home1.controller]: Going to [(29.639661, -82.361216)]: 1544.12 meters
[controller-2] [INFO] [1744575141.982454927] [drone_home1.controller]: Bearing: 250.19°
[controller-2] [INFO] [1744575141.984818961] [drone_home1.controller]: Going to [(29.639661, -82.361216)]: 1544.12 meters
[controller-2] [INFO] [1744575142.082318945] [drone_home1.controller]: Bearing: 250.19°
[controller-2] [INFO] [1744575142.083904205] [drone_home1.controller]: Going to [(29.639661, -82.361216)]: 1544.12 meters
[controller-2] [INFO] [1744575142.182567103] [drone_home1.controller]: Bearing: 250.19°
[controller-2] [INFO] [1744575142.184214510] [drone_home1.controller]: Going to [(29.639661, -82.361216)]: 1544.12 meters
[controller-2] [INFO] [1744575142.282380530] [drone_home1.controller]: Bearing: 250.19°
[controller-2] [INFO] [1744575142.284638193] [drone_home1.controller]: Going to [(29.639661, -82.361216)]: 1544.12 meters
[controller-2] [INFO] [1744575142.381626644] [drone_home1.controller]: Bearing: 250.19°
[controller-2] [INFO] [1744575142.382491980] [drone_home1.controller]: Going to [(29.639661, -82.361216)]: 1544.12 meters
[controller-2] [INFO] [1744575142.481604139] [drone_home1.controller]: Bearing: 250.19°
[controller-2] [INFO] [1744575142.482932976] [drone_home1.controller]: Going to [(29.639661, -82.361216)]: 1544.12 meters
[controller-2] [INFO] [1744575142.581718277] [drone_home1.controller]: Bearing: 250.19°
[controller-2] [INFO] [1744575142.582907271] [drone_home1.controller]: Going to [(29.639661, -82.361216)]: 1544.12 meters
[controller-2] [INFO] [1744575142.682118376] [drone_home1.controller]: Bearing: 250.19°
[controller-2] [INFO] [1744575142.683247496] [drone_home1.controller]: Going to [(29.639661, -82.361216)]: 1544.12 meters
[controller-2] [INFO] [1744575142.782283588] [drone_home1.controller]: Bearing: 250.19°
[controller-2] [INFO] [1744575142.783319297] [drone_home1.controller]: Going to [(29.639661, -82.361216)]: 1544.12 meters
[controller-2] [INFO] [1744575142.882499650] [drone_home1.controller]: Bearing: 250.19°
[controller-2] [INFO] [1744575142.884117423] [drone_home1.controller]: Going to [(29.639661, -82.361216)]: 1544.12 meters
[controller-2] [INFO] [1744575142.982342421] [drone_home1.controller]: Bearing: 250.19°
[controller-2] [INFO] [1744575142.983952802] [drone_home1.controller]: Going to [(29.639661, -82.361216)]: 1544.12 meters
[controller-2] [INFO] [1744575143.082775231] [drone_home1.controller]: Bearing: 250.19°
[controller-2] [INFO] [1744575143.084593874] [drone_home1.controller]: Going to [(29.639661, -82.361216)]: 1544.12 meters
[controller-2] [INFO] [1744575143.182397492] [drone_home1.controller]: Bearing: 250.19°
[controller-2] [INFO] [1744575143.184020161] [drone_home1.controller]: Going to [(29.639661, -82.361216)]: 1544.12 meters
[controller-2] [INFO] [1744575143.282340049] [drone_home1.controller]: Bearing: 250.19°
[controller-2] [INFO] [1744575143.283982912] [drone_home1.controller]: Going to [(29.639661, -82.361216)]: 1544.12 meters
[controller-2] [INFO] [1744575143.382406099] [drone_home1.controller]: Bearing: 250.19°
[controller-2] [INFO] [1744575143.383986239] [drone_home1.controller]: Going to [(29.639661, -82.361216)]: 1544.12 meters
[controller-2] [INFO] [1744575143.483431471] [drone_home1.controller]: Bearing: 250.19°
[controller-2] [INFO] [1744575143.485751888] [drone_home1.controller]: Going to [(29.639661, -82.361216)]: 1544.12 meters
[controller-2] [INFO] [1744575143.581712158] [drone_home1.controller]: Bearing: 250.19°
[controller-2] [INFO] [1744575143.582889631] [drone_home1.controller]: Going to [(29.639661, -82.361216)]: 1544.12 meters
[controller-2] [INFO] [1744575143.682471027] [drone_home1.controller]: Bearing: 250.19°
[controller-2] [INFO] [1744575143.684442154] [drone_home1.controller]: Going to [(29.639661, -82.361216)]: 1544.12 meters
[controller-2] [INFO] [1744575143.782405328] [drone_home1.controller]: Bearing: 250.19°
[controller-2] [INFO] [1744575143.784203139] [drone_home1.controller]: Going to [(29.639661, -82.361216)]: 1544.12 meters
[controller-2] [INFO] [1744575143.882424368] [drone_home1.controller]: Bearing: 250.19°
[controller-2] [INFO] [1744575143.884260580] [drone_home1.controller]: Going to [(29.639661, -82.361216)]: 1544.12 meters
[controller-2] [INFO] [1744575143.982653430] [drone_home1.controller]: Bearing: 250.19°
[controller-2] [INFO] [1744575143.984260227] [drone_home1.controller]: Going to [(29.639661, -82.361216)]: 1544.12 meters
[controller-2] [INFO] [1744575144.082412085] [drone_home1.controller]: Bearing: 250.19°
[controller-2] [INFO] [1744575144.084046275] [drone_home1.controller]: Going to [(29.639661, -82.361216)]: 1544.12 meters
[controller-2] [INFO] [1744575144.183153137] [drone_home1.controller]: Bearing: 250.19°
[controller-2] [INFO] [1744575144.184789503] [drone_home1.controller]: Going to [(29.639661, -82.361216)]: 1544.12 meters
[controller-2] [INFO] [1744575144.282415652] [drone_home1.controller]: Bearing: 250.19°
[controller-2] [INFO] [1744575144.283897709] [drone_home1.controller]: Going to [(29.639661, -82.361216)]: 1544.12 meters
[controller-2] [INFO] [1744575144.382468460] [drone_home1.controller]: Bearing: 250.19°
[controller-2] [INFO] [1744575144.384596488] [drone_home1.controller]: Going to [(29.639661, -82.361216)]: 1544.12 meters
[controller-2] [INFO] [1744575144.482570198] [drone_home1.controller]: Bearing: 250.19°
[controller-2] [INFO] [1744575144.484700467] [drone_home1.controller]: Going to [(29.639661, -82.361216)]: 1544.12 meters
[controller-2] [INFO] [1744575144.582420026] [drone_home1.controller]: Bearing: 250.19°
[controller-2] [INFO] [1744575144.584516053] [drone_home1.controller]: Going to [(29.639661, -82.361216)]: 1544.12 meters
[controller-2] [INFO] [1744575144.682340511] [drone_home1.controller]: Bearing: 250.19°
[controller-2] [INFO] [1744575144.684079312] [drone_home1.controller]: Going to [(29.639661, -82.361216)]: 1544.12 meters
[controller-2] [INFO] [1744575144.782457609] [drone_home1.controller]: Bearing: 250.19°
[controller-2] [INFO] [1744575144.784057622] [drone_home1.controller]: Going to [(29.639661, -82.361216)]: 1544.12 meters
[controller-2] [INFO] [1744575144.882360110] [drone_home1.controller]: Bearing: 250.19°
[controller-2] [INFO] [1744575144.883964891] [drone_home1.controller]: Going to [(29.639661, -82.361216)]: 1544.12 meters
[controller-2] [INFO] [1744575144.981446907] [drone_home1.controller]: Bearing: 250.19°
[controller-2] [INFO] [1744575144.982488345] [drone_home1.controller]: Going to [(29.639661, -82.361216)]: 1544.12 meters
[controller-2] [INFO] [1744575145.081533707] [drone_home1.controller]: Bearing: 250.19°
[controller-2] [INFO] [1744575145.082456773] [drone_home1.controller]: Going to [(29.639661, -82.361216)]: 1544.12 meters
[controller-2] [INFO] [1744575145.181663454] [drone_home1.controller]: Bearing: 250.19°
[controller-2] [INFO] [1744575145.182563095] [drone_home1.controller]: Going to [(29.639661, -82.361216)]: 1544.12 meters
[controller-2] [INFO] [1744575145.282947473] [drone_home1.controller]: Bearing: 250.19°
[controller-2] [INFO] [1744575145.284800646] [drone_home1.controller]: Going to [(29.639661, -82.361216)]: 1544.12 meters
[controller-2] [INFO] [1744575145.382604791] [drone_home1.controller]: Bearing: 250.19°
[controller-2] [INFO] [1744575145.384260133] [drone_home1.controller]: Going to [(29.639661, -82.361216)]: 1544.12 meters
[controller-2] [INFO] [1744575145.482422849] [drone_home1.controller]: Bearing: 250.19°
[controller-2] [INFO] [1744575145.484052335] [drone_home1.controller]: Going to [(29.639661, -82.361216)]: 1544.12 meters
[controller-2] [INFO] [1744575145.582663638] [drone_home1.controller]: Bearing: 250.19°
[controller-2] [INFO] [1744575145.584876245] [drone_home1.controller]: Going to [(29.639661, -82.361216)]: 1544.12 meters
[controller-2] [INFO] [1744575145.681506885] [drone_home1.controller]: Bearing: 250.19°
[controller-2] [INFO] [1744575145.682359229] [drone_home1.controller]: Going to [(29.639661, -82.361216)]: 1544.12 meters
[controller-2] [INFO] [1744575145.781620343] [drone_home1.controller]: Bearing: 250.19°
[controller-2] [INFO] [1744575145.782480943] [drone_home1.controller]: Going to [(29.639661, -82.361216)]: 1544.12 meters
[controller-2] [INFO] [1744575145.882566241] [drone_home1.controller]: Bearing: 250.19°
[controller-2] [INFO] [1744575145.885143274] [drone_home1.controller]: Going to [(29.639661, -82.361216)]: 1544.12 meters
[controller-2] [INFO] [1744575145.982423628] [drone_home1.controller]: Bearing: 250.19°
[controller-2] [INFO] [1744575145.984685772] [drone_home1.controller]: Going to [(29.639661, -82.361216)]: 1544.12 meters
[controller-2] [INFO] [1744575146.082434817] [drone_home1.controller]: Bearing: 250.19°
[controller-2] [INFO] [1744575146.084078256] [drone_home1.controller]: Going to [(29.639661, -82.361216)]: 1544.12 meters
[controller-2] [INFO] [1744575146.182675519] [drone_home1.controller]: Bearing: 250.19°
[controller-2] [INFO] [1744575146.184350351] [drone_home1.controller]: Going to [(29.639661, -82.361216)]: 1544.12 meters
[controller-2] [INFO] [1744575146.282353453] [drone_home1.controller]: Bearing: 250.19°
[controller-2] [INFO] [1744575146.284435560] [drone_home1.controller]: Going to [(29.639661, -82.361216)]: 1544.12 meters
[controller-2] [INFO] [1744575146.382353412] [drone_home1.controller]: Bearing: 250.19°
[controller-2] [INFO] [1744575146.384198168] [drone_home1.controller]: Going to [(29.639661, -82.361216)]: 1544.12 meters
[controller-2] [INFO] [1744575146.482348122] [drone_home1.controller]: Bearing: 250.19°
[controller-2] [INFO] [1744575146.483972808] [drone_home1.controller]: Going to [(29.639661, -82.361216)]: 1544.12 meters
[controller-2] [INFO] [1744575146.582385874] [drone_home1.controller]: Bearing: 250.19°
[controller-2] [INFO] [1744575146.584034497] [drone_home1.controller]: Going to [(29.639661, -82.361216)]: 1544.12 meters
[controller-2] [INFO] [1744575146.682613712] [drone_home1.controller]: Bearing: 250.19°
[controller-2] [INFO] [1744575146.684961490] [drone_home1.controller]: Going to [(29.639661, -82.361216)]: 1544.12 meters
[controller-2] [INFO] [1744575146.782519524] [drone_home1.controller]: Bearing: 250.19°
[controller-2] [INFO] [1744575146.784513500] [drone_home1.controller]: Going to [(29.639661, -82.361216)]: 1544.12 meters
[controller-2] [INFO] [1744575146.882506906] [drone_home1.controller]: Bearing: 250.19°
[controller-2] [INFO] [1744575146.884085671] [drone_home1.controller]: Going to [(29.639661, -82.361216)]: 1544.12 meters
[controller-2] [INFO] [1744575146.981662489] [drone_home1.controller]: Bearing: 250.19°
[controller-2] [INFO] [1744575146.982567603] [drone_home1.controller]: Going to [(29.639661, -82.361216)]: 1544.12 meters
[controller-2] [INFO] [1744575147.081545875] [drone_home1.controller]: Bearing: 250.19°
[controller-2] [INFO] [1744575147.082461517] [drone_home1.controller]: Going to [(29.639661, -82.361216)]: 1544.12 meters
[controller-2] [INFO] [1744575147.181610707] [drone_home1.controller]: Bearing: 250.19°
[controller-2] [INFO] [1744575147.182534157] [drone_home1.controller]: Going to [(29.639661, -82.361216)]: 1544.12 meters
[controller-2] [INFO] [1744575147.281515567] [drone_home1.controller]: Bearing: 250.19°
[controller-2] [INFO] [1744575147.282371271] [drone_home1.controller]: Going to [(29.639661, -82.361216)]: 1544.12 meters
[controller-2] [INFO] [1744575147.381579503] [drone_home1.controller]: Bearing: 250.19°
[controller-2] [INFO] [1744575147.382588012] [drone_home1.controller]: Going to [(29.639661, -82.361216)]: 1544.12 meters
[controller-2] [INFO] [1744575147.481746994] [drone_home1.controller]: Bearing: 250.19°
[controller-2] [INFO] [1744575147.483292190] [drone_home1.controller]: Going to [(29.639661, -82.361216)]: 1544.12 meters
[controller-2] [INFO] [1744575147.582443429] [drone_home1.controller]: Bearing: 250.19°
[controller-2] [INFO] [1744575147.584524800] [drone_home1.controller]: Going to [(29.639661, -82.361216)]: 1544.12 meters
[controller-2] [INFO] [1744575147.681894900] [drone_home1.controller]: Bearing: 250.19°
[controller-2] [INFO] [1744575147.682822126] [drone_home1.controller]: Going to [(29.639661, -82.361216)]: 1544.12 meters
[controller-2] [INFO] [1744575147.781730829] [drone_home1.controller]: Bearing: 250.19°
[controller-2] [INFO] [1744575147.782639399] [drone_home1.controller]: Going to [(29.639661, -82.361216)]: 1544.12 meters
[controller-2] [INFO] [1744575147.881686667] [drone_home1.controller]: Bearing: 250.19°
[controller-2] [INFO] [1744575147.882557540] [drone_home1.controller]: Going to [(29.639661, -82.361216)]: 1544.12 meters
[controller-2] [INFO] [1744575147.982421630] [drone_home1.controller]: Bearing: 250.19°
[controller-2] [INFO] [1744575147.984043852] [drone_home1.controller]: Going to [(29.639661, -82.361216)]: 1544.12 meters
[controller-2] [INFO] [1744575148.082463492] [drone_home1.controller]: Bearing: 250.19°
[controller-2] [INFO] [1744575148.084068242] [drone_home1.controller]: Going to [(29.639661, -82.361216)]: 1544.12 meters
[controller-2] [INFO] [1744575148.181513807] [drone_home1.controller]: Bearing: 250.19°
[controller-2] [INFO] [1744575148.182532300] [drone_home1.controller]: Going to [(29.639661, -82.361216)]: 1544.12 meters
[controller-2] [INFO] [1744575148.282354029] [drone_home1.controller]: Bearing: 250.19°
[controller-2] [INFO] [1744575148.283911577] [drone_home1.controller]: Going to [(29.639661, -82.361216)]: 1544.12 meters
[controller-2] [INFO] [1744575148.382352051] [drone_home1.controller]: Bearing: 250.19°
[controller-2] [INFO] [1744575148.384626228] [drone_home1.controller]: Going to [(29.639661, -82.361216)]: 1544.12 meters
[controller-2] [INFO] [1744575148.481629829] [drone_home1.controller]: Bearing: 250.19°
[controller-2] [INFO] [1744575148.484701340] [drone_home1.controller]: Going to [(29.639661, -82.361216)]: 1544.12 meters
[controller-2] [INFO] [1744575148.581929683] [drone_home1.controller]: Bearing: 250.19°
[controller-2] [INFO] [1744575148.584761412] [drone_home1.controller]: Going to [(29.639661, -82.361216)]: 1544.12 meters
[controller-2] [INFO] [1744575148.681587952] [drone_home1.controller]: Bearing: 250.19°
[controller-2] [INFO] [1744575148.682469993] [drone_home1.controller]: Going to [(29.639661, -82.361216)]: 1544.12 meters
[controller-2] [INFO] [1744575148.781823453] [drone_home1.controller]: Bearing: 250.19°
[controller-2] [INFO] [1744575148.782752599] [drone_home1.controller]: Going to [(29.639661, -82.361216)]: 1544.12 meters
[controller-2] [INFO] [1744575148.881626333] [drone_home1.controller]: Bearing: 250.19°
[controller-2] [INFO] [1744575148.882497782] [drone_home1.controller]: Going to [(29.639661, -82.361216)]: 1544.12 meters
[controller-2] [INFO] [1744575148.982603807] [drone_home1.controller]: Bearing: 250.19°
[controller-2] [INFO] [1744575148.984188812] [drone_home1.controller]: Going to [(29.639661, -82.361216)]: 1544.12 meters
[controller-2] [INFO] [1744575149.082341476] [drone_home1.controller]: Bearing: 250.19°
[controller-2] [INFO] [1744575149.084230074] [drone_home1.controller]: Going to [(29.639661, -82.361216)]: 1544.12 meters
[controller-2] [INFO] [1744575149.181999016] [drone_home1.controller]: Bearing: 250.19°
[controller-2] [INFO] [1744575149.182894593] [drone_home1.controller]: Going to [(29.639661, -82.361216)]: 1544.12 meters
[controller-2] [INFO] [1744575149.281855249] [drone_home1.controller]: Bearing: 250.19°
[controller-2] [INFO] [1744575149.282760171] [drone_home1.controller]: Going to [(29.639661, -82.361216)]: 1544.12 meters
[controller-2] [INFO] [1744575149.382405839] [drone_home1.controller]: Bearing: 250.19°
[controller-2] [INFO] [1744575149.384531884] [drone_home1.controller]: Going to [(29.639661, -82.361216)]: 1544.12 meters
[controller-2] [INFO] [1744575149.482366875] [drone_home1.controller]: Bearing: 250.19°
[controller-2] [INFO] [1744575149.484418518] [drone_home1.controller]: Going to [(29.639661, -82.361216)]: 1544.12 meters
[controller-2] [INFO] [1744575149.581942557] [drone_home1.controller]: Bearing: 250.19°
[controller-2] [INFO] [1744575149.582837751] [drone_home1.controller]: Going to [(29.639661, -82.361216)]: 1544.12 meters
[controller-2] [INFO] [1744575149.682374231] [drone_home1.controller]: Bearing: 250.19°
[controller-2] [INFO] [1744575149.684421746] [drone_home1.controller]: Going to [(29.639661, -82.361216)]: 1544.12 meters
[controller-2] [INFO] [1744575149.782387941] [drone_home1.controller]: Bearing: 250.19°
[controller-2] [INFO] [1744575149.784334589] [drone_home1.controller]: Going to [(29.639661, -82.361216)]: 1544.12 meters
[controller-2] [INFO] [1744575149.881946950] [drone_home1.controller]: Bearing: 250.19°
[controller-2] [INFO] [1744575149.883056326] [drone_home1.controller]: Going to [(29.639661, -82.361216)]: 1544.12 meters
[controller-2] [INFO] [1744575149.981790031] [drone_home1.controller]: Bearing: 250.19°
[controller-2] [INFO] [1744575149.982785580] [drone_home1.controller]: Going to [(29.639661, -82.361216)]: 1544.12 meters
[controller-2] [INFO] [1744575150.081579581] [drone_home1.controller]: Bearing: 250.19°
[controller-2] [INFO] [1744575150.082512120] [drone_home1.controller]: Going to [(29.639661, -82.361216)]: 1544.12 meters
[controller-2] [INFO] [1744575150.181724438] [drone_home1.controller]: Bearing: 250.19°
[controller-2] [INFO] [1744575150.182620432] [drone_home1.controller]: Going to [(29.639661, -82.361216)]: 1544.12 meters
[controller-2] [INFO] [1744575150.281588968] [drone_home1.controller]: Bearing: 250.19°
[controller-2] [INFO] [1744575150.282496610] [drone_home1.controller]: Going to [(29.639661, -82.361216)]: 1544.12 meters
[controller-2] [INFO] [1744575150.381558332] [drone_home1.controller]: Bearing: 250.19°
[controller-2] [INFO] [1744575150.382454518] [drone_home1.controller]: Going to [(29.639661, -82.361216)]: 1544.12 meters
[controller-2] [INFO] [1744575150.481609651] [drone_home1.controller]: Bearing: 250.19°
[controller-2] [INFO] [1744575150.482505932] [drone_home1.controller]: Going to [(29.639661, -82.361216)]: 1544.12 meters
[controller-2] [INFO] [1744575150.581518821] [drone_home1.controller]: Bearing: 250.19°
[controller-2] [INFO] [1744575150.582373822] [drone_home1.controller]: Going to [(29.639661, -82.361216)]: 1544.12 meters
[controller-2] [INFO] [1744575150.682358227] [drone_home1.controller]: Bearing: 250.19°
[controller-2] [INFO] [1744575150.684464751] [drone_home1.controller]: Going to [(29.639661, -82.361216)]: 1544.12 meters
[controller-2] [INFO] [1744575150.782333255] [drone_home1.controller]: Bearing: 250.19°
[controller-2] [INFO] [1744575150.784259454] [drone_home1.controller]: Going to [(29.639661, -82.361216)]: 1544.12 meters
[controller-2] [INFO] [1744575150.881675689] [drone_home1.controller]: Bearing: 250.19°
[controller-2] [INFO] [1744575150.882660262] [drone_home1.controller]: Going to [(29.639661, -82.361216)]: 1544.12 meters
[controller-2] [INFO] [1744575150.982054633] [drone_home1.controller]: Bearing: 250.19°
[controller-2] [INFO] [1744575150.982957603] [drone_home1.controller]: Going to [(29.639661, -82.361216)]: 1544.12 meters
[controller-2] [INFO] [1744575151.081647321] [drone_home1.controller]: Bearing: 250.19°
[controller-2] [INFO] [1744575151.082554323] [drone_home1.controller]: Going to [(29.639661, -82.361216)]: 1544.12 meters
[controller-2] [INFO] [1744575151.182371274] [drone_home1.controller]: Bearing: 250.19°
[controller-2] [INFO] [1744575151.184015514] [drone_home1.controller]: Going to [(29.639661, -82.361216)]: 1544.12 meters
[controller-2] [INFO] [1744575151.282396168] [drone_home1.controller]: Bearing: 250.19°
[controller-2] [INFO] [1744575151.284022166] [drone_home1.controller]: Going to [(29.639661, -82.361216)]: 1544.12 meters
[controller-2] [INFO] [1744575151.382361187] [drone_home1.controller]: Bearing: 250.19°
[controller-2] [INFO] [1744575151.383924112] [drone_home1.controller]: Going to [(29.639661, -82.361216)]: 1544.12 meters
[controller-2] [INFO] [1744575151.482372960] [drone_home1.controller]: Bearing: 250.19°
[controller-2] [INFO] [1744575151.484430235] [drone_home1.controller]: Going to [(29.639661, -82.361216)]: 1544.12 meters
[controller-2] [INFO] [1744575151.582605092] [drone_home1.controller]: Bearing: 250.19°
[controller-2] [INFO] [1744575151.584193745] [drone_home1.controller]: Going to [(29.639661, -82.361216)]: 1544.12 meters
[controller-2] [INFO] [1744575151.682384858] [drone_home1.controller]: Bearing: 250.19°
[controller-2] [INFO] [1744575151.683986472] [drone_home1.controller]: Going to [(29.639661, -82.361216)]: 1544.12 meters
[controller-2] [INFO] [1744575151.782429784] [drone_home1.controller]: Bearing: 250.19°
[controller-2] [INFO] [1744575151.784138409] [drone_home1.controller]: Going to [(29.639661, -82.361216)]: 1544.12 meters
[controller-2] [INFO] [1744575151.882456533] [drone_home1.controller]: Bearing: 250.19°
[controller-2] [INFO] [1744575151.884070532] [drone_home1.controller]: Going to [(29.639661, -82.361216)]: 1544.12 meters
[controller-2] [INFO] [1744575151.983127525] [drone_home1.controller]: Bearing: 250.19°
[controller-2] [INFO] [1744575151.984750036] [drone_home1.controller]: Going to [(29.639661, -82.361216)]: 1544.12 meters
[controller-2] [INFO] [1744575152.082563224] [drone_home1.controller]: Bearing: 250.19°
[controller-2] [INFO] [1744575152.084180678] [drone_home1.controller]: Going to [(29.639661, -82.361216)]: 1544.12 meters
[controller-2] [INFO] [1744575152.182415543] [drone_home1.controller]: Bearing: 250.19°
[controller-2] [INFO] [1744575152.184150857] [drone_home1.controller]: Going to [(29.639661, -82.361216)]: 1544.12 meters
[controller-2] [INFO] [1744575152.282351418] [drone_home1.controller]: Bearing: 250.19°
[controller-2] [INFO] [1744575152.284117036] [drone_home1.controller]: Going to [(29.639661, -82.361216)]: 1544.12 meters
[controller-2] [INFO] [1744575152.381649897] [drone_home1.controller]: Bearing: 250.19°
[controller-2] [INFO] [1744575152.382507522] [drone_home1.controller]: Going to [(29.639661, -82.361216)]: 1544.12 meters
[controller-2] [INFO] [1744575152.482831471] [drone_home1.controller]: Bearing: 250.19°
[controller-2] [INFO] [1744575152.484440574] [drone_home1.controller]: Going to [(29.639661, -82.361216)]: 1544.12 meters
[controller-2] [INFO] [1744575152.582857300] [drone_home1.controller]: Bearing: 250.19°
[controller-2] [INFO] [1744575152.584702057] [drone_home1.controller]: Going to [(29.639661, -82.361216)]: 1544.12 meters
[controller-2] [INFO] [1744575152.682562256] [drone_home1.controller]: Bearing: 250.19°
[controller-2] [INFO] [1744575152.684196287] [drone_home1.controller]: Going to [(29.639661, -82.361216)]: 1544.12 meters
[controller-2] [INFO] [1744575152.781624569] [drone_home1.controller]: Bearing: 250.19°
[controller-2] [INFO] [1744575152.782496242] [drone_home1.controller]: Going to [(29.639661, -82.361216)]: 1544.12 meters
[controller-2] [INFO] [1744575152.882371282] [drone_home1.controller]: Bearing: 250.19°
[controller-2] [INFO] [1744575152.883942304] [drone_home1.controller]: Going to [(29.639661, -82.361216)]: 1544.12 meters
[controller-2] [INFO] [1744575152.982410616] [drone_home1.controller]: Bearing: 250.19°
[controller-2] [INFO] [1744575152.984164650] [drone_home1.controller]: Going to [(29.639661, -82.361216)]: 1544.12 meters
[controller-2] [INFO] [1744575153.082634088] [drone_home1.controller]: Bearing: 250.19°
[controller-2] [INFO] [1744575153.084275831] [drone_home1.controller]: Going to [(29.639661, -82.361216)]: 1544.12 meters
[controller-2] [INFO] [1744575153.181559988] [drone_home1.controller]: Bearing: 250.19°
[controller-2] [INFO] [1744575153.182533104] [drone_home1.controller]: Going to [(29.639661, -82.361216)]: 1544.12 meters
[controller-2] [INFO] [1744575153.281905962] [drone_home1.controller]: Bearing: 250.19°
[controller-2] [INFO] [1744575153.282851877] [drone_home1.controller]: Going to [(29.639661, -82.361216)]: 1544.12 meters
[controller-2] [INFO] [1744575153.381800466] [drone_home1.controller]: Bearing: 250.19°
[controller-2] [INFO] [1744575153.382813807] [drone_home1.controller]: Going to [(29.639661, -82.361216)]: 1544.12 meters
[controller-2] [INFO] [1744575153.481772572] [drone_home1.controller]: Bearing: 250.19°
[controller-2] [INFO] [1744575153.482652310] [drone_home1.controller]: Going to [(29.639661, -82.361216)]: 1544.12 meters
[controller-2] [INFO] [1744575153.582332824] [drone_home1.controller]: Bearing: 250.19°
[controller-2] [INFO] [1744575153.584353875] [drone_home1.controller]: Going to [(29.639661, -82.361216)]: 1544.12 meters
[controller-2] [INFO] [1744575153.682437766] [drone_home1.controller]: Bearing: 250.19°
[controller-2] [INFO] [1744575153.684057045] [drone_home1.controller]: Going to [(29.639661, -82.361216)]: 1544.12 meters
[controller-2] [INFO] [1744575153.781780703] [drone_home1.controller]: Bearing: 250.19°
[controller-2] [INFO] [1744575153.782904319] [drone_home1.controller]: Going to [(29.639661, -82.361216)]: 1544.12 meters
[controller-2] [INFO] [1744575153.881605957] [drone_home1.controller]: Bearing: 250.19°
[controller-2] [INFO] [1744575153.882495679] [drone_home1.controller]: Going to [(29.639661, -82.361216)]: 1544.12 meters
[controller-2] [INFO] [1744575153.982343910] [drone_home1.controller]: Bearing: 250.19°
[controller-2] [INFO] [1744575153.983946996] [drone_home1.controller]: Going to [(29.639661, -82.361216)]: 1544.12 meters
[controller-2] [INFO] [1744575154.082648448] [drone_home1.controller]: Bearing: 250.19°
[controller-2] [INFO] [1744575154.084293200] [drone_home1.controller]: Going to [(29.639661, -82.361216)]: 1544.12 meters
[controller-2] [INFO] [1744575154.182951867] [drone_home1.controller]: Bearing: 250.19°
[controller-2] [INFO] [1744575154.184904980] [drone_home1.controller]: Going to [(29.639661, -82.361216)]: 1544.12 meters
[controller-2] [INFO] [1744575154.282804458] [drone_home1.controller]: Bearing: 250.19°
[controller-2] [INFO] [1744575154.284390360] [drone_home1.controller]: Going to [(29.639661, -82.361216)]: 1544.12 meters
[controller-2] [INFO] [1744575154.382382704] [drone_home1.controller]: Bearing: 250.19°
[controller-2] [INFO] [1744575154.383931325] [drone_home1.controller]: Going to [(29.639661, -82.361216)]: 1544.12 meters
[controller-2] [INFO] [1744575154.482434724] [drone_home1.controller]: Bearing: 250.19°
[controller-2] [INFO] [1744575154.484521473] [drone_home1.controller]: Going to [(29.639661, -82.361216)]: 1544.12 meters
[controller-2] [INFO] [1744575154.582939014] [drone_home1.controller]: Bearing: 250.19°
[controller-2] [INFO] [1744575154.584536212] [drone_home1.controller]: Going to [(29.639661, -82.361216)]: 1544.12 meters
[controller-2] [INFO] [1744575154.682397193] [drone_home1.controller]: Bearing: 250.19°
[controller-2] [INFO] [1744575154.684573928] [drone_home1.controller]: Going to [(29.639661, -82.361216)]: 1544.12 meters
[controller-2] [INFO] [1744575154.781659110] [drone_home1.controller]: Bearing: 250.19°
[controller-2] [INFO] [1744575154.782587713] [drone_home1.controller]: Going to [(29.639661, -82.361216)]: 1544.12 meters
[controller-2] [INFO] [1744575154.884538156] [drone_home1.controller]: Bearing: 250.19°
[controller-2] [INFO] [1744575154.887638182] [drone_home1.controller]: Going to [(29.639661, -82.361216)]: 1544.12 meters
[controller-2] [INFO] [1744575154.981658123] [drone_home1.controller]: Bearing: 250.19°
[controller-2] [INFO] [1744575154.982571430] [drone_home1.controller]: Going to [(29.639661, -82.361216)]: 1544.12 meters
[controller-2] [INFO] [1744575155.081828648] [drone_home1.controller]: Bearing: 250.19°
[controller-2] [INFO] [1744575155.083035083] [drone_home1.controller]: Going to [(29.639661, -82.361216)]: 1544.12 meters
[controller-2] [INFO] [1744575155.181723711] [drone_home1.controller]: Bearing: 250.19°
[controller-2] [INFO] [1744575155.182611897] [drone_home1.controller]: Going to [(29.639661, -82.361216)]: 1544.12 meters
[controller-2] [INFO] [1744575155.281766394] [drone_home1.controller]: Bearing: 250.19°
[controller-2] [INFO] [1744575155.282653236] [drone_home1.controller]: Going to [(29.639661, -82.361216)]: 1544.12 meters
[controller-2] [INFO] [1744575155.382467432] [drone_home1.controller]: Bearing: 250.19°
[controller-2] [INFO] [1744575155.384584294] [drone_home1.controller]: Going to [(29.639661, -82.361216)]: 1544.12 meters
[controller-2] [INFO] [1744575155.482377984] [drone_home1.controller]: Bearing: 250.19°
[controller-2] [INFO] [1744575155.484084945] [drone_home1.controller]: Going to [(29.639661, -82.361216)]: 1544.12 meters
[controller-2] [INFO] [1744575155.581585059] [drone_home1.controller]: Bearing: 250.19°
[controller-2] [INFO] [1744575155.582506461] [drone_home1.controller]: Going to [(29.639661, -82.361216)]: 1544.12 meters
[controller-2] [INFO] [1744575155.682441461] [drone_home1.controller]: Bearing: 250.19°
[controller-2] [INFO] [1744575155.684073221] [drone_home1.controller]: Going to [(29.639661, -82.361216)]: 1544.12 meters
[controller-2] [INFO] [1744575155.782409230] [drone_home1.controller]: Bearing: 250.19°
[controller-2] [INFO] [1744575155.784060350] [drone_home1.controller]: Going to [(29.639661, -82.361216)]: 1544.12 meters
[controller-2] [INFO] [1744575155.882528876] [drone_home1.controller]: Bearing: 250.19°
[controller-2] [INFO] [1744575155.884314239] [drone_home1.controller]: Going to [(29.639661, -82.361216)]: 1544.12 meters
[controller-2] [INFO] [1744575155.982351264] [drone_home1.controller]: Bearing: 250.19°
[controller-2] [INFO] [1744575155.983956847] [drone_home1.controller]: Going to [(29.639661, -82.361216)]: 1544.12 meters
[controller-2] [INFO] [1744575156.082631368] [drone_home1.controller]: Bearing: 250.19°
[controller-2] [INFO] [1744575156.084249175] [drone_home1.controller]: Going to [(29.639661, -82.361216)]: 1544.12 meters
[controller-2] [INFO] [1744575156.182927858] [drone_home1.controller]: Bearing: 250.19°
[controller-2] [INFO] [1744575156.184584290] [drone_home1.controller]: Going to [(29.639661, -82.361216)]: 1544.12 meters
[controller-2] [INFO] [1744575156.282458725] [drone_home1.controller]: Bearing: 250.19°
[controller-2] [INFO] [1744575156.283604518] [drone_home1.controller]: Going to [(29.639661, -82.361216)]: 1544.12 meters
[controller-2] [INFO] [1744575156.382366787] [drone_home1.controller]: Bearing: 250.19°
[controller-2] [INFO] [1744575156.383987635] [drone_home1.controller]: Going to [(29.639661, -82.361216)]: 1544.12 meters
[controller-2] [INFO] [1744575156.482386661] [drone_home1.controller]: Bearing: 250.19°
[controller-2] [INFO] [1744575156.485517088] [drone_home1.controller]: Going to [(29.639661, -82.361216)]: 1544.12 meters
[controller-2] [INFO] [1744575156.582417415] [drone_home1.controller]: Bearing: 250.19°
[controller-2] [INFO] [1744575156.584972145] [drone_home1.controller]: Going to [(29.639661, -82.361216)]: 1544.12 meters
[controller-2] [INFO] [1744575156.682369671] [drone_home1.controller]: Bearing: 250.19°
[controller-2] [INFO] [1744575156.683995030] [drone_home1.controller]: Going to [(29.639661, -82.361216)]: 1544.12 meters
[controller-2] [INFO] [1744575156.782454570] [drone_home1.controller]: Bearing: 250.19°
[controller-2] [INFO] [1744575156.784031032] [drone_home1.controller]: Going to [(29.639661, -82.361216)]: 1544.12 meters
[controller-2] [INFO] [1744575156.882383593] [drone_home1.controller]: Bearing: 250.19°
[controller-2] [INFO] [1744575156.884054842] [drone_home1.controller]: Going to [(29.639661, -82.361216)]: 1544.12 meters
[controller-2] [INFO] [1744575156.982456044] [drone_home1.controller]: Bearing: 250.19°
[controller-2] [INFO] [1744575156.984092348] [drone_home1.controller]: Going to [(29.639661, -82.361216)]: 1544.12 meters
[controller-2] [INFO] [1744575157.081709885] [drone_home1.controller]: Bearing: 250.19°
[controller-2] [INFO] [1744575157.083223017] [drone_home1.controller]: Going to [(29.639661, -82.361216)]: 1544.12 meters
[controller-2] [INFO] [1744575157.183501817] [drone_home1.controller]: Bearing: 250.19°
[controller-2] [INFO] [1744575157.184722685] [drone_home1.controller]: Going to [(29.639661, -82.361216)]: 1544.12 meters
[controller-2] [INFO] [1744575157.281772847] [drone_home1.controller]: Bearing: 250.19°
[controller-2] [INFO] [1744575157.282970450] [drone_home1.controller]: Going to [(29.639661, -82.361216)]: 1544.12 meters
[controller-2] [INFO] [1744575157.383582028] [drone_home1.controller]: Bearing: 250.19°
[controller-2] [INFO] [1744575157.384724653] [drone_home1.controller]: Going to [(29.639661, -82.361216)]: 1544.12 meters
[controller-2] [INFO] [1744575157.483013604] [drone_home1.controller]: Bearing: 250.19°
[controller-2] [INFO] [1744575157.483997184] [drone_home1.controller]: Going to [(29.639661, -82.361216)]: 1544.12 meters
[controller-2] [INFO] [1744575157.581795112] [drone_home1.controller]: Bearing: 250.19°
[controller-2] [INFO] [1744575157.582815782] [drone_home1.controller]: Going to [(29.639661, -82.361216)]: 1544.12 meters
[controller-2] [INFO] [1744575157.682754412] [drone_home1.controller]: Bearing: 250.19°
[controller-2] [INFO] [1744575157.684168694] [drone_home1.controller]: Going to [(29.639661, -82.361216)]: 1544.12 meters
[controller-2] [INFO] [1744575157.782598704] [drone_home1.controller]: Bearing: 250.19°
[controller-2] [INFO] [1744575157.783658063] [drone_home1.controller]: Going to [(29.639661, -82.361216)]: 1544.12 meters
[controller-2] [INFO] [1744575157.882523446] [drone_home1.controller]: Bearing: 250.19°
[controller-2] [INFO] [1744575157.884106308] [drone_home1.controller]: Going to [(29.639661, -82.361216)]: 1544.12 meters
[controller-2] [INFO] [1744575157.982291063] [drone_home1.controller]: Bearing: 250.19°
[controller-2] [INFO] [1744575157.984425302] [drone_home1.controller]: Going to [(29.639661, -82.361216)]: 1544.12 meters
[controller-2] [INFO] [1744575158.081583440] [drone_home1.controller]: Bearing: 250.19°
[controller-2] [INFO] [1744575158.082598350] [drone_home1.controller]: Going to [(29.639661, -82.361216)]: 1544.12 meters
[controller-2] [INFO] [1744575158.181520414] [drone_home1.controller]: Bearing: 250.19°
[controller-2] [INFO] [1744575158.182429848] [drone_home1.controller]: Going to [(29.639661, -82.361216)]: 1544.12 meters
[controller-2] [INFO] [1744575158.282831699] [drone_home1.controller]: Bearing: 250.19°
[controller-2] [INFO] [1744575158.284416161] [drone_home1.controller]: Going to [(29.639661, -82.361216)]: 1544.12 meters
[controller-2] [INFO] [1744575158.381729922] [drone_home1.controller]: Bearing: 250.19°
[controller-2] [INFO] [1744575158.382580443] [drone_home1.controller]: Going to [(29.639661, -82.361216)]: 1544.12 meters
[controller-2] [INFO] [1744575158.481947704] [drone_home1.controller]: Bearing: 250.19°
[controller-2] [INFO] [1744575158.483852399] [drone_home1.controller]: Going to [(29.639661, -82.361216)]: 1544.12 meters
[controller-2] [INFO] [1744575158.581595036] [drone_home1.controller]: Bearing: 250.19°
[controller-2] [INFO] [1744575158.582488151] [drone_home1.controller]: Going to [(29.639661, -82.361216)]: 1544.12 meters
[controller-2] [INFO] [1744575158.682032312] [drone_home1.controller]: Bearing: 250.19°
[controller-2] [INFO] [1744575158.683023637] [drone_home1.controller]: Going to [(29.639661, -82.361216)]: 1544.12 meters
[controller-2] [INFO] [1744575158.781764032] [drone_home1.controller]: Bearing: 250.19°
[controller-2] [INFO] [1744575158.782688571] [drone_home1.controller]: Going to [(29.639661, -82.361216)]: 1544.12 meters
[controller-2] [INFO] [1744575158.881883218] [drone_home1.controller]: Bearing: 250.19°
[controller-2] [INFO] [1744575158.882969426] [drone_home1.controller]: Going to [(29.639661, -82.361216)]: 1544.12 meters
[controller-2] [INFO] [1744575158.981796511] [drone_home1.controller]: Bearing: 250.19°
[controller-2] [INFO] [1744575158.982676057] [drone_home1.controller]: Going to [(29.639661, -82.361216)]: 1544.12 meters
[controller-2] [INFO] [1744575159.082114045] [drone_home1.controller]: Bearing: 250.19°
[controller-2] [INFO] [1744575159.085074516] [drone_home1.controller]: Going to [(29.639661, -82.361216)]: 1544.12 meters
[controller-2] [INFO] [1744575159.181949390] [drone_home1.controller]: Bearing: 250.19°
[controller-2] [INFO] [1744575159.182967820] [drone_home1.controller]: Going to [(29.639661, -82.361216)]: 1544.12 meters
[controller-2] [INFO] [1744575159.281667068] [drone_home1.controller]: Bearing: 250.19°
[controller-2] [INFO] [1744575159.284885627] [drone_home1.controller]: Going to [(29.639661, -82.361216)]: 1544.12 meters
[controller-2] [INFO] [1744575159.381541007] [drone_home1.controller]: Bearing: 250.19°
[controller-2] [INFO] [1744575159.385608038] [drone_home1.controller]: Going to [(29.639661, -82.361216)]: 1544.12 meters
[controller-2] [INFO] [1744575159.482467264] [drone_home1.controller]: Bearing: 250.19°
[controller-2] [INFO] [1744575159.484484443] [drone_home1.controller]: Going to [(29.639661, -82.361216)]: 1544.12 meters
[controller-2] [INFO] [1744575159.582365491] [drone_home1.controller]: Bearing: 250.19°
[controller-2] [INFO] [1744575159.583940706] [drone_home1.controller]: Going to [(29.639661, -82.361216)]: 1544.12 meters
[controller-2] [INFO] [1744575159.682696051] [drone_home1.controller]: Bearing: 250.19°
[controller-2] [INFO] [1744575159.684733263] [drone_home1.controller]: Going to [(29.639661, -82.361216)]: 1544.12 meters
[controller-2] [INFO] [1744575159.782399361] [drone_home1.controller]: Bearing: 250.19°
[controller-2] [INFO] [1744575159.783981807] [drone_home1.controller]: Going to [(29.639661, -82.361216)]: 1544.12 meters
[controller-2] [INFO] [1744575159.882375158] [drone_home1.controller]: Bearing: 250.19°
[controller-2] [INFO] [1744575159.883950628] [drone_home1.controller]: Going to [(29.639661, -82.361216)]: 1544.12 meters
[controller-2] [INFO] [1744575159.984115743] [drone_home1.controller]: Bearing: 250.19°
[controller-2] [INFO] [1744575159.986055096] [drone_home1.controller]: Going to [(29.639661, -82.361216)]: 1544.12 meters
[controller-2] [INFO] [1744575160.084392387] [drone_home1.controller]: Bearing: 250.19°
[controller-2] [INFO] [1744575160.085965202] [drone_home1.controller]: Going to [(29.639661, -82.361216)]: 1544.12 meters
[controller-2] [INFO] [1744575160.184034006] [drone_home1.controller]: Bearing: 250.19°
[controller-2] [INFO] [1744575160.185598724] [drone_home1.controller]: Going to [(29.639661, -82.361216)]: 1544.12 meters
[controller-2] [INFO] [1744575160.281654477] [drone_home1.controller]: Bearing: 250.19°
[controller-2] [INFO] [1744575160.282580360] [drone_home1.controller]: Going to [(29.639661, -82.361216)]: 1544.12 meters
[controller-2] [INFO] [1744575160.381674827] [drone_home1.controller]: Bearing: 250.19°
[controller-2] [INFO] [1744575160.382585158] [drone_home1.controller]: Going to [(29.639661, -82.361216)]: 1544.12 meters
[controller-2] [INFO] [1744575160.481757258] [drone_home1.controller]: Bearing: 250.19°
[controller-2] [INFO] [1744575160.482676805] [drone_home1.controller]: Going to [(29.639661, -82.361216)]: 1544.12 meters
[controller-2] [INFO] [1744575160.582400474] [drone_home1.controller]: Bearing: 250.19°
[controller-2] [INFO] [1744575160.584381877] [drone_home1.controller]: Going to [(29.639661, -82.361216)]: 1544.12 meters
[controller-2] [INFO] [1744575160.682356278] [drone_home1.controller]: Bearing: 250.19°
[controller-2] [INFO] [1744575160.683990278] [drone_home1.controller]: Going to [(29.639661, -82.361216)]: 1544.12 meters
[controller-2] [INFO] [1744575160.782374612] [drone_home1.controller]: Bearing: 250.19°
[controller-2] [INFO] [1744575160.783987299] [drone_home1.controller]: Going to [(29.639661, -82.361216)]: 1544.12 meters
[controller-2] [INFO] [1744575160.882442227] [drone_home1.controller]: Bearing: 250.19°
[controller-2] [INFO] [1744575160.884106500] [drone_home1.controller]: Going to [(29.639661, -82.361216)]: 1544.12 meters
