[INFO] [launch]: All log files can be found below /root/.ros/log/2025-04-13-16-30-09-121033-drone-home-7852
[INFO] [launch]: Default logging verbosity is set to INFO
[INFO] [cv_controller-1]: process started with pid [7856]
[INFO] [controller-2]: process started with pid [7858]
[INFO] [pwm_publisher-3]: process started with pid [7860]
[INFO] [gps_publisher-4]: process started with pid [7862]
[INFO] [imu_publisher-5]: process started with pid [7864]
[INFO] [drive_hardware-6]: process started with pid [7866]
[cv_controller-1] [INFO] [1744576210.711048837] [drone_home1.sim]: CV Controller running
[controller-2] [INFO] [1744576210.841871842] [drone_home1.controller]: Controller running
[gps_publisher-4] [INFO] [1744576210.961087702] [drone_home1.gps_publisher]: Connected GPS on /dev/ttyUSB0
[gps_publisher-4] [INFO] [1744576210.963796654] [drone_home1.gps_publisher]: GPS Initialized
[imu_publisher-5] [INFO] [1744576212.413784837] [drone_home1.imu_publisher]: Calibration status: (True, 'Calibration (sys:0, gyro:0, accel:3, mag:0)')
[controller-2] [INFO] [1744576214.100851000] [drone_home1.controller]: Bearing: 104.31°
[controller-2] [INFO] [1744576214.102604283] [drone_home1.controller]: Going to [(29.639661, -82.361216)]: 13.14 meters
[controller-2] [INFO] [1744576214.199551403] [drone_home1.controller]: Bearing: 104.31°
[controller-2] [INFO] [1744576214.200549859] [drone_home1.controller]: Going to [(29.639661, -82.361216)]: 13.14 meters
[controller-2] [INFO] [1744576214.299494659] [drone_home1.controller]: Bearing: 104.31°
[controller-2] [INFO] [1744576214.300441752] [drone_home1.controller]: Going to [(29.639661, -82.361216)]: 13.14 meters
[controller-2] [INFO] [1744576214.399605028] [drone_home1.controller]: Bearing: 104.31°
[controller-2] [INFO] [1744576214.400616285] [drone_home1.controller]: Going to [(29.639661, -82.361216)]: 13.14 meters
[controller-2] [INFO] [1744576214.500264292] [drone_home1.controller]: Bearing: 104.80°
[controller-2] [INFO] [1744576214.501249436] [drone_home1.controller]: Going to [(29.639661, -82.361216)]: 13.06 meters
[controller-2] [INFO] [1744576214.600007441] [drone_home1.controller]: Bearing: 104.80°
[controller-2] [INFO] [1744576214.603631580] [drone_home1.controller]: Going to [(29.639661, -82.361216)]: 13.06 meters
[controller-2] [INFO] [1744576214.700000972] [drone_home1.controller]: Bearing: 104.80°
[controller-2] [INFO] [1744576214.701028326] [drone_home1.controller]: Going to [(29.639661, -82.361216)]: 13.06 meters
[controller-2] [INFO] [1744576214.799708791] [drone_home1.controller]: Bearing: 104.80°
[controller-2] [INFO] [1744576214.800709839] [drone_home1.controller]: Going to [(29.639661, -82.361216)]: 13.06 meters
[controller-2] [INFO] [1744576214.899800023] [drone_home1.controller]: Bearing: 104.80°
[controller-2] [INFO] [1744576214.900831441] [drone_home1.controller]: Going to [(29.639661, -82.361216)]: 13.06 meters
[controller-2] [INFO] [1744576214.999715790] [drone_home1.controller]: Bearing: 105.46°
[controller-2] [INFO] [1744576215.000749256] [drone_home1.controller]: Going to [(29.639661, -82.361216)]: 13.06 meters
[controller-2] [INFO] [1744576215.099609474] [drone_home1.controller]: Bearing: 105.46°
[controller-2] [INFO] [1744576215.100705759] [drone_home1.controller]: Going to [(29.639661, -82.361216)]: 13.06 meters
[controller-2] [INFO] [1744576215.199643806] [drone_home1.controller]: Bearing: 105.46°
[controller-2] [INFO] [1744576215.203211846] [drone_home1.controller]: Going to [(29.639661, -82.361216)]: 13.06 meters
[controller-2] [INFO] [1744576215.299636504] [drone_home1.controller]: Bearing: 105.46°
[controller-2] [INFO] [1744576215.300698675] [drone_home1.controller]: Going to [(29.639661, -82.361216)]: 13.06 meters
[controller-2] [INFO] [1744576215.399753304] [drone_home1.controller]: Bearing: 105.46°
[controller-2] [INFO] [1744576215.400901369] [drone_home1.controller]: Going to [(29.639661, -82.361216)]: 13.06 meters
[controller-2] [INFO] [1744576215.500098374] [drone_home1.controller]: Bearing: 105.74°
[controller-2] [INFO] [1744576215.501325130] [drone_home1.controller]: Going to [(29.639661, -82.361216)]: 13.21 meters
[controller-2] [INFO] [1744576215.599768173] [drone_home1.controller]: Bearing: 105.74°
[controller-2] [INFO] [1744576215.600887756] [drone_home1.controller]: Going to [(29.639661, -82.361216)]: 13.21 meters
[controller-2] [INFO] [1744576215.699713444] [drone_home1.controller]: Bearing: 105.74°
[controller-2] [INFO] [1744576215.702506945] [drone_home1.controller]: Going to [(29.639661, -82.361216)]: 13.21 meters
[controller-2] [INFO] [1744576215.799950092] [drone_home1.controller]: Bearing: 105.74°
[controller-2] [INFO] [1744576215.802514139] [drone_home1.controller]: Going to [(29.639661, -82.361216)]: 13.21 meters
[controller-2] [INFO] [1744576215.901496732] [drone_home1.controller]: Bearing: 105.46°
[controller-2] [INFO] [1744576215.902837351] [drone_home1.controller]: Going to [(29.639661, -82.361216)]: 13.06 meters
[controller-2] [INFO] [1744576215.999700466] [drone_home1.controller]: Bearing: 105.74°
[controller-2] [INFO] [1744576216.000742956] [drone_home1.controller]: Going to [(29.639661, -82.361216)]: 13.21 meters
[controller-2] [INFO] [1744576216.100095041] [drone_home1.controller]: Bearing: 105.74°
[controller-2] [INFO] [1744576216.102729556] [drone_home1.controller]: Going to [(29.639661, -82.361216)]: 13.21 meters
[controller-2] [INFO] [1744576216.199750631] [drone_home1.controller]: Bearing: 105.74°
[controller-2] [INFO] [1744576216.203161157] [drone_home1.controller]: Going to [(29.639661, -82.361216)]: 13.21 meters
[controller-2] [INFO] [1744576216.299651962] [drone_home1.controller]: Bearing: 105.74°
[controller-2] [INFO] [1744576216.302227242] [drone_home1.controller]: Going to [(29.639661, -82.361216)]: 13.21 meters
[controller-2] [INFO] [1744576216.399598192] [drone_home1.controller]: Bearing: 105.74°
[controller-2] [INFO] [1744576216.400573767] [drone_home1.controller]: Going to [(29.639661, -82.361216)]: 13.21 meters
[controller-2] [INFO] [1744576216.499717232] [drone_home1.controller]: Bearing: 105.74°
[controller-2] [INFO] [1744576216.500695046] [drone_home1.controller]: Going to [(29.639661, -82.361216)]: 13.21 meters
[controller-2] [INFO] [1744576216.599598114] [drone_home1.controller]: Bearing: 105.74°
[controller-2] [INFO] [1744576216.600626492] [drone_home1.controller]: Going to [(29.639661, -82.361216)]: 13.21 meters
[controller-2] [INFO] [1744576216.699575898] [drone_home1.controller]: Bearing: 105.74°
[controller-2] [INFO] [1744576216.700607220] [drone_home1.controller]: Going to [(29.639661, -82.361216)]: 13.21 meters
[controller-2] [INFO] [1744576216.799560370] [drone_home1.controller]: Bearing: 105.74°
[controller-2] [INFO] [1744576216.800556842] [drone_home1.controller]: Going to [(29.639661, -82.361216)]: 13.21 meters
[controller-2] [INFO] [1744576216.899667249] [drone_home1.controller]: Bearing: 105.74°
[controller-2] [INFO] [1744576216.900613638] [drone_home1.controller]: Going to [(29.639661, -82.361216)]: 13.21 meters
[controller-2] [INFO] [1744576216.999938201] [drone_home1.controller]: Bearing: 105.74°
[controller-2] [INFO] [1744576217.002651601] [drone_home1.controller]: Going to [(29.639661, -82.361216)]: 13.21 meters
[controller-2] [INFO] [1744576217.099458582] [drone_home1.controller]: Bearing: 105.74°
[controller-2] [INFO] [1744576217.100506481] [drone_home1.controller]: Going to [(29.639661, -82.361216)]: 13.21 meters
[controller-2] [INFO] [1744576217.199754046] [drone_home1.controller]: Bearing: 105.74°
[controller-2] [INFO] [1744576217.200724085] [drone_home1.controller]: Going to [(29.639661, -82.361216)]: 13.21 meters
[controller-2] [INFO] [1744576217.299847868] [drone_home1.controller]: Bearing: 105.74°
[controller-2] [INFO] [1744576217.300808817] [drone_home1.controller]: Going to [(29.639661, -82.361216)]: 13.21 meters
[controller-2] [INFO] [1744576217.404759910] [drone_home1.controller]: Bearing: 105.74°
[controller-2] [INFO] [1744576217.405780959] [drone_home1.controller]: Going to [(29.639661, -82.361216)]: 13.21 meters
[controller-2] [INFO] [1744576217.500039318] [drone_home1.controller]: Bearing: 105.74°
[controller-2] [INFO] [1744576217.501005964] [drone_home1.controller]: Going to [(29.639661, -82.361216)]: 13.21 meters
[controller-2] [INFO] [1744576217.600640847] [drone_home1.controller]: Bearing: 105.46°
[controller-2] [INFO] [1744576217.601888373] [drone_home1.controller]: Going to [(29.639661, -82.361216)]: 13.06 meters
[controller-2] [INFO] [1744576217.700161837] [drone_home1.controller]: Bearing: 105.36°
[controller-2] [INFO] [1744576217.701965617] [drone_home1.controller]: Going to [(29.639661, -82.361216)]: 12.84 meters
[controller-2] [INFO] [1744576217.800647360] [drone_home1.controller]: Bearing: 105.61°
[controller-2] [INFO] [1744576217.801801728] [drone_home1.controller]: Going to [(29.639661, -82.361216)]: 12.62 meters
[controller-2] [INFO] [1744576217.899572891] [drone_home1.controller]: Bearing: 105.61°
[controller-2] [INFO] [1744576217.900536241] [drone_home1.controller]: Going to [(29.639661, -82.361216)]: 12.62 meters
[controller-2] [INFO] [1744576217.999675609] [drone_home1.controller]: Bearing: 105.73°
[controller-2] [INFO] [1744576218.000673617] [drone_home1.controller]: Going to [(29.639661, -82.361216)]: 12.33 meters
[controller-2] [INFO] [1744576218.099418945] [drone_home1.controller]: Bearing: 105.42°
[controller-2] [INFO] [1744576218.100386167] [drone_home1.controller]: Going to [(29.639661, -82.361216)]: 12.18 meters
[controller-2] [INFO] [1744576218.199553600] [drone_home1.controller]: Bearing: 105.42°
[controller-2] [INFO] [1744576218.200567512] [drone_home1.controller]: Going to [(29.639661, -82.361216)]: 12.18 meters
[controller-2] [INFO] [1744576218.299593753] [drone_home1.controller]: Bearing: 105.63°
[controller-2] [INFO] [1744576218.302342546] [drone_home1.controller]: Going to [(29.639661, -82.361216)]: 12.11 meters
[controller-2] [INFO] [1744576218.399559566] [drone_home1.controller]: Bearing: 105.48°
[controller-2] [INFO] [1744576218.400636106] [drone_home1.controller]: Going to [(29.639661, -82.361216)]: 12.04 meters
[controller-2] [INFO] [1744576218.499487456] [drone_home1.controller]: Bearing: 105.48°
[controller-2] [INFO] [1744576218.500456918] [drone_home1.controller]: Going to [(29.639661, -82.361216)]: 12.04 meters
[controller-2] [INFO] [1744576218.599672801] [drone_home1.controller]: Bearing: 105.91°
[controller-2] [INFO] [1744576218.600933512] [drone_home1.controller]: Going to [(29.639661, -82.361216)]: 11.89 meters
[controller-2] [INFO] [1744576218.700380256] [drone_home1.controller]: Bearing: 105.91°
[controller-2] [INFO] [1744576218.701434683] [drone_home1.controller]: Going to [(29.639661, -82.361216)]: 11.89 meters
[controller-2] [INFO] [1744576218.803655918] [drone_home1.controller]: Bearing: 106.04°
[controller-2] [INFO] [1744576218.806138072] [drone_home1.controller]: Going to [(29.639661, -82.361216)]: 11.60 meters
[controller-2] [INFO] [1744576218.899707015] [drone_home1.controller]: Bearing: 106.04°
[controller-2] [INFO] [1744576218.900754082] [drone_home1.controller]: Going to [(29.639661, -82.361216)]: 11.60 meters
[controller-2] [INFO] [1744576219.000424038] [drone_home1.controller]: Bearing: 106.04°
[controller-2] [INFO] [1744576219.003980333] [drone_home1.controller]: Going to [(29.639661, -82.361216)]: 11.60 meters
[controller-2] [INFO] [1744576219.099594638] [drone_home1.controller]: Bearing: 106.04°
[controller-2] [INFO] [1744576219.100711468] [drone_home1.controller]: Going to [(29.639661, -82.361216)]: 11.60 meters
[controller-2] [INFO] [1744576219.199658023] [drone_home1.controller]: Bearing: 105.59°
[controller-2] [INFO] [1744576219.200669759] [drone_home1.controller]: Going to [(29.639661, -82.361216)]: 11.75 meters
[controller-2] [INFO] [1744576219.299689982] [drone_home1.controller]: Bearing: 105.59°
[controller-2] [INFO] [1744576219.300644244] [drone_home1.controller]: Going to [(29.639661, -82.361216)]: 11.75 meters
[controller-2] [INFO] [1744576219.399588302] [drone_home1.controller]: Bearing: 105.59°
[controller-2] [INFO] [1744576219.400557380] [drone_home1.controller]: Going to [(29.639661, -82.361216)]: 11.75 meters
[controller-2] [INFO] [1744576219.500850890] [drone_home1.controller]: Bearing: 105.59°
[controller-2] [INFO] [1744576219.501957256] [drone_home1.controller]: Going to [(29.639661, -82.361216)]: 11.75 meters
[controller-2] [INFO] [1744576219.599770180] [drone_home1.controller]: Bearing: 105.59°
[controller-2] [INFO] [1744576219.600828159] [drone_home1.controller]: Going to [(29.639661, -82.361216)]: 11.75 meters
[controller-2] [INFO] [1744576219.699657299] [drone_home1.controller]: Bearing: 105.59°
[controller-2] [INFO] [1744576219.700594151] [drone_home1.controller]: Going to [(29.639661, -82.361216)]: 11.75 meters
[controller-2] [INFO] [1744576219.799805937] [drone_home1.controller]: Bearing: 106.04°
[controller-2] [INFO] [1744576219.800826442] [drone_home1.controller]: Going to [(29.639661, -82.361216)]: 11.60 meters
[controller-2] [INFO] [1744576219.899790438] [drone_home1.controller]: Bearing: 106.42°
[controller-2] [INFO] [1744576219.902870994] [drone_home1.controller]: Going to [(29.639661, -82.361216)]: 11.24 meters
[controller-2] [INFO] [1744576219.999924963] [drone_home1.controller]: Bearing: 106.75°
[controller-2] [INFO] [1744576220.001047522] [drone_home1.controller]: Going to [(29.639661, -82.361216)]: 11.03 meters
[controller-2] [INFO] [1744576220.099942136] [drone_home1.controller]: Bearing: 106.66°
[controller-2] [INFO] [1744576220.103001987] [drone_home1.controller]: Going to [(29.639661, -82.361216)]: 10.81 meters
[controller-2] [INFO] [1744576220.199714016] [drone_home1.controller]: Bearing: 106.66°
[controller-2] [INFO] [1744576220.200757435] [drone_home1.controller]: Going to [(29.639661, -82.361216)]: 10.81 meters
[controller-2] [INFO] [1744576220.299653553] [drone_home1.controller]: Bearing: 107.20°
[controller-2] [INFO] [1744576220.300671818] [drone_home1.controller]: Going to [(29.639661, -82.361216)]: 10.67 meters
[controller-2] [INFO] [1744576220.399635301] [drone_home1.controller]: Bearing: 107.20°
[controller-2] [INFO] [1744576220.400593050] [drone_home1.controller]: Going to [(29.639661, -82.361216)]: 10.67 meters
[controller-2] [INFO] [1744576220.499609464] [drone_home1.controller]: Bearing: 107.20°
[controller-2] [INFO] [1744576220.500612496] [drone_home1.controller]: Going to [(29.639661, -82.361216)]: 10.67 meters
[controller-2] [INFO] [1744576220.599661968] [drone_home1.controller]: Bearing: 108.15°
[controller-2] [INFO] [1744576220.600681256] [drone_home1.controller]: Going to [(29.639661, -82.361216)]: 10.70 meters
[controller-2] [INFO] [1744576220.699620994] [drone_home1.controller]: Bearing: 107.57°
[controller-2] [INFO] [1744576220.700659644] [drone_home1.controller]: Going to [(29.639661, -82.361216)]: 10.83 meters
[controller-2] [INFO] [1744576220.799548946] [drone_home1.controller]: Bearing: 107.57°
[controller-2] [INFO] [1744576220.800547242] [drone_home1.controller]: Going to [(29.639661, -82.361216)]: 10.83 meters
[controller-2] [INFO] [1744576220.899642956] [drone_home1.controller]: Bearing: 107.57°
[controller-2] [INFO] [1744576220.900716712] [drone_home1.controller]: Going to [(29.639661, -82.361216)]: 10.83 meters
[controller-2] [INFO] [1744576220.999573693] [drone_home1.controller]: Bearing: 107.02°
[controller-2] [INFO] [1744576221.000580789] [drone_home1.controller]: Going to [(29.639661, -82.361216)]: 10.96 meters
[controller-2] [INFO] [1744576221.100805493] [drone_home1.controller]: Bearing: 106.75°
[controller-2] [INFO] [1744576221.101741033] [drone_home1.controller]: Going to [(29.639661, -82.361216)]: 11.03 meters
[controller-2] [INFO] [1744576221.199668457] [drone_home1.controller]: Bearing: 106.93°
[controller-2] [INFO] [1744576221.200605181] [drone_home1.controller]: Going to [(29.639661, -82.361216)]: 11.11 meters
[controller-2] [INFO] [1744576221.301833717] [drone_home1.controller]: Bearing: 106.76°
[controller-2] [INFO] [1744576221.304171960] [drone_home1.controller]: Going to [(29.639661, -82.361216)]: 11.40 meters
[controller-2] [INFO] [1744576221.401727171] [drone_home1.controller]: Bearing: 106.76°
[controller-2] [INFO] [1744576221.405550361] [drone_home1.controller]: Going to [(29.639661, -82.361216)]: 11.40 meters
[controller-2] [INFO] [1744576221.500236483] [drone_home1.controller]: Bearing: 106.60°
[controller-2] [INFO] [1744576221.501194393] [drone_home1.controller]: Going to [(29.639661, -82.361216)]: 11.68 meters
[controller-2] [INFO] [1744576221.599879107] [drone_home1.controller]: Bearing: 107.10°
[controller-2] [INFO] [1744576221.603701880] [drone_home1.controller]: Going to [(29.639661, -82.361216)]: 11.55 meters
[controller-2] [INFO] [1744576221.700144581] [drone_home1.controller]: Bearing: 107.10°
[controller-2] [INFO] [1744576221.703208752] [drone_home1.controller]: Going to [(29.639661, -82.361216)]: 11.55 meters
[controller-2] [INFO] [1744576221.799925676] [drone_home1.controller]: Bearing: 107.10°
[controller-2] [INFO] [1744576221.802531806] [drone_home1.controller]: Going to [(29.639661, -82.361216)]: 11.55 meters
[controller-2] [INFO] [1744576221.900093961] [drone_home1.controller]: Bearing: 107.10°
[controller-2] [INFO] [1744576221.901121922] [drone_home1.controller]: Going to [(29.639661, -82.361216)]: 11.55 meters
[controller-2] [INFO] [1744576222.000023864] [drone_home1.controller]: Bearing: 107.10°
[controller-2] [INFO] [1744576222.002871896] [drone_home1.controller]: Going to [(29.639661, -82.361216)]: 11.55 meters
[controller-2] [INFO] [1744576222.099985513] [drone_home1.controller]: Bearing: 107.10°
[controller-2] [INFO] [1744576222.101072997] [drone_home1.controller]: Going to [(29.639661, -82.361216)]: 11.55 meters
[controller-2] [INFO] [1744576222.199684938] [drone_home1.controller]: Bearing: 106.76°
[controller-2] [INFO] [1744576222.200679970] [drone_home1.controller]: Going to [(29.639661, -82.361216)]: 11.40 meters
[controller-2] [INFO] [1744576222.299792771] [drone_home1.controller]: Bearing: 106.76°
[controller-2] [INFO] [1744576222.303965452] [drone_home1.controller]: Going to [(29.639661, -82.361216)]: 11.40 meters
[controller-2] [INFO] [1744576222.399614187] [drone_home1.controller]: Bearing: 107.28°
[controller-2] [INFO] [1744576222.400645029] [drone_home1.controller]: Going to [(29.639661, -82.361216)]: 11.26 meters
[controller-2] [INFO] [1744576222.499782983] [drone_home1.controller]: Bearing: 107.28°
[controller-2] [INFO] [1744576222.503749700] [drone_home1.controller]: Going to [(29.639661, -82.361216)]: 11.26 meters
[controller-2] [INFO] [1744576222.600044264] [drone_home1.controller]: Bearing: 107.28°
[controller-2] [INFO] [1744576222.601106307] [drone_home1.controller]: Going to [(29.639661, -82.361216)]: 11.26 meters
[controller-2] [INFO] [1744576222.699520413] [drone_home1.controller]: Bearing: 107.63°
[controller-2] [INFO] [1744576222.704183489] [drone_home1.controller]: Going to [(29.639661, -82.361216)]: 11.42 meters
[controller-2] [INFO] [1744576222.800319900] [drone_home1.controller]: Bearing: 107.63°
[controller-2] [INFO] [1744576222.803329828] [drone_home1.controller]: Going to [(29.639661, -82.361216)]: 11.42 meters
[controller-2] [INFO] [1744576222.899944505] [drone_home1.controller]: Bearing: 107.80°
[controller-2] [INFO] [1744576222.900964722] [drone_home1.controller]: Going to [(29.639661, -82.361216)]: 11.49 meters
[controller-2] [INFO] [1744576222.999627322] [drone_home1.controller]: Bearing: 107.80°
[controller-2] [INFO] [1744576223.000742104] [drone_home1.controller]: Going to [(29.639661, -82.361216)]: 11.49 meters
[controller-2] [INFO] [1744576223.099801013] [drone_home1.controller]: Bearing: 107.80°
[controller-2] [INFO] [1744576223.102503788] [drone_home1.controller]: Going to [(29.639661, -82.361216)]: 11.49 meters
[controller-2] [INFO] [1744576223.200507470] [drone_home1.controller]: Bearing: 108.15°
[controller-2] [INFO] [1744576223.201633196] [drone_home1.controller]: Going to [(29.639661, -82.361216)]: 11.65 meters
[controller-2] [INFO] [1744576223.300245008] [drone_home1.controller]: Bearing: 107.61°
[controller-2] [INFO] [1744576223.303270489] [drone_home1.controller]: Going to [(29.639661, -82.361216)]: 11.78 meters
[controller-2] [INFO] [1744576223.400283588] [drone_home1.controller]: Bearing: 107.61°
[controller-2] [INFO] [1744576223.401244761] [drone_home1.controller]: Going to [(29.639661, -82.361216)]: 11.78 meters
[controller-2] [INFO] [1744576223.499715125] [drone_home1.controller]: Bearing: 107.10°
[controller-2] [INFO] [1744576223.500928441] [drone_home1.controller]: Going to [(29.639661, -82.361216)]: 11.91 meters
[controller-2] [INFO] [1744576223.599904849] [drone_home1.controller]: Bearing: 107.18°
[controller-2] [INFO] [1744576223.600973453] [drone_home1.controller]: Going to [(29.639661, -82.361216)]: 12.14 meters
[controller-2] [INFO] [1744576223.700157712] [drone_home1.controller]: Bearing: 106.70°
[controller-2] [INFO] [1744576223.703578351] [drone_home1.controller]: Going to [(29.639661, -82.361216)]: 12.27 meters
[controller-2] [INFO] [1744576223.799678119] [drone_home1.controller]: Bearing: 106.25°
[controller-2] [INFO] [1744576223.808036442] [drone_home1.controller]: Going to [(29.639661, -82.361216)]: 12.41 meters
[controller-2] [INFO] [1744576223.899763805] [drone_home1.controller]: Bearing: 106.18°
[controller-2] [INFO] [1744576223.900746932] [drone_home1.controller]: Going to [(29.639661, -82.361216)]: 12.55 meters
[controller-2] [INFO] [1744576224.000627838] [drone_home1.controller]: Bearing: 105.94°
[controller-2] [INFO] [1744576224.001610709] [drone_home1.controller]: Going to [(29.639661, -82.361216)]: 13.13 meters
[controller-2] [INFO] [1744576224.100685266] [drone_home1.controller]: Bearing: 105.88°
[controller-2] [INFO] [1744576224.101734572] [drone_home1.controller]: Going to [(29.639661, -82.361216)]: 13.28 meters
[controller-2] [INFO] [1744576224.200438740] [drone_home1.controller]: Bearing: 105.88°
[controller-2] [INFO] [1744576224.201450221] [drone_home1.controller]: Going to [(29.639661, -82.361216)]: 13.28 meters
[controller-2] [INFO] [1744576224.299742238] [drone_home1.controller]: Bearing: 106.17°
[controller-2] [INFO] [1744576224.300690899] [drone_home1.controller]: Going to [(29.639661, -82.361216)]: 13.43 meters
[controller-2] [INFO] [1744576224.399605286] [drone_home1.controller]: Bearing: 106.45°
[controller-2] [INFO] [1744576224.400598046] [drone_home1.controller]: Going to [(29.639661, -82.361216)]: 13.58 meters
[controller-2] [INFO] [1744576224.499656409] [drone_home1.controller]: Bearing: 106.05°
[controller-2] [INFO] [1744576224.500614991] [drone_home1.controller]: Going to [(29.639661, -82.361216)]: 13.72 meters
[controller-2] [INFO] [1744576224.599557316] [drone_home1.controller]: Bearing: 106.05°
[controller-2] [INFO] [1744576224.600519322] [drone_home1.controller]: Going to [(29.639661, -82.361216)]: 13.72 meters
[controller-2] [INFO] [1744576224.699648025] [drone_home1.controller]: Bearing: 106.05°
[controller-2] [INFO] [1744576224.701226257] [drone_home1.controller]: Going to [(29.639661, -82.361216)]: 13.72 meters
[controller-2] [INFO] [1744576224.800069889] [drone_home1.controller]: Bearing: 106.05°
[controller-2] [INFO] [1744576224.801049239] [drone_home1.controller]: Going to [(29.639661, -82.361216)]: 13.72 meters
[controller-2] [INFO] [1744576224.900417412] [drone_home1.controller]: Bearing: 106.05°
[controller-2] [INFO] [1744576224.901512450] [drone_home1.controller]: Going to [(29.639661, -82.361216)]: 13.72 meters
[controller-2] [INFO] [1744576225.000576669] [drone_home1.controller]: Bearing: 105.67°
[controller-2] [INFO] [1744576225.001905992] [drone_home1.controller]: Going to [(29.639661, -82.361216)]: 13.86 meters
[controller-2] [INFO] [1744576225.101049191] [drone_home1.controller]: Bearing: 105.67°
[controller-2] [INFO] [1744576225.102852620] [drone_home1.controller]: Going to [(29.639661, -82.361216)]: 13.86 meters
[controller-2] [INFO] [1744576225.199592805] [drone_home1.controller]: Bearing: 106.05°
[controller-2] [INFO] [1744576225.201682265] [drone_home1.controller]: Going to [(29.639661, -82.361216)]: 13.72 meters
[controller-2] [INFO] [1744576225.299819617] [drone_home1.controller]: Bearing: 106.05°
[controller-2] [INFO] [1744576225.300869499] [drone_home1.controller]: Going to [(29.639661, -82.361216)]: 13.72 meters
[controller-2] [INFO] [1744576225.399592195] [drone_home1.controller]: Bearing: 105.67°
[controller-2] [INFO] [1744576225.400597275] [drone_home1.controller]: Going to [(29.639661, -82.361216)]: 13.86 meters
[controller-2] [INFO] [1744576225.501265487] [drone_home1.controller]: Bearing: 105.67°
[controller-2] [INFO] [1744576225.503209020] [drone_home1.controller]: Going to [(29.639661, -82.361216)]: 13.86 meters
[controller-2] [INFO] [1744576225.599889554] [drone_home1.controller]: Bearing: 105.67°
[controller-2] [INFO] [1744576225.601141336] [drone_home1.controller]: Going to [(29.639661, -82.361216)]: 13.86 meters
[controller-2] [INFO] [1744576225.700360539] [drone_home1.controller]: Bearing: 105.81°
[controller-2] [INFO] [1744576225.703800411] [drone_home1.controller]: Going to [(29.639661, -82.361216)]: 13.94 meters
[controller-2] [INFO] [1744576225.800455504] [drone_home1.controller]: Bearing: 105.81°
[controller-2] [INFO] [1744576225.801909537] [drone_home1.controller]: Going to [(29.639661, -82.361216)]: 13.94 meters
[controller-2] [INFO] [1744576225.900532963] [drone_home1.controller]: Bearing: 105.62°
[controller-2] [INFO] [1744576225.902368681] [drone_home1.controller]: Going to [(29.639661, -82.361216)]: 14.01 meters
[controller-2] [INFO] [1744576225.999624895] [drone_home1.controller]: Bearing: 105.26°
[controller-2] [INFO] [1744576226.001026126] [drone_home1.controller]: Going to [(29.639661, -82.361216)]: 14.15 meters
[controller-2] [INFO] [1744576226.100399673] [drone_home1.controller]: Bearing: 105.52°
[controller-2] [INFO] [1744576226.101689761] [drone_home1.controller]: Going to [(29.639661, -82.361216)]: 14.30 meters
[controller-2] [INFO] [1744576226.199575609] [drone_home1.controller]: Bearing: 104.92°
[controller-2] [INFO] [1744576226.200686487] [drone_home1.controller]: Going to [(29.639661, -82.361216)]: 14.30 meters
[controller-2] [INFO] [1744576226.300130022] [drone_home1.controller]: Bearing: 104.75°
[controller-2] [INFO] [1744576226.301426958] [drone_home1.controller]: Going to [(29.639661, -82.361216)]: 14.37 meters
[controller-2] [INFO] [1744576226.400124179] [drone_home1.controller]: Bearing: 105.01°
[controller-2] [INFO] [1744576226.401124587] [drone_home1.controller]: Going to [(29.639661, -82.361216)]: 14.52 meters
[controller-2] [INFO] [1744576226.499726379] [drone_home1.controller]: Bearing: 104.68°
[controller-2] [INFO] [1744576226.500691265] [drone_home1.controller]: Going to [(29.639661, -82.361216)]: 14.66 meters
[controller-2] [INFO] [1744576226.600924444] [drone_home1.controller]: Bearing: 104.37°
[controller-2] [INFO] [1744576226.604322938] [drone_home1.controller]: Going to [(29.639661, -82.361216)]: 14.81 meters
[controller-2] [INFO] [1744576226.700184097] [drone_home1.controller]: Bearing: 104.61°
[controller-2] [INFO] [1744576226.701184249] [drone_home1.controller]: Going to [(29.639661, -82.361216)]: 14.96 meters
[controller-2] [INFO] [1744576226.799918816] [drone_home1.controller]: Bearing: 104.61°
[controller-2] [INFO] [1744576226.800880342] [drone_home1.controller]: Going to [(29.639661, -82.361216)]: 14.96 meters
[controller-2] [INFO] [1744576226.901169044] [drone_home1.controller]: Bearing: 104.61°
[controller-2] [INFO] [1744576226.903398224] [drone_home1.controller]: Going to [(29.639661, -82.361216)]: 14.96 meters
[controller-2] [INFO] [1744576226.999667534] [drone_home1.controller]: Bearing: 104.73°
[controller-2] [INFO] [1744576227.001253767] [drone_home1.controller]: Going to [(29.639661, -82.361216)]: 15.03 meters
[controller-2] [INFO] [1744576227.099845605] [drone_home1.controller]: Bearing: 104.58°
[controller-2] [INFO] [1744576227.100844477] [drone_home1.controller]: Going to [(29.639661, -82.361216)]: 15.10 meters
[controller-2] [INFO] [1744576227.199653415] [drone_home1.controller]: Bearing: 104.58°
[controller-2] [INFO] [1744576227.200641790] [drone_home1.controller]: Going to [(29.639661, -82.361216)]: 15.10 meters
[controller-2] [INFO] [1744576227.301744169] [drone_home1.controller]: Bearing: 104.73°
[controller-2] [INFO] [1744576227.302678109] [drone_home1.controller]: Going to [(29.639661, -82.361216)]: 15.03 meters
[controller-2] [INFO] [1744576227.399582461] [drone_home1.controller]: Bearing: 105.26°
[controller-2] [INFO] [1744576227.402010405] [drone_home1.controller]: Going to [(29.639661, -82.361216)]: 14.66 meters
[controller-2] [INFO] [1744576227.499673519] [drone_home1.controller]: Bearing: 105.18°
[controller-2] [INFO] [1744576227.501967471] [drone_home1.controller]: Going to [(29.639661, -82.361216)]: 14.44 meters
[controller-2] [INFO] [1744576227.600258493] [drone_home1.controller]: Bearing: 105.18°
[controller-2] [INFO] [1744576227.601207954] [drone_home1.controller]: Going to [(29.639661, -82.361216)]: 14.44 meters
[controller-2] [INFO] [1744576227.699803184] [drone_home1.controller]: Bearing: 105.18°
[controller-2] [INFO] [1744576227.700915759] [drone_home1.controller]: Going to [(29.639661, -82.361216)]: 14.44 meters
[controller-2] [INFO] [1744576227.799690999] [drone_home1.controller]: Bearing: 105.18°
[controller-2] [INFO] [1744576227.800740530] [drone_home1.controller]: Going to [(29.639661, -82.361216)]: 14.44 meters
[controller-2] [INFO] [1744576227.899642209] [drone_home1.controller]: Bearing: 105.18°
[controller-2] [INFO] [1744576227.901299166] [drone_home1.controller]: Going to [(29.639661, -82.361216)]: 14.44 meters
[controller-2] [INFO] [1744576228.000188525] [drone_home1.controller]: Bearing: 105.18°
[controller-2] [INFO] [1744576228.001315692] [drone_home1.controller]: Going to [(29.639661, -82.361216)]: 14.44 meters
[controller-2] [INFO] [1744576228.100017071] [drone_home1.controller]: Bearing: 105.52°
[controller-2] [INFO] [1744576228.100987717] [drone_home1.controller]: Going to [(29.639661, -82.361216)]: 14.30 meters
[controller-2] [INFO] [1744576228.199643110] [drone_home1.controller]: Bearing: 105.52°
[controller-2] [INFO] [1744576228.200644414] [drone_home1.controller]: Going to [(29.639661, -82.361216)]: 14.30 meters
[controller-2] [INFO] [1744576228.300207090] [drone_home1.controller]: Bearing: 105.52°
[controller-2] [INFO] [1744576228.303100915] [drone_home1.controller]: Going to [(29.639661, -82.361216)]: 14.30 meters
[controller-2] [INFO] [1744576228.400853026] [drone_home1.controller]: Bearing: 105.52°
[controller-2] [INFO] [1744576228.401834040] [drone_home1.controller]: Going to [(29.639661, -82.361216)]: 14.30 meters
[controller-2] [INFO] [1744576228.499886392] [drone_home1.controller]: Bearing: 105.18°
[controller-2] [INFO] [1744576228.504210057] [drone_home1.controller]: Going to [(29.639661, -82.361216)]: 14.44 meters
[controller-2] [INFO] [1744576228.599775389] [drone_home1.controller]: Bearing: 104.92°
[controller-2] [INFO] [1744576228.600827960] [drone_home1.controller]: Going to [(29.639661, -82.361216)]: 14.30 meters
[controller-2] [INFO] [1744576228.700394668] [drone_home1.controller]: Bearing: 104.92°
[controller-2] [INFO] [1744576228.701400804] [drone_home1.controller]: Going to [(29.639661, -82.361216)]: 14.30 meters
[controller-2] [INFO] [1744576228.799667151] [drone_home1.controller]: Bearing: 104.92°
[controller-2] [INFO] [1744576228.800729514] [drone_home1.controller]: Going to [(29.639661, -82.361216)]: 14.30 meters
[controller-2] [INFO] [1744576228.899665467] [drone_home1.controller]: Bearing: 104.79°
[controller-2] [INFO] [1744576228.900731446] [drone_home1.controller]: Going to [(29.639661, -82.361216)]: 14.22 meters
[controller-2] [INFO] [1744576228.999672423] [drone_home1.controller]: Bearing: 105.13°
[controller-2] [INFO] [1744576229.000968815] [drone_home1.controller]: Going to [(29.639661, -82.361216)]: 14.08 meters
[controller-2] [INFO] [1744576229.099674418] [drone_home1.controller]: Bearing: 105.13°
[controller-2] [INFO] [1744576229.100672426] [drone_home1.controller]: Going to [(29.639661, -82.361216)]: 14.08 meters
[controller-2] [INFO] [1744576229.200781659] [drone_home1.controller]: Bearing: 105.49°
[controller-2] [INFO] [1744576229.205344953] [drone_home1.controller]: Going to [(29.639661, -82.361216)]: 13.93 meters
[controller-2] [INFO] [1744576229.300611708] [drone_home1.controller]: Bearing: 105.49°
[controller-2] [INFO] [1744576229.301608532] [drone_home1.controller]: Going to [(29.639661, -82.361216)]: 13.93 meters
[controller-2] [INFO] [1744576229.400021990] [drone_home1.controller]: Bearing: 105.67°
[controller-2] [INFO] [1744576229.400967579] [drone_home1.controller]: Going to [(29.639661, -82.361216)]: 13.86 meters
[controller-2] [INFO] [1744576229.499640251] [drone_home1.controller]: Bearing: 105.67°
[controller-2] [INFO] [1744576229.500617906] [drone_home1.controller]: Going to [(29.639661, -82.361216)]: 13.86 meters
[controller-2] [INFO] [1744576229.600287274] [drone_home1.controller]: Bearing: 105.67°
[controller-2] [INFO] [1744576229.601212318] [drone_home1.controller]: Going to [(29.639661, -82.361216)]: 13.86 meters
[controller-2] [INFO] [1744576229.700633288] [drone_home1.controller]: Bearing: 105.81°
[controller-2] [INFO] [1744576229.702352648] [drone_home1.controller]: Going to [(29.639661, -82.361216)]: 13.94 meters
[controller-2] [INFO] [1744576229.799532150] [drone_home1.controller]: Bearing: 105.81°
[controller-2] [INFO] [1744576229.800488971] [drone_home1.controller]: Going to [(29.639661, -82.361216)]: 13.94 meters
[controller-2] [INFO] [1744576229.900377232] [drone_home1.controller]: Bearing: 105.81°
[controller-2] [INFO] [1744576229.903396664] [drone_home1.controller]: Going to [(29.639661, -82.361216)]: 13.94 meters
[controller-2] [INFO] [1744576229.999524779] [drone_home1.controller]: Bearing: 105.81°
[controller-2] [INFO] [1744576230.000491041] [drone_home1.controller]: Going to [(29.639661, -82.361216)]: 13.94 meters
[controller-2] [INFO] [1744576230.100551150] [drone_home1.controller]: Bearing: 105.81°
[controller-2] [INFO] [1744576230.101457313] [drone_home1.controller]: Going to [(29.639661, -82.361216)]: 13.94 meters
[controller-2] [INFO] [1744576230.200133537] [drone_home1.controller]: Bearing: 105.81°
[controller-2] [INFO] [1744576230.203367829] [drone_home1.controller]: Going to [(29.639661, -82.361216)]: 13.94 meters
[controller-2] [INFO] [1744576230.299681937] [drone_home1.controller]: Bearing: 105.81°
[controller-2] [INFO] [1744576230.300677577] [drone_home1.controller]: Going to [(29.639661, -82.361216)]: 13.94 meters
[controller-2] [INFO] [1744576230.400090674] [drone_home1.controller]: Bearing: 105.81°
[controller-2] [INFO] [1744576230.401122891] [drone_home1.controller]: Going to [(29.639661, -82.361216)]: 13.94 meters
[controller-2] [INFO] [1744576230.499616609] [drone_home1.controller]: Bearing: 105.81°
[controller-2] [INFO] [1744576230.500645787] [drone_home1.controller]: Going to [(29.639661, -82.361216)]: 13.94 meters
[controller-2] [INFO] [1744576230.600011233] [drone_home1.controller]: Bearing: 105.62°
[controller-2] [INFO] [1744576230.602930276] [drone_home1.controller]: Going to [(29.639661, -82.361216)]: 14.01 meters
[controller-2] [INFO] [1744576230.699611124] [drone_home1.controller]: Bearing: 105.89°
[controller-2] [INFO] [1744576230.700631949] [drone_home1.controller]: Going to [(29.639661, -82.361216)]: 14.16 meters
[controller-2] [INFO] [1744576230.799576924] [drone_home1.controller]: Bearing: 105.52°
[controller-2] [INFO] [1744576230.800563795] [drone_home1.controller]: Going to [(29.639661, -82.361216)]: 14.30 meters
[controller-2] [INFO] [1744576230.899721390] [drone_home1.controller]: Bearing: 105.52°
[controller-2] [INFO] [1744576230.905098010] [drone_home1.controller]: Going to [(29.639661, -82.361216)]: 14.30 meters
[controller-2] [INFO] [1744576231.000035625] [drone_home1.controller]: Bearing: 105.52°
[controller-2] [INFO] [1744576231.001172553] [drone_home1.controller]: Going to [(29.639661, -82.361216)]: 14.30 meters
[controller-2] [INFO] [1744576231.099611930] [drone_home1.controller]: Bearing: 105.52°
[controller-2] [INFO] [1744576231.100573712] [drone_home1.controller]: Going to [(29.639661, -82.361216)]: 14.30 meters
[controller-2] [INFO] [1744576231.199475548] [drone_home1.controller]: Bearing: 105.18°
[controller-2] [INFO] [1744576231.200414544] [drone_home1.controller]: Going to [(29.639661, -82.361216)]: 14.44 meters
[controller-2] [INFO] [1744576231.299591275] [drone_home1.controller]: Bearing: 105.18°
[controller-2] [INFO] [1744576231.300550336] [drone_home1.controller]: Going to [(29.639661, -82.361216)]: 14.44 meters
[controller-2] [INFO] [1744576231.399752732] [drone_home1.controller]: Bearing: 104.92°
[controller-2] [INFO] [1744576231.401200717] [drone_home1.controller]: Going to [(29.639661, -82.361216)]: 14.30 meters
[controller-2] [INFO] [1744576231.499635807] [drone_home1.controller]: Bearing: 104.75°
[controller-2] [INFO] [1744576231.501028972] [drone_home1.controller]: Going to [(29.639661, -82.361216)]: 14.37 meters
[controller-2] [INFO] [1744576231.600404626] [drone_home1.controller]: Bearing: 104.63°
[controller-2] [INFO] [1744576231.601371592] [drone_home1.controller]: Going to [(29.639661, -82.361216)]: 14.30 meters
[controller-2] [INFO] [1744576231.699789273] [drone_home1.controller]: Bearing: 104.63°
[controller-2] [INFO] [1744576231.700864341] [drone_home1.controller]: Going to [(29.639661, -82.361216)]: 14.30 meters
[controller-2] [INFO] [1744576231.799542996] [drone_home1.controller]: Bearing: 104.31°
[controller-2] [INFO] [1744576231.802848620] [drone_home1.controller]: Going to [(29.639661, -82.361216)]: 14.45 meters
[controller-2] [INFO] [1744576231.899718214] [drone_home1.controller]: Bearing: 104.31°
[controller-2] [INFO] [1744576231.903305806] [drone_home1.controller]: Going to [(29.639661, -82.361216)]: 14.45 meters
[controller-2] [INFO] [1744576232.000017952] [drone_home1.controller]: Bearing: 104.31°
[controller-2] [INFO] [1744576232.002147126] [drone_home1.controller]: Going to [(29.639661, -82.361216)]: 14.45 meters
[controller-2] [INFO] [1744576232.101788682] [drone_home1.controller]: Bearing: 104.00°
[controller-2] [INFO] [1744576232.102715422] [drone_home1.controller]: Going to [(29.639661, -82.361216)]: 14.60 meters
[controller-2] [INFO] [1744576232.199773953] [drone_home1.controller]: Bearing: 104.00°
[controller-2] [INFO] [1744576232.200765497] [drone_home1.controller]: Going to [(29.639661, -82.361216)]: 14.60 meters
[controller-2] [INFO] [1744576232.299768841] [drone_home1.controller]: Bearing: 104.00°
[controller-2] [INFO] [1744576232.300772257] [drone_home1.controller]: Going to [(29.639661, -82.361216)]: 14.60 meters
[controller-2] [INFO] [1744576232.399705133] [drone_home1.controller]: Bearing: 104.00°
[controller-2] [INFO] [1744576232.400683171] [drone_home1.controller]: Going to [(29.639661, -82.361216)]: 14.60 meters
[controller-2] [INFO] [1744576232.499463463] [drone_home1.controller]: Bearing: 104.00°
[controller-2] [INFO] [1744576232.501262731] [drone_home1.controller]: Going to [(29.639661, -82.361216)]: 14.60 meters
[controller-2] [INFO] [1744576232.600063568] [drone_home1.controller]: Bearing: 103.85°
[controller-2] [INFO] [1744576232.602882605] [drone_home1.controller]: Going to [(29.639661, -82.361216)]: 14.68 meters
[controller-2] [INFO] [1744576232.700223361] [drone_home1.controller]: Bearing: 103.85°
[controller-2] [INFO] [1744576232.703693250] [drone_home1.controller]: Going to [(29.639661, -82.361216)]: 14.68 meters
[controller-2] [INFO] [1744576232.799907543] [drone_home1.controller]: Bearing: 103.85°
[controller-2] [INFO] [1744576232.800962514] [drone_home1.controller]: Going to [(29.639661, -82.361216)]: 14.68 meters
[controller-2] [INFO] [1744576232.900002084] [drone_home1.controller]: Bearing: 103.85°
[controller-2] [INFO] [1744576232.901028733] [drone_home1.controller]: Going to [(29.639661, -82.361216)]: 14.68 meters
[controller-2] [INFO] [1744576232.999586644] [drone_home1.controller]: Bearing: 103.85°
[controller-2] [INFO] [1744576233.000557930] [drone_home1.controller]: Going to [(29.639661, -82.361216)]: 14.68 meters
[controller-2] [INFO] [1744576233.099752420] [drone_home1.controller]: Bearing: 103.85°
[controller-2] [INFO] [1744576233.100804319] [drone_home1.controller]: Going to [(29.639661, -82.361216)]: 14.68 meters
[controller-2] [INFO] [1744576233.199639524] [drone_home1.controller]: Bearing: 103.85°
[controller-2] [INFO] [1744576233.200629180] [drone_home1.controller]: Going to [(29.639661, -82.361216)]: 14.68 meters
[controller-2] [INFO] [1744576233.299604681] [drone_home1.controller]: Bearing: 103.85°
[controller-2] [INFO] [1744576233.300620386] [drone_home1.controller]: Going to [(29.639661, -82.361216)]: 14.68 meters
[controller-2] [INFO] [1744576233.399733559] [drone_home1.controller]: Bearing: 103.85°
[controller-2] [INFO] [1744576233.400693132] [drone_home1.controller]: Going to [(29.639661, -82.361216)]: 14.68 meters
[controller-2] [INFO] [1744576233.501876501] [drone_home1.controller]: Bearing: 103.57°
[controller-2] [INFO] [1744576233.502871917] [drone_home1.controller]: Going to [(29.639661, -82.361216)]: 14.83 meters
[controller-2] [INFO] [1744576233.599572699] [drone_home1.controller]: Bearing: 103.57°
[controller-2] [INFO] [1744576233.602981113] [drone_home1.controller]: Going to [(29.639661, -82.361216)]: 14.83 meters
[controller-2] [INFO] [1744576233.700286506] [drone_home1.controller]: Bearing: 103.57°
[controller-2] [INFO] [1744576233.701216989] [drone_home1.controller]: Going to [(29.639661, -82.361216)]: 14.83 meters
[controller-2] [INFO] [1744576233.799577225] [drone_home1.controller]: Bearing: 103.57°
[controller-2] [INFO] [1744576233.800566336] [drone_home1.controller]: Going to [(29.639661, -82.361216)]: 14.83 meters
[controller-2] [INFO] [1744576233.899961637] [drone_home1.controller]: Bearing: 103.57°
[controller-2] [INFO] [1744576233.903580206] [drone_home1.controller]: Going to [(29.639661, -82.361216)]: 14.83 meters
[controller-2] [INFO] [1744576233.999653754] [drone_home1.controller]: Bearing: 103.57°
[controller-2] [INFO] [1744576234.000592174] [drone_home1.controller]: Going to [(29.639661, -82.361216)]: 14.83 meters
[controller-2] [INFO] [1744576234.099611293] [drone_home1.controller]: Bearing: 103.57°
[controller-2] [INFO] [1744576234.100647415] [drone_home1.controller]: Going to [(29.639661, -82.361216)]: 14.83 meters
[controller-2] [INFO] [1744576234.199592930] [drone_home1.controller]: Bearing: 103.29°
[controller-2] [INFO] [1744576234.202080429] [drone_home1.controller]: Going to [(29.639661, -82.361216)]: 14.99 meters
[controller-2] [INFO] [1744576234.299596168] [drone_home1.controller]: Bearing: 103.33°
[controller-2] [INFO] [1744576234.300578655] [drone_home1.controller]: Going to [(29.639661, -82.361216)]: 14.69 meters
[controller-2] [INFO] [1744576234.400187278] [drone_home1.controller]: Bearing: 103.33°
[controller-2] [INFO] [1744576234.401240265] [drone_home1.controller]: Going to [(29.639661, -82.361216)]: 14.69 meters
[controller-2] [INFO] [1744576234.499460939] [drone_home1.controller]: Bearing: 103.37°
[controller-2] [INFO] [1744576234.500766228] [drone_home1.controller]: Going to [(29.639661, -82.361216)]: 14.40 meters
[controller-2] [INFO] [1744576234.599599801] [drone_home1.controller]: Bearing: 103.51°
[controller-2] [INFO] [1744576234.600595024] [drone_home1.controller]: Going to [(29.639661, -82.361216)]: 14.32 meters
[controller-2] [INFO] [1744576234.700120251] [drone_home1.controller]: Bearing: 103.51°
[controller-2] [INFO] [1744576234.701079089] [drone_home1.controller]: Going to [(29.639661, -82.361216)]: 14.32 meters
[controller-2] [INFO] [1744576234.799656487] [drone_home1.controller]: Bearing: 103.81°
[controller-2] [INFO] [1744576234.800837737] [drone_home1.controller]: Going to [(29.639661, -82.361216)]: 14.17 meters
[controller-2] [INFO] [1744576234.899941148] [drone_home1.controller]: Bearing: 103.81°
[controller-2] [INFO] [1744576234.900915251] [drone_home1.controller]: Going to [(29.639661, -82.361216)]: 14.17 meters
[controller-2] [INFO] [1744576235.000046280] [drone_home1.controller]: Bearing: 104.12°
[controller-2] [INFO] [1744576235.001071297] [drone_home1.controller]: Going to [(29.639661, -82.361216)]: 14.01 meters
[controller-2] [INFO] [1744576235.099721594] [drone_home1.controller]: Bearing: 104.37°
[controller-2] [INFO] [1744576235.100891804] [drone_home1.controller]: Going to [(29.639661, -82.361216)]: 14.16 meters
[controller-2] [INFO] [1744576235.199683325] [drone_home1.controller]: Bearing: 104.53°
[controller-2] [INFO] [1744576235.202652450] [drone_home1.controller]: Going to [(29.639661, -82.361216)]: 14.08 meters
[controller-2] [INFO] [1744576235.299765062] [drone_home1.controller]: Bearing: 104.27°
[controller-2] [INFO] [1744576235.300904645] [drone_home1.controller]: Going to [(29.639661, -82.361216)]: 13.94 meters
[controller-2] [INFO] [1744576235.399712903] [drone_home1.controller]: Bearing: 104.27°
[controller-2] [INFO] [1744576235.400732960] [drone_home1.controller]: Going to [(29.639661, -82.361216)]: 13.94 meters
[controller-2] [INFO] [1744576235.499597510] [drone_home1.controller]: Bearing: 104.27°
[controller-2] [INFO] [1744576235.500599965] [drone_home1.controller]: Going to [(29.639661, -82.361216)]: 13.94 meters
[controller-2] [INFO] [1744576235.599786197] [drone_home1.controller]: Bearing: 104.15°
[controller-2] [INFO] [1744576235.600752426] [drone_home1.controller]: Going to [(29.639661, -82.361216)]: 13.87 meters
[controller-2] [INFO] [1744576235.699635569] [drone_home1.controller]: Bearing: 104.15°
[controller-2] [INFO] [1744576235.700633320] [drone_home1.controller]: Going to [(29.639661, -82.361216)]: 13.87 meters
[controller-2] [INFO] [1744576235.799575474] [drone_home1.controller]: Bearing: 104.15°
[controller-2] [INFO] [1744576235.800505414] [drone_home1.controller]: Going to [(29.639661, -82.361216)]: 13.87 meters
[controller-2] [INFO] [1744576235.899548565] [drone_home1.controller]: Bearing: 104.47°
[controller-2] [INFO] [1744576235.900520395] [drone_home1.controller]: Going to [(29.639661, -82.361216)]: 13.72 meters
[controller-2] [INFO] [1744576235.999518904] [drone_home1.controller]: Bearing: 104.21°
[controller-2] [INFO] [1744576236.000564498] [drone_home1.controller]: Going to [(29.639661, -82.361216)]: 13.57 meters
[controller-2] [INFO] [1744576236.101267229] [drone_home1.controller]: Bearing: 104.54°
[controller-2] [INFO] [1744576236.102314103] [drone_home1.controller]: Going to [(29.639661, -82.361216)]: 13.42 meters
[controller-2] [INFO] [1744576236.199644006] [drone_home1.controller]: Bearing: 104.72°
[controller-2] [INFO] [1744576236.200995857] [drone_home1.controller]: Going to [(29.639661, -82.361216)]: 13.35 meters
[controller-2] [INFO] [1744576236.299933786] [drone_home1.controller]: Bearing: 104.80°
[controller-2] [INFO] [1744576236.300927057] [drone_home1.controller]: Going to [(29.639661, -82.361216)]: 13.06 meters
[controller-2] [INFO] [1744576236.400787885] [drone_home1.controller]: Bearing: 104.80°
[controller-2] [INFO] [1744576236.401743330] [drone_home1.controller]: Going to [(29.639661, -82.361216)]: 13.06 meters
[controller-2] [INFO] [1744576236.500281812] [drone_home1.controller]: Bearing: 105.17°
[controller-2] [INFO] [1744576236.501217448] [drone_home1.controller]: Going to [(29.639661, -82.361216)]: 12.91 meters
[controller-2] [INFO] [1744576236.599685910] [drone_home1.controller]: Bearing: 105.17°
[controller-2] [INFO] [1744576236.600768691] [drone_home1.controller]: Going to [(29.639661, -82.361216)]: 12.91 meters
[controller-2] [INFO] [1744576236.699648600] [drone_home1.controller]: Bearing: 105.17°
[controller-2] [INFO] [1744576236.700657712] [drone_home1.controller]: Going to [(29.639661, -82.361216)]: 12.91 meters
[controller-2] [INFO] [1744576236.800526828] [drone_home1.controller]: Bearing: 105.22°
[controller-2] [INFO] [1744576236.801502178] [drone_home1.controller]: Going to [(29.639661, -82.361216)]: 12.77 meters
[controller-2] [INFO] [1744576236.899764837] [drone_home1.controller]: Bearing: 105.22°
[controller-2] [INFO] [1744576236.903025755] [drone_home1.controller]: Going to [(29.639661, -82.361216)]: 12.77 meters
[controller-2] [INFO] [1744576236.999735943] [drone_home1.controller]: Bearing: 105.22°
[controller-2] [INFO] [1744576237.000739871] [drone_home1.controller]: Going to [(29.639661, -82.361216)]: 12.77 meters
[controller-2] [INFO] [1744576237.099648709] [drone_home1.controller]: Bearing: 104.93°
[controller-2] [INFO] [1744576237.100659421] [drone_home1.controller]: Going to [(29.639661, -82.361216)]: 12.62 meters
[controller-2] [INFO] [1744576237.200186533] [drone_home1.controller]: Bearing: 105.32°
[controller-2] [INFO] [1744576237.201468109] [drone_home1.controller]: Going to [(29.639661, -82.361216)]: 12.47 meters
[controller-2] [INFO] [1744576237.299570149] [drone_home1.controller]: Bearing: 105.32°
[controller-2] [INFO] [1744576237.300509242] [drone_home1.controller]: Going to [(29.639661, -82.361216)]: 12.47 meters
[controller-2] [INFO] [1744576237.399675214] [drone_home1.controller]: Bearing: 105.42°
[controller-2] [INFO] [1744576237.400670917] [drone_home1.controller]: Going to [(29.639661, -82.361216)]: 12.18 meters
[controller-2] [INFO] [1744576237.499644622] [drone_home1.controller]: Bearing: 105.59°
[controller-2] [INFO] [1744576237.500674056] [drone_home1.controller]: Going to [(29.639661, -82.361216)]: 11.75 meters
[controller-2] [INFO] [1744576237.599947362] [drone_home1.controller]: Bearing: 106.04°
[controller-2] [INFO] [1744576237.600957434] [drone_home1.controller]: Going to [(29.639661, -82.361216)]: 11.60 meters
[controller-2] [INFO] [1744576237.699684694] [drone_home1.controller]: Bearing: 105.94°
[controller-2] [INFO] [1744576237.700612169] [drone_home1.controller]: Going to [(29.639661, -82.361216)]: 11.38 meters
[controller-2] [INFO] [1744576237.799551633] [drone_home1.controller]: Bearing: 105.91°
[controller-2] [INFO] [1744576237.800482437] [drone_home1.controller]: Going to [(29.639661, -82.361216)]: 11.02 meters
[controller-2] [INFO] [1744576237.899680890] [drone_home1.controller]: Bearing: 106.05°
[controller-2] [INFO] [1744576237.900696467] [drone_home1.controller]: Going to [(29.639661, -82.361216)]: 10.73 meters
[controller-2] [INFO] [1744576237.999621754] [drone_home1.controller]: Bearing: 106.12°
[controller-2] [INFO] [1744576238.000572558] [drone_home1.controller]: Going to [(29.639661, -82.361216)]: 10.58 meters
[controller-2] [INFO] [1744576238.100412871] [drone_home1.controller]: Bearing: 106.28°
[controller-2] [INFO] [1744576238.102705159] [drone_home1.controller]: Going to [(29.639661, -82.361216)]: 10.29 meters
[controller-2] [INFO] [1744576238.199553913] [drone_home1.controller]: Bearing: 106.82°
[controller-2] [INFO] [1744576238.200745371] [drone_home1.controller]: Going to [(29.639661, -82.361216)]: 10.15 meters
[controller-2] [INFO] [1744576238.299471862] [drone_home1.controller]: Bearing: 106.53°
[controller-2] [INFO] [1744576238.300395529] [drone_home1.controller]: Going to [(29.639661, -82.361216)]: 9.86 meters
[controller-2] [INFO] [1744576238.402101993] [drone_home1.controller]: Bearing: 107.33°
[controller-2] [INFO] [1744576238.403212039] [drone_home1.controller]: Going to [(29.639661, -82.361216)]: 9.43 meters
[controller-2] [INFO] [1744576238.499746696] [drone_home1.controller]: Bearing: 107.23°
[controller-2] [INFO] [1744576238.501585518] [drone_home1.controller]: Going to [(29.639661, -82.361216)]: 9.21 meters
[controller-2] [INFO] [1744576238.599792460] [drone_home1.controller]: Bearing: 107.68°
[controller-2] [INFO] [1744576238.600804260] [drone_home1.controller]: Going to [(29.639661, -82.361216)]: 9.00 meters
[controller-2] [INFO] [1744576238.699769868] [drone_home1.controller]: Bearing: 107.94°
[controller-2] [INFO] [1744576238.700732226] [drone_home1.controller]: Going to [(29.639661, -82.361216)]: 8.71 meters
[controller-2] [INFO] [1744576238.800244744] [drone_home1.controller]: Bearing: 107.84°
[controller-2] [INFO] [1744576238.801166171] [drone_home1.controller]: Going to [(29.639661, -82.361216)]: 8.49 meters
[controller-2] [INFO] [1744576238.900757894] [drone_home1.controller]: Bearing: 108.37°
[controller-2] [INFO] [1744576238.902655248] [drone_home1.controller]: Going to [(29.639661, -82.361216)]: 8.28 meters
[controller-2] [INFO] [1744576238.999636841] [drone_home1.controller]: Bearing: 108.69°
[controller-2] [INFO] [1744576239.000634560] [drone_home1.controller]: Going to [(29.639661, -82.361216)]: 8.00 meters
[controller-2] [INFO] [1744576239.099744079] [drone_home1.controller]: Bearing: 108.61°
[controller-2] [INFO] [1744576239.100867534] [drone_home1.controller]: Going to [(29.639661, -82.361216)]: 7.78 meters
[controller-2] [INFO] [1744576239.199595495] [drone_home1.controller]: Bearing: 109.24°
[controller-2] [INFO] [1744576239.200656131] [drone_home1.controller]: Going to [(29.639661, -82.361216)]: 7.57 meters
[controller-2] [INFO] [1744576239.301282086] [drone_home1.controller]: Bearing: 108.69°
[controller-2] [INFO] [1744576239.302192505] [drone_home1.controller]: Going to [(29.639661, -82.361216)]: 7.41 meters
[controller-2] [INFO] [1744576239.399771602] [drone_home1.controller]: Bearing: 108.78°
[controller-2] [INFO] [1744576239.402288190] [drone_home1.controller]: Going to [(29.639661, -82.361216)]: 7.05 meters
[controller-2] [INFO] [1744576239.499811861] [drone_home1.controller]: Bearing: 108.68°
[controller-2] [INFO] [1744576239.500861583] [drone_home1.controller]: Going to [(29.639661, -82.361216)]: 6.82 meters
[controller-2] [INFO] [1744576239.599546086] [drone_home1.controller]: Bearing: 109.10°
[controller-2] [INFO] [1744576239.602187514] [drone_home1.controller]: Going to [(29.639661, -82.361216)]: 6.54 meters
[controller-2] [INFO] [1744576239.699688943] [drone_home1.controller]: Bearing: 109.90°
[controller-2] [INFO] [1744576239.700710152] [drone_home1.controller]: Going to [(29.639661, -82.361216)]: 6.34 meters
[controller-2] [INFO] [1744576239.799948798] [drone_home1.controller]: Bearing: 109.82°
[controller-2] [INFO] [1744576239.801023578] [drone_home1.controller]: Going to [(29.639661, -82.361216)]: 6.11 meters
[controller-2] [INFO] [1744576239.899723538] [drone_home1.controller]: Bearing: 109.13°
[controller-2] [INFO] [1744576239.900739914] [drone_home1.controller]: Going to [(29.639661, -82.361216)]: 5.95 meters
[controller-2] [INFO] [1744576239.999639405] [drone_home1.controller]: Bearing: 110.02°
[controller-2] [INFO] [1744576240.000574081] [drone_home1.controller]: Going to [(29.639661, -82.361216)]: 5.75 meters
[controller-2] [INFO] [1744576240.100335028] [drone_home1.controller]: Bearing: 110.64°
[controller-2] [INFO] [1744576240.101289289] [drone_home1.controller]: Going to [(29.639661, -82.361216)]: 5.47 meters
[controller-2] [INFO] [1744576240.199669870] [drone_home1.controller]: Bearing: 110.58°
[controller-2] [INFO] [1744576240.200708648] [drone_home1.controller]: Going to [(29.639661, -82.361216)]: 5.24 meters
[controller-2] [INFO] [1744576240.299649356] [drone_home1.controller]: Bearing: 110.17°
[controller-2] [INFO] [1744576240.300751466] [drone_home1.controller]: Going to [(29.639661, -82.361216)]: 5.16 meters
[controller-2] [INFO] [1744576240.400958964] [drone_home1.controller]: Bearing: 112.67°
[controller-2] [INFO] [1744576240.402578927] [drone_home1.controller]: Going to [(29.639661, -82.361216)]: 4.77 meters
[controller-2] [INFO] [1744576240.500086243] [drone_home1.controller]: Bearing: 112.70°
[controller-2] [INFO] [1744576240.502191384] [drone_home1.controller]: Going to [(29.639661, -82.361216)]: 4.54 meters
[controller-2] [INFO] [1744576240.599958076] [drone_home1.controller]: Bearing: 114.39°
[controller-2] [INFO] [1744576240.603165006] [drone_home1.controller]: Going to [(29.639661, -82.361216)]: 4.35 meters
[controller-2] [INFO] [1744576240.700167527] [drone_home1.controller]: Bearing: 114.66°
[controller-2] [INFO] [1744576240.701375658] [drone_home1.controller]: Going to [(29.639661, -82.361216)]: 3.91 meters
[controller-2] [INFO] [1744576240.799773680] [drone_home1.controller]: Bearing: 116.09°
[controller-2] [INFO] [1744576240.800770824] [drone_home1.controller]: Going to [(29.639661, -82.361216)]: 3.86 meters
[controller-2] [INFO] [1744576240.899615655] [drone_home1.controller]: Bearing: 115.46°
[controller-2] [INFO] [1744576240.900645056] [drone_home1.controller]: Going to [(29.639661, -82.361216)]: 3.77 meters
[controller-2] [INFO] [1744576240.999667945] [drone_home1.controller]: Bearing: 117.38°
[controller-2] [INFO] [1744576241.003376952] [drone_home1.controller]: Going to [(29.639661, -82.361216)]: 3.50 meters
[controller-2] [INFO] [1744576241.099794575] [drone_home1.controller]: Bearing: 115.94°
[controller-2] [INFO] [1744576241.101011858] [drone_home1.controller]: Going to [(29.639661, -82.361216)]: 3.33 meters
[controller-2] [INFO] [1744576241.199515293] [drone_home1.controller]: Bearing: 119.09°
[controller-2] [INFO] [1744576241.200467186] [drone_home1.controller]: Going to [(29.639661, -82.361216)]: 3.15 meters
[controller-2] [INFO] [1744576241.299655172] [drone_home1.controller]: Bearing: 119.74°
[controller-2] [INFO] [1744576241.301019055] [drone_home1.controller]: Going to [(29.639661, -82.361216)]: 2.93 meters
[controller-2] [INFO] [1744576241.399634529] [drone_home1.controller]: Bearing: 117.94°
[controller-2] [INFO] [1744576241.400575189] [drone_home1.controller]: Going to [(29.639661, -82.361216)]: 2.75 meters
[controller-2] [INFO] [1744576241.499895726] [drone_home1.controller]: Bearing: 122.52°
[controller-2] [INFO] [1744576241.501067759] [drone_home1.controller]: Going to [(29.639661, -82.361216)]: 2.57 meters
[controller-2] [INFO] [1744576241.599566906] [drone_home1.controller]: All waypoints reached!
[controller-2] [INFO] [1744576241.600506478] [drone_home1.controller]: Bearing: 128.03°
[controller-2] [INFO] [1744576241.601271417] [drone_home1.controller]: Going to [(29.639661, -82.361216)]: 2.32 meters
[controller-2] [INFO] [1744576241.700627347] [drone_home1.controller]: All waypoints reached!
[controller-2] [INFO] [1744576241.702951253] [drone_home1.controller]: Bearing: 130.59°
[controller-2] [INFO] [1744576241.706299247] [drone_home1.controller]: Going to [(29.639661, -82.361216)]: 2.10 meters
[controller-2] [INFO] [1744576241.799505107] [drone_home1.controller]: All waypoints reached!
[controller-2] [INFO] [1744576241.801348218] [drone_home1.controller]: Bearing: 143.68°
[controller-2] [INFO] [1744576241.803281093] [drone_home1.controller]: Going to [(29.639661, -82.361216)]: 1.96 meters
[controller-2] [INFO] [1744576241.900811834] [drone_home1.controller]: All waypoints reached!
[controller-2] [INFO] [1744576241.902200360] [drone_home1.controller]: Bearing: 164.77°
[controller-2] [INFO] [1744576241.903053591] [drone_home1.controller]: Going to [(29.639661, -82.361216)]: 1.74 meters
[controller-2] [INFO] [1744576241.999668377] [drone_home1.controller]: All waypoints reached!
[controller-2] [INFO] [1744576242.003508591] [drone_home1.controller]: Bearing: 180.00°
[controller-2] [INFO] [1744576242.007089654] [drone_home1.controller]: Going to [(29.639661, -82.361216)]: 1.74 meters
[controller-2] [INFO] [1744576242.099651094] [drone_home1.controller]: All waypoints reached!
[controller-2] [INFO] [1744576242.100640909] [drone_home1.controller]: Bearing: 211.49°
[controller-2] [INFO] [1744576242.101739786] [drone_home1.controller]: Going to [(29.639661, -82.361216)]: 1.56 meters
[controller-2] [INFO] [1744576242.200393052] [drone_home1.controller]: All waypoints reached!
[controller-2] [INFO] [1744576242.201392436] [drone_home1.controller]: Bearing: 232.58°
[controller-2] [INFO] [1744576242.202220994] [drone_home1.controller]: Going to [(29.639661, -82.361216)]: 1.52 meters
[controller-2] [INFO] [1744576242.299664689] [drone_home1.controller]: All waypoints reached!
[controller-2] [INFO] [1744576242.300688938] [drone_home1.controller]: Bearing: 242.06°
[controller-2] [INFO] [1744576242.302520112] [drone_home1.controller]: Going to [(29.639661, -82.361216)]: 1.37 meters
[controller-2] [INFO] [1744576242.399481028] [drone_home1.controller]: All waypoints reached!
[controller-2] [INFO] [1744576242.402968486] [drone_home1.controller]: Bearing: 256.00°
[controller-2] [INFO] [1744576242.403953117] [drone_home1.controller]: Going to [(29.639661, -82.361216)]: 1.46 meters
[controller-2] [INFO] [1744576242.499602216] [drone_home1.controller]: All waypoints reached!
[controller-2] [INFO] [1744576242.500560446] [drone_home1.controller]: Bearing: 257.35°
[controller-2] [INFO] [1744576242.502050993] [drone_home1.controller]: Going to [(29.639661, -82.361216)]: 1.54 meters
[controller-2] [INFO] [1744576242.600061215] [drone_home1.controller]: All waypoints reached!
[controller-2] [INFO] [1744576242.601057655] [drone_home1.controller]: Bearing: 260.35°
[controller-2] [INFO] [1744576242.602847066] [drone_home1.controller]: Going to [(29.639661, -82.361216)]: 1.65 meters
[controller-2] [INFO] [1744576242.700373134] [drone_home1.controller]: All waypoints reached!
[controller-2] [INFO] [1744576242.701322627] [drone_home1.controller]: Bearing: 263.35°
[controller-2] [INFO] [1744576242.702270968] [drone_home1.controller]: Going to [(29.639661, -82.361216)]: 1.74 meters
[controller-2] [INFO] [1744576242.799818125] [drone_home1.controller]: All waypoints reached!
[controller-2] [INFO] [1744576242.800791939] [drone_home1.controller]: Bearing: 265.00°
[controller-2] [INFO] [1744576242.802151406] [drone_home1.controller]: Going to [(29.639661, -82.361216)]: 1.66 meters
[controller-2] [INFO] [1744576242.899532634] [drone_home1.controller]: All waypoints reached!
[controller-2] [INFO] [1744576242.900575124] [drone_home1.controller]: Bearing: 266.11°
[controller-2] [INFO] [1744576242.901796632] [drone_home1.controller]: Going to [(29.639661, -82.361216)]: 1.74 meters
[controller-2] [INFO] [1744576242.999609788] [drone_home1.controller]: All waypoints reached!
[controller-2] [INFO] [1744576243.000535855] [drone_home1.controller]: Bearing: 269.22°
[controller-2] [INFO] [1744576243.001305466] [drone_home1.controller]: Going to [(29.639661, -82.361216)]: 1.67 meters
[controller-2] [INFO] [1744576243.099513779] [drone_home1.controller]: All waypoints reached!
[controller-2] [INFO] [1744576243.101366426] [drone_home1.controller]: Bearing: 269.31°
[controller-2] [INFO] [1744576243.102311470] [drone_home1.controller]: Going to [(29.639661, -82.361216)]: 1.89 meters
[controller-2] [INFO] [1744576243.199728859] [drone_home1.controller]: All waypoints reached!
[controller-2] [INFO] [1744576243.201523775] [drone_home1.controller]: Bearing: -90.00°
[controller-2] [INFO] [1744576243.202317451] [drone_home1.controller]: Going to [(29.639661, -82.361216)]: 1.89 meters
[controller-2] [INFO] [1744576243.299724695] [drone_home1.controller]: All waypoints reached!
[controller-2] [INFO] [1744576243.302958827] [drone_home1.controller]: Bearing: -87.25°
[controller-2] [INFO] [1744576243.305202568] [drone_home1.controller]: Going to [(29.639661, -82.361216)]: 1.93 meters
[controller-2] [INFO] [1744576243.399785975] [drone_home1.controller]: All waypoints reached!
[controller-2] [INFO] [1744576243.400784591] [drone_home1.controller]: Bearing: -85.70°
[controller-2] [INFO] [1744576243.402376711] [drone_home1.controller]: Going to [(29.639661, -82.361216)]: 2.22 meters
[controller-2] [INFO] [1744576243.499529285] [drone_home1.controller]: All waypoints reached!
[controller-2] [INFO] [1744576243.501480690] [drone_home1.controller]: Bearing: -84.48°
[controller-2] [INFO] [1744576243.502314400] [drone_home1.controller]: Going to [(29.639661, -82.361216)]: 2.28 meters
[controller-2] [INFO] [1744576243.599617222] [drone_home1.controller]: All waypoints reached!
[controller-2] [INFO] [1744576243.600674177] [drone_home1.controller]: Bearing: -84.18°
[controller-2] [INFO] [1744576243.601458157] [drone_home1.controller]: Going to [(29.639661, -82.361216)]: 2.42 meters
[controller-2] [INFO] [1744576243.699587041] [drone_home1.controller]: Bearing: -83.65°
[controller-2] [INFO] [1744576243.700553303] [drone_home1.controller]: Going to [(29.639661, -82.361216)]: 2.71 meters
[controller-2] [INFO] [1744576243.799610655] [drone_home1.controller]: Bearing: -82.08°
[controller-2] [INFO] [1744576243.800554515] [drone_home1.controller]: Going to [(29.639661, -82.361216)]: 2.84 meters
[controller-2] [INFO] [1744576243.899568377] [drone_home1.controller]: Bearing: -81.78°
[controller-2] [INFO] [1744576243.900539535] [drone_home1.controller]: Going to [(29.639661, -82.361216)]: 3.13 meters
[controller-2] [INFO] [1744576244.000560396] [drone_home1.controller]: Bearing: -80.82°
[controller-2] [INFO] [1744576244.002164774] [drone_home1.controller]: Going to [(29.639661, -82.361216)]: 3.24 meters
[controller-2] [INFO] [1744576244.099601939] [drone_home1.controller]: Bearing: -79.82°
[controller-2] [INFO] [1744576244.100614411] [drone_home1.controller]: Going to [(29.639661, -82.361216)]: 3.50 meters
[controller-2] [INFO] [1744576244.199906527] [drone_home1.controller]: Bearing: -79.72°
[controller-2] [INFO] [1744576244.200850643] [drone_home1.controller]: Going to [(29.639661, -82.361216)]: 3.79 meters
[controller-2] [INFO] [1744576244.299589097] [drone_home1.controller]: Bearing: -80.02°
[controller-2] [INFO] [1744576244.300605313] [drone_home1.controller]: Going to [(29.639661, -82.361216)]: 4.03 meters
[controller-2] [INFO] [1744576244.399769294] [drone_home1.controller]: Bearing: -78.84°
[controller-2] [INFO] [1744576244.400717955] [drone_home1.controller]: Going to [(29.639661, -82.361216)]: 4.36 meters
[controller-2] [INFO] [1744576244.499600000] [drone_home1.controller]: Bearing: -79.17°
[controller-2] [INFO] [1744576244.500682972] [drone_home1.controller]: Going to [(29.639661, -82.361216)]: 4.59 meters
[controller-2] [INFO] [1744576244.599521719] [drone_home1.controller]: Bearing: -78.47°
[controller-2] [INFO] [1744576244.600498541] [drone_home1.controller]: Going to [(29.639661, -82.361216)]: 4.71 meters
[controller-2] [INFO] [1744576244.700832443] [drone_home1.controller]: Bearing: -79.13°
[controller-2] [INFO] [1744576244.701888118] [drone_home1.controller]: Going to [(29.639661, -82.361216)]: 4.88 meters
[controller-2] [INFO] [1744576244.799907203] [drone_home1.controller]: Bearing: -78.79°
[controller-2] [INFO] [1744576244.800871417] [drone_home1.controller]: Going to [(29.639661, -82.361216)]: 5.09 meters
[controller-2] [INFO] [1744576244.900661672] [drone_home1.controller]: Bearing: -79.08°
[controller-2] [INFO] [1744576244.904235151] [drone_home1.controller]: Going to [(29.639661, -82.361216)]: 5.33 meters
[controller-2] [INFO] [1744576244.999878488] [drone_home1.controller]: Bearing: -78.47°
[controller-2] [INFO] [1744576245.000831629] [drone_home1.controller]: Going to [(29.639661, -82.361216)]: 5.45 meters
[controller-2] [INFO] [1744576245.099651622] [drone_home1.controller]: Bearing: -79.31°
[controller-2] [INFO] [1744576245.100676191] [drone_home1.controller]: Going to [(29.639661, -82.361216)]: 5.71 meters
[controller-2] [INFO] [1744576245.200518545] [drone_home1.controller]: Bearing: -78.75°
[controller-2] [INFO] [1744576245.201662544] [drone_home1.controller]: Going to [(29.639661, -82.361216)]: 5.83 meters
[controller-2] [INFO] [1744576245.299965644] [drone_home1.controller]: Bearing: -79.27°
[controller-2] [INFO] [1744576245.300944867] [drone_home1.controller]: Going to [(29.639661, -82.361216)]: 6.00 meters
[controller-2] [INFO] [1744576245.400603690] [drone_home1.controller]: Bearing: -79.49°
[controller-2] [INFO] [1744576245.401612258] [drone_home1.controller]: Going to [(29.639661, -82.361216)]: 6.24 meters
[controller-2] [INFO] [1744576245.500851186] [drone_home1.controller]: Bearing: -79.49°
[controller-2] [INFO] [1744576245.501789863] [drone_home1.controller]: Going to [(29.639661, -82.361216)]: 6.24 meters
[controller-2] [INFO] [1744576245.599746991] [drone_home1.controller]: Bearing: -79.49°
[controller-2] [INFO] [1744576245.600842412] [drone_home1.controller]: Going to [(29.639661, -82.361216)]: 6.24 meters
[controller-2] [INFO] [1744576245.699721064] [drone_home1.controller]: Bearing: -79.00°
[controller-2] [INFO] [1744576245.701145271] [drone_home1.controller]: Going to [(29.639661, -82.361216)]: 6.06 meters
[controller-2] [INFO] [1744576245.799671072] [drone_home1.controller]: Bearing: -79.00°
[controller-2] [INFO] [1744576245.800634357] [drone_home1.controller]: Going to [(29.639661, -82.361216)]: 6.06 meters
[controller-2] [INFO] [1744576245.899537331] [drone_home1.controller]: Bearing: -79.00°
[controller-2] [INFO] [1744576245.900492360] [drone_home1.controller]: Going to [(29.639661, -82.361216)]: 6.06 meters
[controller-2] [INFO] [1744576245.999949764] [drone_home1.controller]: Bearing: -79.00°
[controller-2] [INFO] [1744576246.000975581] [drone_home1.controller]: Going to [(29.639661, -82.361216)]: 6.06 meters
[controller-2] [INFO] [1744576246.099751795] [drone_home1.controller]: Bearing: -79.00°
[controller-2] [INFO] [1744576246.101087485] [drone_home1.controller]: Going to [(29.639661, -82.361216)]: 6.06 meters
[controller-2] [INFO] [1744576246.200206021] [drone_home1.controller]: Bearing: -79.00°
[controller-2] [INFO] [1744576246.201433513] [drone_home1.controller]: Going to [(29.639661, -82.361216)]: 6.06 meters
[controller-2] [INFO] [1744576246.300104985] [drone_home1.controller]: Bearing: -79.00°
[controller-2] [INFO] [1744576246.301404225] [drone_home1.controller]: Going to [(29.639661, -82.361216)]: 6.06 meters
[controller-2] [INFO] [1744576246.401951929] [drone_home1.controller]: Bearing: -78.75°
[controller-2] [INFO] [1744576246.403811136] [drone_home1.controller]: Going to [(29.639661, -82.361216)]: 5.83 meters
[controller-2] [INFO] [1744576246.499625137] [drone_home1.controller]: Bearing: -78.75°
[controller-2] [INFO] [1744576246.500682636] [drone_home1.controller]: Going to [(29.639661, -82.361216)]: 5.83 meters
[controller-2] [INFO] [1744576246.599888153] [drone_home1.controller]: Bearing: -78.75°
[controller-2] [INFO] [1744576246.600952244] [drone_home1.controller]: Going to [(29.639661, -82.361216)]: 5.83 meters
[controller-2] [INFO] [1744576246.699604003] [drone_home1.controller]: Bearing: -78.75°
[controller-2] [INFO] [1744576246.701361348] [drone_home1.controller]: Going to [(29.639661, -82.361216)]: 5.83 meters
[controller-2] [INFO] [1744576246.800538256] [drone_home1.controller]: Bearing: -78.75°
[controller-2] [INFO] [1744576246.802915508] [drone_home1.controller]: Going to [(29.639661, -82.361216)]: 5.83 meters
[controller-2] [INFO] [1744576246.899601589] [drone_home1.controller]: Bearing: -78.75°
[controller-2] [INFO] [1744576246.900545130] [drone_home1.controller]: Going to [(29.639661, -82.361216)]: 5.83 meters
[controller-2] [INFO] [1744576246.999556268] [drone_home1.controller]: Bearing: -78.75°
[controller-2] [INFO] [1744576247.000536739] [drone_home1.controller]: Going to [(29.639661, -82.361216)]: 5.83 meters
[controller-2] [INFO] [1744576247.099580294] [drone_home1.controller]: Bearing: -78.75°
[controller-2] [INFO] [1744576247.101084025] [drone_home1.controller]: Going to [(29.639661, -82.361216)]: 5.83 meters
[controller-2] [INFO] [1744576247.199536764] [drone_home1.controller]: Bearing: -78.75°
[controller-2] [INFO] [1744576247.200552052] [drone_home1.controller]: Going to [(29.639661, -82.361216)]: 5.83 meters
[controller-2] [INFO] [1744576247.299711838] [drone_home1.controller]: Bearing: -78.47°
[controller-2] [INFO] [1744576247.302537435] [drone_home1.controller]: Going to [(29.639661, -82.361216)]: 5.89 meters
[controller-2] [INFO] [1744576247.402280325] [drone_home1.controller]: Bearing: -78.47°
[controller-2] [INFO] [1744576247.403453958] [drone_home1.controller]: Going to [(29.639661, -82.361216)]: 5.89 meters
[controller-2] [INFO] [1744576247.499803796] [drone_home1.controller]: Bearing: -78.47°
[controller-2] [INFO] [1744576247.501083003] [drone_home1.controller]: Going to [(29.639661, -82.361216)]: 5.89 meters
[controller-2] [INFO] [1744576247.599846735] [drone_home1.controller]: Bearing: -78.75°
[controller-2] [INFO] [1744576247.601093236] [drone_home1.controller]: Going to [(29.639661, -82.361216)]: 5.83 meters
[controller-2] [INFO] [1744576247.699909611] [drone_home1.controller]: Bearing: -78.75°
[controller-2] [INFO] [1744576247.701002503] [drone_home1.controller]: Going to [(29.639661, -82.361216)]: 5.83 meters
[controller-2] [INFO] [1744576247.800141808] [drone_home1.controller]: Bearing: -78.75°
[controller-2] [INFO] [1744576247.801129479] [drone_home1.controller]: Going to [(29.639661, -82.361216)]: 5.83 meters
[controller-2] [INFO] [1744576247.900196875] [drone_home1.controller]: Bearing: -78.47°
[controller-2] [INFO] [1744576247.901207011] [drone_home1.controller]: Going to [(29.639661, -82.361216)]: 5.89 meters
[controller-2] [INFO] [1744576248.000311338] [drone_home1.controller]: Bearing: -78.47°
[controller-2] [INFO] [1744576248.001926980] [drone_home1.controller]: Going to [(29.639661, -82.361216)]: 5.89 meters
[controller-2] [INFO] [1744576248.099611675] [drone_home1.controller]: Bearing: -78.47°
[controller-2] [INFO] [1744576248.100816990] [drone_home1.controller]: Going to [(29.639661, -82.361216)]: 5.89 meters
[controller-2] [INFO] [1744576248.199650356] [drone_home1.controller]: Bearing: -78.47°
[controller-2] [INFO] [1744576248.200746097] [drone_home1.controller]: Going to [(29.639661, -82.361216)]: 5.89 meters
[controller-2] [INFO] [1744576248.301882792] [drone_home1.controller]: Bearing: -78.47°
[controller-2] [INFO] [1744576248.302870623] [drone_home1.controller]: Going to [(29.639661, -82.361216)]: 5.89 meters
[controller-2] [INFO] [1744576248.399588928] [drone_home1.controller]: Bearing: -78.47°
[controller-2] [INFO] [1744576248.400545365] [drone_home1.controller]: Going to [(29.639661, -82.361216)]: 5.89 meters
[controller-2] [INFO] [1744576248.499730687] [drone_home1.controller]: Bearing: -78.47°
[controller-2] [INFO] [1744576248.501811187] [drone_home1.controller]: Going to [(29.639661, -82.361216)]: 5.89 meters
[controller-2] [INFO] [1744576248.599941186] [drone_home1.controller]: Bearing: -78.47°
[controller-2] [INFO] [1744576248.602074489] [drone_home1.controller]: Going to [(29.639661, -82.361216)]: 5.89 meters
[controller-2] [INFO] [1744576248.699618215] [drone_home1.controller]: Bearing: -78.47°
[controller-2] [INFO] [1744576248.701274468] [drone_home1.controller]: Going to [(29.639661, -82.361216)]: 5.75 meters
[controller-2] [INFO] [1744576248.799910031] [drone_home1.controller]: Bearing: -78.47°
[controller-2] [INFO] [1744576248.800968170] [drone_home1.controller]: Going to [(29.639661, -82.361216)]: 5.75 meters
[controller-2] [INFO] [1744576248.899566771] [drone_home1.controller]: Bearing: -78.47°
[controller-2] [INFO] [1744576248.900543210] [drone_home1.controller]: Going to [(29.639661, -82.361216)]: 5.75 meters
[controller-2] [INFO] [1744576248.999504231] [drone_home1.controller]: Bearing: -78.47°
[controller-2] [INFO] [1744576249.000469213] [drone_home1.controller]: Going to [(29.639661, -82.361216)]: 5.75 meters
[controller-2] [INFO] [1744576249.099664359] [drone_home1.controller]: Bearing: -78.47°
[controller-2] [INFO] [1744576249.101659734] [drone_home1.controller]: Going to [(29.639661, -82.361216)]: 5.75 meters
[controller-2] [INFO] [1744576249.199974990] [drone_home1.controller]: Bearing: -78.47°
[controller-2] [INFO] [1744576249.200994471] [drone_home1.controller]: Going to [(29.639661, -82.361216)]: 5.75 meters
[controller-2] [INFO] [1744576249.299933795] [drone_home1.controller]: Bearing: -78.47°
[controller-2] [INFO] [1744576249.300910649] [drone_home1.controller]: Going to [(29.639661, -82.361216)]: 5.75 meters
[controller-2] [INFO] [1744576249.399930137] [drone_home1.controller]: Bearing: -78.47°
[controller-2] [INFO] [1744576249.400897582] [drone_home1.controller]: Going to [(29.639661, -82.361216)]: 5.75 meters
[controller-2] [INFO] [1744576249.500654295] [drone_home1.controller]: Bearing: -78.47°
[controller-2] [INFO] [1744576249.501688785] [drone_home1.controller]: Going to [(29.639661, -82.361216)]: 5.75 meters
[controller-2] [INFO] [1744576249.599680152] [drone_home1.controller]: Bearing: -78.47°
[controller-2] [INFO] [1744576249.601148905] [drone_home1.controller]: Going to [(29.639661, -82.361216)]: 5.75 meters
[controller-2] [INFO] [1744576249.700634211] [drone_home1.controller]: Bearing: -78.47°
[controller-2] [INFO] [1744576249.702011472] [drone_home1.controller]: Going to [(29.639661, -82.361216)]: 5.75 meters
[controller-2] [INFO] [1744576249.799758601] [drone_home1.controller]: Bearing: -78.47°
[controller-2] [INFO] [1744576249.800969132] [drone_home1.controller]: Going to [(29.639661, -82.361216)]: 5.75 meters
[controller-2] [INFO] [1744576249.899614007] [drone_home1.controller]: Bearing: -77.86°
[controller-2] [INFO] [1744576249.901463230] [drone_home1.controller]: Going to [(29.639661, -82.361216)]: 5.58 meters
[controller-2] [INFO] [1744576250.000370360] [drone_home1.controller]: Bearing: -77.86°
[controller-2] [INFO] [1744576250.001405489] [drone_home1.controller]: Going to [(29.639661, -82.361216)]: 5.58 meters
[controller-2] [INFO] [1744576250.101990791] [drone_home1.controller]: Bearing: -77.86°
[controller-2] [INFO] [1744576250.103062883] [drone_home1.controller]: Going to [(29.639661, -82.361216)]: 5.58 meters
[controller-2] [INFO] [1744576250.199742304] [drone_home1.controller]: Bearing: -77.86°
[controller-2] [INFO] [1744576250.200744855] [drone_home1.controller]: Going to [(29.639661, -82.361216)]: 5.58 meters
[controller-2] [INFO] [1744576250.299711603] [drone_home1.controller]: Bearing: -77.86°
[controller-2] [INFO] [1744576250.300742733] [drone_home1.controller]: Going to [(29.639661, -82.361216)]: 5.58 meters
[controller-2] [INFO] [1744576250.400223589] [drone_home1.controller]: Bearing: -77.86°
[controller-2] [INFO] [1744576250.401304481] [drone_home1.controller]: Going to [(29.639661, -82.361216)]: 5.58 meters
[controller-2] [INFO] [1744576250.501981661] [drone_home1.controller]: Bearing: -77.86°
[controller-2] [INFO] [1744576250.502976500] [drone_home1.controller]: Going to [(29.639661, -82.361216)]: 5.58 meters
[controller-2] [INFO] [1744576250.599923712] [drone_home1.controller]: Bearing: -77.86°
[controller-2] [INFO] [1744576250.603043597] [drone_home1.controller]: Going to [(29.639661, -82.361216)]: 5.58 meters
[controller-2] [INFO] [1744576250.699940374] [drone_home1.controller]: Bearing: -77.86°
[controller-2] [INFO] [1744576250.707026240] [drone_home1.controller]: Going to [(29.639661, -82.361216)]: 5.58 meters
[controller-2] [INFO] [1744576250.803509842] [drone_home1.controller]: Bearing: -77.86°
[controller-2] [INFO] [1744576250.806472982] [drone_home1.controller]: Going to [(29.639661, -82.361216)]: 5.58 meters
[controller-2] [INFO] [1744576250.899782744] [drone_home1.controller]: Bearing: -77.86°
[controller-2] [INFO] [1744576250.900790672] [drone_home1.controller]: Going to [(29.639661, -82.361216)]: 5.58 meters
[controller-2] [INFO] [1744576250.999707337] [drone_home1.controller]: Bearing: -77.86°
[controller-2] [INFO] [1744576251.003019937] [drone_home1.controller]: Going to [(29.639661, -82.361216)]: 5.58 meters
[controller-2] [INFO] [1744576251.100014543] [drone_home1.controller]: Bearing: -77.86°
[controller-2] [INFO] [1744576251.101305527] [drone_home1.controller]: Going to [(29.639661, -82.361216)]: 5.58 meters
[controller-2] [INFO] [1744576251.199740148] [drone_home1.controller]: Bearing: -77.86°
[controller-2] [INFO] [1744576251.200744044] [drone_home1.controller]: Going to [(29.639661, -82.361216)]: 5.58 meters
[controller-2] [INFO] [1744576251.299702567] [drone_home1.controller]: Bearing: -77.86°
[controller-2] [INFO] [1744576251.300652315] [drone_home1.controller]: Going to [(29.639661, -82.361216)]: 5.58 meters
[controller-2] [INFO] [1744576251.399635383] [drone_home1.controller]: Bearing: -77.86°
[controller-2] [INFO] [1744576251.400665681] [drone_home1.controller]: Going to [(29.639661, -82.361216)]: 5.58 meters
[controller-2] [INFO] [1744576251.499736273] [drone_home1.controller]: Bearing: -77.86°
[controller-2] [INFO] [1744576251.500738793] [drone_home1.controller]: Going to [(29.639661, -82.361216)]: 5.58 meters
[controller-2] [INFO] [1744576251.599741286] [drone_home1.controller]: Bearing: -77.86°
[controller-2] [INFO] [1744576251.600762751] [drone_home1.controller]: Going to [(29.639661, -82.361216)]: 5.58 meters
[controller-2] [INFO] [1744576251.699791453] [drone_home1.controller]: Bearing: -77.86°
[controller-2] [INFO] [1744576251.702611450] [drone_home1.controller]: Going to [(29.639661, -82.361216)]: 5.58 meters
[controller-2] [INFO] [1744576251.799514050] [drone_home1.controller]: Bearing: -77.19°
[controller-2] [INFO] [1744576251.802188951] [drone_home1.controller]: Going to [(29.639661, -82.361216)]: 5.42 meters
[controller-2] [INFO] [1744576251.899957936] [drone_home1.controller]: Bearing: -77.86°
[controller-2] [INFO] [1744576251.900917509] [drone_home1.controller]: Going to [(29.639661, -82.361216)]: 5.58 meters
[controller-2] [INFO] [1744576251.999714231] [drone_home1.controller]: Bearing: -77.86°
[controller-2] [INFO] [1744576252.000724623] [drone_home1.controller]: Going to [(29.639661, -82.361216)]: 5.58 meters
[controller-2] [INFO] [1744576252.099701353] [drone_home1.controller]: Bearing: -77.86°
[controller-2] [INFO] [1744576252.102993760] [drone_home1.controller]: Going to [(29.639661, -82.361216)]: 5.58 meters
[controller-2] [INFO] [1744576252.200150582] [drone_home1.controller]: Bearing: -77.19°
[controller-2] [INFO] [1744576252.201149325] [drone_home1.controller]: Going to [(29.639661, -82.361216)]: 5.42 meters
[controller-2] [INFO] [1744576252.299679247] [drone_home1.controller]: Bearing: -77.83°
[controller-2] [INFO] [1744576252.300793613] [drone_home1.controller]: Going to [(29.639661, -82.361216)]: 5.29 meters
[controller-2] [INFO] [1744576252.399626336] [drone_home1.controller]: Bearing: -77.83°
[controller-2] [INFO] [1744576252.400598518] [drone_home1.controller]: Going to [(29.639661, -82.361216)]: 5.29 meters
[controller-2] [INFO] [1744576252.500839927] [drone_home1.controller]: Bearing: -77.83°
[controller-2] [INFO] [1744576252.502911658] [drone_home1.controller]: Going to [(29.639661, -82.361216)]: 5.29 meters
[controller-2] [INFO] [1744576252.600433332] [drone_home1.controller]: Bearing: -77.83°
[controller-2] [INFO] [1744576252.601412234] [drone_home1.controller]: Going to [(29.639661, -82.361216)]: 5.29 meters
[controller-2] [INFO] [1744576252.699774498] [drone_home1.controller]: Bearing: -77.83°
[controller-2] [INFO] [1744576252.700733304] [drone_home1.controller]: Going to [(29.639661, -82.361216)]: 5.29 meters
[controller-2] [INFO] [1744576252.799622221] [drone_home1.controller]: Bearing: -78.14°
[controller-2] [INFO] [1744576252.801076478] [drone_home1.controller]: Going to [(29.639661, -82.361216)]: 5.07 meters
[controller-2] [INFO] [1744576252.899668452] [drone_home1.controller]: Bearing: -78.47°
[controller-2] [INFO] [1744576252.900603831] [drone_home1.controller]: Going to [(29.639661, -82.361216)]: 5.16 meters
[controller-2] [INFO] [1744576252.999546160] [drone_home1.controller]: Bearing: -78.47°
[controller-2] [INFO] [1744576253.000500165] [drone_home1.controller]: Going to [(29.639661, -82.361216)]: 5.16 meters
[controller-2] [INFO] [1744576253.099569124] [drone_home1.controller]: Bearing: -78.47°
[controller-2] [INFO] [1744576253.100561211] [drone_home1.controller]: Going to [(29.639661, -82.361216)]: 5.16 meters
[controller-2] [INFO] [1744576253.199558998] [drone_home1.controller]: Bearing: -77.83°
[controller-2] [INFO] [1744576253.200533420] [drone_home1.controller]: Going to [(29.639661, -82.361216)]: 5.29 meters
[controller-2] [INFO] [1744576253.299821591] [drone_home1.controller]: Bearing: -78.47°
[controller-2] [INFO] [1744576253.300804110] [drone_home1.controller]: Going to [(29.639661, -82.361216)]: 5.45 meters
[controller-2] [INFO] [1744576253.400019637] [drone_home1.controller]: Bearing: -78.47°
[controller-2] [INFO] [1744576253.400952489] [drone_home1.controller]: Going to [(29.639661, -82.361216)]: 5.45 meters
[controller-2] [INFO] [1744576253.499749208] [drone_home1.controller]: Bearing: -78.47°
[controller-2] [INFO] [1744576253.500845845] [drone_home1.controller]: Going to [(29.639661, -82.361216)]: 5.45 meters
[controller-2] [INFO] [1744576253.600208356] [drone_home1.controller]: Bearing: -79.05°
[controller-2] [INFO] [1744576253.601242046] [drone_home1.controller]: Going to [(29.639661, -82.361216)]: 5.62 meters
[controller-2] [INFO] [1744576253.699756254] [drone_home1.controller]: Bearing: -79.05°
[controller-2] [INFO] [1744576253.700771350] [drone_home1.controller]: Going to [(29.639661, -82.361216)]: 5.62 meters
[controller-2] [INFO] [1744576253.799693229] [drone_home1.controller]: Bearing: -79.05°
[controller-2] [INFO] [1744576253.800629505] [drone_home1.controller]: Going to [(29.639661, -82.361216)]: 5.62 meters
[controller-2] [INFO] [1744576253.899957646] [drone_home1.controller]: Bearing: -79.05°
[controller-2] [INFO] [1744576253.900896578] [drone_home1.controller]: Going to [(29.639661, -82.361216)]: 5.62 meters
[controller-2] [INFO] [1744576253.999556746] [drone_home1.controller]: Bearing: -79.05°
[controller-2] [INFO] [1744576254.000556642] [drone_home1.controller]: Going to [(29.639661, -82.361216)]: 5.62 meters
[controller-2] [INFO] [1744576254.100446221] [drone_home1.controller]: Bearing: -79.31°
[controller-2] [INFO] [1744576254.102166189] [drone_home1.controller]: Going to [(29.639661, -82.361216)]: 5.71 meters
[controller-2] [INFO] [1744576254.199688437] [drone_home1.controller]: Bearing: -78.75°
[controller-2] [INFO] [1744576254.200869110] [drone_home1.controller]: Going to [(29.639661, -82.361216)]: 5.83 meters
[controller-2] [INFO] [1744576254.299604162] [drone_home1.controller]: Bearing: -78.75°
[controller-2] [INFO] [1744576254.300869128] [drone_home1.controller]: Going to [(29.639661, -82.361216)]: 5.83 meters
[controller-2] [INFO] [1744576254.399570609] [drone_home1.controller]: Bearing: -78.75°
[controller-2] [INFO] [1744576254.400649389] [drone_home1.controller]: Going to [(29.639661, -82.361216)]: 5.83 meters
[controller-2] [INFO] [1744576254.499692234] [drone_home1.controller]: Bearing: -78.75°
[controller-2] [INFO] [1744576254.500710530] [drone_home1.controller]: Going to [(29.639661, -82.361216)]: 5.83 meters
[controller-2] [INFO] [1744576254.599569620] [drone_home1.controller]: Bearing: -79.27°
[controller-2] [INFO] [1744576254.600558923] [drone_home1.controller]: Going to [(29.639661, -82.361216)]: 6.00 meters
[controller-2] [INFO] [1744576254.699656523] [drone_home1.controller]: Bearing: -79.27°
[controller-2] [INFO] [1744576254.700606464] [drone_home1.controller]: Going to [(29.639661, -82.361216)]: 6.00 meters
[controller-2] [INFO] [1744576254.799648444] [drone_home1.controller]: Bearing: -78.75°
[controller-2] [INFO] [1744576254.800593264] [drone_home1.controller]: Going to [(29.639661, -82.361216)]: 5.83 meters
[controller-2] [INFO] [1744576254.899645741] [drone_home1.controller]: Bearing: -78.75°
[controller-2] [INFO] [1744576254.900624164] [drone_home1.controller]: Going to [(29.639661, -82.361216)]: 5.83 meters
[controller-2] [INFO] [1744576255.000233504] [drone_home1.controller]: Bearing: -79.00°
[controller-2] [INFO] [1744576255.001201045] [drone_home1.controller]: Going to [(29.639661, -82.361216)]: 6.06 meters
[controller-2] [INFO] [1744576255.099946816] [drone_home1.controller]: Bearing: -79.00°
[controller-2] [INFO] [1744576255.102562065] [drone_home1.controller]: Going to [(29.639661, -82.361216)]: 6.06 meters
[controller-2] [INFO] [1744576255.199577244] [drone_home1.controller]: Bearing: -79.00°
[controller-2] [INFO] [1744576255.204863074] [drone_home1.controller]: Going to [(29.639661, -82.361216)]: 6.06 meters
[controller-2] [INFO] [1744576255.300476415] [drone_home1.controller]: Bearing: -79.00°
[controller-2] [INFO] [1744576255.301496888] [drone_home1.controller]: Going to [(29.639661, -82.361216)]: 6.06 meters
[controller-2] [INFO] [1744576255.400538067] [drone_home1.controller]: Bearing: -79.00°
[controller-2] [INFO] [1744576255.402161965] [drone_home1.controller]: Going to [(29.639661, -82.361216)]: 6.06 meters
[controller-2] [INFO] [1744576255.499946051] [drone_home1.controller]: Bearing: -79.00°
[controller-2] [INFO] [1744576255.500860597] [drone_home1.controller]: Going to [(29.639661, -82.361216)]: 6.06 meters
[controller-2] [INFO] [1744576255.599685445] [drone_home1.controller]: Bearing: -79.00°
[controller-2] [INFO] [1744576255.602568677] [drone_home1.controller]: Going to [(29.639661, -82.361216)]: 6.06 meters
[controller-2] [INFO] [1744576255.699669204] [drone_home1.controller]: Bearing: -79.00°
[controller-2] [INFO] [1744576255.702146174] [drone_home1.controller]: Going to [(29.639661, -82.361216)]: 6.06 meters
[controller-2] [INFO] [1744576255.799438040] [drone_home1.controller]: Bearing: -79.00°
[controller-2] [INFO] [1744576255.802168720] [drone_home1.controller]: Going to [(29.639661, -82.361216)]: 6.06 meters
[controller-2] [INFO] [1744576255.900175154] [drone_home1.controller]: Bearing: -79.00°
[controller-2] [INFO] [1744576255.901358643] [drone_home1.controller]: Going to [(29.639661, -82.361216)]: 6.06 meters
[controller-2] [INFO] [1744576255.999973431] [drone_home1.controller]: Bearing: -79.00°
[controller-2] [INFO] [1744576256.000931660] [drone_home1.controller]: Going to [(29.639661, -82.361216)]: 6.06 meters
[controller-2] [INFO] [1744576256.099529518] [drone_home1.controller]: Bearing: -79.00°
[controller-2] [INFO] [1744576256.100499556] [drone_home1.controller]: Going to [(29.639661, -82.361216)]: 6.06 meters
[controller-2] [INFO] [1744576256.199564992] [drone_home1.controller]: Bearing: -79.00°
[controller-2] [INFO] [1744576256.200793732] [drone_home1.controller]: Going to [(29.639661, -82.361216)]: 6.06 meters
[controller-2] [INFO] [1744576256.299530062] [drone_home1.controller]: Bearing: -79.00°
[controller-2] [INFO] [1744576256.301241741] [drone_home1.controller]: Going to [(29.639661, -82.361216)]: 6.06 meters
[controller-2] [INFO] [1744576256.399612706] [drone_home1.controller]: Bearing: -79.00°
[controller-2] [INFO] [1744576256.400651675] [drone_home1.controller]: Going to [(29.639661, -82.361216)]: 6.06 meters
[controller-2] [INFO] [1744576256.501086371] [drone_home1.controller]: Bearing: -79.00°
[controller-2] [INFO] [1744576256.502160671] [drone_home1.controller]: Going to [(29.639661, -82.361216)]: 6.06 meters
[controller-2] [INFO] [1744576256.600017240] [drone_home1.controller]: Bearing: -79.00°
[controller-2] [INFO] [1744576256.603184327] [drone_home1.controller]: Going to [(29.639661, -82.361216)]: 6.06 meters
[controller-2] [INFO] [1744576256.700668043] [drone_home1.controller]: Bearing: -79.00°
[controller-2] [INFO] [1744576256.703491944] [drone_home1.controller]: Going to [(29.639661, -82.361216)]: 6.06 meters
[controller-2] [INFO] [1744576256.800362634] [drone_home1.controller]: Bearing: -79.00°
[controller-2] [INFO] [1744576256.801409764] [drone_home1.controller]: Going to [(29.639661, -82.361216)]: 6.06 meters
[controller-2] [INFO] [1744576256.901467671] [drone_home1.controller]: Bearing: -79.00°
[controller-2] [INFO] [1744576256.902385354] [drone_home1.controller]: Going to [(29.639661, -82.361216)]: 6.06 meters
[controller-2] [INFO] [1744576257.001750422] [drone_home1.controller]: Bearing: -79.00°
[controller-2] [INFO] [1744576257.003432020] [drone_home1.controller]: Going to [(29.639661, -82.361216)]: 6.06 meters
[controller-2] [INFO] [1744576257.100461374] [drone_home1.controller]: Bearing: -79.00°
[controller-2] [INFO] [1744576257.102057238] [drone_home1.controller]: Going to [(29.639661, -82.361216)]: 6.06 meters
[controller-2] [INFO] [1744576257.200637430] [drone_home1.controller]: Bearing: -79.00°
[controller-2] [INFO] [1744576257.202231407] [drone_home1.controller]: Going to [(29.639661, -82.361216)]: 6.06 meters
[controller-2] [INFO] [1744576257.300335828] [drone_home1.controller]: Bearing: -79.49°
[controller-2] [INFO] [1744576257.301771588] [drone_home1.controller]: Going to [(29.639661, -82.361216)]: 6.24 meters
[controller-2] [INFO] [1744576257.399705376] [drone_home1.controller]: Bearing: -79.49°
[controller-2] [INFO] [1744576257.401051146] [drone_home1.controller]: Going to [(29.639661, -82.361216)]: 6.24 meters
[controller-2] [INFO] [1744576257.500324433] [drone_home1.controller]: Bearing: -79.49°
[controller-2] [INFO] [1744576257.501689501] [drone_home1.controller]: Going to [(29.639661, -82.361216)]: 6.24 meters
[controller-2] [INFO] [1744576257.599655642] [drone_home1.controller]: Bearing: -79.49°
[controller-2] [INFO] [1744576257.600738422] [drone_home1.controller]: Going to [(29.639661, -82.361216)]: 6.24 meters
[controller-2] [INFO] [1744576257.700029918] [drone_home1.controller]: Bearing: -79.49°
[controller-2] [INFO] [1744576257.701374696] [drone_home1.controller]: Going to [(29.639661, -82.361216)]: 6.24 meters
[controller-2] [INFO] [1744576257.799908614] [drone_home1.controller]: Bearing: -79.00°
[controller-2] [INFO] [1744576257.802341645] [drone_home1.controller]: Going to [(29.639661, -82.361216)]: 6.06 meters
[controller-2] [INFO] [1744576257.899876563] [drone_home1.controller]: Bearing: -79.00°
[controller-2] [INFO] [1744576257.904171041] [drone_home1.controller]: Going to [(29.639661, -82.361216)]: 6.06 meters
[controller-2] [INFO] [1744576257.999915620] [drone_home1.controller]: Bearing: -79.00°
[controller-2] [INFO] [1744576258.001147464] [drone_home1.controller]: Going to [(29.639661, -82.361216)]: 6.06 meters
[controller-2] [INFO] [1744576258.099680804] [drone_home1.controller]: Bearing: -79.00°
[controller-2] [INFO] [1744576258.100698749] [drone_home1.controller]: Going to [(29.639661, -82.361216)]: 6.06 meters
[controller-2] [INFO] [1744576258.199652177] [drone_home1.controller]: Bearing: -79.00°
[controller-2] [INFO] [1744576258.200770511] [drone_home1.controller]: Going to [(29.639661, -82.361216)]: 6.06 meters
[controller-2] [INFO] [1744576258.299695841] [drone_home1.controller]: Bearing: -79.00°
[controller-2] [INFO] [1744576258.302217837] [drone_home1.controller]: Going to [(29.639661, -82.361216)]: 6.06 meters
[controller-2] [INFO] [1744576258.399979934] [drone_home1.controller]: Bearing: -79.00°
[controller-2] [INFO] [1744576258.402258845] [drone_home1.controller]: Going to [(29.639661, -82.361216)]: 6.06 meters
[controller-2] [INFO] [1744576258.499631961] [drone_home1.controller]: Bearing: -79.00°
[controller-2] [INFO] [1744576258.500594478] [drone_home1.controller]: Going to [(29.639661, -82.361216)]: 6.06 meters
[controller-2] [INFO] [1744576258.599577027] [drone_home1.controller]: Bearing: -79.27°
[controller-2] [INFO] [1744576258.600524632] [drone_home1.controller]: Going to [(29.639661, -82.361216)]: 6.00 meters
[controller-2] [INFO] [1744576258.700324731] [drone_home1.controller]: Bearing: -79.27°
[controller-2] [INFO] [1744576258.702106653] [drone_home1.controller]: Going to [(29.639661, -82.361216)]: 6.00 meters
[controller-2] [INFO] [1744576258.799598272] [drone_home1.controller]: Bearing: -79.27°
[controller-2] [INFO] [1744576258.800573014] [drone_home1.controller]: Going to [(29.639661, -82.361216)]: 6.00 meters
[controller-2] [INFO] [1744576258.900229073] [drone_home1.controller]: Bearing: -79.27°
[controller-2] [INFO] [1744576258.901961425] [drone_home1.controller]: Going to [(29.639661, -82.361216)]: 6.00 meters
[controller-2] [INFO] [1744576259.001240535] [drone_home1.controller]: Bearing: -79.27°
[controller-2] [INFO] [1744576259.006506395] [drone_home1.controller]: Going to [(29.639661, -82.361216)]: 6.00 meters
[controller-2] [INFO] [1744576259.099723119] [drone_home1.controller]: Bearing: -79.27°
[controller-2] [INFO] [1744576259.101010967] [drone_home1.controller]: Going to [(29.639661, -82.361216)]: 6.00 meters
[controller-2] [INFO] [1744576259.200046798] [drone_home1.controller]: Bearing: -79.27°
[controller-2] [INFO] [1744576259.201066471] [drone_home1.controller]: Going to [(29.639661, -82.361216)]: 6.00 meters
[controller-2] [INFO] [1744576259.299680231] [drone_home1.controller]: Bearing: -79.27°
[controller-2] [INFO] [1744576259.300773219] [drone_home1.controller]: Going to [(29.639661, -82.361216)]: 6.00 meters
[controller-2] [INFO] [1744576259.399753175] [drone_home1.controller]: Bearing: -79.27°
[controller-2] [INFO] [1744576259.400926264] [drone_home1.controller]: Going to [(29.639661, -82.361216)]: 6.00 meters
[controller-2] [INFO] [1744576259.499769381] [drone_home1.controller]: Bearing: -79.27°
[controller-2] [INFO] [1744576259.501020715] [drone_home1.controller]: Going to [(29.639661, -82.361216)]: 6.00 meters
[controller-2] [INFO] [1744576259.599658124] [drone_home1.controller]: Bearing: -79.27°
[controller-2] [INFO] [1744576259.600773930] [drone_home1.controller]: Going to [(29.639661, -82.361216)]: 6.00 meters
[controller-2] [INFO] [1744576259.699787392] [drone_home1.controller]: Bearing: -79.27°
[controller-2] [INFO] [1744576259.702638654] [drone_home1.controller]: Going to [(29.639661, -82.361216)]: 6.00 meters
[controller-2] [INFO] [1744576259.800502964] [drone_home1.controller]: Bearing: -79.27°
[controller-2] [INFO] [1744576259.802073547] [drone_home1.controller]: Going to [(29.639661, -82.361216)]: 6.00 meters
[controller-2] [INFO] [1744576259.899998469] [drone_home1.controller]: Bearing: -79.27°
[controller-2] [INFO] [1744576259.900915000] [drone_home1.controller]: Going to [(29.639661, -82.361216)]: 6.00 meters
[controller-2] [INFO] [1744576259.999653343] [drone_home1.controller]: Bearing: -79.27°
[controller-2] [INFO] [1744576260.000631989] [drone_home1.controller]: Going to [(29.639661, -82.361216)]: 6.00 meters
[controller-2] [INFO] [1744576260.100713381] [drone_home1.controller]: Bearing: -78.75°
[controller-2] [INFO] [1744576260.102730837] [drone_home1.controller]: Going to [(29.639661, -82.361216)]: 5.83 meters
[controller-2] [INFO] [1744576260.199623061] [drone_home1.controller]: Bearing: -78.75°
[controller-2] [INFO] [1744576260.202661693] [drone_home1.controller]: Going to [(29.639661, -82.361216)]: 5.83 meters
[controller-2] [INFO] [1744576260.299792618] [drone_home1.controller]: Bearing: -79.27°
[controller-2] [INFO] [1744576260.300764736] [drone_home1.controller]: Going to [(29.639661, -82.361216)]: 6.00 meters
[controller-2] [INFO] [1744576260.399578666] [drone_home1.controller]: Bearing: -79.27°
[controller-2] [INFO] [1744576260.400628868] [drone_home1.controller]: Going to [(29.639661, -82.361216)]: 6.00 meters
[controller-2] [INFO] [1744576260.499902568] [drone_home1.controller]: Bearing: -79.81°
[controller-2] [INFO] [1744576260.501868405] [drone_home1.controller]: Going to [(29.639661, -82.361216)]: 5.88 meters
[controller-2] [INFO] [1744576260.599644869] [drone_home1.controller]: Bearing: -79.81°
[controller-2] [INFO] [1744576260.600710561] [drone_home1.controller]: Going to [(29.639661, -82.361216)]: 5.88 meters
[controller-2] [INFO] [1744576260.699663346] [drone_home1.controller]: Bearing: -79.81°
[controller-2] [INFO] [1744576260.700633448] [drone_home1.controller]: Going to [(29.639661, -82.361216)]: 5.88 meters
[controller-2] [INFO] [1744576260.800098710] [drone_home1.controller]: Bearing: -79.81°
[controller-2] [INFO] [1744576260.801153841] [drone_home1.controller]: Going to [(29.639661, -82.361216)]: 5.88 meters
[controller-2] [INFO] [1744576260.899874326] [drone_home1.controller]: Bearing: -79.31°
[controller-2] [INFO] [1744576260.901348360] [drone_home1.controller]: Going to [(29.639661, -82.361216)]: 5.71 meters
[controller-2] [INFO] [1744576261.002075676] [drone_home1.controller]: Bearing: -79.31°
[controller-2] [INFO] [1744576261.006886407] [drone_home1.controller]: Going to [(29.639661, -82.361216)]: 5.71 meters
[controller-2] [INFO] [1744576261.100535697] [drone_home1.controller]: Bearing: -79.31°
[controller-2] [INFO] [1744576261.104455851] [drone_home1.controller]: Going to [(29.639661, -82.361216)]: 5.71 meters
[controller-2] [INFO] [1744576261.199653355] [drone_home1.controller]: Bearing: -79.31°
[controller-2] [INFO] [1744576261.200662627] [drone_home1.controller]: Going to [(29.639661, -82.361216)]: 5.71 meters
[controller-2] [INFO] [1744576261.300540551] [drone_home1.controller]: Bearing: -79.31°
[controller-2] [INFO] [1744576261.302276712] [drone_home1.controller]: Going to [(29.639661, -82.361216)]: 5.71 meters
[controller-2] [INFO] [1744576261.399665314] [drone_home1.controller]: Bearing: -79.31°
[controller-2] [INFO] [1744576261.400614358] [drone_home1.controller]: Going to [(29.639661, -82.361216)]: 5.71 meters
[controller-2] [INFO] [1744576261.499880505] [drone_home1.controller]: Bearing: -79.31°
[controller-2] [INFO] [1744576261.500782635] [drone_home1.controller]: Going to [(29.639661, -82.361216)]: 5.71 meters
[controller-2] [INFO] [1744576261.599584371] [drone_home1.controller]: Bearing: -79.31°
[controller-2] [INFO] [1744576261.600818488] [drone_home1.controller]: Going to [(29.639661, -82.361216)]: 5.71 meters
[controller-2] [INFO] [1744576261.699533179] [drone_home1.controller]: Bearing: -79.88°
[controller-2] [INFO] [1744576261.700543827] [drone_home1.controller]: Going to [(29.639661, -82.361216)]: 5.59 meters
[controller-2] [INFO] [1744576261.800405655] [drone_home1.controller]: Bearing: -79.88°
[controller-2] [INFO] [1744576261.801436016] [drone_home1.controller]: Going to [(29.639661, -82.361216)]: 5.59 meters
[controller-2] [INFO] [1744576261.899906854] [drone_home1.controller]: Bearing: -79.88°
[controller-2] [INFO] [1744576261.900890140] [drone_home1.controller]: Going to [(29.639661, -82.361216)]: 5.59 meters
[controller-2] [INFO] [1744576262.000192641] [drone_home1.controller]: Bearing: -79.88°
[controller-2] [INFO] [1744576262.010205420] [drone_home1.controller]: Going to [(29.639661, -82.361216)]: 5.59 meters
[controller-2] [INFO] [1744576262.101479922] [drone_home1.controller]: Bearing: -79.88°
[controller-2] [INFO] [1744576262.104098755] [drone_home1.controller]: Going to [(29.639661, -82.361216)]: 5.59 meters
[controller-2] [INFO] [1744576262.200571722] [drone_home1.controller]: Bearing: -79.88°
[controller-2] [INFO] [1744576262.201467739] [drone_home1.controller]: Going to [(29.639661, -82.361216)]: 5.59 meters
[controller-2] [INFO] [1744576262.301702578] [drone_home1.controller]: Bearing: -79.88°
[controller-2] [INFO] [1744576262.302690505] [drone_home1.controller]: Going to [(29.639661, -82.361216)]: 5.59 meters
[controller-2] [INFO] [1744576262.399854966] [drone_home1.controller]: Bearing: -79.88°
[controller-2] [INFO] [1744576262.400887151] [drone_home1.controller]: Going to [(29.639661, -82.361216)]: 5.59 meters
[controller-2] [INFO] [1744576262.499919492] [drone_home1.controller]: Bearing: -79.88°
[controller-2] [INFO] [1744576262.500948733] [drone_home1.controller]: Going to [(29.639661, -82.361216)]: 5.59 meters
[controller-2] [INFO] [1744576262.599685089] [drone_home1.controller]: Bearing: -79.88°
[controller-2] [INFO] [1744576262.600818399] [drone_home1.controller]: Going to [(29.639661, -82.361216)]: 5.59 meters
[controller-2] [INFO] [1744576262.700205383] [drone_home1.controller]: Bearing: -79.88°
[controller-2] [INFO] [1744576262.701184766] [drone_home1.controller]: Going to [(29.639661, -82.361216)]: 5.59 meters
[controller-2] [INFO] [1744576262.799965220] [drone_home1.controller]: Bearing: -80.16°
[controller-2] [INFO] [1744576262.800944346] [drone_home1.controller]: Going to [(29.639661, -82.361216)]: 5.53 meters
[controller-2] [INFO] [1744576262.899782884] [drone_home1.controller]: Bearing: -80.16°
[controller-2] [INFO] [1744576262.905270420] [drone_home1.controller]: Going to [(29.639661, -82.361216)]: 5.53 meters
[controller-2] [INFO] [1744576262.999682152] [drone_home1.controller]: Bearing: -80.16°
[controller-2] [INFO] [1744576263.000662879] [drone_home1.controller]: Going to [(29.639661, -82.361216)]: 5.53 meters
[controller-2] [INFO] [1744576263.101752196] [drone_home1.controller]: Bearing: -80.16°
[controller-2] [INFO] [1744576263.102711481] [drone_home1.controller]: Going to [(29.639661, -82.361216)]: 5.53 meters
[controller-2] [INFO] [1744576263.199642104] [drone_home1.controller]: Bearing: -80.16°
[controller-2] [INFO] [1744576263.200630671] [drone_home1.controller]: Going to [(29.639661, -82.361216)]: 5.53 meters
[controller-2] [INFO] [1744576263.299699172] [drone_home1.controller]: Bearing: -80.50°
[controller-2] [INFO] [1744576263.300705660] [drone_home1.controller]: Going to [(29.639661, -82.361216)]: 5.33 meters
[controller-2] [INFO] [1744576263.401739711] [drone_home1.controller]: Bearing: -80.50°
[controller-2] [INFO] [1744576263.405111162] [drone_home1.controller]: Going to [(29.639661, -82.361216)]: 5.33 meters
[controller-2] [INFO] [1744576263.500124782] [drone_home1.controller]: Bearing: -80.50°
[controller-2] [INFO] [1744576263.504198704] [drone_home1.controller]: Going to [(29.639661, -82.361216)]: 5.33 meters
[controller-2] [INFO] [1744576263.599733986] [drone_home1.controller]: Bearing: -80.50°
[controller-2] [INFO] [1744576263.600833663] [drone_home1.controller]: Going to [(29.639661, -82.361216)]: 5.33 meters
[controller-2] [INFO] [1744576263.699779149] [drone_home1.controller]: Bearing: -81.08°
[controller-2] [INFO] [1744576263.700831464] [drone_home1.controller]: Going to [(29.639661, -82.361216)]: 5.22 meters
[controller-2] [INFO] [1744576263.801983921] [drone_home1.controller]: Bearing: -81.08°
[controller-2] [INFO] [1744576263.802930565] [drone_home1.controller]: Going to [(29.639661, -82.361216)]: 5.22 meters
[controller-2] [INFO] [1744576263.901699850] [drone_home1.controller]: Bearing: -81.08°
[controller-2] [INFO] [1744576263.904284217] [drone_home1.controller]: Going to [(29.639661, -82.361216)]: 5.22 meters
[controller-2] [INFO] [1744576263.999771016] [drone_home1.controller]: Bearing: -81.08°
[controller-2] [INFO] [1744576264.005997761] [drone_home1.controller]: Going to [(29.639661, -82.361216)]: 5.22 meters
[controller-2] [INFO] [1744576264.099767984] [drone_home1.controller]: Bearing: -81.08°
[controller-2] [INFO] [1744576264.102876764] [drone_home1.controller]: Going to [(29.639661, -82.361216)]: 5.22 meters
[controller-2] [INFO] [1744576264.199480264] [drone_home1.controller]: Bearing: -81.08°
[controller-2] [INFO] [1744576264.201788968] [drone_home1.controller]: Going to [(29.639661, -82.361216)]: 5.22 meters
[controller-2] [INFO] [1744576264.299816707] [drone_home1.controller]: Bearing: -80.61°
[controller-2] [INFO] [1744576264.300760983] [drone_home1.controller]: Going to [(29.639661, -82.361216)]: 5.03 meters
[controller-2] [INFO] [1744576264.399768424] [drone_home1.controller]: Bearing: -80.61°
[controller-2] [INFO] [1744576264.400730206] [drone_home1.controller]: Going to [(29.639661, -82.361216)]: 5.03 meters
[controller-2] [INFO] [1744576264.499681388] [drone_home1.controller]: Bearing: -80.61°
[controller-2] [INFO] [1744576264.503277331] [drone_home1.controller]: Going to [(29.639661, -82.361216)]: 5.03 meters
[controller-2] [INFO] [1744576264.599976580] [drone_home1.controller]: Bearing: -80.61°
[controller-2] [INFO] [1744576264.602743870] [drone_home1.controller]: Going to [(29.639661, -82.361216)]: 5.03 meters
[controller-2] [INFO] [1744576264.699750912] [drone_home1.controller]: Bearing: -80.61°
[controller-2] [INFO] [1744576264.700765720] [drone_home1.controller]: Going to [(29.639661, -82.361216)]: 5.03 meters
[controller-2] [INFO] [1744576264.800281669] [drone_home1.controller]: Bearing: -80.61°
[controller-2] [INFO] [1744576264.801226490] [drone_home1.controller]: Going to [(29.639661, -82.361216)]: 5.03 meters
[controller-2] [INFO] [1744576264.900369874] [drone_home1.controller]: Bearing: -80.61°
[controller-2] [INFO] [1744576264.903579204] [drone_home1.controller]: Going to [(29.639661, -82.361216)]: 5.03 meters
[controller-2] [INFO] [1744576265.000579590] [drone_home1.controller]: Bearing: -80.61°
[controller-2] [INFO] [1744576265.002202752] [drone_home1.controller]: Going to [(29.639661, -82.361216)]: 5.03 meters
[controller-2] [INFO] [1744576265.099774209] [drone_home1.controller]: Bearing: -80.61°
[controller-2] [INFO] [1744576265.101239858] [drone_home1.controller]: Going to [(29.639661, -82.361216)]: 5.03 meters
[controller-2] [INFO] [1744576265.199770184] [drone_home1.controller]: Bearing: -80.61°
[controller-2] [INFO] [1744576265.202860915] [drone_home1.controller]: Going to [(29.639661, -82.361216)]: 5.03 meters
[controller-2] [INFO] [1744576265.299803537] [drone_home1.controller]: Bearing: -80.91°
[controller-2] [INFO] [1744576265.301222880] [drone_home1.controller]: Going to [(29.639661, -82.361216)]: 4.98 meters
[controller-2] [INFO] [1744576265.399887197] [drone_home1.controller]: Bearing: -80.91°
[controller-2] [INFO] [1744576265.401204774] [drone_home1.controller]: Going to [(29.639661, -82.361216)]: 4.98 meters
[controller-2] [INFO] [1744576265.499736188] [drone_home1.controller]: Bearing: -80.91°
[controller-2] [INFO] [1744576265.500738963] [drone_home1.controller]: Going to [(29.639661, -82.361216)]: 4.98 meters
[controller-2] [INFO] [1744576265.599644542] [drone_home1.controller]: Bearing: -80.91°
[controller-2] [INFO] [1744576265.600680535] [drone_home1.controller]: Going to [(29.639661, -82.361216)]: 4.98 meters
[controller-2] [INFO] [1744576265.701666933] [drone_home1.controller]: Bearing: -80.40°
[controller-2] [INFO] [1744576265.702636491] [drone_home1.controller]: Going to [(29.639661, -82.361216)]: 4.80 meters
[controller-2] [INFO] [1744576265.799680270] [drone_home1.controller]: Bearing: -80.40°
[controller-2] [INFO] [1744576265.800723656] [drone_home1.controller]: Going to [(29.639661, -82.361216)]: 4.80 meters
[controller-2] [INFO] [1744576265.901956339] [drone_home1.controller]: Bearing: -80.40°
[controller-2] [INFO] [1744576265.903006798] [drone_home1.controller]: Going to [(29.639661, -82.361216)]: 4.80 meters
[controller-2] [INFO] [1744576266.000736471] [drone_home1.controller]: Bearing: -80.40°
[controller-2] [INFO] [1744576266.001643657] [drone_home1.controller]: Going to [(29.639661, -82.361216)]: 4.80 meters
[controller-2] [INFO] [1744576266.101429476] [drone_home1.controller]: Bearing: -80.40°
[controller-2] [INFO] [1744576266.102338870] [drone_home1.controller]: Going to [(29.639661, -82.361216)]: 4.80 meters
[controller-2] [INFO] [1744576266.199613765] [drone_home1.controller]: Bearing: -80.40°
[controller-2] [INFO] [1744576266.200898477] [drone_home1.controller]: Going to [(29.639661, -82.361216)]: 4.80 meters
[controller-2] [INFO] [1744576266.300429017] [drone_home1.controller]: Bearing: -80.40°
[controller-2] [INFO] [1744576266.302030770] [drone_home1.controller]: Going to [(29.639661, -82.361216)]: 4.80 meters
[controller-2] [INFO] [1744576266.399704087] [drone_home1.controller]: Bearing: -80.40°
[controller-2] [INFO] [1744576266.401225227] [drone_home1.controller]: Going to [(29.639661, -82.361216)]: 4.80 meters
[controller-2] [INFO] [1744576266.500602191] [drone_home1.controller]: Bearing: -80.40°
[controller-2] [INFO] [1744576266.502827786] [drone_home1.controller]: Going to [(29.639661, -82.361216)]: 4.80 meters
[controller-2] [INFO] [1744576266.599567164] [drone_home1.controller]: Bearing: -80.13°
[controller-2] [INFO] [1744576266.600512240] [drone_home1.controller]: Going to [(29.639661, -82.361216)]: 4.71 meters
[controller-2] [INFO] [1744576266.700218662] [drone_home1.controller]: Bearing: -80.13°
[controller-2] [INFO] [1744576266.701479372] [drone_home1.controller]: Going to [(29.639661, -82.361216)]: 4.71 meters
[controller-2] [INFO] [1744576266.799413536] [drone_home1.controller]: Bearing: -80.13°
[controller-2] [INFO] [1744576266.800898706] [drone_home1.controller]: Going to [(29.639661, -82.361216)]: 4.71 meters
[controller-2] [INFO] [1744576266.899459657] [drone_home1.controller]: Bearing: -80.13°
[controller-2] [INFO] [1744576266.900406045] [drone_home1.controller]: Going to [(29.639661, -82.361216)]: 4.71 meters
[controller-2] [INFO] [1744576266.999439406] [drone_home1.controller]: Bearing: -80.80°
[controller-2] [INFO] [1744576267.000435653] [drone_home1.controller]: Going to [(29.639661, -82.361216)]: 4.59 meters
[controller-2] [INFO] [1744576267.100482221] [drone_home1.controller]: Bearing: -80.80°
[controller-2] [INFO] [1744576267.101945054] [drone_home1.controller]: Going to [(29.639661, -82.361216)]: 4.59 meters
[controller-2] [INFO] [1744576267.200407791] [drone_home1.controller]: Bearing: -80.80°
[controller-2] [INFO] [1744576267.201986822] [drone_home1.controller]: Going to [(29.639661, -82.361216)]: 4.59 meters
[controller-2] [INFO] [1744576267.299555013] [drone_home1.controller]: Bearing: -80.80°
[controller-2] [INFO] [1744576267.300538011] [drone_home1.controller]: Going to [(29.639661, -82.361216)]: 4.59 meters
[controller-2] [INFO] [1744576267.399536585] [drone_home1.controller]: Bearing: -80.23°
[controller-2] [INFO] [1744576267.400496286] [drone_home1.controller]: Going to [(29.639661, -82.361216)]: 4.41 meters
[controller-2] [INFO] [1744576267.499349540] [drone_home1.controller]: Bearing: -80.23°
[controller-2] [INFO] [1744576267.501509564] [drone_home1.controller]: Going to [(29.639661, -82.361216)]: 4.41 meters
[controller-2] [INFO] [1744576267.599563541] [drone_home1.controller]: Bearing: -80.23°
[controller-2] [INFO] [1744576267.601423452] [drone_home1.controller]: Going to [(29.639661, -82.361216)]: 4.41 meters
[controller-2] [INFO] [1744576267.699675201] [drone_home1.controller]: Bearing: -80.94°
[controller-2] [INFO] [1744576267.700728187] [drone_home1.controller]: Going to [(29.639661, -82.361216)]: 4.30 meters
[controller-2] [INFO] [1744576267.799499581] [drone_home1.controller]: Bearing: -80.35°
[controller-2] [INFO] [1744576267.800504980] [drone_home1.controller]: Going to [(29.639661, -82.361216)]: 4.12 meters
[controller-2] [INFO] [1744576267.899547909] [drone_home1.controller]: Bearing: -80.35°
[controller-2] [INFO] [1744576267.900507482] [drone_home1.controller]: Going to [(29.639661, -82.361216)]: 4.12 meters
[controller-2] [INFO] [1744576267.999509672] [drone_home1.controller]: Bearing: -80.35°
[controller-2] [INFO] [1744576268.001970480] [drone_home1.controller]: Going to [(29.639661, -82.361216)]: 4.12 meters
[controller-2] [INFO] [1744576268.099556463] [drone_home1.controller]: Bearing: -80.35°
[controller-2] [INFO] [1744576268.100514596] [drone_home1.controller]: Going to [(29.639661, -82.361216)]: 4.12 meters
[controller-2] [INFO] [1744576268.199583413] [drone_home1.controller]: Bearing: -80.02°
[controller-2] [INFO] [1744576268.200609230] [drone_home1.controller]: Going to [(29.639661, -82.361216)]: 4.03 meters
[controller-2] [INFO] [1744576268.299506133] [drone_home1.controller]: Bearing: -80.02°
[controller-2] [INFO] [1744576268.300440233] [drone_home1.controller]: Going to [(29.639661, -82.361216)]: 4.03 meters
[controller-2] [INFO] [1744576268.400114715] [drone_home1.controller]: Bearing: -80.42°
[controller-2] [INFO] [1744576268.401100466] [drone_home1.controller]: Going to [(29.639661, -82.361216)]: 3.97 meters
[controller-2] [INFO] [1744576268.499564737] [drone_home1.controller]: Bearing: -80.42°
[controller-2] [INFO] [1744576268.500589754] [drone_home1.controller]: Going to [(29.639661, -82.361216)]: 3.97 meters
[controller-2] [INFO] [1744576268.599688269] [drone_home1.controller]: Bearing: -80.42°
[controller-2] [INFO] [1744576268.600803498] [drone_home1.controller]: Going to [(29.639661, -82.361216)]: 3.97 meters
[controller-2] [INFO] [1744576268.699591244] [drone_home1.controller]: Bearing: -80.42°
[controller-2] [INFO] [1744576268.700547329] [drone_home1.controller]: Going to [(29.639661, -82.361216)]: 3.97 meters
[controller-2] [INFO] [1744576268.799543758] [drone_home1.controller]: Bearing: -80.42°
[controller-2] [INFO] [1744576268.801297327] [drone_home1.controller]: Going to [(29.639661, -82.361216)]: 3.97 meters
[controller-2] [INFO] [1744576268.899564371] [drone_home1.controller]: Bearing: -80.42°
[controller-2] [INFO] [1744576268.900546922] [drone_home1.controller]: Going to [(29.639661, -82.361216)]: 3.97 meters
[controller-2] [INFO] [1744576269.001452032] [drone_home1.controller]: Bearing: -80.42°
[controller-2] [INFO] [1744576269.002395796] [drone_home1.controller]: Going to [(29.639661, -82.361216)]: 3.97 meters
[controller-2] [INFO] [1744576269.099699651] [drone_home1.controller]: Bearing: -80.42°
[controller-2] [INFO] [1744576269.101166580] [drone_home1.controller]: Going to [(29.639661, -82.361216)]: 3.97 meters
[controller-2] [INFO] [1744576269.199619746] [drone_home1.controller]: Bearing: -80.42°
[controller-2] [INFO] [1744576269.202285494] [drone_home1.controller]: Going to [(29.639661, -82.361216)]: 3.97 meters
[controller-2] [INFO] [1744576269.299803536] [drone_home1.controller]: Bearing: -80.42°
[controller-2] [INFO] [1744576269.300763685] [drone_home1.controller]: Going to [(29.639661, -82.361216)]: 3.97 meters
[controller-2] [INFO] [1744576269.399667116] [drone_home1.controller]: Bearing: -80.42°
[controller-2] [INFO] [1744576269.402309246] [drone_home1.controller]: Going to [(29.639661, -82.361216)]: 3.97 meters
[controller-2] [INFO] [1744576269.499662607] [drone_home1.controller]: Bearing: -80.42°
[controller-2] [INFO] [1744576269.503089517] [drone_home1.controller]: Going to [(29.639661, -82.361216)]: 3.97 meters
[controller-2] [INFO] [1744576269.600222673] [drone_home1.controller]: Bearing: -80.42°
[controller-2] [INFO] [1744576269.602080792] [drone_home1.controller]: Going to [(29.639661, -82.361216)]: 3.97 meters
[controller-2] [INFO] [1744576269.699916164] [drone_home1.controller]: Bearing: -80.42°
[controller-2] [INFO] [1744576269.701107238] [drone_home1.controller]: Going to [(29.639661, -82.361216)]: 3.97 meters
[controller-2] [INFO] [1744576269.799579413] [drone_home1.controller]: Bearing: -80.42°
[controller-2] [INFO] [1744576269.800547435] [drone_home1.controller]: Going to [(29.639661, -82.361216)]: 3.97 meters
[controller-2] [INFO] [1744576269.900090709] [drone_home1.controller]: Bearing: -80.42°
[controller-2] [INFO] [1744576269.901017768] [drone_home1.controller]: Going to [(29.639661, -82.361216)]: 3.97 meters
[controller-2] [INFO] [1744576270.000149468] [drone_home1.controller]: Bearing: -80.42°
[controller-2] [INFO] [1744576270.001153331] [drone_home1.controller]: Going to [(29.639661, -82.361216)]: 3.97 meters
[drive_hardware-6] [INFO] [1744576270.093561745] [drone_home1.drive_hardware]: Service request to change drive mode custom_messages.srv.SetMode_Request(mode='manual')
[drive_hardware-6] [INFO] [1744576270.094547496] [drone_home1.drive_hardware]: Drive mode now: manual
[controller-2] [INFO] [1744576270.100600535] [drone_home1.controller]: Bearing: -80.42°
[controller-2] [INFO] [1744576270.101570189] [drone_home1.controller]: Going to [(29.639661, -82.361216)]: 3.97 meters
[controller-2] [INFO] [1744576270.199563105] [drone_home1.controller]: Bearing: -80.42°
[controller-2] [INFO] [1744576270.200523542] [drone_home1.controller]: Going to [(29.639661, -82.361216)]: 3.97 meters
[controller-2] [INFO] [1744576270.299667369] [drone_home1.controller]: Bearing: -81.20°
[controller-2] [INFO] [1744576270.300715523] [drone_home1.controller]: Going to [(29.639661, -82.361216)]: 3.86 meters
[controller-2] [INFO] [1744576270.400109892] [drone_home1.controller]: Bearing: -81.20°
[controller-2] [INFO] [1744576270.401091738] [drone_home1.controller]: Going to [(29.639661, -82.361216)]: 3.86 meters
[controller-2] [INFO] [1744576270.500621379] [drone_home1.controller]: Bearing: -81.20°
[controller-2] [INFO] [1744576270.501723744] [drone_home1.controller]: Going to [(29.639661, -82.361216)]: 3.86 meters
[drive_hardware-6] [INFO] [1744576270.541210059] [drone_home1.drive_hardware]: Service request to change drive mode custom_messages.srv.SetMode_Request(mode='automatic')
[drive_hardware-6] [INFO] [1744576270.542154783] [drone_home1.drive_hardware]: Drive mode now: automatic
[controller-2] [INFO] [1744576270.600254961] [drone_home1.controller]: Bearing: -81.20°
[controller-2] [INFO] [1744576270.601238024] [drone_home1.controller]: Going to [(29.639661, -82.361216)]: 3.86 meters
[controller-2] [INFO] [1744576270.699797371] [drone_home1.controller]: Bearing: -81.20°
[controller-2] [INFO] [1744576270.700836916] [drone_home1.controller]: Going to [(29.639661, -82.361216)]: 3.86 meters
[controller-2] [INFO] [1744576270.800030730] [drone_home1.controller]: Bearing: -81.20°
[controller-2] [INFO] [1744576270.801032130] [drone_home1.controller]: Going to [(29.639661, -82.361216)]: 3.86 meters
[controller-2] [INFO] [1744576270.901256561] [drone_home1.controller]: Bearing: -80.56°
[controller-2] [INFO] [1744576270.902290506] [drone_home1.controller]: Going to [(29.639661, -82.361216)]: 3.68 meters
[controller-2] [INFO] [1744576270.999630905] [drone_home1.controller]: Bearing: -81.41°
[controller-2] [INFO] [1744576271.000642738] [drone_home1.controller]: Going to [(29.639661, -82.361216)]: 3.57 meters
[controller-2] [INFO] [1744576271.100422087] [drone_home1.controller]: Bearing: -81.41°
[controller-2] [INFO] [1744576271.101567527] [drone_home1.controller]: Going to [(29.639661, -82.361216)]: 3.57 meters
[controller-2] [INFO] [1744576271.199689376] [drone_home1.controller]: Bearing: -81.41°
[controller-2] [INFO] [1744576271.200970823] [drone_home1.controller]: Going to [(29.639661, -82.361216)]: 3.57 meters
[controller-2] [INFO] [1744576271.299745061] [drone_home1.controller]: Bearing: -81.41°
[controller-2] [INFO] [1744576271.300728796] [drone_home1.controller]: Going to [(29.639661, -82.361216)]: 3.57 meters
[controller-2] [INFO] [1744576271.400773376] [drone_home1.controller]: Bearing: -81.41°
[controller-2] [INFO] [1744576271.401702259] [drone_home1.controller]: Going to [(29.639661, -82.361216)]: 3.57 meters
[controller-2] [INFO] [1744576271.501840861] [drone_home1.controller]: Bearing: -81.41°
[controller-2] [INFO] [1744576271.502739726] [drone_home1.controller]: Going to [(29.639661, -82.361216)]: 3.57 meters
[controller-2] [INFO] [1744576271.600122495] [drone_home1.controller]: Bearing: -80.73°
[controller-2] [INFO] [1744576271.601070548] [drone_home1.controller]: Going to [(29.639661, -82.361216)]: 3.39 meters
[controller-2] [INFO] [1744576271.700883595] [drone_home1.controller]: Bearing: -80.73°
[controller-2] [INFO] [1744576271.701826175] [drone_home1.controller]: Going to [(29.639661, -82.361216)]: 3.39 meters
[controller-2] [INFO] [1744576271.799981403] [drone_home1.controller]: Bearing: -80.73°
[controller-2] [INFO] [1744576271.801293828] [drone_home1.controller]: Going to [(29.639661, -82.361216)]: 3.39 meters
[controller-2] [INFO] [1744576271.900678819] [drone_home1.controller]: Bearing: -81.19°
[controller-2] [INFO] [1744576271.902261627] [drone_home1.controller]: Going to [(29.639661, -82.361216)]: 3.33 meters
[controller-2] [INFO] [1744576271.999661965] [drone_home1.controller]: Bearing: -80.82°
[controller-2] [INFO] [1744576272.001739936] [drone_home1.controller]: Going to [(29.639661, -82.361216)]: 3.24 meters
[controller-2] [INFO] [1744576272.099617067] [drone_home1.controller]: Bearing: -80.82°
[controller-2] [INFO] [1744576272.101312361] [drone_home1.controller]: Going to [(29.639661, -82.361216)]: 3.24 meters
[controller-2] [INFO] [1744576272.199636077] [drone_home1.controller]: Bearing: -80.82°
[controller-2] [INFO] [1744576272.200656966] [drone_home1.controller]: Going to [(29.639661, -82.361216)]: 3.24 meters
[controller-2] [INFO] [1744576272.299581419] [drone_home1.controller]: Bearing: -80.82°
[controller-2] [INFO] [1744576272.300901812] [drone_home1.controller]: Going to [(29.639661, -82.361216)]: 3.24 meters
[controller-2] [INFO] [1744576272.399682353] [drone_home1.controller]: Bearing: -80.82°
[controller-2] [INFO] [1744576272.400661512] [drone_home1.controller]: Going to [(29.639661, -82.361216)]: 3.24 meters
[controller-2] [INFO] [1744576272.499564652] [drone_home1.controller]: Bearing: -80.01°
[controller-2] [INFO] [1744576272.500576932] [drone_home1.controller]: Going to [(29.639661, -82.361216)]: 3.06 meters
[controller-2] [INFO] [1744576272.599620848] [drone_home1.controller]: Bearing: -80.01°
[controller-2] [INFO] [1744576272.600607270] [drone_home1.controller]: Going to [(29.639661, -82.361216)]: 3.06 meters
[controller-2] [INFO] [1744576272.701889486] [drone_home1.controller]: Bearing: -80.01°
[controller-2] [INFO] [1744576272.702802465] [drone_home1.controller]: Going to [(29.639661, -82.361216)]: 3.06 meters
[controller-2] [INFO] [1744576272.799907105] [drone_home1.controller]: Bearing: -80.01°
[controller-2] [INFO] [1744576272.800977084] [drone_home1.controller]: Going to [(29.639661, -82.361216)]: 3.06 meters
[controller-2] [INFO] [1744576272.901748264] [drone_home1.controller]: Bearing: -80.01°
[controller-2] [INFO] [1744576272.902697917] [drone_home1.controller]: Going to [(29.639661, -82.361216)]: 3.06 meters
[controller-2] [INFO] [1744576272.999634388] [drone_home1.controller]: Bearing: -80.01°
[controller-2] [INFO] [1744576273.000588713] [drone_home1.controller]: Going to [(29.639661, -82.361216)]: 3.06 meters
[controller-2] [INFO] [1744576273.099890946] [drone_home1.controller]: Bearing: -80.01°
[controller-2] [INFO] [1744576273.100934140] [drone_home1.controller]: Going to [(29.639661, -82.361216)]: 3.06 meters
[controller-2] [INFO] [1744576273.200166673] [drone_home1.controller]: Bearing: -80.01°
[controller-2] [INFO] [1744576273.201106533] [drone_home1.controller]: Going to [(29.639661, -82.361216)]: 3.06 meters
[controller-2] [INFO] [1744576273.299654229] [drone_home1.controller]: Bearing: -80.01°
[controller-2] [INFO] [1744576273.300697903] [drone_home1.controller]: Going to [(29.639661, -82.361216)]: 3.06 meters
[controller-2] [INFO] [1744576273.401708967] [drone_home1.controller]: Bearing: -80.01°
[controller-2] [INFO] [1744576273.404399483] [drone_home1.controller]: Going to [(29.639661, -82.361216)]: 3.06 meters
[controller-2] [INFO] [1744576273.499819166] [drone_home1.controller]: Bearing: -81.04°
[controller-2] [INFO] [1744576273.502003703] [drone_home1.controller]: Going to [(29.639661, -82.361216)]: 2.95 meters
[controller-2] [INFO] [1744576273.599737177] [drone_home1.controller]: Bearing: -81.04°
[controller-2] [INFO] [1744576273.600762578] [drone_home1.controller]: Going to [(29.639661, -82.361216)]: 2.95 meters
[controller-2] [INFO] [1744576273.699647476] [drone_home1.controller]: Bearing: -80.16°
[controller-2] [INFO] [1744576273.700582440] [drone_home1.controller]: Going to [(29.639661, -82.361216)]: 2.76 meters
[controller-2] [INFO] [1744576273.799532430] [drone_home1.controller]: Bearing: -80.16°
[controller-2] [INFO] [1744576273.800465858] [drone_home1.controller]: Going to [(29.639661, -82.361216)]: 2.76 meters
[controller-2] [INFO] [1744576273.899802493] [drone_home1.controller]: Bearing: -80.16°
[controller-2] [INFO] [1744576273.900828470] [drone_home1.controller]: Going to [(29.639661, -82.361216)]: 2.76 meters
[controller-2] [INFO] [1744576273.999604146] [drone_home1.controller]: Bearing: -80.16°
[controller-2] [INFO] [1744576274.000583240] [drone_home1.controller]: Going to [(29.639661, -82.361216)]: 2.76 meters
[controller-2] [INFO] [1744576274.099521548] [drone_home1.controller]: Bearing: -80.16°
[controller-2] [INFO] [1744576274.100494498] [drone_home1.controller]: Going to [(29.639661, -82.361216)]: 2.76 meters
[controller-2] [INFO] [1744576274.200227122] [drone_home1.controller]: Bearing: -80.16°
[controller-2] [INFO] [1744576274.201237834] [drone_home1.controller]: Going to [(29.639661, -82.361216)]: 2.76 meters
[controller-2] [INFO] [1744576274.300588486] [drone_home1.controller]: Bearing: -80.16°
[controller-2] [INFO] [1744576274.302144124] [drone_home1.controller]: Going to [(29.639661, -82.361216)]: 2.76 meters
[controller-2] [INFO] [1744576274.399756086] [drone_home1.controller]: Bearing: -80.16°
[controller-2] [INFO] [1744576274.400752398] [drone_home1.controller]: Going to [(29.639661, -82.361216)]: 2.76 meters
[controller-2] [INFO] [1744576274.500145579] [drone_home1.controller]: Bearing: -80.16°
[controller-2] [INFO] [1744576274.503480676] [drone_home1.controller]: Going to [(29.639661, -82.361216)]: 2.76 meters
[controller-2] [INFO] [1744576274.600555201] [drone_home1.controller]: Bearing: -80.16°
[controller-2] [INFO] [1744576274.605172704] [drone_home1.controller]: Going to [(29.639661, -82.361216)]: 2.76 meters
[controller-2] [INFO] [1744576274.699587050] [drone_home1.controller]: Bearing: -80.16°
[controller-2] [INFO] [1744576274.700636260] [drone_home1.controller]: Going to [(29.639661, -82.361216)]: 2.76 meters
[controller-2] [INFO] [1744576274.799643085] [drone_home1.controller]: Bearing: -80.16°
[controller-2] [INFO] [1744576274.800642212] [drone_home1.controller]: Going to [(29.639661, -82.361216)]: 2.76 meters
[controller-2] [INFO] [1744576274.899550534] [drone_home1.controller]: Bearing: -80.16°
[controller-2] [INFO] [1744576274.900600513] [drone_home1.controller]: Going to [(29.639661, -82.361216)]: 2.76 meters
[controller-2] [INFO] [1744576274.999743152] [drone_home1.controller]: Bearing: -80.16°
[controller-2] [INFO] [1744576275.002141813] [drone_home1.controller]: Going to [(29.639661, -82.361216)]: 2.76 meters
[controller-2] [INFO] [1744576275.100587741] [drone_home1.controller]: Bearing: -80.16°
[controller-2] [INFO] [1744576275.102305820] [drone_home1.controller]: Going to [(29.639661, -82.361216)]: 2.76 meters
[controller-2] [INFO] [1744576275.201441707] [drone_home1.controller]: Bearing: -80.16°
[controller-2] [INFO] [1744576275.202550728] [drone_home1.controller]: Going to [(29.639661, -82.361216)]: 2.76 meters
[controller-2] [INFO] [1744576275.301021906] [drone_home1.controller]: Bearing: -80.16°
[controller-2] [INFO] [1744576275.301978983] [drone_home1.controller]: Going to [(29.639661, -82.361216)]: 2.76 meters
[controller-2] [INFO] [1744576275.399854671] [drone_home1.controller]: Bearing: -80.16°
[controller-2] [INFO] [1744576275.401265949] [drone_home1.controller]: Going to [(29.639661, -82.361216)]: 2.76 meters
[controller-2] [INFO] [1744576275.499577502] [drone_home1.controller]: Bearing: -80.16°
[controller-2] [INFO] [1744576275.500516562] [drone_home1.controller]: Going to [(29.639661, -82.361216)]: 2.76 meters
[controller-2] [INFO] [1744576275.599495544] [drone_home1.controller]: Bearing: -80.16°
[controller-2] [INFO] [1744576275.600418443] [drone_home1.controller]: Going to [(29.639661, -82.361216)]: 2.76 meters
[controller-2] [INFO] [1744576275.699470388] [drone_home1.controller]: Bearing: -80.16°
[controller-2] [INFO] [1744576275.700877538] [drone_home1.controller]: Going to [(29.639661, -82.361216)]: 2.76 meters
[controller-2] [INFO] [1744576275.799863208] [drone_home1.controller]: Bearing: -79.03°
[controller-2] [INFO] [1744576275.800829150] [drone_home1.controller]: Going to [(29.639661, -82.361216)]: 2.88 meters
[controller-2] [INFO] [1744576275.899948299] [drone_home1.controller]: Bearing: -79.03°
[controller-2] [INFO] [1744576275.900931298] [drone_home1.controller]: Going to [(29.639661, -82.361216)]: 2.88 meters
[controller-2] [INFO] [1744576275.999754431] [drone_home1.controller]: Bearing: -79.03°
[controller-2] [INFO] [1744576276.000734581] [drone_home1.controller]: Going to [(29.639661, -82.361216)]: 2.88 meters
[controller-2] [INFO] [1744576276.099612436] [drone_home1.controller]: Bearing: -79.03°
[controller-2] [INFO] [1744576276.100670479] [drone_home1.controller]: Going to [(29.639661, -82.361216)]: 2.88 meters
[controller-2] [INFO] [1744576276.199682005] [drone_home1.controller]: Bearing: -79.03°
[controller-2] [INFO] [1744576276.200597672] [drone_home1.controller]: Going to [(29.639661, -82.361216)]: 2.88 meters
[controller-2] [INFO] [1744576276.299539883] [drone_home1.controller]: Bearing: -79.03°
[controller-2] [INFO] [1744576276.300553155] [drone_home1.controller]: Going to [(29.639661, -82.361216)]: 2.88 meters
[controller-2] [INFO] [1744576276.399787158] [drone_home1.controller]: Bearing: -80.16°
[controller-2] [INFO] [1744576276.400796942] [drone_home1.controller]: Going to [(29.639661, -82.361216)]: 2.76 meters
[controller-2] [INFO] [1744576276.500022656] [drone_home1.controller]: Bearing: -80.16°
[controller-2] [INFO] [1744576276.500978037] [drone_home1.controller]: Going to [(29.639661, -82.361216)]: 2.76 meters
[controller-2] [INFO] [1744576276.599758799] [drone_home1.controller]: Bearing: -80.16°
[controller-2] [INFO] [1744576276.600744133] [drone_home1.controller]: Going to [(29.639661, -82.361216)]: 2.76 meters
[controller-2] [INFO] [1744576276.699752268] [drone_home1.controller]: Bearing: -80.16°
[controller-2] [INFO] [1744576276.700786181] [drone_home1.controller]: Going to [(29.639661, -82.361216)]: 2.76 meters
[controller-2] [INFO] [1744576276.800132414] [drone_home1.controller]: Bearing: -80.16°
[controller-2] [INFO] [1744576276.803116227] [drone_home1.controller]: Going to [(29.639661, -82.361216)]: 2.76 meters
[controller-2] [INFO] [1744576276.899480791] [drone_home1.controller]: Bearing: -80.16°
[controller-2] [INFO] [1744576276.900416715] [drone_home1.controller]: Going to [(29.639661, -82.361216)]: 2.76 meters
[controller-2] [INFO] [1744576276.999491285] [drone_home1.controller]: Bearing: -80.16°
[controller-2] [INFO] [1744576277.000423785] [drone_home1.controller]: Going to [(29.639661, -82.361216)]: 2.76 meters
[controller-2] [INFO] [1744576277.100028623] [drone_home1.controller]: Bearing: -80.16°
[controller-2] [INFO] [1744576277.101545795] [drone_home1.controller]: Going to [(29.639661, -82.361216)]: 2.76 meters
[controller-2] [INFO] [1744576277.199622677] [drone_home1.controller]: Bearing: -80.16°
[controller-2] [INFO] [1744576277.200611692] [drone_home1.controller]: Going to [(29.639661, -82.361216)]: 2.76 meters
[controller-2] [INFO] [1744576277.299673588] [drone_home1.controller]: Bearing: -80.16°
[controller-2] [INFO] [1744576277.300654091] [drone_home1.controller]: Going to [(29.639661, -82.361216)]: 2.76 meters
[controller-2] [INFO] [1744576277.399720659] [drone_home1.controller]: Bearing: -80.16°
[controller-2] [INFO] [1744576277.401127937] [drone_home1.controller]: Going to [(29.639661, -82.361216)]: 2.76 meters
[controller-2] [INFO] [1744576277.499525733] [drone_home1.controller]: Bearing: -80.16°
[controller-2] [INFO] [1744576277.501372299] [drone_home1.controller]: Going to [(29.639661, -82.361216)]: 2.76 meters
[controller-2] [INFO] [1744576277.599528770] [drone_home1.controller]: Bearing: -79.65°
[controller-2] [INFO] [1744576277.600453781] [drone_home1.controller]: Going to [(29.639661, -82.361216)]: 2.68 meters
[controller-2] [INFO] [1744576277.699524702] [drone_home1.controller]: Bearing: -79.65°
[controller-2] [INFO] [1744576277.700462738] [drone_home1.controller]: Going to [(29.639661, -82.361216)]: 2.68 meters
[controller-2] [INFO] [1744576277.800026070] [drone_home1.controller]: Bearing: -79.65°
[controller-2] [INFO] [1744576277.800941513] [drone_home1.controller]: Going to [(29.639661, -82.361216)]: 2.68 meters
[controller-2] [INFO] [1744576277.899369518] [drone_home1.controller]: Bearing: -80.85°
[controller-2] [INFO] [1744576277.900585777] [drone_home1.controller]: Going to [(29.639661, -82.361216)]: 2.56 meters
[controller-2] [INFO] [1744576278.000126868] [drone_home1.controller]: Bearing: -80.85°
[controller-2] [INFO] [1744576278.001093450] [drone_home1.controller]: Going to [(29.639661, -82.361216)]: 2.56 meters
[controller-2] [INFO] [1744576278.099745051] [drone_home1.controller]: Bearing: -80.85°
[controller-2] [INFO] [1744576278.100795285] [drone_home1.controller]: Going to [(29.639661, -82.361216)]: 2.56 meters
[controller-2] [INFO] [1744576278.199640049] [drone_home1.controller]: Bearing: -80.85°
[controller-2] [INFO] [1744576278.200629415] [drone_home1.controller]: Going to [(29.639661, -82.361216)]: 2.56 meters
[controller-2] [INFO] [1744576278.300389110] [drone_home1.controller]: Bearing: -80.85°
[controller-2] [INFO] [1744576278.302497802] [drone_home1.controller]: Going to [(29.639661, -82.361216)]: 2.56 meters
[controller-2] [INFO] [1744576278.399431548] [drone_home1.controller]: Bearing: -80.85°
[controller-2] [INFO] [1744576278.400393745] [drone_home1.controller]: Going to [(29.639661, -82.361216)]: 2.56 meters
[controller-2] [INFO] [1744576278.499536542] [drone_home1.controller]: Bearing: -80.85°
[controller-2] [INFO] [1744576278.500567383] [drone_home1.controller]: Going to [(29.639661, -82.361216)]: 2.56 meters
[controller-2] [INFO] [1744576278.599505367] [drone_home1.controller]: Bearing: -80.85°
[controller-2] [INFO] [1744576278.600812608] [drone_home1.controller]: Going to [(29.639661, -82.361216)]: 2.56 meters
[controller-2] [INFO] [1744576278.699418158] [drone_home1.controller]: Bearing: -80.85°
[controller-2] [INFO] [1744576278.700392868] [drone_home1.controller]: Going to [(29.639661, -82.361216)]: 2.56 meters
[controller-2] [INFO] [1744576278.799557553] [drone_home1.controller]: Bearing: -80.85°
[controller-2] [INFO] [1744576278.800557641] [drone_home1.controller]: Going to [(29.639661, -82.361216)]: 2.56 meters
[controller-2] [INFO] [1744576278.899714326] [drone_home1.controller]: Bearing: -80.85°
[controller-2] [INFO] [1744576278.900640137] [drone_home1.controller]: Going to [(29.639661, -82.361216)]: 2.56 meters
[controller-2] [INFO] [1744576278.999933213] [drone_home1.controller]: Bearing: -80.85°
[controller-2] [INFO] [1744576279.000937429] [drone_home1.controller]: Going to [(29.639661, -82.361216)]: 2.56 meters
[controller-2] [INFO] [1744576279.100219368] [drone_home1.controller]: Bearing: -80.85°
[controller-2] [INFO] [1744576279.101803327] [drone_home1.controller]: Going to [(29.639661, -82.361216)]: 2.56 meters
[controller-2] [INFO] [1744576279.199789995] [drone_home1.controller]: Bearing: -80.85°
[controller-2] [INFO] [1744576279.200796642] [drone_home1.controller]: Going to [(29.639661, -82.361216)]: 2.56 meters
[controller-2] [INFO] [1744576279.299659454] [drone_home1.controller]: Bearing: -80.85°
[controller-2] [INFO] [1744576279.300683255] [drone_home1.controller]: Going to [(29.639661, -82.361216)]: 2.56 meters
[controller-2] [INFO] [1744576279.399509936] [drone_home1.controller]: Bearing: -80.85°
[controller-2] [INFO] [1744576279.400508616] [drone_home1.controller]: Going to [(29.639661, -82.361216)]: 2.56 meters
[controller-2] [INFO] [1744576279.500254388] [drone_home1.controller]: Bearing: -80.85°
[controller-2] [INFO] [1744576279.501159366] [drone_home1.controller]: Going to [(29.639661, -82.361216)]: 2.56 meters
[controller-2] [INFO] [1744576279.599448034] [drone_home1.controller]: Bearing: -80.85°
[controller-2] [INFO] [1744576279.600402167] [drone_home1.controller]: Going to [(29.639661, -82.361216)]: 2.56 meters
[controller-2] [INFO] [1744576279.699750222] [drone_home1.controller]: Bearing: -80.85°
[controller-2] [INFO] [1744576279.700958257] [drone_home1.controller]: Going to [(29.639661, -82.361216)]: 2.56 meters
[controller-2] [INFO] [1744576279.800082203] [drone_home1.controller]: Bearing: -80.85°
[controller-2] [INFO] [1744576279.801141781] [drone_home1.controller]: Going to [(29.639661, -82.361216)]: 2.56 meters
[controller-2] [INFO] [1744576279.899635453] [drone_home1.controller]: Bearing: -81.45°
[controller-2] [INFO] [1744576279.902227084] [drone_home1.controller]: Going to [(29.639661, -82.361216)]: 2.51 meters
[controller-2] [INFO] [1744576279.999512881] [drone_home1.controller]: Bearing: -81.45°
[controller-2] [INFO] [1744576280.000487431] [drone_home1.controller]: Going to [(29.639661, -82.361216)]: 2.51 meters
[controller-2] [INFO] [1744576280.099997317] [drone_home1.controller]: Bearing: -81.45°
[controller-2] [INFO] [1744576280.101255243] [drone_home1.controller]: Going to [(29.639661, -82.361216)]: 2.51 meters
[controller-2] [INFO] [1744576280.199595817] [drone_home1.controller]: Bearing: -81.45°
[controller-2] [INFO] [1744576280.200516476] [drone_home1.controller]: Going to [(29.639661, -82.361216)]: 2.51 meters
[controller-2] [INFO] [1744576280.299442714] [drone_home1.controller]: All waypoints reached!
[controller-2] [INFO] [1744576280.300373454] [drone_home1.controller]: Bearing: -80.46°
[controller-2] [INFO] [1744576280.301171354] [drone_home1.controller]: Going to [(29.639661, -82.361216)]: 2.32 meters
[controller-2] [INFO] [1744576280.399764678] [drone_home1.controller]: All waypoints reached!
[controller-2] [INFO] [1744576280.401002698] [drone_home1.controller]: Bearing: -80.46°
[controller-2] [INFO] [1744576280.402146889] [drone_home1.controller]: Going to [(29.639661, -82.361216)]: 2.32 meters
[controller-2] [INFO] [1744576280.499579413] [drone_home1.controller]: All waypoints reached!
[controller-2] [INFO] [1744576280.500638096] [drone_home1.controller]: Bearing: -80.46°
[controller-2] [INFO] [1744576280.501553410] [drone_home1.controller]: Going to [(29.639661, -82.361216)]: 2.32 meters
[controller-2] [INFO] [1744576280.599559438] [drone_home1.controller]: All waypoints reached!
[controller-2] [INFO] [1744576280.600551461] [drone_home1.controller]: Bearing: -80.46°
[controller-2] [INFO] [1744576280.601385395] [drone_home1.controller]: Going to [(29.639661, -82.361216)]: 2.32 meters
[controller-2] [INFO] [1744576280.700445369] [drone_home1.controller]: All waypoints reached!
[controller-2] [INFO] [1744576280.702055186] [drone_home1.controller]: Bearing: -80.46°
[controller-2] [INFO] [1744576280.703515683] [drone_home1.controller]: Going to [(29.639661, -82.361216)]: 2.32 meters
[controller-2] [INFO] [1744576280.799736299] [drone_home1.controller]: All waypoints reached!
[controller-2] [INFO] [1744576280.800802118] [drone_home1.controller]: Bearing: -80.46°
[controller-2] [INFO] [1744576280.801646389] [drone_home1.controller]: Going to [(29.639661, -82.361216)]: 2.32 meters
[controller-2] [INFO] [1744576280.899630335] [drone_home1.controller]: All waypoints reached!
[controller-2] [INFO] [1744576280.900614870] [drone_home1.controller]: Bearing: -80.46°
[controller-2] [INFO] [1744576280.901615981] [drone_home1.controller]: Going to [(29.639661, -82.361216)]: 2.32 meters
[controller-2] [INFO] [1744576280.999992013] [drone_home1.controller]: All waypoints reached!
[controller-2] [INFO] [1744576281.000925345] [drone_home1.controller]: Bearing: -81.80°
[controller-2] [INFO] [1744576281.001845492] [drone_home1.controller]: Going to [(29.639661, -82.361216)]: 2.22 meters
[controller-2] [INFO] [1744576281.099625426] [drone_home1.controller]: All waypoints reached!
[controller-2] [INFO] [1744576281.100625257] [drone_home1.controller]: Bearing: -81.80°
[controller-2] [INFO] [1744576281.102614935] [drone_home1.controller]: Going to [(29.639661, -82.361216)]: 2.22 meters
[controller-2] [INFO] [1744576281.199515909] [drone_home1.controller]: All waypoints reached!
[controller-2] [INFO] [1744576281.200636195] [drone_home1.controller]: Bearing: -81.80°
[controller-2] [INFO] [1744576281.202076818] [drone_home1.controller]: Going to [(29.639661, -82.361216)]: 2.22 meters
[controller-2] [INFO] [1744576281.299545823] [drone_home1.controller]: All waypoints reached!
[controller-2] [INFO] [1744576281.300532694] [drone_home1.controller]: Bearing: -81.80°
[controller-2] [INFO] [1744576281.301357347] [drone_home1.controller]: Going to [(29.639661, -82.361216)]: 2.22 meters
[controller-2] [INFO] [1744576281.400025843] [drone_home1.controller]: All waypoints reached!
[controller-2] [INFO] [1744576281.400942949] [drone_home1.controller]: Bearing: -81.80°
[controller-2] [INFO] [1744576281.401842391] [drone_home1.controller]: Going to [(29.639661, -82.361216)]: 2.22 meters
[controller-2] [INFO] [1744576281.499505359] [drone_home1.controller]: All waypoints reached!
[controller-2] [INFO] [1744576281.500468260] [drone_home1.controller]: Bearing: -81.80°
[controller-2] [INFO] [1744576281.501348277] [drone_home1.controller]: Going to [(29.639661, -82.361216)]: 2.22 meters
[controller-2] [INFO] [1744576281.599867964] [drone_home1.controller]: All waypoints reached!
[controller-2] [INFO] [1744576281.601452851] [drone_home1.controller]: Bearing: -80.46°
[controller-2] [INFO] [1744576281.602328324] [drone_home1.controller]: Going to [(29.639661, -82.361216)]: 2.32 meters
[controller-2] [INFO] [1744576281.699903575] [drone_home1.controller]: All waypoints reached!
[controller-2] [INFO] [1744576281.701235264] [drone_home1.controller]: Bearing: -80.46°
[controller-2] [INFO] [1744576281.702258521] [drone_home1.controller]: Going to [(29.639661, -82.361216)]: 2.32 meters
[controller-2] [INFO] [1744576281.799650466] [drone_home1.controller]: All waypoints reached!
[controller-2] [INFO] [1744576281.800797249] [drone_home1.controller]: Bearing: -81.80°
[controller-2] [INFO] [1744576281.802291604] [drone_home1.controller]: Going to [(29.639661, -82.361216)]: 2.22 meters
[controller-2] [INFO] [1744576281.899607352] [drone_home1.controller]: All waypoints reached!
[controller-2] [INFO] [1744576281.900931617] [drone_home1.controller]: Bearing: -81.80°
[controller-2] [INFO] [1744576281.902093602] [drone_home1.controller]: Going to [(29.639661, -82.361216)]: 2.22 meters
[controller-2] [INFO] [1744576281.999643283] [drone_home1.controller]: All waypoints reached!
[controller-2] [INFO] [1744576282.002316455] [drone_home1.controller]: Bearing: -81.80°
[controller-2] [INFO] [1744576282.003639184] [drone_home1.controller]: Going to [(29.639661, -82.361216)]: 2.22 meters
[controller-2] [INFO] [1744576282.099757490] [drone_home1.controller]: All waypoints reached!
[controller-2] [INFO] [1744576282.100685637] [drone_home1.controller]: Bearing: -81.80°
[controller-2] [INFO] [1744576282.101529395] [drone_home1.controller]: Going to [(29.639661, -82.361216)]: 2.22 meters
[controller-2] [INFO] [1744576282.199511260] [drone_home1.controller]: All waypoints reached!
[controller-2] [INFO] [1744576282.200461489] [drone_home1.controller]: Bearing: -81.80°
[controller-2] [INFO] [1744576282.201268381] [drone_home1.controller]: Going to [(29.639661, -82.361216)]: 2.22 meters
[controller-2] [INFO] [1744576282.299805412] [drone_home1.controller]: All waypoints reached!
[controller-2] [INFO] [1744576282.301306711] [drone_home1.controller]: Bearing: -81.80°
[controller-2] [INFO] [1744576282.303092378] [drone_home1.controller]: Going to [(29.639661, -82.361216)]: 2.22 meters
[controller-2] [INFO] [1744576282.399473770] [drone_home1.controller]: All waypoints reached!
[controller-2] [INFO] [1744576282.400495683] [drone_home1.controller]: Bearing: -81.80°
[controller-2] [INFO] [1744576282.401918065] [drone_home1.controller]: Going to [(29.639661, -82.361216)]: 2.22 meters
[controller-2] [INFO] [1744576282.499979390] [drone_home1.controller]: All waypoints reached!
[controller-2] [INFO] [1744576282.501032216] [drone_home1.controller]: Bearing: -81.80°
[controller-2] [INFO] [1744576282.502419301] [drone_home1.controller]: Going to [(29.639661, -82.361216)]: 2.22 meters
[controller-2] [INFO] [1744576282.599768970] [drone_home1.controller]: All waypoints reached!
[controller-2] [INFO] [1744576282.600830661] [drone_home1.controller]: Bearing: -83.16°
[controller-2] [INFO] [1744576282.601689269] [drone_home1.controller]: Going to [(29.639661, -82.361216)]: 2.12 meters
[controller-2] [INFO] [1744576282.699540438] [drone_home1.controller]: All waypoints reached!
[controller-2] [INFO] [1744576282.700574767] [drone_home1.controller]: Bearing: -83.16°
[controller-2] [INFO] [1744576282.701621385] [drone_home1.controller]: Going to [(29.639661, -82.361216)]: 2.12 meters
[controller-2] [INFO] [1744576282.799508364] [drone_home1.controller]: All waypoints reached!
[controller-2] [INFO] [1744576282.800527077] [drone_home1.controller]: Bearing: -83.16°
[controller-2] [INFO] [1744576282.802136189] [drone_home1.controller]: Going to [(29.639661, -82.361216)]: 2.12 meters
[controller-2] [INFO] [1744576282.899582184] [drone_home1.controller]: All waypoints reached!
[controller-2] [INFO] [1744576282.901455632] [drone_home1.controller]: Bearing: -83.16°
[controller-2] [INFO] [1744576282.903626536] [drone_home1.controller]: Going to [(29.639661, -82.361216)]: 2.12 meters
[controller-2] [INFO] [1744576282.999533950] [drone_home1.controller]: All waypoints reached!
[controller-2] [INFO] [1744576283.000495219] [drone_home1.controller]: Bearing: -83.16°
[controller-2] [INFO] [1744576283.001308448] [drone_home1.controller]: Going to [(29.639661, -82.361216)]: 2.12 meters
[controller-2] [INFO] [1744576283.099468497] [drone_home1.controller]: All waypoints reached!
[controller-2] [INFO] [1744576283.100424934] [drone_home1.controller]: Bearing: -83.16°
[controller-2] [INFO] [1744576283.101219602] [drone_home1.controller]: Going to [(29.639661, -82.361216)]: 2.12 meters
[controller-2] [INFO] [1744576283.200165807] [drone_home1.controller]: All waypoints reached!
[controller-2] [INFO] [1744576283.201593790] [drone_home1.controller]: Bearing: -83.16°
[controller-2] [INFO] [1744576283.202586933] [drone_home1.controller]: Going to [(29.639661, -82.361216)]: 2.12 meters
[controller-2] [INFO] [1744576283.299487457] [drone_home1.controller]: All waypoints reached!
[controller-2] [INFO] [1744576283.300901519] [drone_home1.controller]: Bearing: -83.16°
[controller-2] [INFO] [1744576283.302168245] [drone_home1.controller]: Going to [(29.639661, -82.361216)]: 2.12 meters
[controller-2] [INFO] [1744576283.399873293] [drone_home1.controller]: All waypoints reached!
[controller-2] [INFO] [1744576283.400856772] [drone_home1.controller]: Bearing: -83.16°
[controller-2] [INFO] [1744576283.401695410] [drone_home1.controller]: Going to [(29.639661, -82.361216)]: 2.12 meters
[controller-2] [INFO] [1744576283.499644024] [drone_home1.controller]: All waypoints reached!
[controller-2] [INFO] [1744576283.500690354] [drone_home1.controller]: Bearing: -83.16°
[controller-2] [INFO] [1744576283.501545889] [drone_home1.controller]: Going to [(29.639661, -82.361216)]: 2.12 meters
[controller-2] [INFO] [1744576283.599566763] [drone_home1.controller]: All waypoints reached!
[controller-2] [INFO] [1744576283.600680904] [drone_home1.controller]: Bearing: -83.16°
[controller-2] [INFO] [1744576283.601533848] [drone_home1.controller]: Going to [(29.639661, -82.361216)]: 2.12 meters
[controller-2] [INFO] [1744576283.699697481] [drone_home1.controller]: All waypoints reached!
[controller-2] [INFO] [1744576283.700655838] [drone_home1.controller]: Bearing: -83.16°
[controller-2] [INFO] [1744576283.701537999] [drone_home1.controller]: Going to [(29.639661, -82.361216)]: 2.12 meters
[controller-2] [INFO] [1744576283.799728898] [drone_home1.controller]: All waypoints reached!
[controller-2] [INFO] [1744576283.800773116] [drone_home1.controller]: Bearing: -83.16°
[controller-2] [INFO] [1744576283.801627179] [drone_home1.controller]: Going to [(29.639661, -82.361216)]: 2.12 meters
[controller-2] [INFO] [1744576283.899497133] [drone_home1.controller]: All waypoints reached!
[controller-2] [INFO] [1744576283.901937779] [drone_home1.controller]: Bearing: -83.16°
[controller-2] [INFO] [1744576283.902925482] [drone_home1.controller]: Going to [(29.639661, -82.361216)]: 2.12 meters
[controller-2] [INFO] [1744576283.999458946] [drone_home1.controller]: All waypoints reached!
[controller-2] [INFO] [1744576284.000525949] [drone_home1.controller]: Bearing: -83.16°
[controller-2] [INFO] [1744576284.002856733] [drone_home1.controller]: Going to [(29.639661, -82.361216)]: 2.12 meters
[controller-2] [INFO] [1744576284.099411605] [drone_home1.controller]: All waypoints reached!
[controller-2] [INFO] [1744576284.100366730] [drone_home1.controller]: Bearing: -83.16°
[controller-2] [INFO] [1744576284.102033350] [drone_home1.controller]: Going to [(29.639661, -82.361216)]: 2.12 meters
[controller-2] [INFO] [1744576284.199788737] [drone_home1.controller]: All waypoints reached!
[controller-2] [INFO] [1744576284.202280554] [drone_home1.controller]: Bearing: -83.84°
[controller-2] [INFO] [1744576284.204039884] [drone_home1.controller]: Going to [(29.639661, -82.361216)]: 2.08 meters
[controller-2] [INFO] [1744576284.299537705] [drone_home1.controller]: All waypoints reached!
[controller-2] [INFO] [1744576284.302064405] [drone_home1.controller]: Bearing: -83.84°
[controller-2] [INFO] [1744576284.304002208] [drone_home1.controller]: Going to [(29.639661, -82.361216)]: 2.08 meters
[controller-2] [INFO] [1744576284.399311635] [drone_home1.controller]: All waypoints reached!
[controller-2] [INFO] [1744576284.401817021] [drone_home1.controller]: Bearing: -83.84°
[controller-2] [INFO] [1744576284.403500154] [drone_home1.controller]: Going to [(29.639661, -82.361216)]: 2.08 meters
[controller-2] [INFO] [1744576284.499488275] [drone_home1.controller]: All waypoints reached!
[controller-2] [INFO] [1744576284.501848501] [drone_home1.controller]: Bearing: -83.84°
[controller-2] [INFO] [1744576284.503585205] [drone_home1.controller]: Going to [(29.639661, -82.361216)]: 2.08 meters
[controller-2] [INFO] [1744576284.599403493] [drone_home1.controller]: All waypoints reached!
[controller-2] [INFO] [1744576284.601779816] [drone_home1.controller]: Bearing: -83.84°
[controller-2] [INFO] [1744576284.603533353] [drone_home1.controller]: Going to [(29.639661, -82.361216)]: 2.08 meters
[controller-2] [INFO] [1744576284.699350200] [drone_home1.controller]: All waypoints reached!
[controller-2] [INFO] [1744576284.701723195] [drone_home1.controller]: Bearing: -83.02°
[controller-2] [INFO] [1744576284.703507358] [drone_home1.controller]: Going to [(29.639661, -82.361216)]: 1.88 meters
[controller-2] [INFO] [1744576284.799491126] [drone_home1.controller]: All waypoints reached!
[controller-2] [INFO] [1744576284.800435530] [drone_home1.controller]: Bearing: -83.02°
[controller-2] [INFO] [1744576284.801264728] [drone_home1.controller]: Going to [(29.639661, -82.361216)]: 1.88 meters
[controller-2] [INFO] [1744576284.899780541] [drone_home1.controller]: All waypoints reached!
[controller-2] [INFO] [1744576284.900794421] [drone_home1.controller]: Bearing: -83.02°
[controller-2] [INFO] [1744576284.901657444] [drone_home1.controller]: Going to [(29.639661, -82.361216)]: 1.88 meters
[controller-2] [INFO] [1744576284.999463713] [drone_home1.controller]: All waypoints reached!
[controller-2] [INFO] [1744576285.000485978] [drone_home1.controller]: Bearing: -83.02°
[controller-2] [INFO] [1744576285.001421710] [drone_home1.controller]: Going to [(29.639661, -82.361216)]: 1.88 meters
[controller-2] [INFO] [1744576285.099610687] [drone_home1.controller]: All waypoints reached!
[controller-2] [INFO] [1744576285.100690043] [drone_home1.controller]: Bearing: -83.02°
[controller-2] [INFO] [1744576285.103543384] [drone_home1.controller]: Going to [(29.639661, -82.361216)]: 1.88 meters
[controller-2] [INFO] [1744576285.199692409] [drone_home1.controller]: All waypoints reached!
[controller-2] [INFO] [1744576285.200648910] [drone_home1.controller]: Bearing: -83.02°
[controller-2] [INFO] [1744576285.202774243] [drone_home1.controller]: Going to [(29.639661, -82.361216)]: 1.88 meters
[controller-2] [INFO] [1744576285.299678926] [drone_home1.controller]: All waypoints reached!
[controller-2] [INFO] [1744576285.300823629] [drone_home1.controller]: Bearing: -83.02°
[controller-2] [INFO] [1744576285.302112308] [drone_home1.controller]: Going to [(29.639661, -82.361216)]: 1.88 meters
[controller-2] [INFO] [1744576285.399500826] [drone_home1.controller]: All waypoints reached!
[controller-2] [INFO] [1744576285.401007149] [drone_home1.controller]: Bearing: -83.02°
[controller-2] [INFO] [1744576285.402488287] [drone_home1.controller]: Going to [(29.639661, -82.361216)]: 1.88 meters
[controller-2] [INFO] [1744576285.499770526] [drone_home1.controller]: All waypoints reached!
[controller-2] [INFO] [1744576285.500888156] [drone_home1.controller]: Bearing: -83.02°
[controller-2] [INFO] [1744576285.501701961] [drone_home1.controller]: Going to [(29.639661, -82.361216)]: 1.88 meters
[controller-2] [INFO] [1744576285.599521254] [drone_home1.controller]: All waypoints reached!
[controller-2] [INFO] [1744576285.600463898] [drone_home1.controller]: Bearing: -83.02°
[controller-2] [INFO] [1744576285.601231236] [drone_home1.controller]: Going to [(29.639661, -82.361216)]: 1.88 meters
[controller-2] [INFO] [1744576285.699500730] [drone_home1.controller]: All waypoints reached!
[controller-2] [INFO] [1744576285.700921160] [drone_home1.controller]: Bearing: -84.56°
[controller-2] [INFO] [1744576285.701834107] [drone_home1.controller]: Going to [(29.639661, -82.361216)]: 1.80 meters
[controller-2] [INFO] [1744576285.799538578] [drone_home1.controller]: All waypoints reached!
[controller-2] [INFO] [1744576285.800501031] [drone_home1.controller]: Bearing: -84.56°
[controller-2] [INFO] [1744576285.801741099] [drone_home1.controller]: Going to [(29.639661, -82.361216)]: 1.80 meters
[controller-2] [INFO] [1744576285.899516422] [drone_home1.controller]: All waypoints reached!
[controller-2] [INFO] [1744576285.900687527] [drone_home1.controller]: Bearing: -84.18°
[controller-2] [INFO] [1744576285.901727168] [drone_home1.controller]: Going to [(29.639661, -82.361216)]: 1.70 meters
[controller-2] [INFO] [1744576285.929447132] [drone_home1.controller]: Service request to change coordinate custom_messages.srv.SetCoordinate_Request(new_coordinate=sensor_msgs.msg.NavSatFix(header=std_msgs.msg.Header(stamp=builtin_interfaces.msg.Time(sec=0, nanosec=0), frame_id=''), status=sensor_msgs.msg.NavSatStatus(status=0, service=0), latitude=0.0, longitude=0.0, altitude=0.0, position_covariance=array([0., 0., 0., 0., 0., 0., 0., 0., 0.]), position_covariance_type=0))
[controller-2] [INFO] [1744576285.930998801] [drone_home1.controller]: Waypoints now: [(0.0, 0.0)]
[controller-2] [INFO] [1744576285.999669732] [drone_home1.controller]: Bearing: 129.55°
[controller-2] [INFO] [1744576286.000776641] [drone_home1.controller]: Going to [(0.0, 0.0)]: 9269829.80 meters
[controller-2] [INFO] [1744576286.099741372] [drone_home1.controller]: Bearing: 129.55°
[controller-2] [INFO] [1744576286.100778486] [drone_home1.controller]: Going to [(0.0, 0.0)]: 9269829.80 meters
[controller-2] [INFO] [1744576286.199642892] [drone_home1.controller]: Bearing: 129.55°
[controller-2] [INFO] [1744576286.200643843] [drone_home1.controller]: Going to [(0.0, 0.0)]: 9269829.80 meters
[controller-2] [INFO] [1744576286.299538523] [drone_home1.controller]: Bearing: 129.55°
[controller-2] [INFO] [1744576286.300506160] [drone_home1.controller]: Going to [(0.0, 0.0)]: 9269829.80 meters
[controller-2] [INFO] [1744576286.400454178] [drone_home1.controller]: Bearing: 129.55°
[controller-2] [INFO] [1744576286.402736064] [drone_home1.controller]: Going to [(0.0, 0.0)]: 9269829.80 meters
[controller-2] [INFO] [1744576286.500548284] [drone_home1.controller]: Bearing: 129.55°
[controller-2] [INFO] [1744576286.501752574] [drone_home1.controller]: Going to [(0.0, 0.0)]: 9269829.80 meters
[controller-2] [INFO] [1744576286.600262048] [drone_home1.controller]: Bearing: 129.55°
[controller-2] [INFO] [1744576286.601872505] [drone_home1.controller]: Going to [(0.0, 0.0)]: 9269829.80 meters
[controller-2] [INFO] [1744576286.700047241] [drone_home1.controller]: Bearing: 129.55°
[controller-2] [INFO] [1744576286.700932826] [drone_home1.controller]: Going to [(0.0, 0.0)]: 9269829.80 meters
[controller-2] [INFO] [1744576286.800458453] [drone_home1.controller]: Bearing: 129.55°
[controller-2] [INFO] [1744576286.802068942] [drone_home1.controller]: Going to [(0.0, 0.0)]: 9269829.80 meters
[controller-2] [INFO] [1744576286.899754117] [drone_home1.controller]: Bearing: 129.55°
[controller-2] [INFO] [1744576286.900767317] [drone_home1.controller]: Going to [(0.0, 0.0)]: 9269829.80 meters
[controller-2] [INFO] [1744576287.000519007] [drone_home1.controller]: Bearing: 129.55°
[controller-2] [INFO] [1744576287.002125164] [drone_home1.controller]: Going to [(0.0, 0.0)]: 9269829.80 meters
[controller-2] [INFO] [1744576287.100157713] [drone_home1.controller]: Bearing: 129.55°
[controller-2] [INFO] [1744576287.101001318] [drone_home1.controller]: Going to [(0.0, 0.0)]: 9269829.80 meters
[controller-2] [INFO] [1744576287.199620988] [drone_home1.controller]: Bearing: 129.55°
[controller-2] [INFO] [1744576287.200622223] [drone_home1.controller]: Going to [(0.0, 0.0)]: 9269829.61 meters
[controller-2] [INFO] [1744576287.299480002] [drone_home1.controller]: Bearing: 129.55°
[controller-2] [INFO] [1744576287.300382486] [drone_home1.controller]: Going to [(0.0, 0.0)]: 9269829.61 meters
[controller-2] [INFO] [1744576287.399497221] [drone_home1.controller]: Bearing: 129.55°
[controller-2] [INFO] [1744576287.400822004] [drone_home1.controller]: Going to [(0.0, 0.0)]: 9269829.61 meters
[controller-2] [INFO] [1744576287.500422525] [drone_home1.controller]: Bearing: 129.55°
[controller-2] [INFO] [1744576287.501991272] [drone_home1.controller]: Going to [(0.0, 0.0)]: 9269829.61 meters
[controller-2] [INFO] [1744576287.600433921] [drone_home1.controller]: Bearing: 129.55°
[controller-2] [INFO] [1744576287.602067339] [drone_home1.controller]: Going to [(0.0, 0.0)]: 9269829.61 meters
[controller-2] [INFO] [1744576287.700396037] [drone_home1.controller]: Bearing: 129.55°
[controller-2] [INFO] [1744576287.701951025] [drone_home1.controller]: Going to [(0.0, 0.0)]: 9269829.61 meters
[controller-2] [INFO] [1744576287.800446088] [drone_home1.controller]: Bearing: 129.55°
[controller-2] [INFO] [1744576287.802049427] [drone_home1.controller]: Going to [(0.0, 0.0)]: 9269829.61 meters
[controller-2] [INFO] [1744576287.900175183] [drone_home1.controller]: Bearing: 129.55°
[controller-2] [INFO] [1744576287.901750811] [drone_home1.controller]: Going to [(0.0, 0.0)]: 9269829.59 meters
[controller-2] [INFO] [1744576287.999545435] [drone_home1.controller]: Bearing: 129.55°
[controller-2] [INFO] [1744576288.000525647] [drone_home1.controller]: Going to [(0.0, 0.0)]: 9269829.59 meters
[controller-2] [INFO] [1744576288.100394623] [drone_home1.controller]: Bearing: 129.55°
[controller-2] [INFO] [1744576288.101291028] [drone_home1.controller]: Going to [(0.0, 0.0)]: 9269829.59 meters
[controller-2] [INFO] [1744576288.200399758] [drone_home1.controller]: Bearing: 129.55°
[controller-2] [INFO] [1744576288.202021785] [drone_home1.controller]: Going to [(0.0, 0.0)]: 9269829.59 meters
[controller-2] [INFO] [1744576288.300187264] [drone_home1.controller]: Bearing: 129.55°
[controller-2] [INFO] [1744576288.301503247] [drone_home1.controller]: Going to [(0.0, 0.0)]: 9269829.59 meters
[controller-2] [INFO] [1744576288.400581163] [drone_home1.controller]: Bearing: 129.55°
[controller-2] [INFO] [1744576288.402139606] [drone_home1.controller]: Going to [(0.0, 0.0)]: 9269829.59 meters
[controller-2] [INFO] [1744576288.500380317] [drone_home1.controller]: Bearing: 129.55°
[controller-2] [INFO] [1744576288.502152422] [drone_home1.controller]: Going to [(0.0, 0.0)]: 9269829.59 meters
[controller-2] [INFO] [1744576288.600386924] [drone_home1.controller]: Bearing: 129.55°
[controller-2] [INFO] [1744576288.602221332] [drone_home1.controller]: Going to [(0.0, 0.0)]: 9269829.59 meters
[controller-2] [INFO] [1744576288.699745571] [drone_home1.controller]: Bearing: 129.55°
[controller-2] [INFO] [1744576288.700739190] [drone_home1.controller]: Going to [(0.0, 0.0)]: 9269829.59 meters
[controller-2] [INFO] [1744576288.799469494] [drone_home1.controller]: Bearing: 129.55°
[controller-2] [INFO] [1744576288.800423082] [drone_home1.controller]: Going to [(0.0, 0.0)]: 9269829.59 meters
[controller-2] [INFO] [1744576288.899552388] [drone_home1.controller]: Bearing: 129.55°
[controller-2] [INFO] [1744576288.902209090] [drone_home1.controller]: Going to [(0.0, 0.0)]: 9269829.59 meters
[controller-2] [INFO] [1744576288.999382486] [drone_home1.controller]: Bearing: 129.55°
[controller-2] [INFO] [1744576289.000318378] [drone_home1.controller]: Going to [(0.0, 0.0)]: 9269829.59 meters
[controller-2] [INFO] [1744576289.099436943] [drone_home1.controller]: Bearing: 129.55°
[controller-2] [INFO] [1744576289.100828734] [drone_home1.controller]: Going to [(0.0, 0.0)]: 9269829.59 meters
[controller-2] [INFO] [1744576289.199497865] [drone_home1.controller]: Bearing: 129.55°
[controller-2] [INFO] [1744576289.200534652] [drone_home1.controller]: Going to [(0.0, 0.0)]: 9269829.59 meters
[controller-2] [INFO] [1744576289.299672674] [drone_home1.controller]: Bearing: 129.55°
[controller-2] [INFO] [1744576289.300706549] [drone_home1.controller]: Going to [(0.0, 0.0)]: 9269829.59 meters
[controller-2] [INFO] [1744576289.399808987] [drone_home1.controller]: Bearing: 129.55°
[controller-2] [INFO] [1744576289.400916141] [drone_home1.controller]: Going to [(0.0, 0.0)]: 9269829.59 meters
[controller-2] [INFO] [1744576289.499700183] [drone_home1.controller]: Bearing: 129.55°
[controller-2] [INFO] [1744576289.500665131] [drone_home1.controller]: Going to [(0.0, 0.0)]: 9269829.59 meters
[controller-2] [INFO] [1744576289.599593619] [drone_home1.controller]: Bearing: 129.55°
[controller-2] [INFO] [1744576289.601194719] [drone_home1.controller]: Going to [(0.0, 0.0)]: 9269829.59 meters
[controller-2] [INFO] [1744576289.699465264] [drone_home1.controller]: Bearing: 129.55°
[controller-2] [INFO] [1744576289.700430499] [drone_home1.controller]: Going to [(0.0, 0.0)]: 9269829.59 meters
[controller-2] [INFO] [1744576289.799307372] [drone_home1.controller]: Bearing: 129.55°
[controller-2] [INFO] [1744576289.800277792] [drone_home1.controller]: Going to [(0.0, 0.0)]: 9269829.59 meters
[controller-2] [INFO] [1744576289.900294011] [drone_home1.controller]: Bearing: 129.55°
[controller-2] [INFO] [1744576289.901862854] [drone_home1.controller]: Going to [(0.0, 0.0)]: 9269829.59 meters
[controller-2] [INFO] [1744576290.000136407] [drone_home1.controller]: Bearing: 129.55°
[controller-2] [INFO] [1744576290.001866817] [drone_home1.controller]: Going to [(0.0, 0.0)]: 9269829.59 meters
[controller-2] [INFO] [1744576290.100293883] [drone_home1.controller]: Bearing: 129.55°
[controller-2] [INFO] [1744576290.101846567] [drone_home1.controller]: Going to [(0.0, 0.0)]: 9269829.59 meters
[controller-2] [INFO] [1744576290.200298593] [drone_home1.controller]: Bearing: 129.55°
[controller-2] [INFO] [1744576290.201283765] [drone_home1.controller]: Going to [(0.0, 0.0)]: 9269829.59 meters
[controller-2] [INFO] [1744576290.299563953] [drone_home1.controller]: Bearing: 129.55°
[controller-2] [INFO] [1744576290.300598340] [drone_home1.controller]: Going to [(0.0, 0.0)]: 9269829.59 meters
[controller-2] [INFO] [1744576290.400143216] [drone_home1.controller]: Bearing: 129.55°
[controller-2] [INFO] [1744576290.401684060] [drone_home1.controller]: Going to [(0.0, 0.0)]: 9269829.59 meters
[controller-2] [INFO] [1744576290.499635420] [drone_home1.controller]: Bearing: 129.55°
[controller-2] [INFO] [1744576290.500600944] [drone_home1.controller]: Going to [(0.0, 0.0)]: 9269829.59 meters
[controller-2] [INFO] [1744576290.599420165] [drone_home1.controller]: Bearing: 129.55°
[controller-2] [INFO] [1744576290.600323674] [drone_home1.controller]: Going to [(0.0, 0.0)]: 9269829.59 meters
[controller-2] [INFO] [1744576290.699428171] [drone_home1.controller]: Bearing: 129.55°
[controller-2] [INFO] [1744576290.700892313] [drone_home1.controller]: Going to [(0.0, 0.0)]: 9269829.59 meters
[controller-2] [INFO] [1744576290.799570640] [drone_home1.controller]: Bearing: 129.55°
[controller-2] [INFO] [1744576290.800612514] [drone_home1.controller]: Going to [(0.0, 0.0)]: 9269829.59 meters
[controller-2] [INFO] [1744576290.899770483] [drone_home1.controller]: Bearing: 129.55°
[controller-2] [INFO] [1744576290.900718663] [drone_home1.controller]: Going to [(0.0, 0.0)]: 9269829.59 meters
[controller-2] [INFO] [1744576291.000525424] [drone_home1.controller]: Bearing: 129.55°
[controller-2] [INFO] [1744576291.002113244] [drone_home1.controller]: Going to [(0.0, 0.0)]: 9269829.59 meters
[controller-2] [INFO] [1744576291.099536622] [drone_home1.controller]: Bearing: 129.55°
[controller-2] [INFO] [1744576291.100547105] [drone_home1.controller]: Going to [(0.0, 0.0)]: 9269829.59 meters
[controller-2] [INFO] [1744576291.199491488] [drone_home1.controller]: Bearing: 129.55°
[controller-2] [INFO] [1744576291.200456052] [drone_home1.controller]: Going to [(0.0, 0.0)]: 9269829.59 meters
[controller-2] [INFO] [1744576291.299490929] [drone_home1.controller]: Bearing: 129.55°
[controller-2] [INFO] [1744576291.300610723] [drone_home1.controller]: Going to [(0.0, 0.0)]: 9269829.59 meters
[controller-2] [INFO] [1744576291.399407652] [drone_home1.controller]: Bearing: 129.55°
[controller-2] [INFO] [1744576291.400304761] [drone_home1.controller]: Going to [(0.0, 0.0)]: 9269829.59 meters
[controller-2] [INFO] [1744576291.499642163] [drone_home1.controller]: Bearing: 129.55°
[controller-2] [INFO] [1744576291.500690598] [drone_home1.controller]: Going to [(0.0, 0.0)]: 9269829.59 meters
[controller-2] [INFO] [1744576291.599379592] [drone_home1.controller]: Bearing: 129.55°
[controller-2] [INFO] [1744576291.600283964] [drone_home1.controller]: Going to [(0.0, 0.0)]: 9269829.59 meters
[controller-2] [INFO] [1744576291.700279694] [drone_home1.controller]: Bearing: 129.55°
[controller-2] [INFO] [1744576291.702732175] [drone_home1.controller]: Going to [(0.0, 0.0)]: 9269829.59 meters
[controller-2] [INFO] [1744576291.800775513] [drone_home1.controller]: Bearing: 129.55°
[controller-2] [INFO] [1744576291.802661282] [drone_home1.controller]: Going to [(0.0, 0.0)]: 9269829.59 meters
[controller-2] [INFO] [1744576291.900413552] [drone_home1.controller]: Bearing: 129.55°
[controller-2] [INFO] [1744576291.902337687] [drone_home1.controller]: Going to [(0.0, 0.0)]: 9269829.59 meters
[controller-2] [INFO] [1744576291.999418094] [drone_home1.controller]: Bearing: 129.55°
[controller-2] [INFO] [1744576292.000388513] [drone_home1.controller]: Going to [(0.0, 0.0)]: 9269829.59 meters
[controller-2] [INFO] [1744576292.099494505] [drone_home1.controller]: Bearing: 129.55°
[controller-2] [INFO] [1744576292.100633147] [drone_home1.controller]: Going to [(0.0, 0.0)]: 9269829.59 meters
[controller-2] [INFO] [1744576292.199442823] [drone_home1.controller]: Bearing: 129.55°
[controller-2] [INFO] [1744576292.200361115] [drone_home1.controller]: Going to [(0.0, 0.0)]: 9269829.78 meters
[controller-2] [INFO] [1744576292.299637602] [drone_home1.controller]: Bearing: 129.55°
[controller-2] [INFO] [1744576292.300677845] [drone_home1.controller]: Going to [(0.0, 0.0)]: 9269829.78 meters
[controller-2] [INFO] [1744576292.399437249] [drone_home1.controller]: Bearing: 129.55°
[controller-2] [INFO] [1744576292.400413301] [drone_home1.controller]: Going to [(0.0, 0.0)]: 9269829.78 meters
[controller-2] [INFO] [1744576292.499714939] [drone_home1.controller]: Bearing: 129.55°
[controller-2] [INFO] [1744576292.501106441] [drone_home1.controller]: Going to [(0.0, 0.0)]: 9269829.78 meters
[controller-2] [INFO] [1744576292.599702424] [drone_home1.controller]: Bearing: 129.55°
[controller-2] [INFO] [1744576292.601742878] [drone_home1.controller]: Going to [(0.0, 0.0)]: 9269829.78 meters
[controller-2] [INFO] [1744576292.699537623] [drone_home1.controller]: Bearing: 129.55°
[controller-2] [INFO] [1744576292.700540330] [drone_home1.controller]: Going to [(0.0, 0.0)]: 9269829.78 meters
[controller-2] [INFO] [1744576292.799446997] [drone_home1.controller]: Bearing: 129.55°
[controller-2] [INFO] [1744576292.800401865] [drone_home1.controller]: Going to [(0.0, 0.0)]: 9269829.78 meters
[controller-2] [INFO] [1744576292.899526801] [drone_home1.controller]: Bearing: 129.55°
[controller-2] [INFO] [1744576292.900773089] [drone_home1.controller]: Going to [(0.0, 0.0)]: 9269829.78 meters
[controller-2] [INFO] [1744576292.999576237] [drone_home1.controller]: Bearing: 129.55°
[controller-2] [INFO] [1744576293.000477954] [drone_home1.controller]: Going to [(0.0, 0.0)]: 9269829.78 meters
[controller-2] [INFO] [1744576293.100026096] [drone_home1.controller]: Bearing: 129.55°
[controller-2] [INFO] [1744576293.101008484] [drone_home1.controller]: Going to [(0.0, 0.0)]: 9269829.78 meters
[controller-2] [INFO] [1744576293.199666589] [drone_home1.controller]: Bearing: 129.55°
[controller-2] [INFO] [1744576293.200642801] [drone_home1.controller]: Going to [(0.0, 0.0)]: 9269829.78 meters
[controller-2] [INFO] [1744576293.299712068] [drone_home1.controller]: Bearing: 129.55°
[controller-2] [INFO] [1744576293.300717496] [drone_home1.controller]: Going to [(0.0, 0.0)]: 9269829.78 meters
[controller-2] [INFO] [1744576293.399812172] [drone_home1.controller]: Bearing: 129.55°
[controller-2] [INFO] [1744576293.400792383] [drone_home1.controller]: Going to [(0.0, 0.0)]: 9269829.78 meters
[controller-2] [INFO] [1744576293.499704757] [drone_home1.controller]: Bearing: 129.55°
[controller-2] [INFO] [1744576293.500669385] [drone_home1.controller]: Going to [(0.0, 0.0)]: 9269829.78 meters
[controller-2] [INFO] [1744576293.600371861] [drone_home1.controller]: Bearing: 129.55°
[controller-2] [INFO] [1744576293.601913602] [drone_home1.controller]: Going to [(0.0, 0.0)]: 9269829.78 meters
[controller-2] [INFO] [1744576293.699613767] [drone_home1.controller]: Bearing: 129.55°
[controller-2] [INFO] [1744576293.700884343] [drone_home1.controller]: Going to [(0.0, 0.0)]: 9269829.78 meters
[controller-2] [INFO] [1744576293.799446802] [drone_home1.controller]: Bearing: 129.55°
[controller-2] [INFO] [1744576293.800352518] [drone_home1.controller]: Going to [(0.0, 0.0)]: 9269829.77 meters
[controller-2] [INFO] [1744576293.900008275] [drone_home1.controller]: Bearing: 129.55°
[controller-2] [INFO] [1744576293.901082886] [drone_home1.controller]: Going to [(0.0, 0.0)]: 9269829.77 meters
[controller-2] [INFO] [1744576293.999410275] [drone_home1.controller]: Bearing: 129.55°
[controller-2] [INFO] [1744576294.000805714] [drone_home1.controller]: Going to [(0.0, 0.0)]: 9269829.78 meters
[controller-2] [INFO] [1744576294.099683347] [drone_home1.controller]: Bearing: 129.55°
[controller-2] [INFO] [1744576294.101100289] [drone_home1.controller]: Going to [(0.0, 0.0)]: 9269829.78 meters
[controller-2] [INFO] [1744576294.199712582] [drone_home1.controller]: Bearing: 129.55°
[controller-2] [INFO] [1744576294.200925271] [drone_home1.controller]: Going to [(0.0, 0.0)]: 9269829.78 meters
[controller-2] [INFO] [1744576294.299996566] [drone_home1.controller]: Bearing: 129.55°
[controller-2] [INFO] [1744576294.302137116] [drone_home1.controller]: Going to [(0.0, 0.0)]: 9269829.77 meters
[controller-2] [INFO] [1744576294.400712097] [drone_home1.controller]: Bearing: 129.55°
[controller-2] [INFO] [1744576294.402485260] [drone_home1.controller]: Going to [(0.0, 0.0)]: 9269829.77 meters
[controller-2] [INFO] [1744576294.499726369] [drone_home1.controller]: Bearing: 129.55°
[controller-2] [INFO] [1744576294.500728789] [drone_home1.controller]: Going to [(0.0, 0.0)]: 9269829.77 meters
[controller-2] [INFO] [1744576294.599522935] [drone_home1.controller]: Bearing: 129.55°
[controller-2] [INFO] [1744576294.600459052] [drone_home1.controller]: Going to [(0.0, 0.0)]: 9269829.77 meters
[controller-2] [INFO] [1744576294.700252386] [drone_home1.controller]: Bearing: 129.55°
[controller-2] [INFO] [1744576294.701824175] [drone_home1.controller]: Going to [(0.0, 0.0)]: 9269829.77 meters
[controller-2] [INFO] [1744576294.800030105] [drone_home1.controller]: Bearing: 129.55°
[controller-2] [INFO] [1744576294.800968749] [drone_home1.controller]: Going to [(0.0, 0.0)]: 9269829.77 meters
[controller-2] [INFO] [1744576294.899714384] [drone_home1.controller]: Bearing: 129.55°
[controller-2] [INFO] [1744576294.900808259] [drone_home1.controller]: Going to [(0.0, 0.0)]: 9269829.96 meters
[controller-2] [INFO] [1744576294.999613221] [drone_home1.controller]: Bearing: 129.55°
[controller-2] [INFO] [1744576295.000667704] [drone_home1.controller]: Going to [(0.0, 0.0)]: 9269829.96 meters
[controller-2] [INFO] [1744576295.100372667] [drone_home1.controller]: Bearing: 129.55°
[controller-2] [INFO] [1744576295.101995175] [drone_home1.controller]: Going to [(0.0, 0.0)]: 9269829.96 meters
[controller-2] [INFO] [1744576295.201083025] [drone_home1.controller]: Bearing: 129.55°
[controller-2] [INFO] [1744576295.203176280] [drone_home1.controller]: Going to [(0.0, 0.0)]: 9269829.96 meters
[controller-2] [INFO] [1744576295.300082364] [drone_home1.controller]: Bearing: 129.55°
[controller-2] [INFO] [1744576295.301604298] [drone_home1.controller]: Going to [(0.0, 0.0)]: 9269829.96 meters
[controller-2] [INFO] [1744576295.400239770] [drone_home1.controller]: Bearing: 129.55°
[controller-2] [INFO] [1744576295.401805607] [drone_home1.controller]: Going to [(0.0, 0.0)]: 9269829.98 meters
[controller-2] [INFO] [1744576295.500290424] [drone_home1.controller]: Bearing: 129.55°
[controller-2] [INFO] [1744576295.501884421] [drone_home1.controller]: Going to [(0.0, 0.0)]: 9269829.98 meters
[controller-2] [INFO] [1744576295.600325655] [drone_home1.controller]: Bearing: 129.55°
[controller-2] [INFO] [1744576295.601925411] [drone_home1.controller]: Going to [(0.0, 0.0)]: 9269829.98 meters
[controller-2] [INFO] [1744576295.700454644] [drone_home1.controller]: Bearing: 129.55°
[controller-2] [INFO] [1744576295.702077760] [drone_home1.controller]: Going to [(0.0, 0.0)]: 9269829.98 meters
[controller-2] [INFO] [1744576295.801492231] [drone_home1.controller]: Bearing: 129.55°
[controller-2] [INFO] [1744576295.804165574] [drone_home1.controller]: Going to [(0.0, 0.0)]: 9269829.98 meters
[controller-2] [INFO] [1744576295.900544689] [drone_home1.controller]: Bearing: 129.55°
[controller-2] [INFO] [1744576295.902185565] [drone_home1.controller]: Going to [(0.0, 0.0)]: 9269829.98 meters
[controller-2] [INFO] [1744576296.000368690] [drone_home1.controller]: Bearing: 129.55°
[controller-2] [INFO] [1744576296.001989503] [drone_home1.controller]: Going to [(0.0, 0.0)]: 9269829.98 meters
[controller-2] [INFO] [1744576296.099474023] [drone_home1.controller]: Bearing: 129.55°
[controller-2] [INFO] [1744576296.100429212] [drone_home1.controller]: Going to [(0.0, 0.0)]: 9269829.98 meters
[controller-2] [INFO] [1744576296.199623952] [drone_home1.controller]: Bearing: 129.55°
[controller-2] [INFO] [1744576296.200584164] [drone_home1.controller]: Going to [(0.0, 0.0)]: 9269829.98 meters
[controller-2] [INFO] [1744576296.299412925] [drone_home1.controller]: Bearing: 129.55°
[controller-2] [INFO] [1744576296.300308754] [drone_home1.controller]: Going to [(0.0, 0.0)]: 9269829.96 meters
[controller-2] [INFO] [1744576296.400294268] [drone_home1.controller]: Bearing: 129.55°
[controller-2] [INFO] [1744576296.401858954] [drone_home1.controller]: Going to [(0.0, 0.0)]: 9269829.96 meters
[controller-2] [INFO] [1744576296.500315143] [drone_home1.controller]: Bearing: 129.55°
[controller-2] [INFO] [1744576296.501963763] [drone_home1.controller]: Going to [(0.0, 0.0)]: 9269829.96 meters
[controller-2] [INFO] [1744576296.599730808] [drone_home1.controller]: Bearing: 129.55°
[controller-2] [INFO] [1744576296.600954633] [drone_home1.controller]: Going to [(0.0, 0.0)]: 9269829.98 meters
[controller-2] [INFO] [1744576296.699743362] [drone_home1.controller]: Bearing: 129.55°
[controller-2] [INFO] [1744576296.700769430] [drone_home1.controller]: Going to [(0.0, 0.0)]: 9269829.98 meters
[controller-2] [INFO] [1744576296.799582575] [drone_home1.controller]: Bearing: 129.55°
[controller-2] [INFO] [1744576296.800574563] [drone_home1.controller]: Going to [(0.0, 0.0)]: 9269829.98 meters
[controller-2] [INFO] [1744576296.900263633] [drone_home1.controller]: Bearing: 129.55°
[controller-2] [INFO] [1744576296.902300568] [drone_home1.controller]: Going to [(0.0, 0.0)]: 9269829.98 meters
[controller-2] [INFO] [1744576297.000200668] [drone_home1.controller]: Bearing: 129.55°
[controller-2] [INFO] [1744576297.001777961] [drone_home1.controller]: Going to [(0.0, 0.0)]: 9269829.98 meters
[controller-2] [INFO] [1744576297.099389915] [drone_home1.controller]: Bearing: 129.55°
[controller-2] [INFO] [1744576297.100305904] [drone_home1.controller]: Going to [(0.0, 0.0)]: 9269829.98 meters
[controller-2] [INFO] [1744576297.200139144] [drone_home1.controller]: Bearing: 129.55°
[controller-2] [INFO] [1744576297.201700309] [drone_home1.controller]: Going to [(0.0, 0.0)]: 9269829.98 meters
[controller-2] [INFO] [1744576297.299445126] [drone_home1.controller]: Bearing: 129.55°
[controller-2] [INFO] [1744576297.300372922] [drone_home1.controller]: Going to [(0.0, 0.0)]: 9269829.98 meters
[controller-2] [INFO] [1744576297.399626681] [drone_home1.controller]: Bearing: 129.55°
[controller-2] [INFO] [1744576297.400652813] [drone_home1.controller]: Going to [(0.0, 0.0)]: 9269830.07 meters
[controller-2] [INFO] [1744576297.500353318] [drone_home1.controller]: Bearing: 129.55°
[controller-2] [INFO] [1744576297.501909107] [drone_home1.controller]: Going to [(0.0, 0.0)]: 9269830.07 meters
[controller-2] [INFO] [1744576297.600422939] [drone_home1.controller]: Bearing: 129.55°
[controller-2] [INFO] [1744576297.601798666] [drone_home1.controller]: Going to [(0.0, 0.0)]: 9269830.07 meters
[controller-2] [INFO] [1744576297.699491004] [drone_home1.controller]: Bearing: 129.55°
[controller-2] [INFO] [1744576297.700479760] [drone_home1.controller]: Going to [(0.0, 0.0)]: 9269830.07 meters
[controller-2] [INFO] [1744576297.799505777] [drone_home1.controller]: Bearing: 129.55°
[controller-2] [INFO] [1744576297.800526533] [drone_home1.controller]: Going to [(0.0, 0.0)]: 9269830.07 meters
[controller-2] [INFO] [1744576297.899416008] [drone_home1.controller]: Bearing: 129.55°
[controller-2] [INFO] [1744576297.900727800] [drone_home1.controller]: Going to [(0.0, 0.0)]: 9269830.07 meters
[controller-2] [INFO] [1744576298.000013142] [drone_home1.controller]: Bearing: 129.55°
[controller-2] [INFO] [1744576298.001091658] [drone_home1.controller]: Going to [(0.0, 0.0)]: 9269830.07 meters
[controller-2] [INFO] [1744576298.100157717] [drone_home1.controller]: Bearing: 129.55°
[controller-2] [INFO] [1744576298.101858689] [drone_home1.controller]: Going to [(0.0, 0.0)]: 9269830.07 meters
[controller-2] [INFO] [1744576298.200452787] [drone_home1.controller]: Bearing: 129.55°
[controller-2] [INFO] [1744576298.202792343] [drone_home1.controller]: Going to [(0.0, 0.0)]: 9269830.07 meters
[controller-2] [INFO] [1744576298.300312213] [drone_home1.controller]: Bearing: 129.55°
[controller-2] [INFO] [1744576298.302371997] [drone_home1.controller]: Going to [(0.0, 0.0)]: 9269830.06 meters
[controller-2] [INFO] [1744576298.400171512] [drone_home1.controller]: Bearing: 129.55°
[controller-2] [INFO] [1744576298.401805509] [drone_home1.controller]: Going to [(0.0, 0.0)]: 9269830.06 meters
[controller-2] [INFO] [1744576298.500170937] [drone_home1.controller]: Bearing: 129.55°
[controller-2] [INFO] [1744576298.502133634] [drone_home1.controller]: Going to [(0.0, 0.0)]: 9269830.06 meters
[controller-2] [INFO] [1744576298.600195545] [drone_home1.controller]: Bearing: 129.55°
[controller-2] [INFO] [1744576298.602046532] [drone_home1.controller]: Going to [(0.0, 0.0)]: 9269830.06 meters
[controller-2] [INFO] [1744576298.700300441] [drone_home1.controller]: Bearing: 129.55°
[controller-2] [INFO] [1744576298.701853415] [drone_home1.controller]: Going to [(0.0, 0.0)]: 9269830.06 meters
[controller-2] [INFO] [1744576298.800567511] [drone_home1.controller]: Bearing: 129.55°
[controller-2] [INFO] [1744576298.802150788] [drone_home1.controller]: Going to [(0.0, 0.0)]: 9269830.06 meters
[controller-2] [INFO] [1744576298.900386586] [drone_home1.controller]: Bearing: 129.55°
[controller-2] [INFO] [1744576298.901995271] [drone_home1.controller]: Going to [(0.0, 0.0)]: 9269830.07 meters
[controller-2] [INFO] [1744576299.000491546] [drone_home1.controller]: Bearing: 129.55°
[controller-2] [INFO] [1744576299.002117702] [drone_home1.controller]: Going to [(0.0, 0.0)]: 9269830.07 meters
[controller-2] [INFO] [1744576299.100272680] [drone_home1.controller]: Bearing: 129.55°
[controller-2] [INFO] [1744576299.101875189] [drone_home1.controller]: Going to [(0.0, 0.0)]: 9269830.07 meters
[controller-2] [INFO] [1744576299.200365875] [drone_home1.controller]: Bearing: 129.55°
[controller-2] [INFO] [1744576299.201944065] [drone_home1.controller]: Going to [(0.0, 0.0)]: 9269830.07 meters
[controller-2] [INFO] [1744576299.300063235] [drone_home1.controller]: Bearing: 129.55°
[controller-2] [INFO] [1744576299.301926381] [drone_home1.controller]: Going to [(0.0, 0.0)]: 9269830.07 meters
[controller-2] [INFO] [1744576299.399665652] [drone_home1.controller]: Bearing: 129.55°
[controller-2] [INFO] [1744576299.401546814] [drone_home1.controller]: Going to [(0.0, 0.0)]: 9269830.27 meters
[controller-2] [INFO] [1744576299.500282873] [drone_home1.controller]: Bearing: 129.55°
[controller-2] [INFO] [1744576299.501872614] [drone_home1.controller]: Going to [(0.0, 0.0)]: 9269830.27 meters
[controller-2] [INFO] [1744576299.600330660] [drone_home1.controller]: Bearing: 129.55°
[controller-2] [INFO] [1744576299.601918162] [drone_home1.controller]: Going to [(0.0, 0.0)]: 9269830.27 meters
[controller-2] [INFO] [1744576299.699387356] [drone_home1.controller]: Bearing: 129.55°
[controller-2] [INFO] [1744576299.700370192] [drone_home1.controller]: Going to [(0.0, 0.0)]: 9269830.27 meters
[controller-2] [INFO] [1744576299.799595909] [drone_home1.controller]: Bearing: 129.55°
[controller-2] [INFO] [1744576299.800593722] [drone_home1.controller]: Going to [(0.0, 0.0)]: 9269830.27 meters
[controller-2] [INFO] [1744576299.899685072] [drone_home1.controller]: Bearing: 129.55°
[controller-2] [INFO] [1744576299.900721156] [drone_home1.controller]: Going to [(0.0, 0.0)]: 9269830.27 meters
[controller-2] [INFO] [1744576300.000805551] [drone_home1.controller]: Bearing: 129.55°
[controller-2] [INFO] [1744576300.001770660] [drone_home1.controller]: Going to [(0.0, 0.0)]: 9269830.28 meters
[controller-2] [INFO] [1744576300.099485686] [drone_home1.controller]: Bearing: 129.55°
[controller-2] [INFO] [1744576300.100754375] [drone_home1.controller]: Going to [(0.0, 0.0)]: 9269830.28 meters
[controller-2] [INFO] [1744576300.199552460] [drone_home1.controller]: Bearing: 129.55°
[controller-2] [INFO] [1744576300.200533441] [drone_home1.controller]: Going to [(0.0, 0.0)]: 9269830.47 meters
[controller-2] [INFO] [1744576300.299405798] [drone_home1.controller]: Bearing: 129.55°
[controller-2] [INFO] [1744576300.300343323] [drone_home1.controller]: Going to [(0.0, 0.0)]: 9269830.47 meters
[controller-2] [INFO] [1744576300.399414205] [drone_home1.controller]: Bearing: 129.55°
[controller-2] [INFO] [1744576300.400409329] [drone_home1.controller]: Going to [(0.0, 0.0)]: 9269830.47 meters
[controller-2] [INFO] [1744576300.499663569] [drone_home1.controller]: Bearing: 129.55°
[controller-2] [INFO] [1744576300.500803460] [drone_home1.controller]: Going to [(0.0, 0.0)]: 9269830.47 meters
[controller-2] [INFO] [1744576300.599998309] [drone_home1.controller]: Bearing: 129.55°
[controller-2] [INFO] [1744576300.600951610] [drone_home1.controller]: Going to [(0.0, 0.0)]: 9269830.48 meters
[controller-2] [INFO] [1744576300.700289081] [drone_home1.controller]: Bearing: 129.55°
[controller-2] [INFO] [1744576300.702023077] [drone_home1.controller]: Going to [(0.0, 0.0)]: 9269830.48 meters
[controller-2] [INFO] [1744576300.800441551] [drone_home1.controller]: Bearing: 129.55°
[controller-2] [INFO] [1744576300.802016284] [drone_home1.controller]: Going to [(0.0, 0.0)]: 9269830.58 meters
[controller-2] [INFO] [1744576300.900206281] [drone_home1.controller]: Bearing: 129.55°
[controller-2] [INFO] [1744576300.901760951] [drone_home1.controller]: Going to [(0.0, 0.0)]: 9269830.58 meters
[controller-2] [INFO] [1744576301.000280287] [drone_home1.controller]: Bearing: 129.55°
[controller-2] [INFO] [1744576301.001864205] [drone_home1.controller]: Going to [(0.0, 0.0)]: 9269830.59 meters
[controller-2] [INFO] [1744576301.100234978] [drone_home1.controller]: Bearing: 129.55°
[controller-2] [INFO] [1744576301.101963342] [drone_home1.controller]: Going to [(0.0, 0.0)]: 9269830.59 meters
[controller-2] [INFO] [1744576301.199448142] [drone_home1.controller]: Bearing: 129.55°
[controller-2] [INFO] [1744576301.200701887] [drone_home1.controller]: Going to [(0.0, 0.0)]: 9269830.59 meters
[controller-2] [INFO] [1744576301.300073321] [drone_home1.controller]: Bearing: 129.55°
[controller-2] [INFO] [1744576301.301619767] [drone_home1.controller]: Going to [(0.0, 0.0)]: 9269830.59 meters
[controller-2] [INFO] [1744576301.400168618] [drone_home1.controller]: Bearing: 129.55°
[controller-2] [INFO] [1744576301.401766712] [drone_home1.controller]: Going to [(0.0, 0.0)]: 9269830.59 meters
[controller-2] [INFO] [1744576301.500272108] [drone_home1.controller]: Bearing: 129.55°
[controller-2] [INFO] [1744576301.501871321] [drone_home1.controller]: Going to [(0.0, 0.0)]: 9269830.59 meters
[controller-2] [INFO] [1744576301.600317454] [drone_home1.controller]: Bearing: 129.55°
[controller-2] [INFO] [1744576301.601225508] [drone_home1.controller]: Going to [(0.0, 0.0)]: 9269830.59 meters
[controller-2] [INFO] [1744576301.699385403] [drone_home1.controller]: Bearing: 129.55°
[controller-2] [INFO] [1744576301.700317425] [drone_home1.controller]: Going to [(0.0, 0.0)]: 9269830.59 meters
[controller-2] [INFO] [1744576301.799556508] [drone_home1.controller]: Bearing: 129.55°
[controller-2] [INFO] [1744576301.800554448] [drone_home1.controller]: Going to [(0.0, 0.0)]: 9269830.59 meters
[controller-2] [INFO] [1744576301.899448544] [drone_home1.controller]: Bearing: 129.55°
[controller-2] [INFO] [1744576301.900319318] [drone_home1.controller]: Going to [(0.0, 0.0)]: 9269830.59 meters
[controller-2] [INFO] [1744576301.999423651] [drone_home1.controller]: Bearing: 129.55°
[controller-2] [INFO] [1744576302.001061168] [drone_home1.controller]: Going to [(0.0, 0.0)]: 9269830.59 meters
[controller-2] [INFO] [1744576302.099451024] [drone_home1.controller]: Bearing: 129.55°
[controller-2] [INFO] [1744576302.100392037] [drone_home1.controller]: Going to [(0.0, 0.0)]: 9269830.59 meters
[controller-2] [INFO] [1744576302.200348179] [drone_home1.controller]: Bearing: 129.55°
[controller-2] [INFO] [1744576302.202708344] [drone_home1.controller]: Going to [(0.0, 0.0)]: 9269830.59 meters
[controller-2] [INFO] [1744576302.299538026] [drone_home1.controller]: Bearing: 129.55°
[controller-2] [INFO] [1744576302.300532799] [drone_home1.controller]: Going to [(0.0, 0.0)]: 9269830.59 meters
[controller-2] [INFO] [1744576302.400937960] [drone_home1.controller]: Bearing: 129.55°
[controller-2] [INFO] [1744576302.402883122] [drone_home1.controller]: Going to [(0.0, 0.0)]: 9269830.59 meters
[controller-2] [INFO] [1744576302.500079680] [drone_home1.controller]: Bearing: 129.55°
[controller-2] [INFO] [1744576302.501652366] [drone_home1.controller]: Going to [(0.0, 0.0)]: 9269830.59 meters
[controller-2] [INFO] [1744576302.599570899] [drone_home1.controller]: Bearing: 129.55°
[controller-2] [INFO] [1744576302.600557128] [drone_home1.controller]: Going to [(0.0, 0.0)]: 9269830.59 meters
[controller-2] [INFO] [1744576302.699514562] [drone_home1.controller]: Bearing: 129.55°
[controller-2] [INFO] [1744576302.700455543] [drone_home1.controller]: Going to [(0.0, 0.0)]: 9269830.58 meters
[controller-2] [INFO] [1744576302.799719181] [drone_home1.controller]: Bearing: 129.55°
[controller-2] [INFO] [1744576302.800806305] [drone_home1.controller]: Going to [(0.0, 0.0)]: 9269830.58 meters
[controller-2] [INFO] [1744576302.899347039] [drone_home1.controller]: Bearing: 129.55°
[controller-2] [INFO] [1744576302.900266836] [drone_home1.controller]: Going to [(0.0, 0.0)]: 9269830.58 meters
[controller-2] [INFO] [1744576302.999814247] [drone_home1.controller]: Bearing: 129.55°
[controller-2] [INFO] [1744576303.000887483] [drone_home1.controller]: Going to [(0.0, 0.0)]: 9269830.58 meters
[controller-2] [INFO] [1744576303.100549848] [drone_home1.controller]: Bearing: 129.55°
[controller-2] [INFO] [1744576303.102797118] [drone_home1.controller]: Going to [(0.0, 0.0)]: 9269830.48 meters
[controller-2] [INFO] [1744576303.199803545] [drone_home1.controller]: Bearing: 129.55°
[controller-2] [INFO] [1744576303.201219049] [drone_home1.controller]: Going to [(0.0, 0.0)]: 9269830.48 meters
[controller-2] [INFO] [1744576303.299512501] [drone_home1.controller]: Bearing: 129.55°
[controller-2] [INFO] [1744576303.300531562] [drone_home1.controller]: Going to [(0.0, 0.0)]: 9269830.48 meters
[controller-2] [INFO] [1744576303.399544590] [drone_home1.controller]: Bearing: 129.55°
[controller-2] [INFO] [1744576303.400546466] [drone_home1.controller]: Going to [(0.0, 0.0)]: 9269830.48 meters
[controller-2] [INFO] [1744576303.500752153] [drone_home1.controller]: Bearing: 129.55°
[controller-2] [INFO] [1744576303.502641860] [drone_home1.controller]: Going to [(0.0, 0.0)]: 9269830.48 meters
[controller-2] [INFO] [1744576303.600348823] [drone_home1.controller]: Bearing: 129.55°
[controller-2] [INFO] [1744576303.602442111] [drone_home1.controller]: Going to [(0.0, 0.0)]: 9269830.50 meters
[controller-2] [INFO] [1744576303.700368687] [drone_home1.controller]: Bearing: 129.55°
[controller-2] [INFO] [1744576303.702358681] [drone_home1.controller]: Going to [(0.0, 0.0)]: 9269830.50 meters
[controller-2] [INFO] [1744576303.800746660] [drone_home1.controller]: Bearing: 129.55°
[controller-2] [INFO] [1744576303.802330194] [drone_home1.controller]: Going to [(0.0, 0.0)]: 9269830.50 meters
[controller-2] [INFO] [1744576303.899732552] [drone_home1.controller]: Bearing: 129.55°
[controller-2] [INFO] [1744576303.900742621] [drone_home1.controller]: Going to [(0.0, 0.0)]: 9269830.50 meters
[controller-2] [INFO] [1744576303.999644322] [drone_home1.controller]: Bearing: 129.55°
[controller-2] [INFO] [1744576304.000588280] [drone_home1.controller]: Going to [(0.0, 0.0)]: 9269830.50 meters
[controller-2] [INFO] [1744576304.100251679] [drone_home1.controller]: Bearing: 129.55°
[controller-2] [INFO] [1744576304.102248937] [drone_home1.controller]: Going to [(0.0, 0.0)]: 9269830.50 meters
[controller-2] [INFO] [1744576304.200167556] [drone_home1.controller]: Bearing: 129.55°
[controller-2] [INFO] [1744576304.201717779] [drone_home1.controller]: Going to [(0.0, 0.0)]: 9269830.50 meters
[controller-2] [INFO] [1744576304.299603822] [drone_home1.controller]: Bearing: 129.55°
[controller-2] [INFO] [1744576304.300554404] [drone_home1.controller]: Going to [(0.0, 0.0)]: 9269830.50 meters
[controller-2] [INFO] [1744576304.400370442] [drone_home1.controller]: Bearing: 129.55°
[controller-2] [INFO] [1744576304.402658832] [drone_home1.controller]: Going to [(0.0, 0.0)]: 9269830.50 meters
[controller-2] [INFO] [1744576304.499759573] [drone_home1.controller]: Bearing: 129.55°
[controller-2] [INFO] [1744576304.501079942] [drone_home1.controller]: Going to [(0.0, 0.0)]: 9269830.50 meters
[controller-2] [INFO] [1744576304.599967702] [drone_home1.controller]: Bearing: 129.55°
[controller-2] [INFO] [1744576304.600923084] [drone_home1.controller]: Going to [(0.0, 0.0)]: 9269830.50 meters
[controller-2] [INFO] [1744576304.700576148] [drone_home1.controller]: Bearing: 129.55°
[controller-2] [INFO] [1744576304.702154242] [drone_home1.controller]: Going to [(0.0, 0.0)]: 9269830.50 meters
[controller-2] [INFO] [1744576304.800364986] [drone_home1.controller]: Bearing: 129.55°
[controller-2] [INFO] [1744576304.802289157] [drone_home1.controller]: Going to [(0.0, 0.0)]: 9269830.50 meters
[controller-2] [INFO] [1744576304.900303423] [drone_home1.controller]: Bearing: 129.55°
[controller-2] [INFO] [1744576304.902702372] [drone_home1.controller]: Going to [(0.0, 0.0)]: 9269830.50 meters
[controller-2] [INFO] [1744576305.000099589] [drone_home1.controller]: Bearing: 129.55°
[controller-2] [INFO] [1744576305.001679188] [drone_home1.controller]: Going to [(0.0, 0.0)]: 9269830.50 meters
[controller-2] [INFO] [1744576305.100108724] [drone_home1.controller]: Bearing: 129.55°
[controller-2] [INFO] [1744576305.101702754] [drone_home1.controller]: Going to [(0.0, 0.0)]: 9269830.50 meters
[controller-2] [INFO] [1744576305.199524010] [drone_home1.controller]: Bearing: 129.55°
[controller-2] [INFO] [1744576305.200424384] [drone_home1.controller]: Going to [(0.0, 0.0)]: 9269830.50 meters
[controller-2] [INFO] [1744576305.299438682] [drone_home1.controller]: Bearing: 129.55°
[controller-2] [INFO] [1744576305.300335632] [drone_home1.controller]: Going to [(0.0, 0.0)]: 9269830.50 meters
[controller-2] [INFO] [1744576305.400617884] [drone_home1.controller]: Bearing: 129.55°
[controller-2] [INFO] [1744576305.402189994] [drone_home1.controller]: Going to [(0.0, 0.0)]: 9269830.50 meters
[controller-2] [INFO] [1744576305.500624971] [drone_home1.controller]: Bearing: 129.55°
[controller-2] [INFO] [1744576305.502695732] [drone_home1.controller]: Going to [(0.0, 0.0)]: 9269830.50 meters
[controller-2] [INFO] [1744576305.599525862] [drone_home1.controller]: Bearing: 129.55°
[controller-2] [INFO] [1744576305.600539099] [drone_home1.controller]: Going to [(0.0, 0.0)]: 9269830.50 meters
[controller-2] [INFO] [1744576305.699515510] [drone_home1.controller]: Bearing: 129.55°
[controller-2] [INFO] [1744576305.700462667] [drone_home1.controller]: Going to [(0.0, 0.0)]: 9269830.50 meters
[controller-2] [INFO] [1744576305.800294332] [drone_home1.controller]: Bearing: 129.55°
[controller-2] [INFO] [1744576305.801891722] [drone_home1.controller]: Going to [(0.0, 0.0)]: 9269830.50 meters
[controller-2] [INFO] [1744576305.900467433] [drone_home1.controller]: Bearing: 129.55°
[controller-2] [INFO] [1744576305.902127575] [drone_home1.controller]: Going to [(0.0, 0.0)]: 9269830.50 meters
[controller-2] [INFO] [1744576306.000342266] [drone_home1.controller]: Bearing: 129.55°
[controller-2] [INFO] [1744576306.003179867] [drone_home1.controller]: Going to [(0.0, 0.0)]: 9269830.50 meters
[controller-2] [INFO] [1744576306.100339828] [drone_home1.controller]: Bearing: 129.55°
[controller-2] [INFO] [1744576306.102582971] [drone_home1.controller]: Going to [(0.0, 0.0)]: 9269830.50 meters
[controller-2] [INFO] [1744576306.200683978] [drone_home1.controller]: Bearing: 129.55°
[controller-2] [INFO] [1744576306.202281433] [drone_home1.controller]: Going to [(0.0, 0.0)]: 9269830.50 meters
[controller-2] [INFO] [1744576306.299657072] [drone_home1.controller]: Bearing: 129.55°
[controller-2] [INFO] [1744576306.300623429] [drone_home1.controller]: Going to [(0.0, 0.0)]: 9269830.50 meters
[controller-2] [INFO] [1744576306.399609131] [drone_home1.controller]: Bearing: 129.55°
[controller-2] [INFO] [1744576306.400603616] [drone_home1.controller]: Going to [(0.0, 0.0)]: 9269830.50 meters
[controller-2] [INFO] [1744576306.499523238] [drone_home1.controller]: Bearing: 129.55°
[controller-2] [INFO] [1744576306.500995862] [drone_home1.controller]: Going to [(0.0, 0.0)]: 9269830.50 meters
[controller-2] [INFO] [1744576306.599531872] [drone_home1.controller]: Bearing: 129.55°
[controller-2] [INFO] [1744576306.600496309] [drone_home1.controller]: Going to [(0.0, 0.0)]: 9269830.50 meters
[controller-2] [INFO] [1744576306.700570831] [drone_home1.controller]: Bearing: 129.55°
[controller-2] [INFO] [1744576306.703269265] [drone_home1.controller]: Going to [(0.0, 0.0)]: 9269830.50 meters
[controller-2] [INFO] [1744576306.799714770] [drone_home1.controller]: Bearing: 129.55°
[controller-2] [INFO] [1744576306.803445834] [drone_home1.controller]: Going to [(0.0, 0.0)]: 9269830.50 meters
[controller-2] [INFO] [1744576306.899853547] [drone_home1.controller]: Bearing: 129.55°
[controller-2] [INFO] [1744576306.903906815] [drone_home1.controller]: Going to [(0.0, 0.0)]: 9269830.50 meters
[controller-2] [INFO] [1744576306.999619304] [drone_home1.controller]: Bearing: 129.55°
[controller-2] [INFO] [1744576307.000777307] [drone_home1.controller]: Going to [(0.0, 0.0)]: 9269830.50 meters
[controller-2] [INFO] [1744576307.099361424] [drone_home1.controller]: Bearing: 129.55°
[controller-2] [INFO] [1744576307.100384389] [drone_home1.controller]: Going to [(0.0, 0.0)]: 9269830.50 meters
[controller-2] [INFO] [1744576307.199665010] [drone_home1.controller]: Bearing: 129.55°
[controller-2] [INFO] [1744576307.201260960] [drone_home1.controller]: Going to [(0.0, 0.0)]: 9269830.50 meters
[controller-2] [INFO] [1744576307.299666391] [drone_home1.controller]: Bearing: 129.55°
[controller-2] [INFO] [1744576307.300677612] [drone_home1.controller]: Going to [(0.0, 0.0)]: 9269830.50 meters
[controller-2] [INFO] [1744576307.400351157] [drone_home1.controller]: Bearing: 129.55°
[controller-2] [INFO] [1744576307.401955780] [drone_home1.controller]: Going to [(0.0, 0.0)]: 9269830.50 meters
[controller-2] [INFO] [1744576307.500329083] [drone_home1.controller]: Bearing: 129.55°
[controller-2] [INFO] [1744576307.501927305] [drone_home1.controller]: Going to [(0.0, 0.0)]: 9269830.50 meters
[controller-2] [INFO] [1744576307.601103927] [drone_home1.controller]: Bearing: 129.55°
[controller-2] [INFO] [1744576307.602740038] [drone_home1.controller]: Going to [(0.0, 0.0)]: 9269830.50 meters
[controller-2] [INFO] [1744576307.699758155] [drone_home1.controller]: Bearing: 129.55°
[controller-2] [INFO] [1744576307.701497145] [drone_home1.controller]: Going to [(0.0, 0.0)]: 9269830.50 meters
[controller-2] [INFO] [1744576307.799600722] [drone_home1.controller]: Bearing: 129.55°
[controller-2] [INFO] [1744576307.802172055] [drone_home1.controller]: Going to [(0.0, 0.0)]: 9269830.50 meters
[controller-2] [INFO] [1744576307.899773526] [drone_home1.controller]: Bearing: 129.55°
[controller-2] [INFO] [1744576307.900716972] [drone_home1.controller]: Going to [(0.0, 0.0)]: 9269830.50 meters
[controller-2] [INFO] [1744576307.999592541] [drone_home1.controller]: Bearing: 129.55°
[controller-2] [INFO] [1744576308.000525299] [drone_home1.controller]: Going to [(0.0, 0.0)]: 9269830.50 meters
[controller-2] [INFO] [1744576308.099866410] [drone_home1.controller]: Bearing: 129.55°
[controller-2] [INFO] [1744576308.101214812] [drone_home1.controller]: Going to [(0.0, 0.0)]: 9269830.50 meters
[controller-2] [INFO] [1744576308.200206967] [drone_home1.controller]: Bearing: 129.55°
[controller-2] [INFO] [1744576308.201782598] [drone_home1.controller]: Going to [(0.0, 0.0)]: 9269830.30 meters
[controller-2] [INFO] [1744576308.299738252] [drone_home1.controller]: Bearing: 129.55°
[controller-2] [INFO] [1744576308.300795073] [drone_home1.controller]: Going to [(0.0, 0.0)]: 9269830.30 meters
[controller-2] [INFO] [1744576308.399551231] [drone_home1.controller]: Bearing: 129.55°
[controller-2] [INFO] [1744576308.400552628] [drone_home1.controller]: Going to [(0.0, 0.0)]: 9269830.30 meters
[controller-2] [INFO] [1744576308.499567343] [drone_home1.controller]: Bearing: 129.55°
[controller-2] [INFO] [1744576308.500547908] [drone_home1.controller]: Going to [(0.0, 0.0)]: 9269830.30 meters
[controller-2] [INFO] [1744576308.599637695] [drone_home1.controller]: Bearing: 129.55°
[controller-2] [INFO] [1744576308.600597364] [drone_home1.controller]: Going to [(0.0, 0.0)]: 9269830.50 meters
[controller-2] [INFO] [1744576308.699597039] [drone_home1.controller]: Bearing: 129.55°
[controller-2] [INFO] [1744576308.700513637] [drone_home1.controller]: Going to [(0.0, 0.0)]: 9269830.50 meters
[controller-2] [INFO] [1744576308.799706623] [drone_home1.controller]: Bearing: 129.55°
[controller-2] [INFO] [1744576308.800669812] [drone_home1.controller]: Going to [(0.0, 0.0)]: 9269830.50 meters
[controller-2] [INFO] [1744576308.899767150] [drone_home1.controller]: Bearing: 129.55°
[controller-2] [INFO] [1744576308.900680100] [drone_home1.controller]: Going to [(0.0, 0.0)]: 9269830.50 meters
[controller-2] [INFO] [1744576308.999432162] [drone_home1.controller]: Bearing: 129.55°
[controller-2] [INFO] [1744576309.000348344] [drone_home1.controller]: Going to [(0.0, 0.0)]: 9269830.50 meters
[controller-2] [INFO] [1744576309.100124150] [drone_home1.controller]: Bearing: 129.55°
[controller-2] [INFO] [1744576309.101691461] [drone_home1.controller]: Going to [(0.0, 0.0)]: 9269830.50 meters
[controller-2] [INFO] [1744576309.199613655] [drone_home1.controller]: Bearing: 129.55°
[controller-2] [INFO] [1744576309.200581228] [drone_home1.controller]: Going to [(0.0, 0.0)]: 9269830.50 meters
[controller-2] [INFO] [1744576309.300267211] [drone_home1.controller]: Bearing: 129.55°
[controller-2] [INFO] [1744576309.301836634] [drone_home1.controller]: Going to [(0.0, 0.0)]: 9269830.50 meters
[controller-2] [INFO] [1744576309.400060297] [drone_home1.controller]: Bearing: 129.55°
[controller-2] [INFO] [1744576309.401618904] [drone_home1.controller]: Going to [(0.0, 0.0)]: 9269830.50 meters
[controller-2] [INFO] [1744576309.499605065] [drone_home1.controller]: Bearing: 129.55°
[controller-2] [INFO] [1744576309.500795804] [drone_home1.controller]: Going to [(0.0, 0.0)]: 9269830.50 meters
[controller-2] [INFO] [1744576309.599809474] [drone_home1.controller]: Bearing: 129.55°
[controller-2] [INFO] [1744576309.600942806] [drone_home1.controller]: Going to [(0.0, 0.0)]: 9269830.50 meters
[controller-2] [INFO] [1744576309.699978396] [drone_home1.controller]: Bearing: 129.55°
[controller-2] [INFO] [1744576309.701233262] [drone_home1.controller]: Going to [(0.0, 0.0)]: 9269830.50 meters
[controller-2] [INFO] [1744576309.799513692] [drone_home1.controller]: Bearing: 129.55°
[controller-2] [INFO] [1744576309.800437970] [drone_home1.controller]: Going to [(0.0, 0.0)]: 9269830.50 meters
[controller-2] [INFO] [1744576309.899558871] [drone_home1.controller]: Bearing: 129.55°
[controller-2] [INFO] [1744576309.900509645] [drone_home1.controller]: Going to [(0.0, 0.0)]: 9269830.50 meters
[controller-2] [INFO] [1744576309.999526323] [drone_home1.controller]: Bearing: 129.55°
[controller-2] [INFO] [1744576310.000481193] [drone_home1.controller]: Going to [(0.0, 0.0)]: 9269830.30 meters
[controller-2] [INFO] [1744576310.099581624] [drone_home1.controller]: Bearing: 129.55°
[controller-2] [INFO] [1744576310.101039305] [drone_home1.controller]: Going to [(0.0, 0.0)]: 9269830.30 meters
[controller-2] [INFO] [1744576310.199751613] [drone_home1.controller]: Bearing: 129.55°
[controller-2] [INFO] [1744576310.200908145] [drone_home1.controller]: Going to [(0.0, 0.0)]: 9269830.30 meters
[controller-2] [INFO] [1744576310.299651524] [drone_home1.controller]: Bearing: 129.55°
[controller-2] [INFO] [1744576310.300730777] [drone_home1.controller]: Going to [(0.0, 0.0)]: 9269830.29 meters
[controller-2] [INFO] [1744576310.400231429] [drone_home1.controller]: Bearing: 129.55°
[controller-2] [INFO] [1744576310.401326905] [drone_home1.controller]: Going to [(0.0, 0.0)]: 9269830.29 meters
[controller-2] [INFO] [1744576310.499730320] [drone_home1.controller]: Bearing: 129.55°
[controller-2] [INFO] [1744576310.501897753] [drone_home1.controller]: Going to [(0.0, 0.0)]: 9269830.29 meters
[controller-2] [INFO] [1744576310.600540494] [drone_home1.controller]: Bearing: 129.55°
[controller-2] [INFO] [1744576310.602450618] [drone_home1.controller]: Going to [(0.0, 0.0)]: 9269830.29 meters
[controller-2] [INFO] [1744576310.700340951] [drone_home1.controller]: Bearing: 129.55°
[controller-2] [INFO] [1744576310.701305548] [drone_home1.controller]: Going to [(0.0, 0.0)]: 9269830.29 meters
[controller-2] [INFO] [1744576310.800468956] [drone_home1.controller]: Bearing: 129.55°
[controller-2] [INFO] [1744576310.802051371] [drone_home1.controller]: Going to [(0.0, 0.0)]: 9269830.29 meters
[controller-2] [INFO] [1744576310.900648320] [drone_home1.controller]: Bearing: 129.55°
[controller-2] [INFO] [1744576310.902488109] [drone_home1.controller]: Going to [(0.0, 0.0)]: 9269830.29 meters
[controller-2] [INFO] [1744576311.000690214] [drone_home1.controller]: Bearing: 129.55°
[controller-2] [INFO] [1744576311.002277525] [drone_home1.controller]: Going to [(0.0, 0.0)]: 9269830.29 meters
[controller-2] [INFO] [1744576311.100519033] [drone_home1.controller]: Bearing: 129.55°
[controller-2] [INFO] [1744576311.102170440] [drone_home1.controller]: Going to [(0.0, 0.0)]: 9269830.28 meters
[controller-2] [INFO] [1744576311.200446443] [drone_home1.controller]: Bearing: 129.55°
[controller-2] [INFO] [1744576311.202867666] [drone_home1.controller]: Going to [(0.0, 0.0)]: 9269830.28 meters
[controller-2] [INFO] [1744576311.299693956] [drone_home1.controller]: Bearing: 129.55°
[controller-2] [INFO] [1744576311.301177429] [drone_home1.controller]: Going to [(0.0, 0.0)]: 9269830.28 meters
[controller-2] [INFO] [1744576311.400348559] [drone_home1.controller]: Bearing: 129.55°
[controller-2] [INFO] [1744576311.401953790] [drone_home1.controller]: Going to [(0.0, 0.0)]: 9269830.28 meters
[controller-2] [INFO] [1744576311.500405312] [drone_home1.controller]: Bearing: 129.55°
[controller-2] [INFO] [1744576311.501989647] [drone_home1.controller]: Going to [(0.0, 0.0)]: 9269830.28 meters
[controller-2] [INFO] [1744576311.599711768] [drone_home1.controller]: Bearing: 129.55°
[controller-2] [INFO] [1744576311.600728110] [drone_home1.controller]: Going to [(0.0, 0.0)]: 9269830.28 meters
[controller-2] [INFO] [1744576311.699741961] [drone_home1.controller]: Bearing: 129.55°
[controller-2] [INFO] [1744576311.700760831] [drone_home1.controller]: Going to [(0.0, 0.0)]: 9269830.28 meters
[controller-2] [INFO] [1744576311.799962776] [drone_home1.controller]: Bearing: 129.55°
[controller-2] [INFO] [1744576311.800957134] [drone_home1.controller]: Going to [(0.0, 0.0)]: 9269830.28 meters
[controller-2] [INFO] [1744576311.899718604] [drone_home1.controller]: Bearing: 129.55°
[controller-2] [INFO] [1744576311.900733666] [drone_home1.controller]: Going to [(0.0, 0.0)]: 9269830.28 meters
[controller-2] [INFO] [1744576312.000374935] [drone_home1.controller]: Bearing: 129.55°
[controller-2] [INFO] [1744576312.002116901] [drone_home1.controller]: Going to [(0.0, 0.0)]: 9269830.28 meters
[controller-2] [INFO] [1744576312.020233258] [drone_home1.controller]: Service request to change coordinate custom_messages.srv.SetCoordinate_Request(new_coordinate=sensor_msgs.msg.NavSatFix(header=std_msgs.msg.Header(stamp=builtin_interfaces.msg.Time(sec=0, nanosec=0), frame_id=''), status=sensor_msgs.msg.NavSatStatus(status=0, service=0), latitude=29.639567, longitude=-82.361102, altitude=0.0, position_covariance=array([0., 0., 0., 0., 0., 0., 0., 0., 0.]), position_covariance_type=0))
[controller-2] [INFO] [1744576312.022052408] [drone_home1.controller]: Waypoints now: [(29.639567, -82.361102)]
[controller-2] [INFO] [1744576312.100183989] [drone_home1.controller]: Bearing: -76.60°
[controller-2] [INFO] [1744576312.101874307] [drone_home1.controller]: Going to [(29.639567, -82.361102)]: 17.10 meters
[controller-2] [INFO] [1744576312.200222929] [drone_home1.controller]: Bearing: -76.60°
[controller-2] [INFO] [1744576312.202783830] [drone_home1.controller]: Going to [(29.639567, -82.361102)]: 17.10 meters
[controller-2] [INFO] [1744576312.302212537] [drone_home1.controller]: Bearing: -76.60°
[controller-2] [INFO] [1744576312.303801736] [drone_home1.controller]: Going to [(29.639567, -82.361102)]: 17.10 meters
[controller-2] [INFO] [1744576312.400182442] [drone_home1.controller]: Bearing: -76.60°
[controller-2] [INFO] [1744576312.402091926] [drone_home1.controller]: Going to [(29.639567, -82.361102)]: 17.10 meters
[controller-2] [INFO] [1744576312.500595298] [drone_home1.controller]: Bearing: -76.36°
[controller-2] [INFO] [1744576312.502472527] [drone_home1.controller]: Going to [(29.639567, -82.361102)]: 16.95 meters
[controller-2] [INFO] [1744576312.600461504] [drone_home1.controller]: Bearing: -76.36°
[controller-2] [INFO] [1744576312.602031408] [drone_home1.controller]: Going to [(29.639567, -82.361102)]: 16.95 meters
[controller-2] [INFO] [1744576312.700409597] [drone_home1.controller]: Bearing: -76.36°
[controller-2] [INFO] [1744576312.702341577] [drone_home1.controller]: Going to [(29.639567, -82.361102)]: 16.95 meters
[controller-2] [INFO] [1744576312.799620097] [drone_home1.controller]: Bearing: -76.36°
[controller-2] [INFO] [1744576312.800627095] [drone_home1.controller]: Going to [(29.639567, -82.361102)]: 16.95 meters
[controller-2] [INFO] [1744576312.900258039] [drone_home1.controller]: Bearing: -76.36°
[controller-2] [INFO] [1744576312.901853830] [drone_home1.controller]: Going to [(29.639567, -82.361102)]: 16.95 meters
[controller-2] [INFO] [1744576313.000212340] [drone_home1.controller]: Bearing: -76.60°
[controller-2] [INFO] [1744576313.001812867] [drone_home1.controller]: Going to [(29.639567, -82.361102)]: 17.10 meters
[controller-2] [INFO] [1744576313.099514402] [drone_home1.controller]: Bearing: -76.60°
[controller-2] [INFO] [1744576313.100454712] [drone_home1.controller]: Going to [(29.639567, -82.361102)]: 17.10 meters
[controller-2] [INFO] [1744576313.199462825] [drone_home1.controller]: Bearing: -76.40°
[controller-2] [INFO] [1744576313.201589908] [drone_home1.controller]: Going to [(29.639567, -82.361102)]: 17.24 meters
[controller-2] [INFO] [1744576313.300308456] [drone_home1.controller]: Bearing: -76.40°
[controller-2] [INFO] [1744576313.302067958] [drone_home1.controller]: Going to [(29.639567, -82.361102)]: 17.24 meters
[controller-2] [INFO] [1744576313.399556663] [drone_home1.controller]: Bearing: -76.40°
[controller-2] [INFO] [1744576313.400549453] [drone_home1.controller]: Going to [(29.639567, -82.361102)]: 17.24 meters
[controller-2] [INFO] [1744576313.499715933] [drone_home1.controller]: Bearing: -76.40°
[controller-2] [INFO] [1744576313.500685075] [drone_home1.controller]: Going to [(29.639567, -82.361102)]: 17.24 meters
[controller-2] [INFO] [1744576313.600486940] [drone_home1.controller]: Bearing: -76.40°
[controller-2] [INFO] [1744576313.602734053] [drone_home1.controller]: Going to [(29.639567, -82.361102)]: 17.24 meters
[controller-2] [INFO] [1744576313.699489166] [drone_home1.controller]: Bearing: -76.40°
[controller-2] [INFO] [1744576313.701937141] [drone_home1.controller]: Going to [(29.639567, -82.361102)]: 17.24 meters
[controller-2] [INFO] [1744576313.799630100] [drone_home1.controller]: Bearing: -76.60°
[controller-2] [INFO] [1744576313.800596682] [drone_home1.controller]: Going to [(29.639567, -82.361102)]: 17.10 meters
[controller-2] [INFO] [1744576313.899420125] [drone_home1.controller]: Bearing: -76.60°
[controller-2] [INFO] [1744576313.900346228] [drone_home1.controller]: Going to [(29.639567, -82.361102)]: 17.10 meters
[controller-2] [INFO] [1744576313.999390309] [drone_home1.controller]: Bearing: -76.60°
[controller-2] [INFO] [1744576314.000295995] [drone_home1.controller]: Going to [(29.639567, -82.361102)]: 17.10 meters
[controller-2] [INFO] [1744576314.100720233] [drone_home1.controller]: Bearing: -76.60°
[controller-2] [INFO] [1744576314.102398936] [drone_home1.controller]: Going to [(29.639567, -82.361102)]: 17.10 meters
[controller-2] [INFO] [1744576314.199568551] [drone_home1.controller]: Bearing: -76.60°
[controller-2] [INFO] [1744576314.200589916] [drone_home1.controller]: Going to [(29.639567, -82.361102)]: 17.10 meters
[controller-2] [INFO] [1744576314.300509263] [drone_home1.controller]: Bearing: -76.60°
[controller-2] [INFO] [1744576314.302140959] [drone_home1.controller]: Going to [(29.639567, -82.361102)]: 17.10 meters
[controller-2] [INFO] [1744576314.400657344] [drone_home1.controller]: Bearing: -76.60°
[controller-2] [INFO] [1744576314.401710230] [drone_home1.controller]: Going to [(29.639567, -82.361102)]: 17.10 meters
[controller-2] [INFO] [1744576314.500379253] [drone_home1.controller]: Bearing: -76.60°
[controller-2] [INFO] [1744576314.502107076] [drone_home1.controller]: Going to [(29.639567, -82.361102)]: 17.10 meters
[controller-2] [INFO] [1744576314.600399943] [drone_home1.controller]: Bearing: -76.36°
[controller-2] [INFO] [1744576314.602001399] [drone_home1.controller]: Going to [(29.639567, -82.361102)]: 16.95 meters
[controller-2] [INFO] [1744576314.700270651] [drone_home1.controller]: Bearing: -76.36°
[controller-2] [INFO] [1744576314.702346598] [drone_home1.controller]: Going to [(29.639567, -82.361102)]: 16.95 meters
[controller-2] [INFO] [1744576314.800385964] [drone_home1.controller]: Bearing: -76.36°
[controller-2] [INFO] [1744576314.801996571] [drone_home1.controller]: Going to [(29.639567, -82.361102)]: 16.95 meters
[controller-2] [INFO] [1744576314.900288127] [drone_home1.controller]: Bearing: -76.36°
[controller-2] [INFO] [1744576314.901880687] [drone_home1.controller]: Going to [(29.639567, -82.361102)]: 16.95 meters
[controller-2] [INFO] [1744576314.999515577] [drone_home1.controller]: Bearing: -76.36°
[controller-2] [INFO] [1744576315.000565230] [drone_home1.controller]: Going to [(29.639567, -82.361102)]: 16.95 meters
[controller-2] [INFO] [1744576315.099759507] [drone_home1.controller]: Bearing: -76.36°
[controller-2] [INFO] [1744576315.100866024] [drone_home1.controller]: Going to [(29.639567, -82.361102)]: 16.95 meters
[controller-2] [INFO] [1744576315.199909359] [drone_home1.controller]: Bearing: -76.36°
[controller-2] [INFO] [1744576315.200832325] [drone_home1.controller]: Going to [(29.639567, -82.361102)]: 16.95 meters
[controller-2] [INFO] [1744576315.300539333] [drone_home1.controller]: Bearing: -76.36°
[controller-2] [INFO] [1744576315.302146293] [drone_home1.controller]: Going to [(29.639567, -82.361102)]: 16.95 meters
[controller-2] [INFO] [1744576315.400278725] [drone_home1.controller]: Bearing: -76.36°
[controller-2] [INFO] [1744576315.401844342] [drone_home1.controller]: Going to [(29.639567, -82.361102)]: 16.95 meters
[controller-2] [INFO] [1744576315.499621193] [drone_home1.controller]: Bearing: -76.57°
[controller-2] [INFO] [1744576315.500647519] [drone_home1.controller]: Going to [(29.639567, -82.361102)]: 16.81 meters
[controller-2] [INFO] [1744576315.599419752] [drone_home1.controller]: Bearing: -76.57°
[controller-2] [INFO] [1744576315.600341535] [drone_home1.controller]: Going to [(29.639567, -82.361102)]: 16.81 meters
[controller-2] [INFO] [1744576315.699360166] [drone_home1.controller]: Bearing: -76.57°
[controller-2] [INFO] [1744576315.700383867] [drone_home1.controller]: Going to [(29.639567, -82.361102)]: 16.81 meters
[controller-2] [INFO] [1744576315.799425474] [drone_home1.controller]: Bearing: -76.57°
[controller-2] [INFO] [1744576315.800401592] [drone_home1.controller]: Going to [(29.639567, -82.361102)]: 16.81 meters
[controller-2] [INFO] [1744576315.899715196] [drone_home1.controller]: Bearing: -76.57°
[controller-2] [INFO] [1744576315.900675251] [drone_home1.controller]: Going to [(29.639567, -82.361102)]: 16.81 meters
[controller-2] [INFO] [1744576315.999764409] [drone_home1.controller]: Bearing: -76.67°
[controller-2] [INFO] [1744576316.000731791] [drone_home1.controller]: Going to [(29.639567, -82.361102)]: 16.74 meters
[controller-2] [INFO] [1744576316.100758103] [drone_home1.controller]: Bearing: -76.67°
[controller-2] [INFO] [1744576316.102162057] [drone_home1.controller]: Going to [(29.639567, -82.361102)]: 16.74 meters
[controller-2] [INFO] [1744576316.199359500] [drone_home1.controller]: Bearing: -76.43°
[controller-2] [INFO] [1744576316.200352035] [drone_home1.controller]: Going to [(29.639567, -82.361102)]: 16.58 meters
[controller-2] [INFO] [1744576316.299574898] [drone_home1.controller]: Bearing: -76.43°
[controller-2] [INFO] [1744576316.300534409] [drone_home1.controller]: Going to [(29.639567, -82.361102)]: 16.58 meters
[controller-2] [INFO] [1744576316.399495323] [drone_home1.controller]: Bearing: -76.64°
[controller-2] [INFO] [1744576316.400897773] [drone_home1.controller]: Going to [(29.639567, -82.361102)]: 16.45 meters
[controller-2] [INFO] [1744576316.499581986] [drone_home1.controller]: Bearing: -76.64°
[controller-2] [INFO] [1744576316.500958613] [drone_home1.controller]: Going to [(29.639567, -82.361102)]: 16.45 meters
[controller-2] [INFO] [1744576316.599536363] [drone_home1.controller]: Bearing: -76.52°
[controller-2] [INFO] [1744576316.600562496] [drone_home1.controller]: Going to [(29.639567, -82.361102)]: 16.37 meters
[controller-2] [INFO] [1744576316.700535017] [drone_home1.controller]: Bearing: -76.52°
[controller-2] [INFO] [1744576316.702633044] [drone_home1.controller]: Going to [(29.639567, -82.361102)]: 16.37 meters
[controller-2] [INFO] [1744576316.800569584] [drone_home1.controller]: Bearing: -76.73°
[controller-2] [INFO] [1744576316.802629116] [drone_home1.controller]: Going to [(29.639567, -82.361102)]: 16.23 meters
[controller-2] [INFO] [1744576316.899506851] [drone_home1.controller]: Bearing: -76.73°
[controller-2] [INFO] [1744576316.900522681] [drone_home1.controller]: Going to [(29.639567, -82.361102)]: 16.23 meters
[controller-2] [INFO] [1744576317.000150020] [drone_home1.controller]: Bearing: -76.73°
[controller-2] [INFO] [1744576317.002817354] [drone_home1.controller]: Going to [(29.639567, -82.361102)]: 16.23 meters
[controller-2] [INFO] [1744576317.099555613] [drone_home1.controller]: Bearing: -76.73°
[controller-2] [INFO] [1744576317.100557811] [drone_home1.controller]: Going to [(29.639567, -82.361102)]: 16.23 meters
[controller-2] [INFO] [1744576317.199419185] [drone_home1.controller]: Bearing: -76.84°
[controller-2] [INFO] [1744576317.200346376] [drone_home1.controller]: Going to [(29.639567, -82.361102)]: 16.16 meters
[controller-2] [INFO] [1744576317.299955646] [drone_home1.controller]: Bearing: -76.59°
[controller-2] [INFO] [1744576317.301000852] [drone_home1.controller]: Going to [(29.639567, -82.361102)]: 16.01 meters
[controller-2] [INFO] [1744576317.400020177] [drone_home1.controller]: Bearing: -76.59°
[controller-2] [INFO] [1744576317.401178373] [drone_home1.controller]: Going to [(29.639567, -82.361102)]: 16.01 meters
[controller-2] [INFO] [1744576317.500059843] [drone_home1.controller]: Bearing: -76.81°
[controller-2] [INFO] [1744576317.501094489] [drone_home1.controller]: Going to [(29.639567, -82.361102)]: 15.87 meters
[controller-2] [INFO] [1744576317.600507250] [drone_home1.controller]: Bearing: -76.81°
[controller-2] [INFO] [1744576317.601730854] [drone_home1.controller]: Going to [(29.639567, -82.361102)]: 15.87 meters
[controller-2] [INFO] [1744576317.699765420] [drone_home1.controller]: Bearing: -76.81°
[controller-2] [INFO] [1744576317.701250557] [drone_home1.controller]: Going to [(29.639567, -82.361102)]: 15.87 meters
[controller-2] [INFO] [1744576317.800336537] [drone_home1.controller]: Bearing: -76.55°
[controller-2] [INFO] [1744576317.801978409] [drone_home1.controller]: Going to [(29.639567, -82.361102)]: 15.71 meters
[controller-2] [INFO] [1744576317.900374251] [drone_home1.controller]: Bearing: -76.55°
[controller-2] [INFO] [1744576317.902034459] [drone_home1.controller]: Going to [(29.639567, -82.361102)]: 15.71 meters
[controller-2] [INFO] [1744576317.999506535] [drone_home1.controller]: Bearing: -76.77°
[controller-2] [INFO] [1744576318.000486237] [drone_home1.controller]: Going to [(29.639567, -82.361102)]: 15.57 meters
[controller-2] [INFO] [1744576318.099623331] [drone_home1.controller]: Bearing: -76.77°
[controller-2] [INFO] [1744576318.100555322] [drone_home1.controller]: Going to [(29.639567, -82.361102)]: 15.57 meters
[controller-2] [INFO] [1744576318.199402818] [drone_home1.controller]: Bearing: -76.77°
[controller-2] [INFO] [1744576318.200313434] [drone_home1.controller]: Going to [(29.639567, -82.361102)]: 15.57 meters
[controller-2] [INFO] [1744576318.299627518] [drone_home1.controller]: Bearing: -76.77°
[controller-2] [INFO] [1744576318.300569397] [drone_home1.controller]: Going to [(29.639567, -82.361102)]: 15.57 meters
[controller-2] [INFO] [1744576318.399794810] [drone_home1.controller]: Bearing: -76.77°
[controller-2] [INFO] [1744576318.400795216] [drone_home1.controller]: Going to [(29.639567, -82.361102)]: 15.57 meters
[controller-2] [INFO] [1744576318.499587002] [drone_home1.controller]: Bearing: -76.77°
[controller-2] [INFO] [1744576318.500722639] [drone_home1.controller]: Going to [(29.639567, -82.361102)]: 15.57 meters
[controller-2] [INFO] [1744576318.600287953] [drone_home1.controller]: Bearing: -76.77°
[controller-2] [INFO] [1744576318.601822690] [drone_home1.controller]: Going to [(29.639567, -82.361102)]: 15.57 meters
[controller-2] [INFO] [1744576318.699387351] [drone_home1.controller]: Bearing: -76.77°
[controller-2] [INFO] [1744576318.700704778] [drone_home1.controller]: Going to [(29.639567, -82.361102)]: 15.57 meters
[controller-2] [INFO] [1744576318.799795313] [drone_home1.controller]: Bearing: -76.77°
[controller-2] [INFO] [1744576318.800716648] [drone_home1.controller]: Going to [(29.639567, -82.361102)]: 15.57 meters
[controller-2] [INFO] [1744576318.900256170] [drone_home1.controller]: Bearing: -76.55°
[controller-2] [INFO] [1744576318.902252119] [drone_home1.controller]: Going to [(29.639567, -82.361102)]: 15.71 meters
[controller-2] [INFO] [1744576319.000244616] [drone_home1.controller]: Bearing: -76.81°
[controller-2] [INFO] [1744576319.002590577] [drone_home1.controller]: Going to [(29.639567, -82.361102)]: 15.87 meters
[controller-2] [INFO] [1744576319.100114481] [drone_home1.controller]: Bearing: -76.81°
[controller-2] [INFO] [1744576319.101130791] [drone_home1.controller]: Going to [(29.639567, -82.361102)]: 15.87 meters
[controller-2] [INFO] [1744576319.199682782] [drone_home1.controller]: Bearing: -76.81°
[controller-2] [INFO] [1744576319.200640308] [drone_home1.controller]: Going to [(29.639567, -82.361102)]: 15.87 meters
[controller-2] [INFO] [1744576319.299611815] [drone_home1.controller]: Bearing: -76.55°
[controller-2] [INFO] [1744576319.300659453] [drone_home1.controller]: Going to [(29.639567, -82.361102)]: 15.71 meters
[controller-2] [INFO] [1744576319.400123914] [drone_home1.controller]: Bearing: -76.55°
[controller-2] [INFO] [1744576319.401882234] [drone_home1.controller]: Going to [(29.639567, -82.361102)]: 15.71 meters
[controller-2] [INFO] [1744576319.500044691] [drone_home1.controller]: Bearing: -76.55°
[controller-2] [INFO] [1744576319.501610149] [drone_home1.controller]: Going to [(29.639567, -82.361102)]: 15.71 meters
[controller-2] [INFO] [1744576319.600295866] [drone_home1.controller]: Bearing: -76.33°
[controller-2] [INFO] [1744576319.601881162] [drone_home1.controller]: Going to [(29.639567, -82.361102)]: 15.85 meters
[controller-2] [INFO] [1744576319.699415402] [drone_home1.controller]: Bearing: -76.59°
[controller-2] [INFO] [1744576319.700375937] [drone_home1.controller]: Going to [(29.639567, -82.361102)]: 16.01 meters
[controller-2] [INFO] [1744576319.800236363] [drone_home1.controller]: Bearing: -76.59°
[controller-2] [INFO] [1744576319.801797372] [drone_home1.controller]: Going to [(29.639567, -82.361102)]: 16.01 meters
[controller-2] [INFO] [1744576319.899491419] [drone_home1.controller]: Bearing: -76.59°
[controller-2] [INFO] [1744576319.900581616] [drone_home1.controller]: Going to [(29.639567, -82.361102)]: 16.01 meters
[controller-2] [INFO] [1744576319.999664257] [drone_home1.controller]: Bearing: -76.59°
[controller-2] [INFO] [1744576320.001011861] [drone_home1.controller]: Going to [(29.639567, -82.361102)]: 16.01 meters
[controller-2] [INFO] [1744576320.099727508] [drone_home1.controller]: Bearing: -76.59°
[controller-2] [INFO] [1744576320.100766698] [drone_home1.controller]: Going to [(29.639567, -82.361102)]: 16.01 meters
[controller-2] [INFO] [1744576320.200139299] [drone_home1.controller]: Bearing: -76.59°
[controller-2] [INFO] [1744576320.201361976] [drone_home1.controller]: Going to [(29.639567, -82.361102)]: 16.01 meters
[controller-2] [INFO] [1744576320.299682267] [drone_home1.controller]: Bearing: -76.48°
[controller-2] [INFO] [1744576320.301869702] [drone_home1.controller]: Going to [(29.639567, -82.361102)]: 16.07 meters
[controller-2] [INFO] [1744576320.399461296] [drone_home1.controller]: Bearing: -76.73°
[controller-2] [INFO] [1744576320.400721636] [drone_home1.controller]: Going to [(29.639567, -82.361102)]: 16.23 meters
[controller-2] [INFO] [1744576320.500094845] [drone_home1.controller]: Bearing: -76.73°
[controller-2] [INFO] [1744576320.501793485] [drone_home1.controller]: Going to [(29.639567, -82.361102)]: 16.23 meters
[controller-2] [INFO] [1744576320.599937938] [drone_home1.controller]: Bearing: -76.73°
[controller-2] [INFO] [1744576320.601026728] [drone_home1.controller]: Going to [(29.639567, -82.361102)]: 16.23 meters
[controller-2] [INFO] [1744576320.699637192] [drone_home1.controller]: Bearing: -76.73°
[controller-2] [INFO] [1744576320.700780541] [drone_home1.controller]: Going to [(29.639567, -82.361102)]: 16.23 meters
[controller-2] [INFO] [1744576320.799793498] [drone_home1.controller]: Bearing: -76.84°
[controller-2] [INFO] [1744576320.800812720] [drone_home1.controller]: Going to [(29.639567, -82.361102)]: 16.16 meters
[controller-2] [INFO] [1744576320.899896524] [drone_home1.controller]: Bearing: -76.84°
[controller-2] [INFO] [1744576320.900922563] [drone_home1.controller]: Going to [(29.639567, -82.361102)]: 16.16 meters
[controller-2] [INFO] [1744576320.999632514] [drone_home1.controller]: Bearing: -76.84°
[controller-2] [INFO] [1744576321.000995157] [drone_home1.controller]: Going to [(29.639567, -82.361102)]: 16.16 meters
[controller-2] [INFO] [1744576321.100244346] [drone_home1.controller]: Bearing: -76.84°
[controller-2] [INFO] [1744576321.101299184] [drone_home1.controller]: Going to [(29.639567, -82.361102)]: 16.16 meters
[controller-2] [INFO] [1744576321.199647357] [drone_home1.controller]: Bearing: -76.84°
[controller-2] [INFO] [1744576321.200807283] [drone_home1.controller]: Going to [(29.639567, -82.361102)]: 16.16 meters
[controller-2] [INFO] [1744576321.299511485] [drone_home1.controller]: Bearing: -76.84°
[controller-2] [INFO] [1744576321.300467284] [drone_home1.controller]: Going to [(29.639567, -82.361102)]: 16.16 meters
[controller-2] [INFO] [1744576321.399478459] [drone_home1.controller]: Bearing: -76.84°
[controller-2] [INFO] [1744576321.400458002] [drone_home1.controller]: Going to [(29.639567, -82.361102)]: 16.16 meters
[controller-2] [INFO] [1744576321.499581656] [drone_home1.controller]: Bearing: -76.84°
[controller-2] [INFO] [1744576321.500681486] [drone_home1.controller]: Going to [(29.639567, -82.361102)]: 16.16 meters
[controller-2] [INFO] [1744576321.599463159] [drone_home1.controller]: Bearing: -76.84°
[controller-2] [INFO] [1744576321.600456334] [drone_home1.controller]: Going to [(29.639567, -82.361102)]: 16.16 meters
[controller-2] [INFO] [1744576321.699613972] [drone_home1.controller]: Bearing: -76.84°
[controller-2] [INFO] [1744576321.701125574] [drone_home1.controller]: Going to [(29.639567, -82.361102)]: 16.16 meters
[controller-2] [INFO] [1744576321.799614706] [drone_home1.controller]: Bearing: -76.84°
[controller-2] [INFO] [1744576321.802136314] [drone_home1.controller]: Going to [(29.639567, -82.361102)]: 16.16 meters
[controller-2] [INFO] [1744576321.900364457] [drone_home1.controller]: Bearing: -76.84°
[controller-2] [INFO] [1744576321.902364950] [drone_home1.controller]: Going to [(29.639567, -82.361102)]: 16.16 meters
[controller-2] [INFO] [1744576322.000356359] [drone_home1.controller]: Bearing: -76.84°
[controller-2] [INFO] [1744576322.001327006] [drone_home1.controller]: Going to [(29.639567, -82.361102)]: 16.16 meters
[controller-2] [INFO] [1744576322.100347152] [drone_home1.controller]: Bearing: -76.84°
[controller-2] [INFO] [1744576322.101926689] [drone_home1.controller]: Going to [(29.639567, -82.361102)]: 16.16 meters
[controller-2] [INFO] [1744576322.199583071] [drone_home1.controller]: Bearing: -76.84°
[controller-2] [INFO] [1744576322.200557494] [drone_home1.controller]: Going to [(29.639567, -82.361102)]: 16.16 meters
[controller-2] [INFO] [1744576322.299337002] [drone_home1.controller]: Bearing: -76.84°
[controller-2] [INFO] [1744576322.300980123] [drone_home1.controller]: Going to [(29.639567, -82.361102)]: 16.16 meters
[controller-2] [INFO] [1744576322.400036781] [drone_home1.controller]: Bearing: -76.84°
[controller-2] [INFO] [1744576322.402073658] [drone_home1.controller]: Going to [(29.639567, -82.361102)]: 16.16 meters
[controller-2] [INFO] [1744576322.500118485] [drone_home1.controller]: Bearing: -76.84°
[controller-2] [INFO] [1744576322.501702342] [drone_home1.controller]: Going to [(29.639567, -82.361102)]: 16.16 meters
[controller-2] [INFO] [1744576322.599678946] [drone_home1.controller]: Bearing: -76.81°
[controller-2] [INFO] [1744576322.600730968] [drone_home1.controller]: Going to [(29.639567, -82.361102)]: 15.87 meters
[controller-2] [INFO] [1744576322.700208550] [drone_home1.controller]: Bearing: -76.81°
[controller-2] [INFO] [1744576322.701774807] [drone_home1.controller]: Going to [(29.639567, -82.361102)]: 15.87 meters
[controller-2] [INFO] [1744576322.799976049] [drone_home1.controller]: Bearing: -76.81°
[controller-2] [INFO] [1744576322.800877960] [drone_home1.controller]: Going to [(29.639567, -82.361102)]: 15.87 meters
[controller-2] [INFO] [1744576322.899637596] [drone_home1.controller]: Bearing: -76.81°
[controller-2] [INFO] [1744576322.900622067] [drone_home1.controller]: Going to [(29.639567, -82.361102)]: 15.87 meters
[controller-2] [INFO] [1744576322.999405063] [drone_home1.controller]: Bearing: -76.81°
[controller-2] [INFO] [1744576323.000305567] [drone_home1.controller]: Going to [(29.639567, -82.361102)]: 15.87 meters
[controller-2] [INFO] [1744576323.099749175] [drone_home1.controller]: Bearing: -76.81°
[controller-2] [INFO] [1744576323.100821069] [drone_home1.controller]: Going to [(29.639567, -82.361102)]: 15.87 meters
[controller-2] [INFO] [1744576323.200387589] [drone_home1.controller]: Bearing: -76.81°
[controller-2] [INFO] [1744576323.202114421] [drone_home1.controller]: Going to [(29.639567, -82.361102)]: 15.87 meters
[controller-2] [INFO] [1744576323.299516192] [drone_home1.controller]: Bearing: -76.81°
[controller-2] [INFO] [1744576323.300541335] [drone_home1.controller]: Going to [(29.639567, -82.361102)]: 15.87 meters
[controller-2] [INFO] [1744576323.400414924] [drone_home1.controller]: Bearing: -76.81°
[controller-2] [INFO] [1744576323.402402906] [drone_home1.controller]: Going to [(29.639567, -82.361102)]: 15.87 meters
[controller-2] [INFO] [1744576323.500187361] [drone_home1.controller]: Bearing: -76.81°
[controller-2] [INFO] [1744576323.501186968] [drone_home1.controller]: Going to [(29.639567, -82.361102)]: 15.87 meters
[controller-2] [INFO] [1744576323.599636026] [drone_home1.controller]: Bearing: -76.81°
[controller-2] [INFO] [1744576323.600598705] [drone_home1.controller]: Going to [(29.639567, -82.361102)]: 15.87 meters
[controller-2] [INFO] [1744576323.699381232] [drone_home1.controller]: Bearing: -76.81°
[controller-2] [INFO] [1744576323.700398566] [drone_home1.controller]: Going to [(29.639567, -82.361102)]: 15.87 meters
[controller-2] [INFO] [1744576323.799408515] [drone_home1.controller]: Bearing: -76.81°
[controller-2] [INFO] [1744576323.800402138] [drone_home1.controller]: Going to [(29.639567, -82.361102)]: 15.87 meters
[controller-2] [INFO] [1744576323.899983089] [drone_home1.controller]: Bearing: -76.81°
[controller-2] [INFO] [1744576323.900946664] [drone_home1.controller]: Going to [(29.639567, -82.361102)]: 15.87 meters
[controller-2] [INFO] [1744576324.000411713] [drone_home1.controller]: Bearing: -77.05°
[controller-2] [INFO] [1744576324.001994226] [drone_home1.controller]: Going to [(29.639567, -82.361102)]: 16.03 meters
[controller-2] [INFO] [1744576324.100323551] [drone_home1.controller]: Bearing: -77.05°
[controller-2] [INFO] [1744576324.101888017] [drone_home1.controller]: Going to [(29.639567, -82.361102)]: 16.03 meters
[controller-2] [INFO] [1744576324.201038967] [drone_home1.controller]: Bearing: -77.05°
[controller-2] [INFO] [1744576324.202630185] [drone_home1.controller]: Going to [(29.639567, -82.361102)]: 16.03 meters
[controller-2] [INFO] [1744576324.299696897] [drone_home1.controller]: Bearing: -77.05°
[controller-2] [INFO] [1744576324.300944214] [drone_home1.controller]: Going to [(29.639567, -82.361102)]: 16.03 meters
[controller-2] [INFO] [1744576324.399636448] [drone_home1.controller]: Bearing: -77.05°
[controller-2] [INFO] [1744576324.400597336] [drone_home1.controller]: Going to [(29.639567, -82.361102)]: 16.03 meters
[controller-2] [INFO] [1744576324.499440992] [drone_home1.controller]: Bearing: -77.05°
[controller-2] [INFO] [1744576324.500692949] [drone_home1.controller]: Going to [(29.639567, -82.361102)]: 16.03 meters
[controller-2] [INFO] [1744576324.599603805] [drone_home1.controller]: Bearing: -77.05°
[controller-2] [INFO] [1744576324.600567316] [drone_home1.controller]: Going to [(29.639567, -82.361102)]: 16.03 meters
[controller-2] [INFO] [1744576324.700268213] [drone_home1.controller]: Bearing: -77.05°
[controller-2] [INFO] [1744576324.701959558] [drone_home1.controller]: Going to [(29.639567, -82.361102)]: 16.03 meters
[controller-2] [INFO] [1744576324.800343763] [drone_home1.controller]: Bearing: -77.05°
[controller-2] [INFO] [1744576324.801923781] [drone_home1.controller]: Going to [(29.639567, -82.361102)]: 16.03 meters
[controller-2] [INFO] [1744576324.899456601] [drone_home1.controller]: Bearing: -76.81°
[controller-2] [INFO] [1744576324.900730125] [drone_home1.controller]: Going to [(29.639567, -82.361102)]: 15.87 meters
[controller-2] [INFO] [1744576325.000286256] [drone_home1.controller]: Bearing: -77.03°
[controller-2] [INFO] [1744576325.001383814] [drone_home1.controller]: Going to [(29.639567, -82.361102)]: 15.73 meters
[controller-2] [INFO] [1744576325.099669054] [drone_home1.controller]: Bearing: -77.03°
[controller-2] [INFO] [1744576325.100743380] [drone_home1.controller]: Going to [(29.639567, -82.361102)]: 15.73 meters
[controller-2] [INFO] [1744576325.200184322] [drone_home1.controller]: Bearing: -77.03°
[controller-2] [INFO] [1744576325.201890707] [drone_home1.controller]: Going to [(29.639567, -82.361102)]: 15.73 meters
[controller-2] [INFO] [1744576325.300164395] [drone_home1.controller]: Bearing: -77.03°
[controller-2] [INFO] [1744576325.301737245] [drone_home1.controller]: Going to [(29.639567, -82.361102)]: 15.73 meters
[controller-2] [INFO] [1744576325.399448794] [drone_home1.controller]: Bearing: -77.03°
[controller-2] [INFO] [1744576325.400406546] [drone_home1.controller]: Going to [(29.639567, -82.361102)]: 15.73 meters
[controller-2] [INFO] [1744576325.499814336] [drone_home1.controller]: Bearing: -77.03°
[controller-2] [INFO] [1744576325.500789879] [drone_home1.controller]: Going to [(29.639567, -82.361102)]: 15.73 meters
[controller-2] [INFO] [1744576325.599759593] [drone_home1.controller]: Bearing: -76.77°
[controller-2] [INFO] [1744576325.600842848] [drone_home1.controller]: Going to [(29.639567, -82.361102)]: 15.57 meters
[controller-2] [INFO] [1744576325.700254606] [drone_home1.controller]: Bearing: -76.77°
[controller-2] [INFO] [1744576325.702006430] [drone_home1.controller]: Going to [(29.639567, -82.361102)]: 15.57 meters
[controller-2] [INFO] [1744576325.799689788] [drone_home1.controller]: Bearing: -76.88°
[controller-2] [INFO] [1744576325.800816818] [drone_home1.controller]: Going to [(29.639567, -82.361102)]: 15.51 meters
[controller-2] [INFO] [1744576325.900181920] [drone_home1.controller]: Bearing: -76.88°
[controller-2] [INFO] [1744576325.901726259] [drone_home1.controller]: Going to [(29.639567, -82.361102)]: 15.51 meters
[controller-2] [INFO] [1744576326.000053034] [drone_home1.controller]: Bearing: -76.88°
[controller-2] [INFO] [1744576326.001574781] [drone_home1.controller]: Going to [(29.639567, -82.361102)]: 15.51 meters
[controller-2] [INFO] [1744576326.100204188] [drone_home1.controller]: Bearing: -76.76°
[controller-2] [INFO] [1744576326.101758991] [drone_home1.controller]: Going to [(29.639567, -82.361102)]: 15.43 meters
[controller-2] [INFO] [1744576326.200134416] [drone_home1.controller]: Bearing: -76.76°
[controller-2] [INFO] [1744576326.201747426] [drone_home1.controller]: Going to [(29.639567, -82.361102)]: 15.43 meters
[controller-2] [INFO] [1744576326.300348322] [drone_home1.controller]: Bearing: -76.76°
[controller-2] [INFO] [1744576326.301903540] [drone_home1.controller]: Going to [(29.639567, -82.361102)]: 15.43 meters
[controller-2] [INFO] [1744576326.400262102] [drone_home1.controller]: Bearing: -76.76°
[controller-2] [INFO] [1744576326.401861768] [drone_home1.controller]: Going to [(29.639567, -82.361102)]: 15.43 meters
[controller-2] [INFO] [1744576326.500131211] [drone_home1.controller]: Bearing: -76.76°
[controller-2] [INFO] [1744576326.501697117] [drone_home1.controller]: Going to [(29.639567, -82.361102)]: 15.43 meters
[controller-2] [INFO] [1744576326.600241982] [drone_home1.controller]: Bearing: -76.49°
[controller-2] [INFO] [1744576326.601952719] [drone_home1.controller]: Going to [(29.639567, -82.361102)]: 15.27 meters
[controller-2] [INFO] [1744576326.700244273] [drone_home1.controller]: Bearing: -76.49°
[controller-2] [INFO] [1744576326.701964450] [drone_home1.controller]: Going to [(29.639567, -82.361102)]: 15.27 meters
[controller-2] [INFO] [1744576326.799460236] [drone_home1.controller]: Bearing: -76.49°
[controller-2] [INFO] [1744576326.800807488] [drone_home1.controller]: Going to [(29.639567, -82.361102)]: 15.27 meters
[controller-2] [INFO] [1744576326.899968795] [drone_home1.controller]: Bearing: -76.49°
[controller-2] [INFO] [1744576326.901107857] [drone_home1.controller]: Going to [(29.639567, -82.361102)]: 15.27 meters
[controller-2] [INFO] [1744576326.999575954] [drone_home1.controller]: Bearing: -76.49°
[controller-2] [INFO] [1744576327.000568937] [drone_home1.controller]: Going to [(29.639567, -82.361102)]: 15.27 meters
[controller-2] [INFO] [1744576327.099467056] [drone_home1.controller]: Bearing: -76.49°
[controller-2] [INFO] [1744576327.100360649] [drone_home1.controller]: Going to [(29.639567, -82.361102)]: 15.27 meters
[controller-2] [INFO] [1744576327.200206344] [drone_home1.controller]: Bearing: -76.49°
[controller-2] [INFO] [1744576327.202334390] [drone_home1.controller]: Going to [(29.639567, -82.361102)]: 15.27 meters
[controller-2] [INFO] [1744576327.300325541] [drone_home1.controller]: Bearing: -76.49°
[controller-2] [INFO] [1744576327.301915768] [drone_home1.controller]: Going to [(29.639567, -82.361102)]: 15.27 meters
[controller-2] [INFO] [1744576327.400517410] [drone_home1.controller]: Bearing: -76.49°
[controller-2] [INFO] [1744576327.402368082] [drone_home1.controller]: Going to [(29.639567, -82.361102)]: 15.27 meters
[controller-2] [INFO] [1744576327.500584160] [drone_home1.controller]: Bearing: -76.49°
[controller-2] [INFO] [1744576327.502271601] [drone_home1.controller]: Going to [(29.639567, -82.361102)]: 15.27 meters
[controller-2] [INFO] [1744576327.599634022] [drone_home1.controller]: Bearing: -76.49°
[controller-2] [INFO] [1744576327.600558398] [drone_home1.controller]: Going to [(29.639567, -82.361102)]: 15.27 meters
[controller-2] [INFO] [1744576327.699476230] [drone_home1.controller]: Bearing: -76.49°
[controller-2] [INFO] [1744576327.700462333] [drone_home1.controller]: Going to [(29.639567, -82.361102)]: 15.27 meters
[controller-2] [INFO] [1744576327.800136638] [drone_home1.controller]: Bearing: -76.49°
[controller-2] [INFO] [1744576327.801725712] [drone_home1.controller]: Going to [(29.639567, -82.361102)]: 15.27 meters
[controller-2] [INFO] [1744576327.900320123] [drone_home1.controller]: Bearing: -76.76°
[controller-2] [INFO] [1744576327.901915117] [drone_home1.controller]: Going to [(29.639567, -82.361102)]: 15.43 meters
[controller-2] [INFO] [1744576328.000462872] [drone_home1.controller]: Bearing: -76.49°
[controller-2] [INFO] [1744576328.003301919] [drone_home1.controller]: Going to [(29.639567, -82.361102)]: 15.27 meters
[controller-2] [INFO] [1744576328.100333793] [drone_home1.controller]: Bearing: -76.49°
[controller-2] [INFO] [1744576328.102060115] [drone_home1.controller]: Going to [(29.639567, -82.361102)]: 15.27 meters
[controller-2] [INFO] [1744576328.200407306] [drone_home1.controller]: Bearing: -76.49°
[controller-2] [INFO] [1744576328.201985116] [drone_home1.controller]: Going to [(29.639567, -82.361102)]: 15.27 meters
[controller-2] [INFO] [1744576328.299707000] [drone_home1.controller]: Bearing: -76.49°
[controller-2] [INFO] [1744576328.300709904] [drone_home1.controller]: Going to [(29.639567, -82.361102)]: 15.27 meters
[controller-2] [INFO] [1744576328.400326492] [drone_home1.controller]: Bearing: -76.72°
[controller-2] [INFO] [1744576328.401896878] [drone_home1.controller]: Going to [(29.639567, -82.361102)]: 15.13 meters
[controller-2] [INFO] [1744576328.499434284] [drone_home1.controller]: Bearing: -76.72°
[controller-2] [INFO] [1744576328.500412516] [drone_home1.controller]: Going to [(29.639567, -82.361102)]: 15.13 meters
[controller-2] [INFO] [1744576328.600123503] [drone_home1.controller]: Bearing: -76.72°
[controller-2] [INFO] [1744576328.602183486] [drone_home1.controller]: Going to [(29.639567, -82.361102)]: 15.13 meters
[controller-2] [INFO] [1744576328.700440725] [drone_home1.controller]: Bearing: -76.72°
[controller-2] [INFO] [1744576328.702285126] [drone_home1.controller]: Going to [(29.639567, -82.361102)]: 15.13 meters
[controller-2] [INFO] [1744576328.800230784] [drone_home1.controller]: Bearing: -76.72°
[controller-2] [INFO] [1744576328.801832210] [drone_home1.controller]: Going to [(29.639567, -82.361102)]: 15.13 meters
[controller-2] [INFO] [1744576328.900115274] [drone_home1.controller]: Bearing: -76.72°
[controller-2] [INFO] [1744576328.901729084] [drone_home1.controller]: Going to [(29.639567, -82.361102)]: 15.13 meters
[controller-2] [INFO] [1744576328.999934708] [drone_home1.controller]: Bearing: -76.72°
[controller-2] [INFO] [1744576329.000934412] [drone_home1.controller]: Going to [(29.639567, -82.361102)]: 15.13 meters
[controller-2] [INFO] [1744576329.099463339] [drone_home1.controller]: Bearing: -76.72°
[controller-2] [INFO] [1744576329.100433699] [drone_home1.controller]: Going to [(29.639567, -82.361102)]: 15.13 meters
[controller-2] [INFO] [1744576329.199444735] [drone_home1.controller]: Bearing: -76.72°
[controller-2] [INFO] [1744576329.200415639] [drone_home1.controller]: Going to [(29.639567, -82.361102)]: 15.13 meters
[controller-2] [INFO] [1744576329.299393171] [drone_home1.controller]: Bearing: -76.72°
[controller-2] [INFO] [1744576329.300352427] [drone_home1.controller]: Going to [(29.639567, -82.361102)]: 15.13 meters
[controller-2] [INFO] [1744576329.400085152] [drone_home1.controller]: Bearing: -76.72°
[controller-2] [INFO] [1744576329.401931569] [drone_home1.controller]: Going to [(29.639567, -82.361102)]: 15.13 meters
[controller-2] [INFO] [1744576329.499678551] [drone_home1.controller]: Bearing: -76.72°
[controller-2] [INFO] [1744576329.500811534] [drone_home1.controller]: Going to [(29.639567, -82.361102)]: 15.13 meters
[controller-2] [INFO] [1744576329.599368397] [drone_home1.controller]: Bearing: -76.72°
[controller-2] [INFO] [1744576329.600436676] [drone_home1.controller]: Going to [(29.639567, -82.361102)]: 15.13 meters
[controller-2] [INFO] [1744576329.700439320] [drone_home1.controller]: Bearing: -76.72°
[controller-2] [INFO] [1744576329.702052618] [drone_home1.controller]: Going to [(29.639567, -82.361102)]: 15.13 meters
[controller-2] [INFO] [1744576329.800468171] [drone_home1.controller]: Bearing: -76.72°
[controller-2] [INFO] [1744576329.802098525] [drone_home1.controller]: Going to [(29.639567, -82.361102)]: 15.13 meters
[controller-2] [INFO] [1744576329.900450782] [drone_home1.controller]: Bearing: -76.72°
[controller-2] [INFO] [1744576329.902055473] [drone_home1.controller]: Going to [(29.639567, -82.361102)]: 15.13 meters
[controller-2] [INFO] [1744576329.999626905] [drone_home1.controller]: Bearing: -76.72°
[controller-2] [INFO] [1744576330.000633520] [drone_home1.controller]: Going to [(29.639567, -82.361102)]: 15.13 meters
[controller-2] [INFO] [1744576330.099650294] [drone_home1.controller]: Bearing: -76.72°
[controller-2] [INFO] [1744576330.100674798] [drone_home1.controller]: Going to [(29.639567, -82.361102)]: 15.13 meters
[controller-2] [INFO] [1744576330.199367286] [drone_home1.controller]: Bearing: -76.72°
[controller-2] [INFO] [1744576330.200310575] [drone_home1.controller]: Going to [(29.639567, -82.361102)]: 15.13 meters
[controller-2] [INFO] [1744576330.299701522] [drone_home1.controller]: Bearing: -76.72°
[controller-2] [INFO] [1744576330.300623818] [drone_home1.controller]: Going to [(29.639567, -82.361102)]: 15.13 meters
[controller-2] [INFO] [1744576330.399460530] [drone_home1.controller]: Bearing: -76.72°
[controller-2] [INFO] [1744576330.401093412] [drone_home1.controller]: Going to [(29.639567, -82.361102)]: 15.13 meters
[controller-2] [INFO] [1744576330.499483344] [drone_home1.controller]: Bearing: -76.72°
[controller-2] [INFO] [1744576330.500466951] [drone_home1.controller]: Going to [(29.639567, -82.361102)]: 15.13 meters
[controller-2] [INFO] [1744576330.600093352] [drone_home1.controller]: Bearing: -76.72°
[controller-2] [INFO] [1744576330.601014337] [drone_home1.controller]: Going to [(29.639567, -82.361102)]: 15.13 meters
[controller-2] [INFO] [1744576330.699960104] [drone_home1.controller]: Bearing: -76.72°
[controller-2] [INFO] [1744576330.701262909] [drone_home1.controller]: Going to [(29.639567, -82.361102)]: 15.13 meters
[controller-2] [INFO] [1744576330.799627560] [drone_home1.controller]: Bearing: -76.68°
[controller-2] [INFO] [1744576330.800607584] [drone_home1.controller]: Going to [(29.639567, -82.361102)]: 14.84 meters
[controller-2] [INFO] [1744576330.899516487] [drone_home1.controller]: Bearing: -76.68°
[controller-2] [INFO] [1744576330.900474943] [drone_home1.controller]: Going to [(29.639567, -82.361102)]: 14.84 meters
[controller-2] [INFO] [1744576330.999520709] [drone_home1.controller]: Bearing: -76.68°
[controller-2] [INFO] [1744576331.000457277] [drone_home1.controller]: Going to [(29.639567, -82.361102)]: 14.84 meters
[controller-2] [INFO] [1744576331.099514413] [drone_home1.controller]: Bearing: -76.68°
[controller-2] [INFO] [1744576331.100544037] [drone_home1.controller]: Going to [(29.639567, -82.361102)]: 14.84 meters
[controller-2] [INFO] [1744576331.199390615] [drone_home1.controller]: Bearing: -76.68°
[controller-2] [INFO] [1744576331.200390863] [drone_home1.controller]: Going to [(29.639567, -82.361102)]: 14.84 meters
[controller-2] [INFO] [1744576331.300357240] [drone_home1.controller]: Bearing: -76.68°
[controller-2] [INFO] [1744576331.301918123] [drone_home1.controller]: Going to [(29.639567, -82.361102)]: 14.84 meters
[controller-2] [INFO] [1744576331.400457951] [drone_home1.controller]: Bearing: -76.80°
[controller-2] [INFO] [1744576331.402727725] [drone_home1.controller]: Going to [(29.639567, -82.361102)]: 14.77 meters
[controller-2] [INFO] [1744576331.499887149] [drone_home1.controller]: Bearing: -76.80°
[controller-2] [INFO] [1744576331.500846661] [drone_home1.controller]: Going to [(29.639567, -82.361102)]: 14.77 meters
[controller-2] [INFO] [1744576331.599608440] [drone_home1.controller]: Bearing: -76.80°
[controller-2] [INFO] [1744576331.600713646] [drone_home1.controller]: Going to [(29.639567, -82.361102)]: 14.77 meters
[controller-2] [INFO] [1744576331.699548577] [drone_home1.controller]: Bearing: -76.80°
[controller-2] [INFO] [1744576331.700539640] [drone_home1.controller]: Going to [(29.639567, -82.361102)]: 14.77 meters
[controller-2] [INFO] [1744576331.799608201] [drone_home1.controller]: Bearing: -76.80°
[controller-2] [INFO] [1744576331.800581473] [drone_home1.controller]: Going to [(29.639567, -82.361102)]: 14.77 meters
[controller-2] [INFO] [1744576331.899781520] [drone_home1.controller]: Bearing: -76.80°
[controller-2] [INFO] [1744576331.900716584] [drone_home1.controller]: Going to [(29.639567, -82.361102)]: 14.77 meters
[controller-2] [INFO] [1744576331.999352156] [drone_home1.controller]: Bearing: -76.80°
[controller-2] [INFO] [1744576332.000721393] [drone_home1.controller]: Going to [(29.639567, -82.361102)]: 14.77 meters
[controller-2] [INFO] [1744576332.099480750] [drone_home1.controller]: Bearing: -77.04°
[controller-2] [INFO] [1744576332.100468902] [drone_home1.controller]: Going to [(29.639567, -82.361102)]: 14.64 meters
[controller-2] [INFO] [1744576332.199696895] [drone_home1.controller]: Bearing: -76.90°
[controller-2] [INFO] [1744576332.200754134] [drone_home1.controller]: Going to [(29.639567, -82.361102)]: 14.56 meters
[controller-2] [INFO] [1744576332.299804017] [drone_home1.controller]: Bearing: -76.90°
[controller-2] [INFO] [1744576332.301683650] [drone_home1.controller]: Going to [(29.639567, -82.361102)]: 14.56 meters
[controller-2] [INFO] [1744576332.399630470] [drone_home1.controller]: Bearing: -76.90°
[controller-2] [INFO] [1744576332.400621086] [drone_home1.controller]: Going to [(29.639567, -82.361102)]: 14.56 meters
[controller-2] [INFO] [1744576332.500275348] [drone_home1.controller]: Bearing: -76.90°
[controller-2] [INFO] [1744576332.501901894] [drone_home1.controller]: Going to [(29.639567, -82.361102)]: 14.56 meters
[controller-2] [INFO] [1744576332.599635820] [drone_home1.controller]: Bearing: -76.90°
[controller-2] [INFO] [1744576332.600719715] [drone_home1.controller]: Going to [(29.639567, -82.361102)]: 14.56 meters
[controller-2] [INFO] [1744576332.700312441] [drone_home1.controller]: Bearing: -76.90°
[controller-2] [INFO] [1744576332.701882701] [drone_home1.controller]: Going to [(29.639567, -82.361102)]: 14.56 meters
[controller-2] [INFO] [1744576332.799814193] [drone_home1.controller]: Bearing: -76.90°
[controller-2] [INFO] [1744576332.800734505] [drone_home1.controller]: Going to [(29.639567, -82.361102)]: 14.56 meters
[controller-2] [INFO] [1744576332.899514662] [drone_home1.controller]: Bearing: -76.90°
[controller-2] [INFO] [1744576332.901174297] [drone_home1.controller]: Going to [(29.639567, -82.361102)]: 14.56 meters
[controller-2] [INFO] [1744576332.999634968] [drone_home1.controller]: Bearing: -76.90°
[controller-2] [INFO] [1744576333.000716400] [drone_home1.controller]: Going to [(29.639567, -82.361102)]: 14.56 meters
[controller-2] [INFO] [1744576333.099750517] [drone_home1.controller]: Bearing: -76.90°
[controller-2] [INFO] [1744576333.100789132] [drone_home1.controller]: Going to [(29.639567, -82.361102)]: 14.56 meters
[controller-2] [INFO] [1744576333.200529228] [drone_home1.controller]: Bearing: -76.90°
[controller-2] [INFO] [1744576333.202878425] [drone_home1.controller]: Going to [(29.639567, -82.361102)]: 14.56 meters
[controller-2] [INFO] [1744576333.299842191] [drone_home1.controller]: Bearing: -77.14°
[controller-2] [INFO] [1744576333.301201988] [drone_home1.controller]: Going to [(29.639567, -82.361102)]: 14.42 meters
[controller-2] [INFO] [1744576333.400809317] [drone_home1.controller]: Bearing: -77.14°
[controller-2] [INFO] [1744576333.402585431] [drone_home1.controller]: Going to [(29.639567, -82.361102)]: 14.42 meters
[controller-2] [INFO] [1744576333.500183944] [drone_home1.controller]: Bearing: -77.14°
[controller-2] [INFO] [1744576333.501207807] [drone_home1.controller]: Going to [(29.639567, -82.361102)]: 14.42 meters
[controller-2] [INFO] [1744576333.599619434] [drone_home1.controller]: Bearing: -77.14°
[controller-2] [INFO] [1744576333.600684801] [drone_home1.controller]: Going to [(29.639567, -82.361102)]: 14.42 meters
[controller-2] [INFO] [1744576333.700805886] [drone_home1.controller]: Bearing: -77.14°
[controller-2] [INFO] [1744576333.702379409] [drone_home1.controller]: Going to [(29.639567, -82.361102)]: 14.42 meters
[controller-2] [INFO] [1744576333.800128609] [drone_home1.controller]: Bearing: -76.87°
[controller-2] [INFO] [1744576333.801674869] [drone_home1.controller]: Going to [(29.639567, -82.361102)]: 14.26 meters
[controller-2] [INFO] [1744576333.900378717] [drone_home1.controller]: Bearing: -76.87°
[controller-2] [INFO] [1744576333.902225006] [drone_home1.controller]: Going to [(29.639567, -82.361102)]: 14.26 meters
[controller-2] [INFO] [1744576334.000874902] [drone_home1.controller]: Bearing: -76.87°
[controller-2] [INFO] [1744576334.002457034] [drone_home1.controller]: Going to [(29.639567, -82.361102)]: 14.26 meters
[controller-2] [INFO] [1744576334.100754239] [drone_home1.controller]: Bearing: -76.99°
[controller-2] [INFO] [1744576334.102334707] [drone_home1.controller]: Going to [(29.639567, -82.361102)]: 14.19 meters
[controller-2] [INFO] [1744576334.200183052] [drone_home1.controller]: Bearing: -76.99°
[controller-2] [INFO] [1744576334.202325691] [drone_home1.controller]: Going to [(29.639567, -82.361102)]: 14.19 meters
[controller-2] [INFO] [1744576334.300334739] [drone_home1.controller]: Bearing: -76.71°
[controller-2] [INFO] [1744576334.301989894] [drone_home1.controller]: Going to [(29.639567, -82.361102)]: 14.04 meters
[controller-2] [INFO] [1744576334.399792991] [drone_home1.controller]: Bearing: -76.71°
[controller-2] [INFO] [1744576334.400758359] [drone_home1.controller]: Going to [(29.639567, -82.361102)]: 14.04 meters
[controller-2] [INFO] [1744576334.499665096] [drone_home1.controller]: Bearing: -76.71°
[controller-2] [INFO] [1744576334.500772607] [drone_home1.controller]: Going to [(29.639567, -82.361102)]: 14.04 meters
[controller-2] [INFO] [1744576334.599479186] [drone_home1.controller]: Bearing: -76.71°
[controller-2] [INFO] [1744576334.600477002] [drone_home1.controller]: Going to [(29.639567, -82.361102)]: 14.04 meters
[controller-2] [INFO] [1744576334.699535225] [drone_home1.controller]: Bearing: -76.71°
[controller-2] [INFO] [1744576334.700560945] [drone_home1.controller]: Going to [(29.639567, -82.361102)]: 14.04 meters
[controller-2] [INFO] [1744576334.799560385] [drone_home1.controller]: Bearing: -76.71°
[controller-2] [INFO] [1744576334.800512314] [drone_home1.controller]: Going to [(29.639567, -82.361102)]: 14.04 meters
[controller-2] [INFO] [1744576334.900108741] [drone_home1.controller]: Bearing: -76.71°
[controller-2] [INFO] [1744576334.901673369] [drone_home1.controller]: Going to [(29.639567, -82.361102)]: 14.04 meters
[controller-2] [INFO] [1744576335.000244044] [drone_home1.controller]: Bearing: -76.71°
[controller-2] [INFO] [1744576335.002168029] [drone_home1.controller]: Going to [(29.639567, -82.361102)]: 14.04 meters
[controller-2] [INFO] [1744576335.100257214] [drone_home1.controller]: Bearing: -76.99°
[controller-2] [INFO] [1744576335.102290863] [drone_home1.controller]: Going to [(29.639567, -82.361102)]: 14.19 meters
[controller-2] [INFO] [1744576335.200395472] [drone_home1.controller]: Bearing: -76.99°
[controller-2] [INFO] [1744576335.201960580] [drone_home1.controller]: Going to [(29.639567, -82.361102)]: 14.19 meters
[controller-2] [INFO] [1744576335.300312963] [drone_home1.controller]: Bearing: -76.99°
[controller-2] [INFO] [1744576335.301910039] [drone_home1.controller]: Going to [(29.639567, -82.361102)]: 14.19 meters
[controller-2] [INFO] [1744576335.400339894] [drone_home1.controller]: Bearing: -76.99°
[controller-2] [INFO] [1744576335.401908265] [drone_home1.controller]: Going to [(29.639567, -82.361102)]: 14.19 meters
[controller-2] [INFO] [1744576335.499629486] [drone_home1.controller]: Bearing: -77.26°
[controller-2] [INFO] [1744576335.500756101] [drone_home1.controller]: Going to [(29.639567, -82.361102)]: 14.35 meters
[controller-2] [INFO] [1744576335.600468666] [drone_home1.controller]: Bearing: -77.26°
[controller-2] [INFO] [1744576335.602074349] [drone_home1.controller]: Going to [(29.639567, -82.361102)]: 14.35 meters
[controller-2] [INFO] [1744576335.700456109] [drone_home1.controller]: Bearing: -77.26°
[controller-2] [INFO] [1744576335.702027392] [drone_home1.controller]: Going to [(29.639567, -82.361102)]: 14.35 meters
[controller-2] [INFO] [1744576335.799607686] [drone_home1.controller]: Bearing: -77.14°
[controller-2] [INFO] [1744576335.800564638] [drone_home1.controller]: Going to [(29.639567, -82.361102)]: 14.42 meters
[controller-2] [INFO] [1744576335.899465049] [drone_home1.controller]: Bearing: -77.14°
[controller-2] [INFO] [1744576335.900414770] [drone_home1.controller]: Going to [(29.639567, -82.361102)]: 14.42 meters
[controller-2] [INFO] [1744576335.999619659] [drone_home1.controller]: Bearing: -77.14°
[controller-2] [INFO] [1744576336.000597859] [drone_home1.controller]: Going to [(29.639567, -82.361102)]: 14.42 meters
[controller-2] [INFO] [1744576336.100169731] [drone_home1.controller]: Bearing: -77.27°
[controller-2] [INFO] [1744576336.101916150] [drone_home1.controller]: Going to [(29.639567, -82.361102)]: 14.50 meters
[controller-2] [INFO] [1744576336.200177696] [drone_home1.controller]: Bearing: -77.27°
[controller-2] [INFO] [1744576336.202087666] [drone_home1.controller]: Going to [(29.639567, -82.361102)]: 14.50 meters
[controller-2] [INFO] [1744576336.300196285] [drone_home1.controller]: Bearing: -77.30°
[controller-2] [INFO] [1744576336.301791313] [drone_home1.controller]: Going to [(29.639567, -82.361102)]: 14.80 meters
[controller-2] [INFO] [1744576336.400237338] [drone_home1.controller]: Bearing: -77.30°
[controller-2] [INFO] [1744576336.402331466] [drone_home1.controller]: Going to [(29.639567, -82.361102)]: 14.80 meters
[controller-2] [INFO] [1744576336.500484021] [drone_home1.controller]: Bearing: -77.30°
[controller-2] [INFO] [1744576336.502132072] [drone_home1.controller]: Going to [(29.639567, -82.361102)]: 14.80 meters
[controller-2] [INFO] [1744576336.600165397] [drone_home1.controller]: Bearing: -77.30°
[controller-2] [INFO] [1744576336.601801928] [drone_home1.controller]: Going to [(29.639567, -82.361102)]: 14.80 meters
[controller-2] [INFO] [1744576336.700194610] [drone_home1.controller]: Bearing: -77.30°
[controller-2] [INFO] [1744576336.702113059] [drone_home1.controller]: Going to [(29.639567, -82.361102)]: 14.80 meters
[controller-2] [INFO] [1744576336.800340365] [drone_home1.controller]: Bearing: -77.55°
[controller-2] [INFO] [1744576336.802499357] [drone_home1.controller]: Going to [(29.639567, -82.361102)]: 14.96 meters
[controller-2] [INFO] [1744576336.900134700] [drone_home1.controller]: Bearing: -77.55°
[controller-2] [INFO] [1744576336.902278844] [drone_home1.controller]: Going to [(29.639567, -82.361102)]: 14.96 meters
[controller-2] [INFO] [1744576337.000145161] [drone_home1.controller]: Bearing: -77.55°
[controller-2] [INFO] [1744576337.001790332] [drone_home1.controller]: Going to [(29.639567, -82.361102)]: 14.96 meters
[controller-2] [INFO] [1744576337.100243567] [drone_home1.controller]: Bearing: -77.55°
[controller-2] [INFO] [1744576337.102897435] [drone_home1.controller]: Going to [(29.639567, -82.361102)]: 14.96 meters
[controller-2] [INFO] [1744576337.200033913] [drone_home1.controller]: Bearing: -77.55°
[controller-2] [INFO] [1744576337.201613293] [drone_home1.controller]: Going to [(29.639567, -82.361102)]: 14.96 meters
[controller-2] [INFO] [1744576337.299729538] [drone_home1.controller]: Bearing: -77.55°
[controller-2] [INFO] [1744576337.300763387] [drone_home1.controller]: Going to [(29.639567, -82.361102)]: 14.96 meters
[controller-2] [INFO] [1744576337.399674154] [drone_home1.controller]: Bearing: -77.55°
[controller-2] [INFO] [1744576337.401005344] [drone_home1.controller]: Going to [(29.639567, -82.361102)]: 14.96 meters
[controller-2] [INFO] [1744576337.499706034] [drone_home1.controller]: Bearing: -77.55°
[controller-2] [INFO] [1744576337.500847657] [drone_home1.controller]: Going to [(29.639567, -82.361102)]: 14.96 meters
[controller-2] [INFO] [1744576337.599532762] [drone_home1.controller]: Bearing: -77.30°
[controller-2] [INFO] [1744576337.600601394] [drone_home1.controller]: Going to [(29.639567, -82.361102)]: 14.80 meters
[controller-2] [INFO] [1744576337.700232285] [drone_home1.controller]: Bearing: -77.55°
[controller-2] [INFO] [1744576337.701955727] [drone_home1.controller]: Going to [(29.639567, -82.361102)]: 14.96 meters
[controller-2] [INFO] [1744576337.800581601] [drone_home1.controller]: Bearing: -77.32°
[controller-2] [INFO] [1744576337.802191733] [drone_home1.controller]: Going to [(29.639567, -82.361102)]: 15.09 meters
[controller-2] [INFO] [1744576337.899509617] [drone_home1.controller]: Bearing: -77.32°
[controller-2] [INFO] [1744576337.900435562] [drone_home1.controller]: Going to [(29.639567, -82.361102)]: 15.09 meters
[controller-2] [INFO] [1744576338.000258067] [drone_home1.controller]: Bearing: -77.07°
[controller-2] [INFO] [1744576338.001980294] [drone_home1.controller]: Going to [(29.639567, -82.361102)]: 14.93 meters
[controller-2] [INFO] [1744576338.100692897] [drone_home1.controller]: Bearing: -77.07°
[controller-2] [INFO] [1744576338.102340533] [drone_home1.controller]: Going to [(29.639567, -82.361102)]: 14.93 meters
[controller-2] [INFO] [1744576338.200329718] [drone_home1.controller]: Bearing: -77.07°
[controller-2] [INFO] [1744576338.201929034] [drone_home1.controller]: Going to [(29.639567, -82.361102)]: 14.93 meters
[controller-2] [INFO] [1744576338.300563206] [drone_home1.controller]: Bearing: -77.07°
[controller-2] [INFO] [1744576338.302156026] [drone_home1.controller]: Going to [(29.639567, -82.361102)]: 14.93 meters
[controller-2] [INFO] [1744576338.400164123] [drone_home1.controller]: Bearing: -77.07°
[controller-2] [INFO] [1744576338.402567273] [drone_home1.controller]: Going to [(29.639567, -82.361102)]: 14.93 meters
[controller-2] [INFO] [1744576338.499591985] [drone_home1.controller]: Bearing: -77.07°
[controller-2] [INFO] [1744576338.500706121] [drone_home1.controller]: Going to [(29.639567, -82.361102)]: 14.93 meters
[controller-2] [INFO] [1744576338.600317342] [drone_home1.controller]: Bearing: -77.07°
[controller-2] [INFO] [1744576338.602616364] [drone_home1.controller]: Going to [(29.639567, -82.361102)]: 14.93 meters
[controller-2] [INFO] [1744576338.699577973] [drone_home1.controller]: Bearing: -77.07°
[controller-2] [INFO] [1744576338.700522734] [drone_home1.controller]: Going to [(29.639567, -82.361102)]: 14.93 meters
[controller-2] [INFO] [1744576338.799582055] [drone_home1.controller]: Bearing: -77.07°
[controller-2] [INFO] [1744576338.800550432] [drone_home1.controller]: Going to [(29.639567, -82.361102)]: 14.93 meters
[controller-2] [INFO] [1744576338.900467826] [drone_home1.controller]: Bearing: -77.07°
[controller-2] [INFO] [1744576338.902798081] [drone_home1.controller]: Going to [(29.639567, -82.361102)]: 14.93 meters
[controller-2] [INFO] [1744576339.000237446] [drone_home1.controller]: Bearing: -77.07°
[controller-2] [INFO] [1744576339.002431253] [drone_home1.controller]: Going to [(29.639567, -82.361102)]: 14.93 meters
[controller-2] [INFO] [1744576339.100570015] [drone_home1.controller]: Bearing: -77.30°
[controller-2] [INFO] [1744576339.101579960] [drone_home1.controller]: Going to [(29.639567, -82.361102)]: 14.80 meters
[controller-2] [INFO] [1744576339.200401277] [drone_home1.controller]: Bearing: -77.53°
[controller-2] [INFO] [1744576339.201489653] [drone_home1.controller]: Going to [(29.639567, -82.361102)]: 14.66 meters
[controller-2] [INFO] [1744576339.299747486] [drone_home1.controller]: Bearing: -77.27°
[controller-2] [INFO] [1744576339.301282643] [drone_home1.controller]: Going to [(29.639567, -82.361102)]: 14.50 meters
[controller-2] [INFO] [1744576339.399456029] [drone_home1.controller]: Bearing: -77.39°
[controller-2] [INFO] [1744576339.400448949] [drone_home1.controller]: Going to [(29.639567, -82.361102)]: 14.43 meters
[controller-2] [INFO] [1744576339.499471961] [drone_home1.controller]: Bearing: -77.63°
[controller-2] [INFO] [1744576339.500441458] [drone_home1.controller]: Going to [(29.639567, -82.361102)]: 14.30 meters
[controller-2] [INFO] [1744576339.600423662] [drone_home1.controller]: Bearing: -77.74°
[controller-2] [INFO] [1744576339.602149249] [drone_home1.controller]: Going to [(29.639567, -82.361102)]: 14.09 meters
[controller-2] [INFO] [1744576339.699384018] [drone_home1.controller]: Bearing: -77.74°
[controller-2] [INFO] [1744576339.700350955] [drone_home1.controller]: Going to [(29.639567, -82.361102)]: 14.09 meters
[controller-2] [INFO] [1744576339.799484878] [drone_home1.controller]: Bearing: -77.86°
[controller-2] [INFO] [1744576339.800441639] [drone_home1.controller]: Going to [(29.639567, -82.361102)]: 14.02 meters
[controller-2] [INFO] [1744576339.900446883] [drone_home1.controller]: Bearing: -77.60°
[controller-2] [INFO] [1744576339.902086167] [drone_home1.controller]: Going to [(29.639567, -82.361102)]: 13.86 meters
[controller-2] [INFO] [1744576340.000573118] [drone_home1.controller]: Bearing: -77.60°
[controller-2] [INFO] [1744576340.002272210] [drone_home1.controller]: Going to [(29.639567, -82.361102)]: 13.86 meters
[controller-2] [INFO] [1744576340.100341382] [drone_home1.controller]: Bearing: -77.85°
[controller-2] [INFO] [1744576340.101963163] [drone_home1.controller]: Going to [(29.639567, -82.361102)]: 13.73 meters
[controller-2] [INFO] [1744576340.199533555] [drone_home1.controller]: Bearing: -77.85°
[controller-2] [INFO] [1744576340.200476108] [drone_home1.controller]: Going to [(29.639567, -82.361102)]: 13.73 meters
[controller-2] [INFO] [1744576340.300246548] [drone_home1.controller]: Bearing: -77.85°
[controller-2] [INFO] [1744576340.302347909] [drone_home1.controller]: Going to [(29.639567, -82.361102)]: 13.73 meters
[controller-2] [INFO] [1744576340.400064540] [drone_home1.controller]: Bearing: -77.85°
[controller-2] [INFO] [1744576340.402333804] [drone_home1.controller]: Going to [(29.639567, -82.361102)]: 13.73 meters
[controller-2] [INFO] [1744576340.499543783] [drone_home1.controller]: Bearing: -78.09°
[controller-2] [INFO] [1744576340.500953277] [drone_home1.controller]: Going to [(29.639567, -82.361102)]: 13.60 meters
[controller-2] [INFO] [1744576340.599397487] [drone_home1.controller]: Bearing: -78.09°
[controller-2] [INFO] [1744576340.600287336] [drone_home1.controller]: Going to [(29.639567, -82.361102)]: 13.60 meters
[controller-2] [INFO] [1744576340.699768275] [drone_home1.controller]: Bearing: -77.83°
[controller-2] [INFO] [1744576340.700747340] [drone_home1.controller]: Going to [(29.639567, -82.361102)]: 13.43 meters
[controller-2] [INFO] [1744576340.799770713] [drone_home1.controller]: Bearing: -77.83°
[controller-2] [INFO] [1744576340.800725330] [drone_home1.controller]: Going to [(29.639567, -82.361102)]: 13.43 meters
[controller-2] [INFO] [1744576340.899658529] [drone_home1.controller]: Bearing: -77.83°
[controller-2] [INFO] [1744576340.900670010] [drone_home1.controller]: Going to [(29.639567, -82.361102)]: 13.43 meters
[controller-2] [INFO] [1744576340.999468041] [drone_home1.controller]: Bearing: -77.96°
[controller-2] [INFO] [1744576341.000458018] [drone_home1.controller]: Going to [(29.639567, -82.361102)]: 13.37 meters
[controller-2] [INFO] [1744576341.099501625] [drone_home1.controller]: Bearing: -77.83°
[controller-2] [INFO] [1744576341.100505874] [drone_home1.controller]: Going to [(29.639567, -82.361102)]: 13.29 meters
[controller-2] [INFO] [1744576341.199504394] [drone_home1.controller]: Bearing: -77.83°
[controller-2] [INFO] [1744576341.200474723] [drone_home1.controller]: Going to [(29.639567, -82.361102)]: 13.29 meters
[controller-2] [INFO] [1744576341.299571739] [drone_home1.controller]: Bearing: -77.83°
[controller-2] [INFO] [1744576341.300709971] [drone_home1.controller]: Going to [(29.639567, -82.361102)]: 13.29 meters
[controller-2] [INFO] [1744576341.399387309] [drone_home1.controller]: Bearing: -77.83°
[controller-2] [INFO] [1744576341.400298311] [drone_home1.controller]: Going to [(29.639567, -82.361102)]: 13.29 meters
[controller-2] [INFO] [1744576341.499696860] [drone_home1.controller]: Bearing: -77.81°
[controller-2] [INFO] [1744576341.500806740] [drone_home1.controller]: Going to [(29.639567, -82.361102)]: 12.99 meters
[controller-2] [INFO] [1744576341.599750253] [drone_home1.controller]: Bearing: -77.81°
[controller-2] [INFO] [1744576341.600880069] [drone_home1.controller]: Going to [(29.639567, -82.361102)]: 12.99 meters
[controller-2] [INFO] [1744576341.699684574] [drone_home1.controller]: Bearing: -77.81°
[controller-2] [INFO] [1744576341.700711223] [drone_home1.controller]: Going to [(29.639567, -82.361102)]: 12.99 meters
[controller-2] [INFO] [1744576341.800316875] [drone_home1.controller]: Bearing: -77.81°
[controller-2] [INFO] [1744576341.801896191] [drone_home1.controller]: Going to [(29.639567, -82.361102)]: 12.99 meters
[controller-2] [INFO] [1744576341.900358268] [drone_home1.controller]: Bearing: -77.81°
[controller-2] [INFO] [1744576341.901919248] [drone_home1.controller]: Going to [(29.639567, -82.361102)]: 12.99 meters
[controller-2] [INFO] [1744576342.000357037] [drone_home1.controller]: Bearing: -77.81°
[controller-2] [INFO] [1744576342.002495293] [drone_home1.controller]: Going to [(29.639567, -82.361102)]: 12.99 meters
[controller-2] [INFO] [1744576342.100520359] [drone_home1.controller]: Bearing: -77.81°
[controller-2] [INFO] [1744576342.102229338] [drone_home1.controller]: Going to [(29.639567, -82.361102)]: 12.99 meters
[controller-2] [INFO] [1744576342.199535529] [drone_home1.controller]: Bearing: -77.53°
[controller-2] [INFO] [1744576342.200537698] [drone_home1.controller]: Going to [(29.639567, -82.361102)]: 12.83 meters
[controller-2] [INFO] [1744576342.299417029] [drone_home1.controller]: Bearing: -77.53°
[controller-2] [INFO] [1744576342.300537565] [drone_home1.controller]: Going to [(29.639567, -82.361102)]: 12.83 meters
[controller-2] [INFO] [1744576342.400408985] [drone_home1.controller]: Bearing: -77.53°
[controller-2] [INFO] [1744576342.401998766] [drone_home1.controller]: Going to [(29.639567, -82.361102)]: 12.83 meters
[controller-2] [INFO] [1744576342.500575444] [drone_home1.controller]: Bearing: -77.53°
[controller-2] [INFO] [1744576342.503022562] [drone_home1.controller]: Going to [(29.639567, -82.361102)]: 12.83 meters
[controller-2] [INFO] [1744576342.600997068] [drone_home1.controller]: Bearing: -77.53°
[controller-2] [INFO] [1744576342.602617249] [drone_home1.controller]: Going to [(29.639567, -82.361102)]: 12.83 meters
[controller-2] [INFO] [1744576342.700475275] [drone_home1.controller]: Bearing: -77.53°
[controller-2] [INFO] [1744576342.702067776] [drone_home1.controller]: Going to [(29.639567, -82.361102)]: 12.83 meters
[controller-2] [INFO] [1744576342.800420007] [drone_home1.controller]: Bearing: -77.53°
[controller-2] [INFO] [1744576342.802790582] [drone_home1.controller]: Going to [(29.639567, -82.361102)]: 12.83 meters
[controller-2] [INFO] [1744576342.900284355] [drone_home1.controller]: Bearing: -77.53°
[controller-2] [INFO] [1744576342.902655859] [drone_home1.controller]: Going to [(29.639567, -82.361102)]: 12.83 meters
[controller-2] [INFO] [1744576343.000458845] [drone_home1.controller]: Bearing: -77.53°
[controller-2] [INFO] [1744576343.002439663] [drone_home1.controller]: Going to [(29.639567, -82.361102)]: 12.83 meters
[controller-2] [INFO] [1744576343.100285348] [drone_home1.controller]: Bearing: -77.53°
[controller-2] [INFO] [1744576343.102883250] [drone_home1.controller]: Going to [(29.639567, -82.361102)]: 12.83 meters
[controller-2] [INFO] [1744576343.200235338] [drone_home1.controller]: Bearing: -77.39°
[controller-2] [INFO] [1744576343.202510458] [drone_home1.controller]: Going to [(29.639567, -82.361102)]: 12.75 meters
[controller-2] [INFO] [1744576343.300469422] [drone_home1.controller]: Bearing: -77.39°
[controller-2] [INFO] [1744576343.302450208] [drone_home1.controller]: Going to [(29.639567, -82.361102)]: 12.75 meters
[controller-2] [INFO] [1744576343.399672921] [drone_home1.controller]: Bearing: -77.39°
[controller-2] [INFO] [1744576343.400653683] [drone_home1.controller]: Going to [(29.639567, -82.361102)]: 12.75 meters
[controller-2] [INFO] [1744576343.499596608] [drone_home1.controller]: Bearing: -77.39°
[controller-2] [INFO] [1744576343.500556153] [drone_home1.controller]: Going to [(29.639567, -82.361102)]: 12.75 meters
[controller-2] [INFO] [1744576343.600279009] [drone_home1.controller]: Bearing: -77.39°
[controller-2] [INFO] [1744576343.601850998] [drone_home1.controller]: Going to [(29.639567, -82.361102)]: 12.75 meters
[controller-2] [INFO] [1744576343.700338790] [drone_home1.controller]: Bearing: -77.39°
[controller-2] [INFO] [1744576343.702281816] [drone_home1.controller]: Going to [(29.639567, -82.361102)]: 12.75 meters
[controller-2] [INFO] [1744576343.800229388] [drone_home1.controller]: Bearing: -77.39°
[controller-2] [INFO] [1744576343.801817537] [drone_home1.controller]: Going to [(29.639567, -82.361102)]: 12.75 meters
[controller-2] [INFO] [1744576343.900451889] [drone_home1.controller]: Bearing: -77.39°
[controller-2] [INFO] [1744576343.901515625] [drone_home1.controller]: Going to [(29.639567, -82.361102)]: 12.75 meters
[controller-2] [INFO] [1744576343.999617820] [drone_home1.controller]: Bearing: -77.39°
[controller-2] [INFO] [1744576344.000551926] [drone_home1.controller]: Going to [(29.639567, -82.361102)]: 12.75 meters
[controller-2] [INFO] [1744576344.099690411] [drone_home1.controller]: Bearing: -77.80°
[controller-2] [INFO] [1744576344.101134273] [drone_home1.controller]: Going to [(29.639567, -82.361102)]: 12.70 meters
[controller-2] [INFO] [1744576344.200338327] [drone_home1.controller]: Bearing: -77.80°
[controller-2] [INFO] [1744576344.201932908] [drone_home1.controller]: Going to [(29.639567, -82.361102)]: 12.70 meters
[controller-2] [INFO] [1744576344.300387622] [drone_home1.controller]: Bearing: -77.80°
[controller-2] [INFO] [1744576344.304830024] [drone_home1.controller]: Going to [(29.639567, -82.361102)]: 12.70 meters
[controller-2] [INFO] [1744576344.399692251] [drone_home1.controller]: Bearing: -77.80°
[controller-2] [INFO] [1744576344.400704084] [drone_home1.controller]: Going to [(29.639567, -82.361102)]: 12.70 meters
[controller-2] [INFO] [1744576344.499530348] [drone_home1.controller]: Bearing: -77.80°
[controller-2] [INFO] [1744576344.500538469] [drone_home1.controller]: Going to [(29.639567, -82.361102)]: 12.70 meters
[controller-2] [INFO] [1744576344.600352119] [drone_home1.controller]: Bearing: -77.80°
[controller-2] [INFO] [1744576344.601331504] [drone_home1.controller]: Going to [(29.639567, -82.361102)]: 12.70 meters
[controller-2] [INFO] [1744576344.699449389] [drone_home1.controller]: Bearing: -77.80°
[controller-2] [INFO] [1744576344.700434118] [drone_home1.controller]: Going to [(29.639567, -82.361102)]: 12.70 meters
[controller-2] [INFO] [1744576344.799536156] [drone_home1.controller]: Bearing: -77.80°
[controller-2] [INFO] [1744576344.800460758] [drone_home1.controller]: Going to [(29.639567, -82.361102)]: 12.70 meters
[controller-2] [INFO] [1744576344.900216296] [drone_home1.controller]: Bearing: -77.93°
[controller-2] [INFO] [1744576344.902000859] [drone_home1.controller]: Going to [(29.639567, -82.361102)]: 12.63 meters
[controller-2] [INFO] [1744576344.999346301] [drone_home1.controller]: Bearing: -77.79°
[controller-2] [INFO] [1744576345.000302903] [drone_home1.controller]: Going to [(29.639567, -82.361102)]: 12.55 meters
[controller-2] [INFO] [1744576345.100156914] [drone_home1.controller]: Bearing: -77.79°
[controller-2] [INFO] [1744576345.101704935] [drone_home1.controller]: Going to [(29.639567, -82.361102)]: 12.55 meters
[controller-2] [INFO] [1744576345.200015949] [drone_home1.controller]: Bearing: -77.79°
[controller-2] [INFO] [1744576345.201591426] [drone_home1.controller]: Going to [(29.639567, -82.361102)]: 12.55 meters
[controller-2] [INFO] [1744576345.300174854] [drone_home1.controller]: Bearing: -77.79°
[controller-2] [INFO] [1744576345.301739708] [drone_home1.controller]: Going to [(29.639567, -82.361102)]: 12.55 meters
[controller-2] [INFO] [1744576345.400213312] [drone_home1.controller]: Bearing: -77.79°
[controller-2] [INFO] [1744576345.401794902] [drone_home1.controller]: Going to [(29.639567, -82.361102)]: 12.55 meters
[controller-2] [INFO] [1744576345.499516351] [drone_home1.controller]: Bearing: -77.79°
[controller-2] [INFO] [1744576345.500500697] [drone_home1.controller]: Going to [(29.639567, -82.361102)]: 12.55 meters
[controller-2] [INFO] [1744576345.600073462] [drone_home1.controller]: Bearing: -78.06°
[controller-2] [INFO] [1744576345.601824234] [drone_home1.controller]: Going to [(29.639567, -82.361102)]: 12.42 meters
[controller-2] [INFO] [1744576345.700182127] [drone_home1.controller]: Bearing: -77.77°
[controller-2] [INFO] [1744576345.701755749] [drone_home1.controller]: Going to [(29.639567, -82.361102)]: 12.26 meters
[controller-2] [INFO] [1744576345.799658573] [drone_home1.controller]: Bearing: -77.77°
[controller-2] [INFO] [1744576345.800641510] [drone_home1.controller]: Going to [(29.639567, -82.361102)]: 12.26 meters
[controller-2] [INFO] [1744576345.899573256] [drone_home1.controller]: Bearing: -77.77°
[controller-2] [INFO] [1744576345.901028638] [drone_home1.controller]: Going to [(29.639567, -82.361102)]: 12.26 meters
[controller-2] [INFO] [1744576346.000532636] [drone_home1.controller]: Bearing: -77.77°
[controller-2] [INFO] [1744576346.002218320] [drone_home1.controller]: Going to [(29.639567, -82.361102)]: 12.26 meters
[controller-2] [INFO] [1744576346.100467040] [drone_home1.controller]: Bearing: -77.77°
[controller-2] [INFO] [1744576346.102050966] [drone_home1.controller]: Going to [(29.639567, -82.361102)]: 12.26 meters
[controller-2] [INFO] [1744576346.200396389] [drone_home1.controller]: Bearing: -77.77°
[controller-2] [INFO] [1744576346.202017979] [drone_home1.controller]: Going to [(29.639567, -82.361102)]: 12.26 meters
[controller-2] [INFO] [1744576346.299544816] [drone_home1.controller]: Bearing: -78.05°
[controller-2] [INFO] [1744576346.300516457] [drone_home1.controller]: Going to [(29.639567, -82.361102)]: 12.13 meters
[controller-2] [INFO] [1744576346.399625460] [drone_home1.controller]: Bearing: -78.05°
[controller-2] [INFO] [1744576346.400710380] [drone_home1.controller]: Going to [(29.639567, -82.361102)]: 12.13 meters
[controller-2] [INFO] [1744576346.500187444] [drone_home1.controller]: Bearing: -78.05°
[controller-2] [INFO] [1744576346.501963625] [drone_home1.controller]: Going to [(29.639567, -82.361102)]: 12.13 meters
[controller-2] [INFO] [1744576346.600356056] [drone_home1.controller]: Bearing: -78.05°
[controller-2] [INFO] [1744576346.601931181] [drone_home1.controller]: Going to [(29.639567, -82.361102)]: 12.13 meters
[controller-2] [INFO] [1744576346.700134398] [drone_home1.controller]: Bearing: -78.05°
[controller-2] [INFO] [1744576346.702137456] [drone_home1.controller]: Going to [(29.639567, -82.361102)]: 12.13 meters
[controller-2] [INFO] [1744576346.800268257] [drone_home1.controller]: Bearing: -78.05°
[controller-2] [INFO] [1744576346.801937014] [drone_home1.controller]: Going to [(29.639567, -82.361102)]: 12.13 meters
[controller-2] [INFO] [1744576346.899952776] [drone_home1.controller]: Bearing: -78.05°
[controller-2] [INFO] [1744576346.900932002] [drone_home1.controller]: Going to [(29.639567, -82.361102)]: 12.13 meters
[controller-2] [INFO] [1744576346.999804750] [drone_home1.controller]: Bearing: -78.05°
[controller-2] [INFO] [1744576347.000791143] [drone_home1.controller]: Going to [(29.639567, -82.361102)]: 12.13 meters
[controller-2] [INFO] [1744576347.100231289] [drone_home1.controller]: Bearing: -78.05°
[controller-2] [INFO] [1744576347.101262770] [drone_home1.controller]: Going to [(29.639567, -82.361102)]: 12.13 meters
[controller-2] [INFO] [1744576347.199658188] [drone_home1.controller]: Bearing: -78.05°
[controller-2] [INFO] [1744576347.200854884] [drone_home1.controller]: Going to [(29.639567, -82.361102)]: 12.13 meters
[controller-2] [INFO] [1744576347.299502395] [drone_home1.controller]: Bearing: -78.05°
[controller-2] [INFO] [1744576347.300417397] [drone_home1.controller]: Going to [(29.639567, -82.361102)]: 12.13 meters
[controller-2] [INFO] [1744576347.400667779] [drone_home1.controller]: Bearing: -78.05°
[controller-2] [INFO] [1744576347.402350423] [drone_home1.controller]: Going to [(29.639567, -82.361102)]: 12.13 meters
[controller-2] [INFO] [1744576347.500273236] [drone_home1.controller]: Bearing: -78.19°
[controller-2] [INFO] [1744576347.502275271] [drone_home1.controller]: Going to [(29.639567, -82.361102)]: 12.06 meters
[controller-2] [INFO] [1744576347.599613735] [drone_home1.controller]: Bearing: -78.19°
[controller-2] [INFO] [1744576347.600537249] [drone_home1.controller]: Going to [(29.639567, -82.361102)]: 12.06 meters
[controller-2] [INFO] [1744576347.700109459] [drone_home1.controller]: Bearing: -78.19°
[controller-2] [INFO] [1744576347.702581794] [drone_home1.controller]: Going to [(29.639567, -82.361102)]: 12.06 meters
[controller-2] [INFO] [1744576347.799573509] [drone_home1.controller]: Bearing: -78.19°
[controller-2] [INFO] [1744576347.800516351] [drone_home1.controller]: Going to [(29.639567, -82.361102)]: 12.06 meters
[controller-2] [INFO] [1744576347.899528276] [drone_home1.controller]: Bearing: -78.46°
[controller-2] [INFO] [1744576347.900469102] [drone_home1.controller]: Going to [(29.639567, -82.361102)]: 11.93 meters
[controller-2] [INFO] [1744576347.999721633] [drone_home1.controller]: Bearing: -78.18°
[controller-2] [INFO] [1744576348.000744539] [drone_home1.controller]: Going to [(29.639567, -82.361102)]: 11.77 meters
[controller-2] [INFO] [1744576348.100308438] [drone_home1.controller]: Bearing: -78.18°
[controller-2] [INFO] [1744576348.101875788] [drone_home1.controller]: Going to [(29.639567, -82.361102)]: 11.77 meters
[controller-2] [INFO] [1744576348.200678637] [drone_home1.controller]: Bearing: -78.18°
[controller-2] [INFO] [1744576348.202297218] [drone_home1.controller]: Going to [(29.639567, -82.361102)]: 11.77 meters
[controller-2] [INFO] [1744576348.299564045] [drone_home1.controller]: Bearing: -78.18°
[controller-2] [INFO] [1744576348.300788581] [drone_home1.controller]: Going to [(29.639567, -82.361102)]: 11.77 meters
[controller-2] [INFO] [1744576348.399709029] [drone_home1.controller]: Bearing: -78.46°
[controller-2] [INFO] [1744576348.401348826] [drone_home1.controller]: Going to [(29.639567, -82.361102)]: 11.93 meters
[controller-2] [INFO] [1744576348.499477215] [drone_home1.controller]: Bearing: -78.46°
[controller-2] [INFO] [1744576348.500857943] [drone_home1.controller]: Going to [(29.639567, -82.361102)]: 11.93 meters
[controller-2] [INFO] [1744576348.599666391] [drone_home1.controller]: Bearing: -78.74°
[controller-2] [INFO] [1744576348.600664049] [drone_home1.controller]: Going to [(29.639567, -82.361102)]: 11.81 meters
[controller-2] [INFO] [1744576348.701762403] [drone_home1.controller]: Bearing: -78.74°
[controller-2] [INFO] [1744576348.702803100] [drone_home1.controller]: Going to [(29.639567, -82.361102)]: 11.81 meters
[controller-2] [INFO] [1744576348.799841448] [drone_home1.controller]: Bearing: -78.74°
[controller-2] [INFO] [1744576348.800758658] [drone_home1.controller]: Going to [(29.639567, -82.361102)]: 11.81 meters
[controller-2] [INFO] [1744576348.899382500] [drone_home1.controller]: Bearing: -78.74°
[controller-2] [INFO] [1744576348.900749627] [drone_home1.controller]: Going to [(29.639567, -82.361102)]: 11.81 meters
[controller-2] [INFO] [1744576349.000212984] [drone_home1.controller]: Bearing: -78.74°
[controller-2] [INFO] [1744576349.001910285] [drone_home1.controller]: Going to [(29.639567, -82.361102)]: 11.81 meters
[controller-2] [INFO] [1744576349.100199066] [drone_home1.controller]: Bearing: -78.74°
[controller-2] [INFO] [1744576349.101950351] [drone_home1.controller]: Going to [(29.639567, -82.361102)]: 11.81 meters
[controller-2] [INFO] [1744576349.199987743] [drone_home1.controller]: Bearing: -78.74°
[controller-2] [INFO] [1744576349.201574133] [drone_home1.controller]: Going to [(29.639567, -82.361102)]: 11.81 meters
[controller-2] [INFO] [1744576349.299674756] [drone_home1.controller]: Bearing: -78.88°
[controller-2] [INFO] [1744576349.300751133] [drone_home1.controller]: Going to [(29.639567, -82.361102)]: 11.75 meters
[controller-2] [INFO] [1744576349.399575240] [drone_home1.controller]: Bearing: -78.88°
[controller-2] [INFO] [1744576349.400619585] [drone_home1.controller]: Going to [(29.639567, -82.361102)]: 11.75 meters
[controller-2] [INFO] [1744576349.500365670] [drone_home1.controller]: Bearing: -78.88°
[controller-2] [INFO] [1744576349.501953884] [drone_home1.controller]: Going to [(29.639567, -82.361102)]: 11.75 meters
[controller-2] [INFO] [1744576349.600630024] [drone_home1.controller]: Bearing: -78.88°
[controller-2] [INFO] [1744576349.602257597] [drone_home1.controller]: Going to [(29.639567, -82.361102)]: 11.75 meters
[controller-2] [INFO] [1744576349.699882288] [drone_home1.controller]: Bearing: -79.16°
[controller-2] [INFO] [1744576349.700983689] [drone_home1.controller]: Going to [(29.639567, -82.361102)]: 11.62 meters
[controller-2] [INFO] [1744576349.800125617] [drone_home1.controller]: Bearing: -79.16°
[controller-2] [INFO] [1744576349.801716519] [drone_home1.controller]: Going to [(29.639567, -82.361102)]: 11.62 meters
[controller-2] [INFO] [1744576349.899553048] [drone_home1.controller]: Bearing: -79.16°
[controller-2] [INFO] [1744576349.900490546] [drone_home1.controller]: Going to [(29.639567, -82.361102)]: 11.62 meters
[controller-2] [INFO] [1744576349.999488828] [drone_home1.controller]: Bearing: -79.16°
[controller-2] [INFO] [1744576350.000694644] [drone_home1.controller]: Going to [(29.639567, -82.361102)]: 11.62 meters
[controller-2] [INFO] [1744576350.099491177] [drone_home1.controller]: Bearing: -79.16°
[controller-2] [INFO] [1744576350.100420771] [drone_home1.controller]: Going to [(29.639567, -82.361102)]: 11.62 meters
[controller-2] [INFO] [1744576350.199566357] [drone_home1.controller]: Bearing: -79.16°
[controller-2] [INFO] [1744576350.200559407] [drone_home1.controller]: Going to [(29.639567, -82.361102)]: 11.62 meters
[controller-2] [INFO] [1744576350.299454563] [drone_home1.controller]: Bearing: -79.44°
[controller-2] [INFO] [1744576350.300408317] [drone_home1.controller]: Going to [(29.639567, -82.361102)]: 11.50 meters
[controller-2] [INFO] [1744576350.399763183] [drone_home1.controller]: Bearing: -79.44°
[controller-2] [INFO] [1744576350.400781000] [drone_home1.controller]: Going to [(29.639567, -82.361102)]: 11.50 meters
[controller-2] [INFO] [1744576350.499789084] [drone_home1.controller]: Bearing: -79.44°
[controller-2] [INFO] [1744576350.500765142] [drone_home1.controller]: Going to [(29.639567, -82.361102)]: 11.50 meters
[controller-2] [INFO] [1744576350.599517867] [drone_home1.controller]: Bearing: -79.44°
[controller-2] [INFO] [1744576350.600484453] [drone_home1.controller]: Going to [(29.639567, -82.361102)]: 11.50 meters
[controller-2] [INFO] [1744576350.699633080] [drone_home1.controller]: Bearing: -79.18°
[controller-2] [INFO] [1744576350.700643665] [drone_home1.controller]: Going to [(29.639567, -82.361102)]: 11.33 meters
[controller-2] [INFO] [1744576350.800951293] [drone_home1.controller]: Bearing: -79.32°
[controller-2] [INFO] [1744576350.802520915] [drone_home1.controller]: Going to [(29.639567, -82.361102)]: 11.27 meters
[controller-2] [INFO] [1744576350.899701234] [drone_home1.controller]: Bearing: -79.32°
[controller-2] [INFO] [1744576350.900696204] [drone_home1.controller]: Going to [(29.639567, -82.361102)]: 11.27 meters
[controller-2] [INFO] [1744576350.999469857] [drone_home1.controller]: Bearing: -79.32°
[controller-2] [INFO] [1744576351.000490394] [drone_home1.controller]: Going to [(29.639567, -82.361102)]: 11.27 meters
[controller-2] [INFO] [1744576351.100286867] [drone_home1.controller]: Bearing: -79.32°
[controller-2] [INFO] [1744576351.101842441] [drone_home1.controller]: Going to [(29.639567, -82.361102)]: 11.27 meters
[controller-2] [INFO] [1744576351.200204331] [drone_home1.controller]: Bearing: -79.60°
[controller-2] [INFO] [1744576351.202559708] [drone_home1.controller]: Going to [(29.639567, -82.361102)]: 11.15 meters
[controller-2] [INFO] [1744576351.300251234] [drone_home1.controller]: Bearing: -79.60°
[controller-2] [INFO] [1744576351.301835032] [drone_home1.controller]: Going to [(29.639567, -82.361102)]: 11.15 meters
[controller-2] [INFO] [1744576351.400240666] [drone_home1.controller]: Bearing: -79.60°
[controller-2] [INFO] [1744576351.402454156] [drone_home1.controller]: Going to [(29.639567, -82.361102)]: 11.15 meters
[controller-2] [INFO] [1744576351.500510224] [drone_home1.controller]: Bearing: -79.60°
[controller-2] [INFO] [1744576351.502112774] [drone_home1.controller]: Going to [(29.639567, -82.361102)]: 11.15 meters
[controller-2] [INFO] [1744576351.599777132] [drone_home1.controller]: Bearing: -79.60°
[controller-2] [INFO] [1744576351.600786725] [drone_home1.controller]: Going to [(29.639567, -82.361102)]: 11.15 meters
[controller-2] [INFO] [1744576351.699780451] [drone_home1.controller]: Bearing: -79.60°
[controller-2] [INFO] [1744576351.701112763] [drone_home1.controller]: Going to [(29.639567, -82.361102)]: 11.15 meters
[controller-2] [INFO] [1744576351.800451190] [drone_home1.controller]: Bearing: -79.60°
[controller-2] [INFO] [1744576351.802097868] [drone_home1.controller]: Going to [(29.639567, -82.361102)]: 11.15 meters
[controller-2] [INFO] [1744576351.899563859] [drone_home1.controller]: Bearing: -79.89°
[controller-2] [INFO] [1744576351.900558829] [drone_home1.controller]: Going to [(29.639567, -82.361102)]: 11.03 meters
[controller-2] [INFO] [1744576351.999614603] [drone_home1.controller]: Bearing: -79.89°
[controller-2] [INFO] [1744576352.000677540] [drone_home1.controller]: Going to [(29.639567, -82.361102)]: 11.03 meters
[controller-2] [INFO] [1744576352.099604044] [drone_home1.controller]: Bearing: -79.89°
[controller-2] [INFO] [1744576352.100589766] [drone_home1.controller]: Going to [(29.639567, -82.361102)]: 11.03 meters
[controller-2] [INFO] [1744576352.199444910] [drone_home1.controller]: Bearing: -79.76°
[controller-2] [INFO] [1744576352.200357353] [drone_home1.controller]: Going to [(29.639567, -82.361102)]: 10.94 meters
[controller-2] [INFO] [1744576352.299427216] [drone_home1.controller]: Bearing: -79.91°
[controller-2] [INFO] [1744576352.300323403] [drone_home1.controller]: Going to [(29.639567, -82.361102)]: 10.88 meters
[controller-2] [INFO] [1744576352.400412492] [drone_home1.controller]: Bearing: -79.91°
[controller-2] [INFO] [1744576352.402027138] [drone_home1.controller]: Going to [(29.639567, -82.361102)]: 10.88 meters
[controller-2] [INFO] [1744576352.500154543] [drone_home1.controller]: Bearing: -79.91°
[controller-2] [INFO] [1744576352.501315656] [drone_home1.controller]: Going to [(29.639567, -82.361102)]: 10.88 meters
[controller-2] [INFO] [1744576352.599681108] [drone_home1.controller]: Bearing: -79.91°
[controller-2] [INFO] [1744576352.601303914] [drone_home1.controller]: Going to [(29.639567, -82.361102)]: 10.88 meters
[controller-2] [INFO] [1744576352.699463927] [drone_home1.controller]: Bearing: -79.91°
[controller-2] [INFO] [1744576352.701130828] [drone_home1.controller]: Going to [(29.639567, -82.361102)]: 10.88 meters
[controller-2] [INFO] [1744576352.799398169] [drone_home1.controller]: Bearing: -80.03°
[controller-2] [INFO] [1744576352.800298195] [drone_home1.controller]: Going to [(29.639567, -82.361102)]: 10.97 meters
[controller-2] [INFO] [1744576352.900243317] [drone_home1.controller]: Bearing: -80.03°
[controller-2] [INFO] [1744576352.901871115] [drone_home1.controller]: Going to [(29.639567, -82.361102)]: 10.97 meters
[controller-2] [INFO] [1744576353.000793619] [drone_home1.controller]: Bearing: -80.03°
[controller-2] [INFO] [1744576353.002917383] [drone_home1.controller]: Going to [(29.639567, -82.361102)]: 10.97 meters
[controller-2] [INFO] [1744576353.100395841] [drone_home1.controller]: Bearing: -80.03°
[controller-2] [INFO] [1744576353.102145719] [drone_home1.controller]: Going to [(29.639567, -82.361102)]: 10.97 meters
[controller-2] [INFO] [1744576353.200638860] [drone_home1.controller]: Bearing: -80.03°
[controller-2] [INFO] [1744576353.202346241] [drone_home1.controller]: Going to [(29.639567, -82.361102)]: 10.97 meters
[controller-2] [INFO] [1744576353.299558494] [drone_home1.controller]: Bearing: -80.03°
[controller-2] [INFO] [1744576353.300551800] [drone_home1.controller]: Going to [(29.639567, -82.361102)]: 10.97 meters
[controller-2] [INFO] [1744576353.399585161] [drone_home1.controller]: Bearing: -80.03°
[controller-2] [INFO] [1744576353.400554916] [drone_home1.controller]: Going to [(29.639567, -82.361102)]: 10.97 meters
[controller-2] [INFO] [1744576353.499571541] [drone_home1.controller]: Bearing: -80.03°
[controller-2] [INFO] [1744576353.500678639] [drone_home1.controller]: Going to [(29.639567, -82.361102)]: 10.97 meters
[controller-2] [INFO] [1744576353.599694816] [drone_home1.controller]: Bearing: -80.03°
[controller-2] [INFO] [1744576353.600692762] [drone_home1.controller]: Going to [(29.639567, -82.361102)]: 10.97 meters
[controller-2] [INFO] [1744576353.699634732] [drone_home1.controller]: Bearing: -80.03°
[controller-2] [INFO] [1744576353.700719430] [drone_home1.controller]: Going to [(29.639567, -82.361102)]: 10.97 meters
[controller-2] [INFO] [1744576353.799563097] [drone_home1.controller]: Bearing: -80.03°
[controller-2] [INFO] [1744576353.800579698] [drone_home1.controller]: Going to [(29.639567, -82.361102)]: 10.97 meters
[controller-2] [INFO] [1744576353.900509951] [drone_home1.controller]: Bearing: -80.03°
[controller-2] [INFO] [1744576353.902264468] [drone_home1.controller]: Going to [(29.639567, -82.361102)]: 10.97 meters
[controller-2] [INFO] [1744576354.000364971] [drone_home1.controller]: Bearing: -80.03°
[controller-2] [INFO] [1744576354.001948322] [drone_home1.controller]: Going to [(29.639567, -82.361102)]: 10.97 meters
[controller-2] [INFO] [1744576354.100394209] [drone_home1.controller]: Bearing: -80.03°
[controller-2] [INFO] [1744576354.101999351] [drone_home1.controller]: Going to [(29.639567, -82.361102)]: 10.97 meters
[controller-2] [INFO] [1744576354.199463292] [drone_home1.controller]: Bearing: -80.03°
[controller-2] [INFO] [1744576354.200522966] [drone_home1.controller]: Going to [(29.639567, -82.361102)]: 10.97 meters
[controller-2] [INFO] [1744576354.299445618] [drone_home1.controller]: Bearing: -80.03°
[controller-2] [INFO] [1744576354.300574987] [drone_home1.controller]: Going to [(29.639567, -82.361102)]: 10.97 meters
[controller-2] [INFO] [1744576354.399630215] [drone_home1.controller]: Bearing: -80.03°
[controller-2] [INFO] [1744576354.400569889] [drone_home1.controller]: Going to [(29.639567, -82.361102)]: 10.97 meters
[controller-2] [INFO] [1744576354.499432254] [drone_home1.controller]: Bearing: -80.03°
[controller-2] [INFO] [1744576354.500365560] [drone_home1.controller]: Going to [(29.639567, -82.361102)]: 10.97 meters
[controller-2] [INFO] [1744576354.600257647] [drone_home1.controller]: Bearing: -80.03°
[controller-2] [INFO] [1744576354.602045988] [drone_home1.controller]: Going to [(29.639567, -82.361102)]: 10.97 meters
[controller-2] [INFO] [1744576354.700241733] [drone_home1.controller]: Bearing: -80.03°
[controller-2] [INFO] [1744576354.701812347] [drone_home1.controller]: Going to [(29.639567, -82.361102)]: 10.97 meters
[controller-2] [INFO] [1744576354.800542297] [drone_home1.controller]: Bearing: -80.03°
[controller-2] [INFO] [1744576354.802693452] [drone_home1.controller]: Going to [(29.639567, -82.361102)]: 10.97 meters
[controller-2] [INFO] [1744576354.900467343] [drone_home1.controller]: Bearing: -80.03°
[controller-2] [INFO] [1744576354.902076518] [drone_home1.controller]: Going to [(29.639567, -82.361102)]: 10.97 meters
[controller-2] [INFO] [1744576355.000333382] [drone_home1.controller]: Bearing: -80.03°
[controller-2] [INFO] [1744576355.001939324] [drone_home1.controller]: Going to [(29.639567, -82.361102)]: 10.97 meters
[controller-2] [INFO] [1744576355.100262214] [drone_home1.controller]: Bearing: -80.03°
[controller-2] [INFO] [1744576355.101456415] [drone_home1.controller]: Going to [(29.639567, -82.361102)]: 10.97 meters
[controller-2] [INFO] [1744576355.200275334] [drone_home1.controller]: Bearing: -80.32°
[controller-2] [INFO] [1744576355.201865404] [drone_home1.controller]: Going to [(29.639567, -82.361102)]: 10.86 meters
[controller-2] [INFO] [1744576355.300141382] [drone_home1.controller]: Bearing: -80.32°
[controller-2] [INFO] [1744576355.301000065] [drone_home1.controller]: Going to [(29.639567, -82.361102)]: 10.86 meters
[controller-2] [INFO] [1744576355.399577257] [drone_home1.controller]: Bearing: -80.32°
[controller-2] [INFO] [1744576355.400659107] [drone_home1.controller]: Going to [(29.639567, -82.361102)]: 10.86 meters
[controller-2] [INFO] [1744576355.500885186] [drone_home1.controller]: Bearing: -80.32°
[controller-2] [INFO] [1744576355.502462393] [drone_home1.controller]: Going to [(29.639567, -82.361102)]: 10.86 meters
[controller-2] [INFO] [1744576355.600144294] [drone_home1.controller]: Bearing: -80.32°
[controller-2] [INFO] [1744576355.601850012] [drone_home1.controller]: Going to [(29.639567, -82.361102)]: 10.86 meters
[controller-2] [INFO] [1744576355.700225766] [drone_home1.controller]: Bearing: -80.32°
[controller-2] [INFO] [1744576355.701881564] [drone_home1.controller]: Going to [(29.639567, -82.361102)]: 10.86 meters
[controller-2] [INFO] [1744576355.800655235] [drone_home1.controller]: Bearing: -80.32°
[controller-2] [INFO] [1744576355.801606397] [drone_home1.controller]: Going to [(29.639567, -82.361102)]: 10.86 meters
[controller-2] [INFO] [1744576355.899598057] [drone_home1.controller]: Bearing: -80.32°
[controller-2] [INFO] [1744576355.900803746] [drone_home1.controller]: Going to [(29.639567, -82.361102)]: 10.86 meters
[controller-2] [INFO] [1744576355.999742056] [drone_home1.controller]: Bearing: -80.56°
[controller-2] [INFO] [1744576356.001248639] [drone_home1.controller]: Going to [(29.639567, -82.361102)]: 11.04 meters
[controller-2] [INFO] [1744576356.099646834] [drone_home1.controller]: Bearing: -80.28°
[controller-2] [INFO] [1744576356.102418819] [drone_home1.controller]: Going to [(29.639567, -82.361102)]: 11.15 meters
[controller-2] [INFO] [1744576356.199552861] [drone_home1.controller]: Bearing: -80.28°
[controller-2] [INFO] [1744576356.200559319] [drone_home1.controller]: Going to [(29.639567, -82.361102)]: 11.15 meters
[controller-2] [INFO] [1744576356.299689766] [drone_home1.controller]: Bearing: -80.03°
[controller-2] [INFO] [1744576356.300866399] [drone_home1.controller]: Going to [(29.639567, -82.361102)]: 10.97 meters
[controller-2] [INFO] [1744576356.399529425] [drone_home1.controller]: Bearing: -80.32°
[controller-2] [INFO] [1744576356.400505643] [drone_home1.controller]: Going to [(29.639567, -82.361102)]: 10.86 meters
[controller-2] [INFO] [1744576356.500006904] [drone_home1.controller]: Bearing: -80.32°
[controller-2] [INFO] [1744576356.501541487] [drone_home1.controller]: Going to [(29.639567, -82.361102)]: 10.86 meters
[controller-2] [INFO] [1744576356.599649220] [drone_home1.controller]: Bearing: -80.03°
[controller-2] [INFO] [1744576356.602289269] [drone_home1.controller]: Going to [(29.639567, -82.361102)]: 10.97 meters
[controller-2] [INFO] [1744576356.699669678] [drone_home1.controller]: Bearing: -80.03°
[controller-2] [INFO] [1744576356.700696008] [drone_home1.controller]: Going to [(29.639567, -82.361102)]: 10.97 meters
[controller-2] [INFO] [1744576356.799485017] [drone_home1.controller]: Bearing: -80.32°
[controller-2] [INFO] [1744576356.800423412] [drone_home1.controller]: Going to [(29.639567, -82.361102)]: 10.86 meters
[controller-2] [INFO] [1744576356.900296894] [drone_home1.controller]: Bearing: -80.32°
[controller-2] [INFO] [1744576356.902478706] [drone_home1.controller]: Going to [(29.639567, -82.361102)]: 10.86 meters
[controller-2] [INFO] [1744576357.000953893] [drone_home1.controller]: Bearing: -80.32°
[controller-2] [INFO] [1744576357.002732475] [drone_home1.controller]: Going to [(29.639567, -82.361102)]: 10.86 meters
[controller-2] [INFO] [1744576357.100615034] [drone_home1.controller]: Bearing: -80.32°
[controller-2] [INFO] [1744576357.102443120] [drone_home1.controller]: Going to [(29.639567, -82.361102)]: 10.86 meters
[controller-2] [INFO] [1744576357.200279472] [drone_home1.controller]: Bearing: -80.56°
[controller-2] [INFO] [1744576357.201840168] [drone_home1.controller]: Going to [(29.639567, -82.361102)]: 11.04 meters
[controller-2] [INFO] [1744576357.300367300] [drone_home1.controller]: Bearing: -80.28°
[controller-2] [INFO] [1744576357.302166714] [drone_home1.controller]: Going to [(29.639567, -82.361102)]: 11.15 meters
[controller-2] [INFO] [1744576357.400314584] [drone_home1.controller]: Bearing: -80.28°
[controller-2] [INFO] [1744576357.402691339] [drone_home1.controller]: Going to [(29.639567, -82.361102)]: 11.15 meters
[controller-2] [INFO] [1744576357.500497163] [drone_home1.controller]: Bearing: -80.28°
[controller-2] [INFO] [1744576357.502170914] [drone_home1.controller]: Going to [(29.639567, -82.361102)]: 11.15 meters
[controller-2] [INFO] [1744576357.600027234] [drone_home1.controller]: Bearing: -80.28°
[controller-2] [INFO] [1744576357.601234203] [drone_home1.controller]: Going to [(29.639567, -82.361102)]: 11.15 meters
[controller-2] [INFO] [1744576357.700937041] [drone_home1.controller]: Bearing: -80.28°
[controller-2] [INFO] [1744576357.702775206] [drone_home1.controller]: Going to [(29.639567, -82.361102)]: 11.15 meters
[controller-2] [INFO] [1744576357.799640684] [drone_home1.controller]: Bearing: -80.28°
[controller-2] [INFO] [1744576357.800714598] [drone_home1.controller]: Going to [(29.639567, -82.361102)]: 11.15 meters
[controller-2] [INFO] [1744576357.899541569] [drone_home1.controller]: Bearing: -80.28°
[controller-2] [INFO] [1744576357.900579291] [drone_home1.controller]: Going to [(29.639567, -82.361102)]: 11.15 meters
[controller-2] [INFO] [1744576358.000221489] [drone_home1.controller]: Bearing: -80.28°
[controller-2] [INFO] [1744576358.001800680] [drone_home1.controller]: Going to [(29.639567, -82.361102)]: 11.15 meters
[controller-2] [INFO] [1744576358.100252366] [drone_home1.controller]: Bearing: -80.51°
[controller-2] [INFO] [1744576358.101850822] [drone_home1.controller]: Going to [(29.639567, -82.361102)]: 11.33 meters
[controller-2] [INFO] [1744576358.199483217] [drone_home1.controller]: Bearing: -80.51°
[controller-2] [INFO] [1744576358.200429099] [drone_home1.controller]: Going to [(29.639567, -82.361102)]: 11.33 meters
[controller-2] [INFO] [1744576358.299472559] [drone_home1.controller]: Bearing: -80.51°
[controller-2] [INFO] [1744576358.300395946] [drone_home1.controller]: Going to [(29.639567, -82.361102)]: 11.33 meters
[controller-2] [INFO] [1744576358.399405997] [drone_home1.controller]: Bearing: -80.51°
[controller-2] [INFO] [1744576358.400347944] [drone_home1.controller]: Going to [(29.639567, -82.361102)]: 11.33 meters
[controller-2] [INFO] [1744576358.500543557] [drone_home1.controller]: Bearing: -80.51°
[controller-2] [INFO] [1744576358.502119516] [drone_home1.controller]: Going to [(29.639567, -82.361102)]: 11.33 meters
[controller-2] [INFO] [1744576358.599440169] [drone_home1.controller]: Bearing: -80.51°
[controller-2] [INFO] [1744576358.600374340] [drone_home1.controller]: Going to [(29.639567, -82.361102)]: 11.33 meters
[controller-2] [INFO] [1744576358.700180995] [drone_home1.controller]: Bearing: -80.51°
[controller-2] [INFO] [1744576358.701746458] [drone_home1.controller]: Going to [(29.639567, -82.361102)]: 11.33 meters
[controller-2] [INFO] [1744576358.800826749] [drone_home1.controller]: Bearing: -80.51°
[controller-2] [INFO] [1744576358.802602356] [drone_home1.controller]: Going to [(29.639567, -82.361102)]: 11.33 meters
[controller-2] [INFO] [1744576358.900337470] [drone_home1.controller]: Bearing: -80.51°
[controller-2] [INFO] [1744576358.901918486] [drone_home1.controller]: Going to [(29.639567, -82.361102)]: 11.33 meters
[controller-2] [INFO] [1744576359.000918841] [drone_home1.controller]: Bearing: -80.51°
[controller-2] [INFO] [1744576359.002544976] [drone_home1.controller]: Going to [(29.639567, -82.361102)]: 11.33 meters
[controller-2] [INFO] [1744576359.099501128] [drone_home1.controller]: Bearing: -80.51°
[controller-2] [INFO] [1744576359.100594883] [drone_home1.controller]: Going to [(29.639567, -82.361102)]: 11.33 meters
[controller-2] [INFO] [1744576359.200540331] [drone_home1.controller]: Bearing: -80.51°
[controller-2] [INFO] [1744576359.202780351] [drone_home1.controller]: Going to [(29.639567, -82.361102)]: 11.33 meters
[controller-2] [INFO] [1744576359.299533240] [drone_home1.controller]: Bearing: -80.51°
[controller-2] [INFO] [1744576359.300518963] [drone_home1.controller]: Going to [(29.639567, -82.361102)]: 11.33 meters
[controller-2] [INFO] [1744576359.400117789] [drone_home1.controller]: Bearing: -80.51°
[controller-2] [INFO] [1744576359.401701813] [drone_home1.controller]: Going to [(29.639567, -82.361102)]: 11.33 meters
[controller-2] [INFO] [1744576359.500320644] [drone_home1.controller]: Bearing: -80.51°
[controller-2] [INFO] [1744576359.503155381] [drone_home1.controller]: Going to [(29.639567, -82.361102)]: 11.33 meters
[controller-2] [INFO] [1744576359.601134536] [drone_home1.controller]: Bearing: -80.51°
[controller-2] [INFO] [1744576359.603312860] [drone_home1.controller]: Going to [(29.639567, -82.361102)]: 11.33 meters
[controller-2] [INFO] [1744576359.699414009] [drone_home1.controller]: Bearing: -80.28°
[controller-2] [INFO] [1744576359.700317492] [drone_home1.controller]: Going to [(29.639567, -82.361102)]: 11.15 meters
[controller-2] [INFO] [1744576359.799452577] [drone_home1.controller]: Bearing: -80.28°
[controller-2] [INFO] [1744576359.800371164] [drone_home1.controller]: Going to [(29.639567, -82.361102)]: 11.15 meters
[controller-2] [INFO] [1744576359.899522953] [drone_home1.controller]: Bearing: -80.28°
[controller-2] [INFO] [1744576359.900711138] [drone_home1.controller]: Going to [(29.639567, -82.361102)]: 11.15 meters
[controller-2] [INFO] [1744576359.999922127] [drone_home1.controller]: Bearing: -80.28°
[controller-2] [INFO] [1744576360.001418663] [drone_home1.controller]: Going to [(29.639567, -82.361102)]: 11.15 meters
[controller-2] [INFO] [1744576360.099915456] [drone_home1.controller]: Bearing: -80.28°
[controller-2] [INFO] [1744576360.101047098] [drone_home1.controller]: Going to [(29.639567, -82.361102)]: 11.15 meters
[controller-2] [INFO] [1744576360.200020978] [drone_home1.controller]: Bearing: -80.28°
[controller-2] [INFO] [1744576360.201262603] [drone_home1.controller]: Going to [(29.639567, -82.361102)]: 11.15 meters
[controller-2] [INFO] [1744576360.299670566] [drone_home1.controller]: Bearing: -80.28°
[controller-2] [INFO] [1744576360.300755424] [drone_home1.controller]: Going to [(29.639567, -82.361102)]: 11.15 meters
[controller-2] [INFO] [1744576360.399603128] [drone_home1.controller]: Bearing: -80.28°
[controller-2] [INFO] [1744576360.400693938] [drone_home1.controller]: Going to [(29.639567, -82.361102)]: 11.15 meters
[controller-2] [INFO] [1744576360.500130503] [drone_home1.controller]: Bearing: -80.28°
[controller-2] [INFO] [1744576360.502372667] [drone_home1.controller]: Going to [(29.639567, -82.361102)]: 11.15 meters
[controller-2] [INFO] [1744576360.599374397] [drone_home1.controller]: Bearing: -80.28°
[controller-2] [INFO] [1744576360.600654902] [drone_home1.controller]: Going to [(29.639567, -82.361102)]: 11.15 meters
[controller-2] [INFO] [1744576360.700303050] [drone_home1.controller]: Bearing: -80.28°
[controller-2] [INFO] [1744576360.702399135] [drone_home1.controller]: Going to [(29.639567, -82.361102)]: 11.15 meters
[controller-2] [INFO] [1744576360.800241885] [drone_home1.controller]: Bearing: -80.28°
[controller-2] [INFO] [1744576360.801829812] [drone_home1.controller]: Going to [(29.639567, -82.361102)]: 11.15 meters
[controller-2] [INFO] [1744576360.899592946] [drone_home1.controller]: Bearing: -80.28°
[controller-2] [INFO] [1744576360.900583117] [drone_home1.controller]: Going to [(29.639567, -82.361102)]: 11.15 meters
[controller-2] [INFO] [1744576361.000533183] [drone_home1.controller]: Bearing: -80.28°
[controller-2] [INFO] [1744576361.002125367] [drone_home1.controller]: Going to [(29.639567, -82.361102)]: 11.15 meters
[controller-2] [INFO] [1744576361.100542491] [drone_home1.controller]: Bearing: -80.28°
[controller-2] [INFO] [1744576361.102106675] [drone_home1.controller]: Going to [(29.639567, -82.361102)]: 11.15 meters
[controller-2] [INFO] [1744576361.200402743] [drone_home1.controller]: Bearing: -80.28°
[controller-2] [INFO] [1744576361.201967951] [drone_home1.controller]: Going to [(29.639567, -82.361102)]: 11.15 meters
[controller-2] [INFO] [1744576361.299502040] [drone_home1.controller]: Bearing: -80.28°
[controller-2] [INFO] [1744576361.301596557] [drone_home1.controller]: Going to [(29.639567, -82.361102)]: 11.15 meters
[controller-2] [INFO] [1744576361.399405141] [drone_home1.controller]: Bearing: -80.28°
[controller-2] [INFO] [1744576361.400377904] [drone_home1.controller]: Going to [(29.639567, -82.361102)]: 11.15 meters
[controller-2] [INFO] [1744576361.499661295] [drone_home1.controller]: Bearing: -80.28°
[controller-2] [INFO] [1744576361.500644458] [drone_home1.controller]: Going to [(29.639567, -82.361102)]: 11.15 meters
[controller-2] [INFO] [1744576361.599516012] [drone_home1.controller]: Bearing: -80.28°
[controller-2] [INFO] [1744576361.600462695] [drone_home1.controller]: Going to [(29.639567, -82.361102)]: 11.15 meters
[controller-2] [INFO] [1744576361.699610599] [drone_home1.controller]: Bearing: -80.28°
[controller-2] [INFO] [1744576361.700591618] [drone_home1.controller]: Going to [(29.639567, -82.361102)]: 11.15 meters
[controller-2] [INFO] [1744576361.799352901] [drone_home1.controller]: Bearing: -80.28°
[controller-2] [INFO] [1744576361.800633182] [drone_home1.controller]: Going to [(29.639567, -82.361102)]: 11.15 meters
[controller-2] [INFO] [1744576361.899579776] [drone_home1.controller]: Bearing: -80.28°
[controller-2] [INFO] [1744576361.900944953] [drone_home1.controller]: Going to [(29.639567, -82.361102)]: 11.15 meters
[controller-2] [INFO] [1744576361.999467644] [drone_home1.controller]: Bearing: -80.28°
[controller-2] [INFO] [1744576362.000398903] [drone_home1.controller]: Going to [(29.639567, -82.361102)]: 11.15 meters
[controller-2] [INFO] [1744576362.099479042] [drone_home1.controller]: Bearing: -80.28°
[controller-2] [INFO] [1744576362.100470557] [drone_home1.controller]: Going to [(29.639567, -82.361102)]: 11.15 meters
[controller-2] [INFO] [1744576362.199801702] [drone_home1.controller]: Bearing: -80.28°
[controller-2] [INFO] [1744576362.201138975] [drone_home1.controller]: Going to [(29.639567, -82.361102)]: 11.15 meters
[controller-2] [INFO] [1744576362.299745516] [drone_home1.controller]: Bearing: -80.28°
[controller-2] [INFO] [1744576362.300958246] [drone_home1.controller]: Going to [(29.639567, -82.361102)]: 11.15 meters
[controller-2] [INFO] [1744576362.400137168] [drone_home1.controller]: Bearing: -80.03°
[controller-2] [INFO] [1744576362.401166507] [drone_home1.controller]: Going to [(29.639567, -82.361102)]: 10.97 meters
[controller-2] [INFO] [1744576362.499744888] [drone_home1.controller]: Bearing: -80.03°
[controller-2] [INFO] [1744576362.501060017] [drone_home1.controller]: Going to [(29.639567, -82.361102)]: 10.97 meters
[controller-2] [INFO] [1744576362.599749886] [drone_home1.controller]: Bearing: -80.03°
[controller-2] [INFO] [1744576362.601250742] [drone_home1.controller]: Going to [(29.639567, -82.361102)]: 10.97 meters
[controller-2] [INFO] [1744576362.699372134] [drone_home1.controller]: Bearing: -80.03°
[controller-2] [INFO] [1744576362.702292727] [drone_home1.controller]: Going to [(29.639567, -82.361102)]: 10.97 meters
[controller-2] [INFO] [1744576362.800242983] [drone_home1.controller]: Bearing: -80.03°
[controller-2] [INFO] [1744576362.801829023] [drone_home1.controller]: Going to [(29.639567, -82.361102)]: 10.97 meters
[controller-2] [INFO] [1744576362.900363212] [drone_home1.controller]: Bearing: -80.03°
[controller-2] [INFO] [1744576362.901998500] [drone_home1.controller]: Going to [(29.639567, -82.361102)]: 10.97 meters
[controller-2] [INFO] [1744576363.000520050] [drone_home1.controller]: Bearing: -80.03°
[controller-2] [INFO] [1744576363.002139849] [drone_home1.controller]: Going to [(29.639567, -82.361102)]: 10.97 meters
[controller-2] [INFO] [1744576363.099925988] [drone_home1.controller]: Bearing: -80.03°
[controller-2] [INFO] [1744576363.101051070] [drone_home1.controller]: Going to [(29.639567, -82.361102)]: 10.97 meters
[controller-2] [INFO] [1744576363.200503601] [drone_home1.controller]: Bearing: -80.03°
[controller-2] [INFO] [1744576363.202093609] [drone_home1.controller]: Going to [(29.639567, -82.361102)]: 10.97 meters
[controller-2] [INFO] [1744576363.299584133] [drone_home1.controller]: Bearing: -80.03°
[controller-2] [INFO] [1744576363.300530145] [drone_home1.controller]: Going to [(29.639567, -82.361102)]: 10.97 meters
[controller-2] [INFO] [1744576363.399623125] [drone_home1.controller]: Bearing: -80.03°
[controller-2] [INFO] [1744576363.401044078] [drone_home1.controller]: Going to [(29.639567, -82.361102)]: 10.97 meters
[controller-2] [INFO] [1744576363.500423489] [drone_home1.controller]: Bearing: -80.03°
[controller-2] [INFO] [1744576363.501995065] [drone_home1.controller]: Going to [(29.639567, -82.361102)]: 10.97 meters
[controller-2] [INFO] [1744576363.600382961] [drone_home1.controller]: Bearing: -80.03°
[controller-2] [INFO] [1744576363.601965033] [drone_home1.controller]: Going to [(29.639567, -82.361102)]: 10.97 meters
[controller-2] [INFO] [1744576363.700453344] [drone_home1.controller]: Bearing: -80.03°
[controller-2] [INFO] [1744576363.702212728] [drone_home1.controller]: Going to [(29.639567, -82.361102)]: 10.97 meters
[controller-2] [INFO] [1744576363.800450224] [drone_home1.controller]: Bearing: -80.32°
[controller-2] [INFO] [1744576363.802183304] [drone_home1.controller]: Going to [(29.639567, -82.361102)]: 10.86 meters
[controller-2] [INFO] [1744576363.900281313] [drone_home1.controller]: Bearing: -80.32°
[controller-2] [INFO] [1744576363.901840281] [drone_home1.controller]: Going to [(29.639567, -82.361102)]: 10.86 meters
[controller-2] [INFO] [1744576364.000108306] [drone_home1.controller]: Bearing: -80.32°
[controller-2] [INFO] [1744576364.001716330] [drone_home1.controller]: Going to [(29.639567, -82.361102)]: 10.86 meters
[controller-2] [INFO] [1744576364.100161195] [drone_home1.controller]: Bearing: -80.32°
[controller-2] [INFO] [1744576364.101754339] [drone_home1.controller]: Going to [(29.639567, -82.361102)]: 10.86 meters
[controller-2] [INFO] [1744576364.200188516] [drone_home1.controller]: Bearing: -80.32°
[controller-2] [INFO] [1744576364.202030299] [drone_home1.controller]: Going to [(29.639567, -82.361102)]: 10.86 meters
[controller-2] [INFO] [1744576364.300135422] [drone_home1.controller]: Bearing: -80.32°
[controller-2] [INFO] [1744576364.301706231] [drone_home1.controller]: Going to [(29.639567, -82.361102)]: 10.86 meters
[controller-2] [INFO] [1744576364.400149784] [drone_home1.controller]: Bearing: -80.32°
[controller-2] [INFO] [1744576364.402504141] [drone_home1.controller]: Going to [(29.639567, -82.361102)]: 10.86 meters
[controller-2] [INFO] [1744576364.499634900] [drone_home1.controller]: Bearing: -80.32°
[controller-2] [INFO] [1744576364.500594864] [drone_home1.controller]: Going to [(29.639567, -82.361102)]: 10.86 meters
[controller-2] [INFO] [1744576364.599537903] [drone_home1.controller]: Bearing: -80.32°
[controller-2] [INFO] [1744576364.600600393] [drone_home1.controller]: Going to [(29.639567, -82.361102)]: 10.86 meters
[controller-2] [INFO] [1744576364.699735495] [drone_home1.controller]: Bearing: -80.32°
[controller-2] [INFO] [1744576364.701057569] [drone_home1.controller]: Going to [(29.639567, -82.361102)]: 10.86 meters
[controller-2] [INFO] [1744576364.800074623] [drone_home1.controller]: Bearing: -80.32°
[controller-2] [INFO] [1744576364.801039675] [drone_home1.controller]: Going to [(29.639567, -82.361102)]: 10.86 meters
[controller-2] [INFO] [1744576364.900292920] [drone_home1.controller]: Bearing: -80.32°
[controller-2] [INFO] [1744576364.901363155] [drone_home1.controller]: Going to [(29.639567, -82.361102)]: 10.86 meters
[controller-2] [INFO] [1744576365.000463761] [drone_home1.controller]: Bearing: -80.32°
[controller-2] [INFO] [1744576365.002090057] [drone_home1.controller]: Going to [(29.639567, -82.361102)]: 10.86 meters
[controller-2] [INFO] [1744576365.100397301] [drone_home1.controller]: Bearing: -80.32°
[controller-2] [INFO] [1744576365.101943469] [drone_home1.controller]: Going to [(29.639567, -82.361102)]: 10.86 meters
[controller-2] [INFO] [1744576365.200307001] [drone_home1.controller]: Bearing: -80.32°
[controller-2] [INFO] [1744576365.201902961] [drone_home1.controller]: Going to [(29.639567, -82.361102)]: 10.86 meters
[controller-2] [INFO] [1744576365.300115037] [drone_home1.controller]: Bearing: -80.32°
[controller-2] [INFO] [1744576365.301668822] [drone_home1.controller]: Going to [(29.639567, -82.361102)]: 10.86 meters
[controller-2] [INFO] [1744576365.400393919] [drone_home1.controller]: Bearing: -80.61°
[controller-2] [INFO] [1744576365.401960632] [drone_home1.controller]: Going to [(29.639567, -82.361102)]: 10.74 meters
[controller-2] [INFO] [1744576365.500426499] [drone_home1.controller]: Bearing: -80.49°
[controller-2] [INFO] [1744576365.502042971] [drone_home1.controller]: Going to [(29.639567, -82.361102)]: 10.65 meters
[controller-2] [INFO] [1744576365.599455371] [drone_home1.controller]: Bearing: -80.49°
[controller-2] [INFO] [1744576365.600411879] [drone_home1.controller]: Going to [(29.639567, -82.361102)]: 10.65 meters
[controller-2] [INFO] [1744576365.700236395] [drone_home1.controller]: Bearing: -80.49°
[controller-2] [INFO] [1744576365.701789188] [drone_home1.controller]: Going to [(29.639567, -82.361102)]: 10.65 meters
[controller-2] [INFO] [1744576365.800179951] [drone_home1.controller]: Bearing: -80.49°
[controller-2] [INFO] [1744576365.802322405] [drone_home1.controller]: Going to [(29.639567, -82.361102)]: 10.65 meters
[controller-2] [INFO] [1744576365.900169651] [drone_home1.controller]: Bearing: -80.49°
[controller-2] [INFO] [1744576365.902068746] [drone_home1.controller]: Going to [(29.639567, -82.361102)]: 10.65 meters
[controller-2] [INFO] [1744576365.999398874] [drone_home1.controller]: Bearing: -80.49°
[controller-2] [INFO] [1744576366.000682484] [drone_home1.controller]: Going to [(29.639567, -82.361102)]: 10.65 meters
[controller-2] [INFO] [1744576366.099333543] [drone_home1.controller]: Bearing: -80.49°
[controller-2] [INFO] [1744576366.100262051] [drone_home1.controller]: Going to [(29.639567, -82.361102)]: 10.65 meters
[controller-2] [INFO] [1744576366.199511284] [drone_home1.controller]: Bearing: -80.49°
[controller-2] [INFO] [1744576366.200499887] [drone_home1.controller]: Going to [(29.639567, -82.361102)]: 10.65 meters
[controller-2] [INFO] [1744576366.300268574] [drone_home1.controller]: Bearing: -80.49°
[controller-2] [INFO] [1744576366.302515251] [drone_home1.controller]: Going to [(29.639567, -82.361102)]: 10.65 meters
[controller-2] [INFO] [1744576366.400641450] [drone_home1.controller]: Bearing: -80.20°
[controller-2] [INFO] [1744576366.402876767] [drone_home1.controller]: Going to [(29.639567, -82.361102)]: 10.77 meters
[controller-2] [INFO] [1744576366.499731867] [drone_home1.controller]: Bearing: -80.20°
[controller-2] [INFO] [1744576366.500881302] [drone_home1.controller]: Going to [(29.639567, -82.361102)]: 10.77 meters
[controller-2] [INFO] [1744576366.599770633] [drone_home1.controller]: Bearing: -80.20°
[controller-2] [INFO] [1744576366.600791940] [drone_home1.controller]: Going to [(29.639567, -82.361102)]: 10.77 meters
[controller-2] [INFO] [1744576366.700234740] [drone_home1.controller]: Bearing: -80.20°
[controller-2] [INFO] [1744576366.701825869] [drone_home1.controller]: Going to [(29.639567, -82.361102)]: 10.77 meters
[controller-2] [INFO] [1744576366.800312033] [drone_home1.controller]: Bearing: -80.20°
[controller-2] [INFO] [1744576366.801320604] [drone_home1.controller]: Going to [(29.639567, -82.361102)]: 10.77 meters
[controller-2] [INFO] [1744576366.899648754] [drone_home1.controller]: Bearing: -80.20°
[controller-2] [INFO] [1744576366.900695917] [drone_home1.controller]: Going to [(29.639567, -82.361102)]: 10.77 meters
[controller-2] [INFO] [1744576367.000321436] [drone_home1.controller]: Bearing: -80.20°
[controller-2] [INFO] [1744576367.001335319] [drone_home1.controller]: Going to [(29.639567, -82.361102)]: 10.77 meters
[controller-2] [INFO] [1744576367.100885840] [drone_home1.controller]: Bearing: -80.20°
[controller-2] [INFO] [1744576367.102913287] [drone_home1.controller]: Going to [(29.639567, -82.361102)]: 10.77 meters
[controller-2] [INFO] [1744576367.200415818] [drone_home1.controller]: Bearing: -80.20°
[controller-2] [INFO] [1744576367.201556485] [drone_home1.controller]: Going to [(29.639567, -82.361102)]: 10.77 meters
[controller-2] [INFO] [1744576367.300648608] [drone_home1.controller]: Bearing: -80.20°
[controller-2] [INFO] [1744576367.302303065] [drone_home1.controller]: Going to [(29.639567, -82.361102)]: 10.77 meters
[controller-2] [INFO] [1744576367.400240473] [drone_home1.controller]: Bearing: -80.20°
[controller-2] [INFO] [1744576367.401164085] [drone_home1.controller]: Going to [(29.639567, -82.361102)]: 10.77 meters
[controller-2] [INFO] [1744576367.499461908] [drone_home1.controller]: Bearing: -80.20°
[controller-2] [INFO] [1744576367.500435312] [drone_home1.controller]: Going to [(29.639567, -82.361102)]: 10.77 meters
[controller-2] [INFO] [1744576367.599601835] [drone_home1.controller]: Bearing: -80.20°
[controller-2] [INFO] [1744576367.600949957] [drone_home1.controller]: Going to [(29.639567, -82.361102)]: 10.77 meters
[controller-2] [INFO] [1744576367.699483971] [drone_home1.controller]: Bearing: -80.49°
[controller-2] [INFO] [1744576367.700524414] [drone_home1.controller]: Going to [(29.639567, -82.361102)]: 10.65 meters
[controller-2] [INFO] [1744576367.799700665] [drone_home1.controller]: Bearing: -80.49°
[controller-2] [INFO] [1744576367.800629109] [drone_home1.controller]: Going to [(29.639567, -82.361102)]: 10.65 meters
[controller-2] [INFO] [1744576367.900205358] [drone_home1.controller]: Bearing: -80.49°
[controller-2] [INFO] [1744576367.901780519] [drone_home1.controller]: Going to [(29.639567, -82.361102)]: 10.65 meters
[controller-2] [INFO] [1744576367.999602408] [drone_home1.controller]: Bearing: -80.49°
[controller-2] [INFO] [1744576368.000684771] [drone_home1.controller]: Going to [(29.639567, -82.361102)]: 10.65 meters
[controller-2] [INFO] [1744576368.100225030] [drone_home1.controller]: Bearing: -80.49°
[controller-2] [INFO] [1744576368.101390561] [drone_home1.controller]: Going to [(29.639567, -82.361102)]: 10.65 meters
[controller-2] [INFO] [1744576368.200711717] [drone_home1.controller]: Bearing: -80.49°
[controller-2] [INFO] [1744576368.201635489] [drone_home1.controller]: Going to [(29.639567, -82.361102)]: 10.65 meters
[controller-2] [INFO] [1744576368.300717222] [drone_home1.controller]: Bearing: -80.49°
[controller-2] [INFO] [1744576368.302359391] [drone_home1.controller]: Going to [(29.639567, -82.361102)]: 10.65 meters
[controller-2] [INFO] [1744576368.400817447] [drone_home1.controller]: Bearing: -80.49°
[controller-2] [INFO] [1744576368.402698239] [drone_home1.controller]: Going to [(29.639567, -82.361102)]: 10.65 meters
[controller-2] [INFO] [1744576368.499979084] [drone_home1.controller]: Bearing: -80.64°
[controller-2] [INFO] [1744576368.501477413] [drone_home1.controller]: Going to [(29.639567, -82.361102)]: 10.60 meters
[controller-2] [INFO] [1744576368.599908749] [drone_home1.controller]: Bearing: -80.64°
[controller-2] [INFO] [1744576368.600894825] [drone_home1.controller]: Going to [(29.639567, -82.361102)]: 10.60 meters
[controller-2] [INFO] [1744576368.699593136] [drone_home1.controller]: Bearing: -80.64°
[controller-2] [INFO] [1744576368.700550924] [drone_home1.controller]: Going to [(29.639567, -82.361102)]: 10.60 meters
[controller-2] [INFO] [1744576368.800512909] [drone_home1.controller]: Bearing: -80.64°
[controller-2] [INFO] [1744576368.802714659] [drone_home1.controller]: Going to [(29.639567, -82.361102)]: 10.60 meters
[controller-2] [INFO] [1744576368.900405903] [drone_home1.controller]: Bearing: -80.64°
[controller-2] [INFO] [1744576368.902127143] [drone_home1.controller]: Going to [(29.639567, -82.361102)]: 10.60 meters
[controller-2] [INFO] [1744576368.999578387] [drone_home1.controller]: Bearing: -80.64°
[controller-2] [INFO] [1744576369.000922669] [drone_home1.controller]: Going to [(29.639567, -82.361102)]: 10.60 meters
[controller-2] [INFO] [1744576369.099608094] [drone_home1.controller]: Bearing: -80.64°
[controller-2] [INFO] [1744576369.100607193] [drone_home1.controller]: Going to [(29.639567, -82.361102)]: 10.60 meters
[controller-2] [INFO] [1744576369.200272166] [drone_home1.controller]: Bearing: -80.64°
[controller-2] [INFO] [1744576369.202072222] [drone_home1.controller]: Going to [(29.639567, -82.361102)]: 10.60 meters
[controller-2] [INFO] [1744576369.300551984] [drone_home1.controller]: Bearing: -80.40°
[controller-2] [INFO] [1744576369.302222856] [drone_home1.controller]: Going to [(29.639567, -82.361102)]: 10.42 meters
[controller-2] [INFO] [1744576369.400252348] [drone_home1.controller]: Bearing: -80.40°
[controller-2] [INFO] [1744576369.402027924] [drone_home1.controller]: Going to [(29.639567, -82.361102)]: 10.42 meters
[controller-2] [INFO] [1744576369.500191367] [drone_home1.controller]: Bearing: -80.40°
[controller-2] [INFO] [1744576369.501781952] [drone_home1.controller]: Going to [(29.639567, -82.361102)]: 10.42 meters
[controller-2] [INFO] [1744576369.600839631] [drone_home1.controller]: Bearing: -80.40°
[controller-2] [INFO] [1744576369.602697863] [drone_home1.controller]: Going to [(29.639567, -82.361102)]: 10.42 meters
[controller-2] [INFO] [1744576369.699657471] [drone_home1.controller]: Bearing: -80.40°
[controller-2] [INFO] [1744576369.700582523] [drone_home1.controller]: Going to [(29.639567, -82.361102)]: 10.42 meters
[controller-2] [INFO] [1744576369.799640874] [drone_home1.controller]: Bearing: -80.40°
[controller-2] [INFO] [1744576369.800550406] [drone_home1.controller]: Going to [(29.639567, -82.361102)]: 10.42 meters
[controller-2] [INFO] [1744576369.899567286] [drone_home1.controller]: Bearing: -80.40°
[controller-2] [INFO] [1744576369.900603857] [drone_home1.controller]: Going to [(29.639567, -82.361102)]: 10.42 meters
[controller-2] [INFO] [1744576370.000855323] [drone_home1.controller]: Bearing: -80.40°
[controller-2] [INFO] [1744576370.002870450] [drone_home1.controller]: Going to [(29.639567, -82.361102)]: 10.42 meters
[controller-2] [INFO] [1744576370.100678832] [drone_home1.controller]: Bearing: -80.70°
[controller-2] [INFO] [1744576370.102733383] [drone_home1.controller]: Going to [(29.639567, -82.361102)]: 10.30 meters
[controller-2] [INFO] [1744576370.201154083] [drone_home1.controller]: Bearing: -80.70°
[controller-2] [INFO] [1744576370.203285850] [drone_home1.controller]: Going to [(29.639567, -82.361102)]: 10.30 meters
[controller-2] [INFO] [1744576370.300660794] [drone_home1.controller]: Bearing: -80.70°
[controller-2] [INFO] [1744576370.302688657] [drone_home1.controller]: Going to [(29.639567, -82.361102)]: 10.30 meters
[controller-2] [INFO] [1744576370.399767634] [drone_home1.controller]: Bearing: -80.70°
[controller-2] [INFO] [1744576370.400752110] [drone_home1.controller]: Going to [(29.639567, -82.361102)]: 10.30 meters
[controller-2] [INFO] [1744576370.499637704] [drone_home1.controller]: Bearing: -80.70°
[controller-2] [INFO] [1744576370.500638691] [drone_home1.controller]: Going to [(29.639567, -82.361102)]: 10.30 meters
[controller-2] [INFO] [1744576370.600125210] [drone_home1.controller]: Bearing: -80.70°
[controller-2] [INFO] [1744576370.601165718] [drone_home1.controller]: Going to [(29.639567, -82.361102)]: 10.30 meters
[controller-2] [INFO] [1744576370.699451250] [drone_home1.controller]: Bearing: -81.00°
[controller-2] [INFO] [1744576370.700426094] [drone_home1.controller]: Going to [(29.639567, -82.361102)]: 10.19 meters
[controller-2] [INFO] [1744576370.799562022] [drone_home1.controller]: Bearing: -80.76°
[controller-2] [INFO] [1744576370.800532162] [drone_home1.controller]: Going to [(29.639567, -82.361102)]: 10.01 meters
[controller-2] [INFO] [1744576370.899589755] [drone_home1.controller]: Bearing: -80.76°
[controller-2] [INFO] [1744576370.900598902] [drone_home1.controller]: Going to [(29.639567, -82.361102)]: 10.01 meters
[controller-2] [INFO] [1744576370.999450320] [drone_home1.controller]: Bearing: -80.76°
[controller-2] [INFO] [1744576371.000405260] [drone_home1.controller]: Going to [(29.639567, -82.361102)]: 10.01 meters
[controller-2] [INFO] [1744576371.099573486] [drone_home1.controller]: Bearing: -80.76°
[controller-2] [INFO] [1744576371.100633385] [drone_home1.controller]: Going to [(29.639567, -82.361102)]: 10.01 meters
[controller-2] [INFO] [1744576371.199495437] [drone_home1.controller]: Bearing: -80.76°
[controller-2] [INFO] [1744576371.200413609] [drone_home1.controller]: Going to [(29.639567, -82.361102)]: 10.01 meters
[controller-2] [INFO] [1744576371.299509835] [drone_home1.controller]: Bearing: -80.91°
[controller-2] [INFO] [1744576371.300644326] [drone_home1.controller]: Going to [(29.639567, -82.361102)]: 9.96 meters
[controller-2] [INFO] [1744576371.400416966] [drone_home1.controller]: Bearing: -80.91°
[controller-2] [INFO] [1744576371.401997119] [drone_home1.controller]: Going to [(29.639567, -82.361102)]: 9.96 meters
[controller-2] [INFO] [1744576371.500506308] [drone_home1.controller]: Bearing: -80.91°
[controller-2] [INFO] [1744576371.502105501] [drone_home1.controller]: Going to [(29.639567, -82.361102)]: 9.96 meters
[controller-2] [INFO] [1744576371.600490562] [drone_home1.controller]: Bearing: -80.79°
[controller-2] [INFO] [1744576371.602230971] [drone_home1.controller]: Going to [(29.639567, -82.361102)]: 9.86 meters
[controller-2] [INFO] [1744576371.700058275] [drone_home1.controller]: Bearing: -81.10°
[controller-2] [INFO] [1744576371.701634268] [drone_home1.controller]: Going to [(29.639567, -82.361102)]: 9.76 meters
[controller-2] [INFO] [1744576371.800019905] [drone_home1.controller]: Bearing: -81.10°
[controller-2] [INFO] [1744576371.801601051] [drone_home1.controller]: Going to [(29.639567, -82.361102)]: 9.76 meters
[controller-2] [INFO] [1744576371.900280639] [drone_home1.controller]: Bearing: -81.10°
[controller-2] [INFO] [1744576371.902346230] [drone_home1.controller]: Going to [(29.639567, -82.361102)]: 9.76 meters
[controller-2] [INFO] [1744576372.000279069] [drone_home1.controller]: Bearing: -81.10°
[controller-2] [INFO] [1744576372.002480052] [drone_home1.controller]: Going to [(29.639567, -82.361102)]: 9.76 meters
[controller-2] [INFO] [1744576372.100304229] [drone_home1.controller]: Bearing: -81.41°
[controller-2] [INFO] [1744576372.101851263] [drone_home1.controller]: Going to [(29.639567, -82.361102)]: 9.65 meters
[controller-2] [INFO] [1744576372.201464201] [drone_home1.controller]: Bearing: -81.41°
[controller-2] [INFO] [1744576372.202417285] [drone_home1.controller]: Going to [(29.639567, -82.361102)]: 9.65 meters
[controller-2] [INFO] [1744576372.300275574] [drone_home1.controller]: Bearing: -81.57°
[controller-2] [INFO] [1744576372.302739820] [drone_home1.controller]: Going to [(29.639567, -82.361102)]: 9.60 meters
[controller-2] [INFO] [1744576372.400203614] [drone_home1.controller]: Bearing: -81.57°
[controller-2] [INFO] [1744576372.403480049] [drone_home1.controller]: Going to [(29.639567, -82.361102)]: 9.60 meters
[controller-2] [INFO] [1744576372.500416166] [drone_home1.controller]: Bearing: -81.88°
[controller-2] [INFO] [1744576372.502338494] [drone_home1.controller]: Going to [(29.639567, -82.361102)]: 9.50 meters
[controller-2] [INFO] [1744576372.599730353] [drone_home1.controller]: Bearing: -81.88°
[controller-2] [INFO] [1744576372.601841064] [drone_home1.controller]: Going to [(29.639567, -82.361102)]: 9.50 meters
[controller-2] [INFO] [1744576372.700106583] [drone_home1.controller]: Bearing: -82.20°
[controller-2] [INFO] [1744576372.701962000] [drone_home1.controller]: Going to [(29.639567, -82.361102)]: 9.40 meters
[controller-2] [INFO] [1744576372.800125472] [drone_home1.controller]: Bearing: -82.20°
[controller-2] [INFO] [1744576372.801948664] [drone_home1.controller]: Going to [(29.639567, -82.361102)]: 9.40 meters
[controller-2] [INFO] [1744576372.900983300] [drone_home1.controller]: Bearing: -82.36°
[controller-2] [INFO] [1744576372.902790173] [drone_home1.controller]: Going to [(29.639567, -82.361102)]: 9.35 meters
[controller-2] [INFO] [1744576373.000255440] [drone_home1.controller]: Bearing: -82.36°
[controller-2] [INFO] [1744576373.002037576] [drone_home1.controller]: Going to [(29.639567, -82.361102)]: 9.35 meters
[controller-2] [INFO] [1744576373.099544548] [drone_home1.controller]: Bearing: -82.47°
[controller-2] [INFO] [1744576373.100527520] [drone_home1.controller]: Going to [(29.639567, -82.361102)]: 9.06 meters
[controller-2] [INFO] [1744576373.200114484] [drone_home1.controller]: Bearing: -82.79°
[controller-2] [INFO] [1744576373.202755113] [drone_home1.controller]: Going to [(29.639567, -82.361102)]: 8.97 meters
[controller-2] [INFO] [1744576373.299500200] [drone_home1.controller]: Bearing: -82.79°
[controller-2] [INFO] [1744576373.300435684] [drone_home1.controller]: Going to [(29.639567, -82.361102)]: 8.97 meters
[controller-2] [INFO] [1744576373.399364283] [drone_home1.controller]: Bearing: -82.95°
[controller-2] [INFO] [1744576373.400661782] [drone_home1.controller]: Going to [(29.639567, -82.361102)]: 8.92 meters
[controller-2] [INFO] [1744576373.499492524] [drone_home1.controller]: Bearing: -82.95°
[controller-2] [INFO] [1744576373.500400009] [drone_home1.controller]: Going to [(29.639567, -82.361102)]: 8.92 meters
[controller-2] [INFO] [1744576373.599507998] [drone_home1.controller]: Bearing: -83.08°
[controller-2] [INFO] [1744576373.600547450] [drone_home1.controller]: Going to [(29.639567, -82.361102)]: 8.64 meters
[controller-2] [INFO] [1744576373.699406768] [drone_home1.controller]: Bearing: -83.08°
[controller-2] [INFO] [1744576373.700347085] [drone_home1.controller]: Going to [(29.639567, -82.361102)]: 8.64 meters
[controller-2] [INFO] [1744576373.799788577] [drone_home1.controller]: Bearing: -83.32°
[controller-2] [INFO] [1744576373.800935324] [drone_home1.controller]: Going to [(29.639567, -82.361102)]: 8.45 meters
[controller-2] [INFO] [1744576373.899804051] [drone_home1.controller]: Bearing: -83.49°
[controller-2] [INFO] [1744576373.901913514] [drone_home1.controller]: Going to [(29.639567, -82.361102)]: 8.41 meters
[controller-2] [INFO] [1744576373.999482790] [drone_home1.controller]: Bearing: -83.30°
[controller-2] [INFO] [1744576374.000465282] [drone_home1.controller]: Going to [(29.639567, -82.361102)]: 8.21 meters
[controller-2] [INFO] [1744576374.099508545] [drone_home1.controller]: Bearing: -83.65°
[controller-2] [INFO] [1744576374.100789916] [drone_home1.controller]: Going to [(29.639567, -82.361102)]: 8.12 meters
[controller-2] [INFO] [1744576374.199556669] [drone_home1.controller]: Bearing: -83.65°
[controller-2] [INFO] [1744576374.202310610] [drone_home1.controller]: Going to [(29.639567, -82.361102)]: 8.12 meters
[controller-2] [INFO] [1744576374.300160054] [drone_home1.controller]: Bearing: -83.65°
[controller-2] [INFO] [1744576374.301753200] [drone_home1.controller]: Going to [(29.639567, -82.361102)]: 8.12 meters
[controller-2] [INFO] [1744576374.400243218] [drone_home1.controller]: Bearing: -83.45°
[controller-2] [INFO] [1744576374.402102186] [drone_home1.controller]: Going to [(29.639567, -82.361102)]: 7.92 meters
[controller-2] [INFO] [1744576374.500234029] [drone_home1.controller]: Bearing: -83.81°
[controller-2] [INFO] [1744576374.502114534] [drone_home1.controller]: Going to [(29.639567, -82.361102)]: 7.84 meters
[controller-2] [INFO] [1744576374.600105993] [drone_home1.controller]: Bearing: -83.71°
[controller-2] [INFO] [1744576374.603094174] [drone_home1.controller]: Going to [(29.639567, -82.361102)]: 7.74 meters
[controller-2] [INFO] [1744576374.700297092] [drone_home1.controller]: Bearing: -83.71°
[controller-2] [INFO] [1744576374.701900670] [drone_home1.controller]: Going to [(29.639567, -82.361102)]: 7.74 meters
[controller-2] [INFO] [1744576374.800252000] [drone_home1.controller]: Bearing: -83.71°
[controller-2] [INFO] [1744576374.801852250] [drone_home1.controller]: Going to [(29.639567, -82.361102)]: 7.74 meters
[controller-2] [INFO] [1744576374.900305820] [drone_home1.controller]: Bearing: -83.71°
[controller-2] [INFO] [1744576374.901900534] [drone_home1.controller]: Going to [(29.639567, -82.361102)]: 7.74 meters
[controller-2] [INFO] [1744576375.000414263] [drone_home1.controller]: Bearing: -83.70°
[controller-2] [INFO] [1744576375.001998545] [drone_home1.controller]: Going to [(29.639567, -82.361102)]: 7.50 meters
[controller-2] [INFO] [1744576375.101541240] [drone_home1.controller]: Bearing: -83.70°
[controller-2] [INFO] [1744576375.103155378] [drone_home1.controller]: Going to [(29.639567, -82.361102)]: 7.50 meters
[controller-2] [INFO] [1744576375.200272098] [drone_home1.controller]: Bearing: -83.70°
[controller-2] [INFO] [1744576375.202566905] [drone_home1.controller]: Going to [(29.639567, -82.361102)]: 7.50 meters
[controller-2] [INFO] [1744576375.300354471] [drone_home1.controller]: Bearing: -83.70°
[controller-2] [INFO] [1744576375.301961505] [drone_home1.controller]: Going to [(29.639567, -82.361102)]: 7.50 meters
[controller-2] [INFO] [1744576375.400203789] [drone_home1.controller]: Bearing: -84.08°
[controller-2] [INFO] [1744576375.401835655] [drone_home1.controller]: Going to [(29.639567, -82.361102)]: 7.42 meters
[controller-2] [INFO] [1744576375.500807888] [drone_home1.controller]: Bearing: -83.88°
[controller-2] [INFO] [1744576375.503015432] [drone_home1.controller]: Going to [(29.639567, -82.361102)]: 7.21 meters
[controller-2] [INFO] [1744576375.599433115] [drone_home1.controller]: Bearing: -83.88°
[controller-2] [INFO] [1744576375.600329143] [drone_home1.controller]: Going to [(29.639567, -82.361102)]: 7.21 meters
[controller-2] [INFO] [1744576375.699779167] [drone_home1.controller]: Bearing: -83.88°
[controller-2] [INFO] [1744576375.700889851] [drone_home1.controller]: Going to [(29.639567, -82.361102)]: 7.21 meters
[controller-2] [INFO] [1744576375.800266178] [drone_home1.controller]: Bearing: -83.88°
[controller-2] [INFO] [1744576375.801896412] [drone_home1.controller]: Going to [(29.639567, -82.361102)]: 7.21 meters
[controller-2] [INFO] [1744576375.900287848] [drone_home1.controller]: Bearing: -83.88°
[controller-2] [INFO] [1744576375.901880066] [drone_home1.controller]: Going to [(29.639567, -82.361102)]: 7.21 meters
[controller-2] [INFO] [1744576376.000211341] [drone_home1.controller]: Bearing: -83.88°
[controller-2] [INFO] [1744576376.002026502] [drone_home1.controller]: Going to [(29.639567, -82.361102)]: 7.21 meters
[controller-2] [INFO] [1744576376.100418011] [drone_home1.controller]: Bearing: -84.17°
[controller-2] [INFO] [1744576376.102506483] [drone_home1.controller]: Going to [(29.639567, -82.361102)]: 7.03 meters
[controller-2] [INFO] [1744576376.199733485] [drone_home1.controller]: Bearing: -84.17°
[controller-2] [INFO] [1744576376.200852617] [drone_home1.controller]: Going to [(29.639567, -82.361102)]: 7.03 meters
[controller-2] [INFO] [1744576376.300492601] [drone_home1.controller]: Bearing: -84.17°
[controller-2] [INFO] [1744576376.302335666] [drone_home1.controller]: Going to [(29.639567, -82.361102)]: 7.03 meters
[controller-2] [INFO] [1744576376.399600747] [drone_home1.controller]: Bearing: -84.17°
[controller-2] [INFO] [1744576376.400593096] [drone_home1.controller]: Going to [(29.639567, -82.361102)]: 7.03 meters
[controller-2] [INFO] [1744576376.500169912] [drone_home1.controller]: Bearing: -84.17°
[controller-2] [INFO] [1744576376.501208308] [drone_home1.controller]: Going to [(29.639567, -82.361102)]: 7.03 meters
[controller-2] [INFO] [1744576376.599810665] [drone_home1.controller]: Bearing: -84.17°
[controller-2] [INFO] [1744576376.602483039] [drone_home1.controller]: Going to [(29.639567, -82.361102)]: 7.03 meters
[controller-2] [INFO] [1744576376.700458357] [drone_home1.controller]: Bearing: -84.17°
[controller-2] [INFO] [1744576376.702620237] [drone_home1.controller]: Going to [(29.639567, -82.361102)]: 7.03 meters
[controller-2] [INFO] [1744576376.800306853] [drone_home1.controller]: Bearing: -84.37°
[controller-2] [INFO] [1744576376.802002687] [drone_home1.controller]: Going to [(29.639567, -82.361102)]: 6.99 meters
[controller-2] [INFO] [1744576376.900347828] [drone_home1.controller]: Bearing: -84.37°
[controller-2] [INFO] [1744576376.901932366] [drone_home1.controller]: Going to [(29.639567, -82.361102)]: 6.99 meters
[controller-2] [INFO] [1744576377.000237091] [drone_home1.controller]: Bearing: -84.37°
[controller-2] [INFO] [1744576377.002077309] [drone_home1.controller]: Going to [(29.639567, -82.361102)]: 6.99 meters
[controller-2] [INFO] [1744576377.100415963] [drone_home1.controller]: Bearing: -84.37°
[controller-2] [INFO] [1744576377.101991413] [drone_home1.controller]: Going to [(29.639567, -82.361102)]: 6.99 meters
[controller-2] [INFO] [1744576377.200280564] [drone_home1.controller]: Bearing: -84.37°
[controller-2] [INFO] [1744576377.201844527] [drone_home1.controller]: Going to [(29.639567, -82.361102)]: 6.99 meters
[controller-2] [INFO] [1744576377.300253645] [drone_home1.controller]: Bearing: -84.37°
[controller-2] [INFO] [1744576377.301846311] [drone_home1.controller]: Going to [(29.639567, -82.361102)]: 6.99 meters
[controller-2] [INFO] [1744576377.400185094] [drone_home1.controller]: Bearing: -84.37°
[controller-2] [INFO] [1744576377.401821952] [drone_home1.controller]: Going to [(29.639567, -82.361102)]: 6.99 meters
[controller-2] [INFO] [1744576377.500408094] [drone_home1.controller]: Bearing: -84.37°
[controller-2] [INFO] [1744576377.502522614] [drone_home1.controller]: Going to [(29.639567, -82.361102)]: 6.99 meters
[controller-2] [INFO] [1744576377.599579802] [drone_home1.controller]: Bearing: -84.77°
[controller-2] [INFO] [1744576377.600716822] [drone_home1.controller]: Going to [(29.639567, -82.361102)]: 6.92 meters
[controller-2] [INFO] [1744576377.700249808] [drone_home1.controller]: Bearing: -84.77°
[controller-2] [INFO] [1744576377.701828362] [drone_home1.controller]: Going to [(29.639567, -82.361102)]: 6.92 meters
[controller-2] [INFO] [1744576377.799691275] [drone_home1.controller]: Bearing: -84.77°
[controller-2] [INFO] [1744576377.800911686] [drone_home1.controller]: Going to [(29.639567, -82.361102)]: 6.92 meters
[controller-2] [INFO] [1744576377.900227649] [drone_home1.controller]: Bearing: -84.77°
[controller-2] [INFO] [1744576377.901780924] [drone_home1.controller]: Going to [(29.639567, -82.361102)]: 6.92 meters
[controller-2] [INFO] [1744576377.999800700] [drone_home1.controller]: Bearing: -84.77°
[controller-2] [INFO] [1744576378.001523381] [drone_home1.controller]: Going to [(29.639567, -82.361102)]: 6.92 meters
[controller-2] [INFO] [1744576378.099691838] [drone_home1.controller]: Bearing: -84.77°
[controller-2] [INFO] [1744576378.100650651] [drone_home1.controller]: Going to [(29.639567, -82.361102)]: 6.92 meters
[controller-2] [INFO] [1744576378.199730976] [drone_home1.controller]: Bearing: -84.77°
[controller-2] [INFO] [1744576378.200740957] [drone_home1.controller]: Going to [(29.639567, -82.361102)]: 6.92 meters
[controller-2] [INFO] [1744576378.299651363] [drone_home1.controller]: Bearing: -84.77°
[controller-2] [INFO] [1744576378.300589599] [drone_home1.controller]: Going to [(29.639567, -82.361102)]: 6.92 meters
[controller-2] [INFO] [1744576378.399989220] [drone_home1.controller]: Bearing: -84.77°
[controller-2] [INFO] [1744576378.401033696] [drone_home1.controller]: Going to [(29.639567, -82.361102)]: 6.92 meters
[controller-2] [INFO] [1744576378.500712996] [drone_home1.controller]: Bearing: -84.77°
[controller-2] [INFO] [1744576378.503576410] [drone_home1.controller]: Going to [(29.639567, -82.361102)]: 6.92 meters
[controller-2] [INFO] [1744576378.599559850] [drone_home1.controller]: Bearing: -84.77°
[controller-2] [INFO] [1744576378.600523495] [drone_home1.controller]: Going to [(29.639567, -82.361102)]: 6.92 meters
[controller-2] [INFO] [1744576378.699534349] [drone_home1.controller]: Bearing: -84.86°
[controller-2] [INFO] [1744576378.700500329] [drone_home1.controller]: Going to [(29.639567, -82.361102)]: 7.03 meters
[controller-2] [INFO] [1744576378.799584847] [drone_home1.controller]: Bearing: -84.86°
[controller-2] [INFO] [1744576378.800555915] [drone_home1.controller]: Going to [(29.639567, -82.361102)]: 7.03 meters
[controller-2] [INFO] [1744576378.899573873] [drone_home1.controller]: Bearing: -84.86°
[controller-2] [INFO] [1744576378.900833069] [drone_home1.controller]: Going to [(29.639567, -82.361102)]: 7.03 meters
[controller-2] [INFO] [1744576379.000406000] [drone_home1.controller]: Bearing: -84.86°
[controller-2] [INFO] [1744576379.001998187] [drone_home1.controller]: Going to [(29.639567, -82.361102)]: 7.03 meters
[controller-2] [INFO] [1744576379.100399452] [drone_home1.controller]: Bearing: -84.86°
[controller-2] [INFO] [1744576379.101948727] [drone_home1.controller]: Going to [(29.639567, -82.361102)]: 7.03 meters
[controller-2] [INFO] [1744576379.200356680] [drone_home1.controller]: Bearing: -84.86°
[controller-2] [INFO] [1744576379.201900931] [drone_home1.controller]: Going to [(29.639567, -82.361102)]: 7.03 meters
[controller-2] [INFO] [1744576379.299505591] [drone_home1.controller]: Bearing: -84.86°
[controller-2] [INFO] [1744576379.300531796] [drone_home1.controller]: Going to [(29.639567, -82.361102)]: 7.03 meters
[controller-2] [INFO] [1744576379.400381568] [drone_home1.controller]: Bearing: -84.86°
[controller-2] [INFO] [1744576379.402014395] [drone_home1.controller]: Going to [(29.639567, -82.361102)]: 7.03 meters
[controller-2] [INFO] [1744576379.499688910] [drone_home1.controller]: Bearing: -84.86°
[controller-2] [INFO] [1744576379.500715787] [drone_home1.controller]: Going to [(29.639567, -82.361102)]: 7.03 meters
[controller-2] [INFO] [1744576379.599634810] [drone_home1.controller]: Bearing: -84.86°
[controller-2] [INFO] [1744576379.600665495] [drone_home1.controller]: Going to [(29.639567, -82.361102)]: 7.03 meters
[controller-2] [INFO] [1744576379.699768166] [drone_home1.controller]: Bearing: -84.86°
[controller-2] [INFO] [1744576379.700727555] [drone_home1.controller]: Going to [(29.639567, -82.361102)]: 7.03 meters
[controller-2] [INFO] [1744576379.800725935] [drone_home1.controller]: Bearing: -84.86°
[controller-2] [INFO] [1744576379.801752235] [drone_home1.controller]: Going to [(29.639567, -82.361102)]: 7.03 meters
[controller-2] [INFO] [1744576379.899504479] [drone_home1.controller]: Bearing: -84.86°
[controller-2] [INFO] [1744576379.900492347] [drone_home1.controller]: Going to [(29.639567, -82.361102)]: 7.03 meters
[controller-2] [INFO] [1744576380.000399656] [drone_home1.controller]: Bearing: -84.86°
[controller-2] [INFO] [1744576380.002049730] [drone_home1.controller]: Going to [(29.639567, -82.361102)]: 7.03 meters
[controller-2] [INFO] [1744576380.100407485] [drone_home1.controller]: Bearing: -84.86°
[controller-2] [INFO] [1744576380.102032568] [drone_home1.controller]: Going to [(29.639567, -82.361102)]: 7.03 meters
[controller-2] [INFO] [1744576380.199494709] [drone_home1.controller]: Bearing: -84.86°
[controller-2] [INFO] [1744576380.200471538] [drone_home1.controller]: Going to [(29.639567, -82.361102)]: 7.03 meters
[controller-2] [INFO] [1744576380.300225033] [drone_home1.controller]: Bearing: -84.86°
[controller-2] [INFO] [1744576380.301835939] [drone_home1.controller]: Going to [(29.639567, -82.361102)]: 7.03 meters
[controller-2] [INFO] [1744576380.399943807] [drone_home1.controller]: Bearing: -84.86°
[controller-2] [INFO] [1744576380.400962684] [drone_home1.controller]: Going to [(29.639567, -82.361102)]: 7.03 meters
[controller-2] [INFO] [1744576380.500389139] [drone_home1.controller]: Bearing: -84.77°
[controller-2] [INFO] [1744576380.501987470] [drone_home1.controller]: Going to [(29.639567, -82.361102)]: 6.92 meters
[controller-2] [INFO] [1744576380.600244041] [drone_home1.controller]: Bearing: -84.77°
[controller-2] [INFO] [1744576380.601978371] [drone_home1.controller]: Going to [(29.639567, -82.361102)]: 6.92 meters
[controller-2] [INFO] [1744576380.700306559] [drone_home1.controller]: Bearing: -84.77°
[controller-2] [INFO] [1744576380.701896857] [drone_home1.controller]: Going to [(29.639567, -82.361102)]: 6.92 meters
[controller-2] [INFO] [1744576380.800402388] [drone_home1.controller]: Bearing: -85.17°
[controller-2] [INFO] [1744576380.802638284] [drone_home1.controller]: Going to [(29.639567, -82.361102)]: 6.85 meters
[controller-2] [INFO] [1744576380.900045418] [drone_home1.controller]: Bearing: -85.17°
[controller-2] [INFO] [1744576380.901558981] [drone_home1.controller]: Going to [(29.639567, -82.361102)]: 6.85 meters
[controller-2] [INFO] [1744576380.999431298] [drone_home1.controller]: Bearing: -85.17°
[controller-2] [INFO] [1744576381.000394143] [drone_home1.controller]: Going to [(29.639567, -82.361102)]: 6.85 meters
[controller-2] [INFO] [1744576381.100095839] [drone_home1.controller]: Bearing: -85.17°
[controller-2] [INFO] [1744576381.101750169] [drone_home1.controller]: Going to [(29.639567, -82.361102)]: 6.85 meters
[controller-2] [INFO] [1744576381.200338237] [drone_home1.controller]: Bearing: -85.17°
[controller-2] [INFO] [1744576381.202388758] [drone_home1.controller]: Going to [(29.639567, -82.361102)]: 6.85 meters
[controller-2] [INFO] [1744576381.299738622] [drone_home1.controller]: Bearing: -85.17°
[controller-2] [INFO] [1744576381.300689947] [drone_home1.controller]: Going to [(29.639567, -82.361102)]: 6.85 meters
[controller-2] [INFO] [1744576381.399598430] [drone_home1.controller]: Bearing: -85.17°
[controller-2] [INFO] [1744576381.400612858] [drone_home1.controller]: Going to [(29.639567, -82.361102)]: 6.85 meters
[controller-2] [INFO] [1744576381.500431258] [drone_home1.controller]: Bearing: -85.17°
[controller-2] [INFO] [1744576381.502036725] [drone_home1.controller]: Going to [(29.639567, -82.361102)]: 6.85 meters
[controller-2] [INFO] [1744576381.599738203] [drone_home1.controller]: Bearing: -85.37°
[controller-2] [INFO] [1744576381.600757496] [drone_home1.controller]: Going to [(29.639567, -82.361102)]: 6.82 meters
[controller-2] [INFO] [1744576381.699561659] [drone_home1.controller]: Bearing: -85.37°
[controller-2] [INFO] [1744576381.700545944] [drone_home1.controller]: Going to [(29.639567, -82.361102)]: 6.82 meters
[controller-2] [INFO] [1744576381.800340184] [drone_home1.controller]: Bearing: -85.37°
[controller-2] [INFO] [1744576381.801965171] [drone_home1.controller]: Going to [(29.639567, -82.361102)]: 6.82 meters
[controller-2] [INFO] [1744576381.899478234] [drone_home1.controller]: Bearing: -85.37°
[controller-2] [INFO] [1744576381.900562358] [drone_home1.controller]: Going to [(29.639567, -82.361102)]: 6.82 meters
[controller-2] [INFO] [1744576382.000405462] [drone_home1.controller]: Bearing: -85.37°
[controller-2] [INFO] [1744576382.003007981] [drone_home1.controller]: Going to [(29.639567, -82.361102)]: 6.82 meters
[controller-2] [INFO] [1744576382.100328382] [drone_home1.controller]: Bearing: -85.21°
[controller-2] [INFO] [1744576382.102621079] [drone_home1.controller]: Going to [(29.639567, -82.361102)]: 6.61 meters
[controller-2] [INFO] [1744576382.199703849] [drone_home1.controller]: Bearing: -85.21°
[controller-2] [INFO] [1744576382.200717702] [drone_home1.controller]: Going to [(29.639567, -82.361102)]: 6.61 meters
[controller-2] [INFO] [1744576382.299429555] [drone_home1.controller]: Bearing: -85.21°
[controller-2] [INFO] [1744576382.300412431] [drone_home1.controller]: Going to [(29.639567, -82.361102)]: 6.61 meters
[controller-2] [INFO] [1744576382.399430459] [drone_home1.controller]: Bearing: -85.21°
[controller-2] [INFO] [1744576382.400317912] [drone_home1.controller]: Going to [(29.639567, -82.361102)]: 6.61 meters
[controller-2] [INFO] [1744576382.500964735] [drone_home1.controller]: Bearing: -85.21°
[controller-2] [INFO] [1744576382.503233112] [drone_home1.controller]: Going to [(29.639567, -82.361102)]: 6.61 meters
[controller-2] [INFO] [1744576382.600054027] [drone_home1.controller]: Bearing: -85.21°
[controller-2] [INFO] [1744576382.602078340] [drone_home1.controller]: Going to [(29.639567, -82.361102)]: 6.61 meters
[controller-2] [INFO] [1744576382.700993168] [drone_home1.controller]: Bearing: -85.21°
[controller-2] [INFO] [1744576382.702744075] [drone_home1.controller]: Going to [(29.639567, -82.361102)]: 6.61 meters
[controller-2] [INFO] [1744576382.800346683] [drone_home1.controller]: Bearing: -85.21°
[controller-2] [INFO] [1744576382.801932054] [drone_home1.controller]: Going to [(29.639567, -82.361102)]: 6.61 meters
[controller-2] [INFO] [1744576382.900169796] [drone_home1.controller]: Bearing: -85.21°
[controller-2] [INFO] [1744576382.901719168] [drone_home1.controller]: Going to [(29.639567, -82.361102)]: 6.61 meters
[controller-2] [INFO] [1744576383.000096909] [drone_home1.controller]: Bearing: -85.21°
[controller-2] [INFO] [1744576383.001845576] [drone_home1.controller]: Going to [(29.639567, -82.361102)]: 6.61 meters
[controller-2] [INFO] [1744576383.100468862] [drone_home1.controller]: Bearing: -85.62°
[controller-2] [INFO] [1744576383.102313336] [drone_home1.controller]: Going to [(29.639567, -82.361102)]: 6.55 meters
[controller-2] [INFO] [1744576383.200289297] [drone_home1.controller]: Bearing: -85.46°
[controller-2] [INFO] [1744576383.201244910] [drone_home1.controller]: Going to [(29.639567, -82.361102)]: 6.34 meters
[controller-2] [INFO] [1744576383.300747330] [drone_home1.controller]: Bearing: -85.46°
[controller-2] [INFO] [1744576383.302141533] [drone_home1.controller]: Going to [(29.639567, -82.361102)]: 6.34 meters
[controller-2] [INFO] [1744576383.400637492] [drone_home1.controller]: Bearing: -85.46°
[controller-2] [INFO] [1744576383.401876112] [drone_home1.controller]: Going to [(29.639567, -82.361102)]: 6.34 meters
[controller-2] [INFO] [1744576383.500107720] [drone_home1.controller]: Bearing: -85.46°
[controller-2] [INFO] [1744576383.502975263] [drone_home1.controller]: Going to [(29.639567, -82.361102)]: 6.34 meters
[controller-2] [INFO] [1744576383.600367673] [drone_home1.controller]: Bearing: -85.89°
[controller-2] [INFO] [1744576383.602044756] [drone_home1.controller]: Going to [(29.639567, -82.361102)]: 6.28 meters
[controller-2] [INFO] [1744576383.700291436] [drone_home1.controller]: Bearing: -85.81°
[controller-2] [INFO] [1744576383.701841639] [drone_home1.controller]: Going to [(29.639567, -82.361102)]: 6.17 meters
[controller-2] [INFO] [1744576383.800361662] [drone_home1.controller]: Bearing: -85.81°
[controller-2] [INFO] [1744576383.802879318] [drone_home1.controller]: Going to [(29.639567, -82.361102)]: 6.17 meters
[controller-2] [INFO] [1744576383.900439664] [drone_home1.controller]: Bearing: -85.81°
[controller-2] [INFO] [1744576383.902469034] [drone_home1.controller]: Going to [(29.639567, -82.361102)]: 6.17 meters
[controller-2] [INFO] [1744576383.999940708] [drone_home1.controller]: Bearing: -85.81°
[controller-2] [INFO] [1744576384.001059936] [drone_home1.controller]: Going to [(29.639567, -82.361102)]: 6.17 meters
[controller-2] [INFO] [1744576384.099536224] [drone_home1.controller]: Bearing: -85.81°
[controller-2] [INFO] [1744576384.100457373] [drone_home1.controller]: Going to [(29.639567, -82.361102)]: 6.17 meters
[controller-2] [INFO] [1744576384.199386428] [drone_home1.controller]: Bearing: -85.88°
[controller-2] [INFO] [1744576384.200568345] [drone_home1.controller]: Going to [(29.639567, -82.361102)]: 5.93 meters
[controller-2] [INFO] [1744576384.300345621] [drone_home1.controller]: Bearing: -85.88°
[controller-2] [INFO] [1744576384.302396047] [drone_home1.controller]: Going to [(29.639567, -82.361102)]: 5.93 meters
[controller-2] [INFO] [1744576384.400145682] [drone_home1.controller]: Bearing: -85.88°
[controller-2] [INFO] [1744576384.401757453] [drone_home1.controller]: Going to [(29.639567, -82.361102)]: 5.93 meters
[controller-2] [INFO] [1744576384.500192301] [drone_home1.controller]: Bearing: -85.88°
[controller-2] [INFO] [1744576384.501782057] [drone_home1.controller]: Going to [(29.639567, -82.361102)]: 5.93 meters
[controller-2] [INFO] [1744576384.600074313] [drone_home1.controller]: Bearing: -85.88°
[controller-2] [INFO] [1744576384.601600101] [drone_home1.controller]: Going to [(29.639567, -82.361102)]: 5.93 meters
[controller-2] [INFO] [1744576384.700484484] [drone_home1.controller]: Bearing: -85.88°
[controller-2] [INFO] [1744576384.702085535] [drone_home1.controller]: Going to [(29.639567, -82.361102)]: 5.93 meters
[controller-2] [INFO] [1744576384.800351264] [drone_home1.controller]: Bearing: -86.34°
[controller-2] [INFO] [1744576384.801954779] [drone_home1.controller]: Going to [(29.639567, -82.361102)]: 5.88 meters
[controller-2] [INFO] [1744576384.899878557] [drone_home1.controller]: Bearing: -86.19°
[controller-2] [INFO] [1744576384.900824314] [drone_home1.controller]: Going to [(29.639567, -82.361102)]: 5.66 meters
[controller-2] [INFO] [1744576384.999709049] [drone_home1.controller]: Bearing: -86.19°
[controller-2] [INFO] [1744576385.000761686] [drone_home1.controller]: Going to [(29.639567, -82.361102)]: 5.66 meters
[controller-2] [INFO] [1744576385.100458908] [drone_home1.controller]: Bearing: -86.19°
[controller-2] [INFO] [1744576385.102060888] [drone_home1.controller]: Going to [(29.639567, -82.361102)]: 5.66 meters
[controller-2] [INFO] [1744576385.199432772] [drone_home1.controller]: Bearing: -86.19°
[controller-2] [INFO] [1744576385.200391074] [drone_home1.controller]: Going to [(29.639567, -82.361102)]: 5.66 meters
[controller-2] [INFO] [1744576385.299770761] [drone_home1.controller]: Bearing: -86.19°
[controller-2] [INFO] [1744576385.300868325] [drone_home1.controller]: Going to [(29.639567, -82.361102)]: 5.66 meters
[controller-2] [INFO] [1744576385.399398671] [drone_home1.controller]: Bearing: -86.19°
[controller-2] [INFO] [1744576385.400902443] [drone_home1.controller]: Going to [(29.639567, -82.361102)]: 5.66 meters
[controller-2] [INFO] [1744576385.500221554] [drone_home1.controller]: Bearing: -86.19°
[controller-2] [INFO] [1744576385.501798477] [drone_home1.controller]: Going to [(29.639567, -82.361102)]: 5.66 meters
[controller-2] [INFO] [1744576385.600271767] [drone_home1.controller]: Bearing: -86.19°
[controller-2] [INFO] [1744576385.602153298] [drone_home1.controller]: Going to [(29.639567, -82.361102)]: 5.66 meters
[controller-2] [INFO] [1744576385.700296124] [drone_home1.controller]: Bearing: -86.19°
[controller-2] [INFO] [1744576385.701876376] [drone_home1.controller]: Going to [(29.639567, -82.361102)]: 5.66 meters
[controller-2] [INFO] [1744576385.799460868] [drone_home1.controller]: Bearing: -86.19°
[controller-2] [INFO] [1744576385.800377921] [drone_home1.controller]: Going to [(29.639567, -82.361102)]: 5.66 meters
[controller-2] [INFO] [1744576385.899381545] [drone_home1.controller]: Bearing: -86.34°
[controller-2] [INFO] [1744576385.900286535] [drone_home1.controller]: Going to [(29.639567, -82.361102)]: 5.88 meters
[controller-2] [INFO] [1744576386.000316236] [drone_home1.controller]: Bearing: -86.34°
[controller-2] [INFO] [1744576386.002043879] [drone_home1.controller]: Going to [(29.639567, -82.361102)]: 5.88 meters
[controller-2] [INFO] [1744576386.100128795] [drone_home1.controller]: Bearing: -86.34°
[controller-2] [INFO] [1744576386.101674774] [drone_home1.controller]: Going to [(29.639567, -82.361102)]: 5.88 meters
[controller-2] [INFO] [1744576386.200152969] [drone_home1.controller]: Bearing: -86.34°
[controller-2] [INFO] [1744576386.202379491] [drone_home1.controller]: Going to [(29.639567, -82.361102)]: 5.88 meters
[controller-2] [INFO] [1744576386.300369495] [drone_home1.controller]: Bearing: -86.34°
[controller-2] [INFO] [1744576386.302472178] [drone_home1.controller]: Going to [(29.639567, -82.361102)]: 5.88 meters
[controller-2] [INFO] [1744576386.400204231] [drone_home1.controller]: Bearing: -86.34°
[controller-2] [INFO] [1744576386.402217921] [drone_home1.controller]: Going to [(29.639567, -82.361102)]: 5.88 meters
[controller-2] [INFO] [1744576386.500458101] [drone_home1.controller]: Bearing: -86.34°
[controller-2] [INFO] [1744576386.502749230] [drone_home1.controller]: Going to [(29.639567, -82.361102)]: 5.88 meters
[controller-2] [INFO] [1744576386.600525507] [drone_home1.controller]: Bearing: -86.34°
[controller-2] [INFO] [1744576386.602139807] [drone_home1.controller]: Going to [(29.639567, -82.361102)]: 5.88 meters
[controller-2] [INFO] [1744576386.700363474] [drone_home1.controller]: Bearing: -86.34°
[controller-2] [INFO] [1744576386.702683788] [drone_home1.controller]: Going to [(29.639567, -82.361102)]: 5.88 meters
[controller-2] [INFO] [1744576386.799946786] [drone_home1.controller]: Bearing: -86.34°
[controller-2] [INFO] [1744576386.800977695] [drone_home1.controller]: Going to [(29.639567, -82.361102)]: 5.88 meters
[controller-2] [INFO] [1744576386.899503218] [drone_home1.controller]: Bearing: -86.34°
[controller-2] [INFO] [1744576386.900443056] [drone_home1.controller]: Going to [(29.639567, -82.361102)]: 5.88 meters
[controller-2] [INFO] [1744576387.000944413] [drone_home1.controller]: Bearing: -86.34°
[controller-2] [INFO] [1744576387.002565113] [drone_home1.controller]: Going to [(29.639567, -82.361102)]: 5.88 meters
[controller-2] [INFO] [1744576387.100489334] [drone_home1.controller]: Bearing: -86.34°
[controller-2] [INFO] [1744576387.102150258] [drone_home1.controller]: Going to [(29.639567, -82.361102)]: 5.88 meters
[controller-2] [INFO] [1744576387.200701230] [drone_home1.controller]: Bearing: -86.34°
[controller-2] [INFO] [1744576387.203185415] [drone_home1.controller]: Going to [(29.639567, -82.361102)]: 5.88 meters
[controller-2] [INFO] [1744576387.299467561] [drone_home1.controller]: Bearing: -86.34°
[controller-2] [INFO] [1744576387.300782502] [drone_home1.controller]: Going to [(29.639567, -82.361102)]: 5.88 meters
[controller-2] [INFO] [1744576387.399563489] [drone_home1.controller]: Bearing: -86.34°
[controller-2] [INFO] [1744576387.400891902] [drone_home1.controller]: Going to [(29.639567, -82.361102)]: 5.88 meters
[controller-2] [INFO] [1744576387.500361655] [drone_home1.controller]: Bearing: -86.34°
[controller-2] [INFO] [1744576387.501947155] [drone_home1.controller]: Going to [(29.639567, -82.361102)]: 5.88 meters
[controller-2] [INFO] [1744576387.600365807] [drone_home1.controller]: Bearing: -86.34°
[controller-2] [INFO] [1744576387.601937099] [drone_home1.controller]: Going to [(29.639567, -82.361102)]: 5.88 meters
[controller-2] [INFO] [1744576387.699506922] [drone_home1.controller]: Bearing: -86.34°
[controller-2] [INFO] [1744576387.700657255] [drone_home1.controller]: Going to [(29.639567, -82.361102)]: 5.88 meters
[controller-2] [INFO] [1744576387.799759329] [drone_home1.controller]: Bearing: -86.34°
[controller-2] [INFO] [1744576387.800797791] [drone_home1.controller]: Going to [(29.639567, -82.361102)]: 5.88 meters
[controller-2] [INFO] [1744576387.900198424] [drone_home1.controller]: Bearing: -86.34°
[controller-2] [INFO] [1744576387.902082547] [drone_home1.controller]: Going to [(29.639567, -82.361102)]: 5.88 meters
[controller-2] [INFO] [1744576387.999411091] [drone_home1.controller]: Bearing: -86.19°
[controller-2] [INFO] [1744576388.000342064] [drone_home1.controller]: Going to [(29.639567, -82.361102)]: 5.66 meters
[controller-2] [INFO] [1744576388.099783795] [drone_home1.controller]: Bearing: -86.34°
[controller-2] [INFO] [1744576388.101135664] [drone_home1.controller]: Going to [(29.639567, -82.361102)]: 5.88 meters
[controller-2] [INFO] [1744576388.199638485] [drone_home1.controller]: Bearing: -86.34°
[controller-2] [INFO] [1744576388.200638898] [drone_home1.controller]: Going to [(29.639567, -82.361102)]: 5.88 meters
[controller-2] [INFO] [1744576388.300750580] [drone_home1.controller]: Bearing: -86.79°
[controller-2] [INFO] [1744576388.301760593] [drone_home1.controller]: Going to [(29.639567, -82.361102)]: 5.83 meters
[controller-2] [INFO] [1744576388.399881624] [drone_home1.controller]: Bearing: -86.79°
[controller-2] [INFO] [1744576388.400825845] [drone_home1.controller]: Going to [(29.639567, -82.361102)]: 5.83 meters
[controller-2] [INFO] [1744576388.499663706] [drone_home1.controller]: Bearing: -86.79°
[controller-2] [INFO] [1744576388.500622071] [drone_home1.controller]: Going to [(29.639567, -82.361102)]: 5.83 meters
[controller-2] [INFO] [1744576388.599611676] [drone_home1.controller]: Bearing: -86.79°
[controller-2] [INFO] [1744576388.600638041] [drone_home1.controller]: Going to [(29.639567, -82.361102)]: 5.83 meters
[controller-2] [INFO] [1744576388.700218876] [drone_home1.controller]: Bearing: -86.79°
[controller-2] [INFO] [1744576388.701809592] [drone_home1.controller]: Going to [(29.639567, -82.361102)]: 5.83 meters
[controller-2] [INFO] [1744576388.800373469] [drone_home1.controller]: Bearing: -86.79°
[controller-2] [INFO] [1744576388.801936281] [drone_home1.controller]: Going to [(29.639567, -82.361102)]: 5.83 meters
[controller-2] [INFO] [1744576388.900242623] [drone_home1.controller]: Bearing: -86.79°
[controller-2] [INFO] [1744576388.901831867] [drone_home1.controller]: Going to [(29.639567, -82.361102)]: 5.83 meters
[controller-2] [INFO] [1744576389.000212129] [drone_home1.controller]: Bearing: -86.79°
[controller-2] [INFO] [1744576389.001778813] [drone_home1.controller]: Going to [(29.639567, -82.361102)]: 5.83 meters
[controller-2] [INFO] [1744576389.100317003] [drone_home1.controller]: Bearing: -86.79°
[controller-2] [INFO] [1744576389.102236358] [drone_home1.controller]: Going to [(29.639567, -82.361102)]: 5.83 meters
[controller-2] [INFO] [1744576389.200276310] [drone_home1.controller]: Bearing: -86.79°
[controller-2] [INFO] [1744576389.201873394] [drone_home1.controller]: Going to [(29.639567, -82.361102)]: 5.83 meters
[controller-2] [INFO] [1744576389.299509507] [drone_home1.controller]: Bearing: -86.66°
[controller-2] [INFO] [1744576389.301069247] [drone_home1.controller]: Going to [(29.639567, -82.361102)]: 5.61 meters
[controller-2] [INFO] [1744576389.399803118] [drone_home1.controller]: Bearing: -86.66°
[controller-2] [INFO] [1744576389.400982219] [drone_home1.controller]: Going to [(29.639567, -82.361102)]: 5.61 meters
[controller-2] [INFO] [1744576389.500177464] [drone_home1.controller]: Bearing: -86.66°
[controller-2] [INFO] [1744576389.501399765] [drone_home1.controller]: Going to [(29.639567, -82.361102)]: 5.61 meters
[controller-2] [INFO] [1744576389.600470306] [drone_home1.controller]: Bearing: -86.66°
[controller-2] [INFO] [1744576389.601395040] [drone_home1.controller]: Going to [(29.639567, -82.361102)]: 5.61 meters
[controller-2] [INFO] [1744576389.700381357] [drone_home1.controller]: Bearing: -86.66°
[controller-2] [INFO] [1744576389.702012777] [drone_home1.controller]: Going to [(29.639567, -82.361102)]: 5.61 meters
[controller-2] [INFO] [1744576389.800326105] [drone_home1.controller]: Bearing: -86.66°
[controller-2] [INFO] [1744576389.801974933] [drone_home1.controller]: Going to [(29.639567, -82.361102)]: 5.61 meters
[controller-2] [INFO] [1744576389.900620067] [drone_home1.controller]: Bearing: -86.66°
[controller-2] [INFO] [1744576389.902215199] [drone_home1.controller]: Going to [(29.639567, -82.361102)]: 5.61 meters
[controller-2] [INFO] [1744576390.000467022] [drone_home1.controller]: Bearing: -86.66°
[controller-2] [INFO] [1744576390.003245160] [drone_home1.controller]: Going to [(29.639567, -82.361102)]: 5.61 meters
[controller-2] [INFO] [1744576390.100894306] [drone_home1.controller]: Bearing: -86.66°
[controller-2] [INFO] [1744576390.102522846] [drone_home1.controller]: Going to [(29.639567, -82.361102)]: 5.61 meters
[controller-2] [INFO] [1744576390.200098072] [drone_home1.controller]: Bearing: -86.66°
[controller-2] [INFO] [1744576390.201128854] [drone_home1.controller]: Going to [(29.639567, -82.361102)]: 5.61 meters
[controller-2] [INFO] [1744576390.299820077] [drone_home1.controller]: Bearing: -86.79°
[controller-2] [INFO] [1744576390.300991978] [drone_home1.controller]: Going to [(29.639567, -82.361102)]: 5.83 meters
[controller-2] [INFO] [1744576390.400080513] [drone_home1.controller]: Bearing: -86.79°
[controller-2] [INFO] [1744576390.401921693] [drone_home1.controller]: Going to [(29.639567, -82.361102)]: 5.83 meters
[controller-2] [INFO] [1744576390.500493236] [drone_home1.controller]: Bearing: -86.79°
[controller-2] [INFO] [1744576390.502873615] [drone_home1.controller]: Going to [(29.639567, -82.361102)]: 5.83 meters
[controller-2] [INFO] [1744576390.600381577] [drone_home1.controller]: Bearing: -86.79°
[controller-2] [INFO] [1744576390.602101893] [drone_home1.controller]: Going to [(29.639567, -82.361102)]: 5.83 meters
[controller-2] [INFO] [1744576390.700583133] [drone_home1.controller]: Bearing: -86.79°
[controller-2] [INFO] [1744576390.703186295] [drone_home1.controller]: Going to [(29.639567, -82.361102)]: 5.83 meters
[controller-2] [INFO] [1744576390.801359568] [drone_home1.controller]: Bearing: -86.79°
[controller-2] [INFO] [1744576390.803716106] [drone_home1.controller]: Going to [(29.639567, -82.361102)]: 5.83 meters
[controller-2] [INFO] [1744576390.900168167] [drone_home1.controller]: Bearing: -86.79°
[controller-2] [INFO] [1744576390.902439618] [drone_home1.controller]: Going to [(29.639567, -82.361102)]: 5.83 meters
[controller-2] [INFO] [1744576391.000331931] [drone_home1.controller]: Bearing: -86.79°
[controller-2] [INFO] [1744576391.002188887] [drone_home1.controller]: Going to [(29.639567, -82.361102)]: 5.83 meters
[controller-2] [INFO] [1744576391.100255801] [drone_home1.controller]: Bearing: -86.79°
[controller-2] [INFO] [1744576391.103113491] [drone_home1.controller]: Going to [(29.639567, -82.361102)]: 5.83 meters
[controller-2] [INFO] [1744576391.200454710] [drone_home1.controller]: Bearing: -86.79°
[controller-2] [INFO] [1744576391.201444436] [drone_home1.controller]: Going to [(29.639567, -82.361102)]: 5.83 meters
[controller-2] [INFO] [1744576391.300215541] [drone_home1.controller]: Bearing: -86.79°
[controller-2] [INFO] [1744576391.301808721] [drone_home1.controller]: Going to [(29.639567, -82.361102)]: 5.83 meters
[controller-2] [INFO] [1744576391.400378322] [drone_home1.controller]: Bearing: -86.79°
[controller-2] [INFO] [1744576391.402194510] [drone_home1.controller]: Going to [(29.639567, -82.361102)]: 5.83 meters
[controller-2] [INFO] [1744576391.500252688] [drone_home1.controller]: Bearing: -86.79°
[controller-2] [INFO] [1744576391.501866541] [drone_home1.controller]: Going to [(29.639567, -82.361102)]: 5.83 meters
[controller-2] [INFO] [1744576391.600220078] [drone_home1.controller]: Bearing: -86.79°
[controller-2] [INFO] [1744576391.602275850] [drone_home1.controller]: Going to [(29.639567, -82.361102)]: 5.83 meters
[controller-2] [INFO] [1744576391.699424078] [drone_home1.controller]: Bearing: -86.79°
[controller-2] [INFO] [1744576391.700375372] [drone_home1.controller]: Going to [(29.639567, -82.361102)]: 5.83 meters
[controller-2] [INFO] [1744576391.799642315] [drone_home1.controller]: Bearing: -86.79°
[controller-2] [INFO] [1744576391.800614793] [drone_home1.controller]: Going to [(29.639567, -82.361102)]: 5.83 meters
[controller-2] [INFO] [1744576391.899878281] [drone_home1.controller]: Bearing: -86.79°
[controller-2] [INFO] [1744576391.900819879] [drone_home1.controller]: Going to [(29.639567, -82.361102)]: 5.83 meters
[controller-2] [INFO] [1744576391.999758759] [drone_home1.controller]: Bearing: -86.79°
[controller-2] [INFO] [1744576392.000841701] [drone_home1.controller]: Going to [(29.639567, -82.361102)]: 5.83 meters
[controller-2] [INFO] [1744576392.100432076] [drone_home1.controller]: Bearing: -86.79°
[controller-2] [INFO] [1744576392.102053065] [drone_home1.controller]: Going to [(29.639567, -82.361102)]: 5.83 meters
[controller-2] [INFO] [1744576392.200229812] [drone_home1.controller]: Bearing: -86.79°
[controller-2] [INFO] [1744576392.201772305] [drone_home1.controller]: Going to [(29.639567, -82.361102)]: 5.83 meters
[controller-2] [INFO] [1744576392.299619869] [drone_home1.controller]: Bearing: -86.79°
[controller-2] [INFO] [1744576392.301194169] [drone_home1.controller]: Going to [(29.639567, -82.361102)]: 5.83 meters
[controller-2] [INFO] [1744576392.401510784] [drone_home1.controller]: Bearing: -86.79°
[controller-2] [INFO] [1744576392.403651675] [drone_home1.controller]: Going to [(29.639567, -82.361102)]: 5.83 meters
[controller-2] [INFO] [1744576392.499718155] [drone_home1.controller]: Bearing: -86.19°
[controller-2] [INFO] [1744576392.500658793] [drone_home1.controller]: Going to [(29.639567, -82.361102)]: 5.66 meters
[controller-2] [INFO] [1744576392.599899954] [drone_home1.controller]: Bearing: -86.19°
[controller-2] [INFO] [1744576392.601073839] [drone_home1.controller]: Going to [(29.639567, -82.361102)]: 5.66 meters
[controller-2] [INFO] [1744576392.700088057] [drone_home1.controller]: Bearing: -86.19°
[controller-2] [INFO] [1744576392.701243222] [drone_home1.controller]: Going to [(29.639567, -82.361102)]: 5.66 meters
[controller-2] [INFO] [1744576392.801019006] [drone_home1.controller]: Bearing: -86.19°
[controller-2] [INFO] [1744576392.803090297] [drone_home1.controller]: Going to [(29.639567, -82.361102)]: 5.66 meters
[controller-2] [INFO] [1744576392.899689864] [drone_home1.controller]: Bearing: -86.19°
[controller-2] [INFO] [1744576392.900671366] [drone_home1.controller]: Going to [(29.639567, -82.361102)]: 5.66 meters
[controller-2] [INFO] [1744576392.999479312] [drone_home1.controller]: Bearing: -86.66°
[controller-2] [INFO] [1744576393.000400878] [drone_home1.controller]: Going to [(29.639567, -82.361102)]: 5.61 meters
[controller-2] [INFO] [1744576393.099480736] [drone_home1.controller]: Bearing: -86.66°
[controller-2] [INFO] [1744576393.100623645] [drone_home1.controller]: Going to [(29.639567, -82.361102)]: 5.61 meters
[controller-2] [INFO] [1744576393.199410417] [drone_home1.controller]: Bearing: -86.66°
[controller-2] [INFO] [1744576393.200374351] [drone_home1.controller]: Going to [(29.639567, -82.361102)]: 5.61 meters
[controller-2] [INFO] [1744576393.300296383] [drone_home1.controller]: Bearing: -86.19°
[controller-2] [INFO] [1744576393.301911356] [drone_home1.controller]: Going to [(29.639567, -82.361102)]: 5.66 meters
[controller-2] [INFO] [1744576393.400382864] [drone_home1.controller]: Bearing: -86.19°
[controller-2] [INFO] [1744576393.401985708] [drone_home1.controller]: Going to [(29.639567, -82.361102)]: 5.66 meters
[controller-2] [INFO] [1744576393.499606818] [drone_home1.controller]: Bearing: -86.19°
[controller-2] [INFO] [1744576393.500557472] [drone_home1.controller]: Going to [(29.639567, -82.361102)]: 5.66 meters
[controller-2] [INFO] [1744576393.599994194] [drone_home1.controller]: Bearing: -86.19°
[controller-2] [INFO] [1744576393.600927920] [drone_home1.controller]: Going to [(29.639567, -82.361102)]: 5.66 meters
[controller-2] [INFO] [1744576393.700129250] [drone_home1.controller]: Bearing: -86.19°
[controller-2] [INFO] [1744576393.701247136] [drone_home1.controller]: Going to [(29.639567, -82.361102)]: 5.66 meters
[controller-2] [INFO] [1744576393.799472756] [drone_home1.controller]: Bearing: -86.19°
[controller-2] [INFO] [1744576393.800724721] [drone_home1.controller]: Going to [(29.639567, -82.361102)]: 5.66 meters
[controller-2] [INFO] [1744576393.900406051] [drone_home1.controller]: Bearing: -86.19°
[controller-2] [INFO] [1744576393.902288959] [drone_home1.controller]: Going to [(29.639567, -82.361102)]: 5.66 meters
[controller-2] [INFO] [1744576393.999579829] [drone_home1.controller]: Bearing: -86.19°
[controller-2] [INFO] [1744576394.000626131] [drone_home1.controller]: Going to [(29.639567, -82.361102)]: 5.66 meters
[controller-2] [INFO] [1744576394.099736782] [drone_home1.controller]: Bearing: -86.19°
[controller-2] [INFO] [1744576394.100742444] [drone_home1.controller]: Going to [(29.639567, -82.361102)]: 5.66 meters
[controller-2] [INFO] [1744576394.200533543] [drone_home1.controller]: Bearing: -86.19°
[controller-2] [INFO] [1744576394.202199075] [drone_home1.controller]: Going to [(29.639567, -82.361102)]: 5.66 meters
[controller-2] [INFO] [1744576394.300369185] [drone_home1.controller]: Bearing: -86.19°
[controller-2] [INFO] [1744576394.302005662] [drone_home1.controller]: Going to [(29.639567, -82.361102)]: 5.66 meters
[controller-2] [INFO] [1744576394.399546332] [drone_home1.controller]: Bearing: -86.19°
[controller-2] [INFO] [1744576394.400544123] [drone_home1.controller]: Going to [(29.639567, -82.361102)]: 5.66 meters
[controller-2] [INFO] [1744576394.500216309] [drone_home1.controller]: Bearing: -86.19°
[controller-2] [INFO] [1744576394.501343027] [drone_home1.controller]: Going to [(29.639567, -82.361102)]: 5.66 meters
[controller-2] [INFO] [1744576394.599457713] [drone_home1.controller]: Bearing: -86.66°
[controller-2] [INFO] [1744576394.600560238] [drone_home1.controller]: Going to [(29.639567, -82.361102)]: 5.61 meters
[controller-2] [INFO] [1744576394.699678474] [drone_home1.controller]: Bearing: -86.66°
[controller-2] [INFO] [1744576394.700631688] [drone_home1.controller]: Going to [(29.639567, -82.361102)]: 5.61 meters
[controller-2] [INFO] [1744576394.800121443] [drone_home1.controller]: Bearing: -86.66°
[controller-2] [INFO] [1744576394.802364223] [drone_home1.controller]: Going to [(29.639567, -82.361102)]: 5.61 meters
[controller-2] [INFO] [1744576394.899486590] [drone_home1.controller]: Bearing: -86.66°
[controller-2] [INFO] [1744576394.900468412] [drone_home1.controller]: Going to [(29.639567, -82.361102)]: 5.61 meters
[controller-2] [INFO] [1744576394.999433752] [drone_home1.controller]: Bearing: -86.66°
[controller-2] [INFO] [1744576395.000505558] [drone_home1.controller]: Going to [(29.639567, -82.361102)]: 5.61 meters
[controller-2] [INFO] [1744576395.099513883] [drone_home1.controller]: Bearing: -86.66°
[controller-2] [INFO] [1744576395.100463801] [drone_home1.controller]: Going to [(29.639567, -82.361102)]: 5.61 meters
[controller-2] [INFO] [1744576395.200242493] [drone_home1.controller]: Bearing: -86.90°
[controller-2] [INFO] [1744576395.202028666] [drone_home1.controller]: Going to [(29.639567, -82.361102)]: 5.59 meters
[controller-2] [INFO] [1744576395.300799839] [drone_home1.controller]: Bearing: -86.90°
[controller-2] [INFO] [1744576395.302429596] [drone_home1.controller]: Going to [(29.639567, -82.361102)]: 5.59 meters
[controller-2] [INFO] [1744576395.400367715] [drone_home1.controller]: Bearing: -86.90°
[controller-2] [INFO] [1744576395.402097280] [drone_home1.controller]: Going to [(29.639567, -82.361102)]: 5.59 meters
[controller-2] [INFO] [1744576395.500206823] [drone_home1.controller]: Bearing: -86.84°
[controller-2] [INFO] [1744576395.501771876] [drone_home1.controller]: Going to [(29.639567, -82.361102)]: 5.48 meters
[controller-2] [INFO] [1744576395.600301258] [drone_home1.controller]: Bearing: -86.84°
[controller-2] [INFO] [1744576395.602972773] [drone_home1.controller]: Going to [(29.639567, -82.361102)]: 5.48 meters
[controller-2] [INFO] [1744576395.700206957] [drone_home1.controller]: Bearing: -87.32°
[controller-2] [INFO] [1744576395.701761290] [drone_home1.controller]: Going to [(29.639567, -82.361102)]: 5.44 meters
[controller-2] [INFO] [1744576395.800245840] [drone_home1.controller]: Bearing: -87.32°
[controller-2] [INFO] [1744576395.801840525] [drone_home1.controller]: Going to [(29.639567, -82.361102)]: 5.44 meters
[controller-2] [INFO] [1744576395.900127732] [drone_home1.controller]: Bearing: -87.32°
[controller-2] [INFO] [1744576395.901234034] [drone_home1.controller]: Going to [(29.639567, -82.361102)]: 5.44 meters
[controller-2] [INFO] [1744576396.000359959] [drone_home1.controller]: Bearing: -87.32°
[controller-2] [INFO] [1744576396.001418741] [drone_home1.controller]: Going to [(29.639567, -82.361102)]: 5.44 meters
[controller-2] [INFO] [1744576396.100469347] [drone_home1.controller]: Bearing: -87.32°
[controller-2] [INFO] [1744576396.102513951] [drone_home1.controller]: Going to [(29.639567, -82.361102)]: 5.44 meters
[controller-2] [INFO] [1744576396.199860336] [drone_home1.controller]: Bearing: -87.32°
[controller-2] [INFO] [1744576396.201001902] [drone_home1.controller]: Going to [(29.639567, -82.361102)]: 5.44 meters
[controller-2] [INFO] [1744576396.300358844] [drone_home1.controller]: Bearing: -87.32°
[controller-2] [INFO] [1744576396.301955609] [drone_home1.controller]: Going to [(29.639567, -82.361102)]: 5.44 meters
[controller-2] [INFO] [1744576396.400390633] [drone_home1.controller]: Bearing: -87.81°
[controller-2] [INFO] [1744576396.403354531] [drone_home1.controller]: Going to [(29.639567, -82.361102)]: 5.41 meters
[controller-2] [INFO] [1744576396.500698517] [drone_home1.controller]: Bearing: -87.71°
[controller-2] [INFO] [1744576396.503044976] [drone_home1.controller]: Going to [(29.639567, -82.361102)]: 5.19 meters
[controller-2] [INFO] [1744576396.600384866] [drone_home1.controller]: Bearing: -87.71°
[controller-2] [INFO] [1744576396.601960255] [drone_home1.controller]: Going to [(29.639567, -82.361102)]: 5.19 meters
[controller-2] [INFO] [1744576396.700732654] [drone_home1.controller]: Bearing: -87.71°
[controller-2] [INFO] [1744576396.702362091] [drone_home1.controller]: Going to [(29.639567, -82.361102)]: 5.19 meters
[controller-2] [INFO] [1744576396.799684156] [drone_home1.controller]: Bearing: -87.71°
[controller-2] [INFO] [1744576396.800657626] [drone_home1.controller]: Going to [(29.639567, -82.361102)]: 5.19 meters
[controller-2] [INFO] [1744576396.899761001] [drone_home1.controller]: Bearing: -87.71°
[controller-2] [INFO] [1744576396.900822471] [drone_home1.controller]: Going to [(29.639567, -82.361102)]: 5.19 meters
[controller-2] [INFO] [1744576396.999448630] [drone_home1.controller]: Bearing: -87.71°
[controller-2] [INFO] [1744576397.000362260] [drone_home1.controller]: Going to [(29.639567, -82.361102)]: 5.19 meters
[controller-2] [INFO] [1744576397.100185130] [drone_home1.controller]: Bearing: -87.71°
[controller-2] [INFO] [1744576397.101850951] [drone_home1.controller]: Going to [(29.639567, -82.361102)]: 5.19 meters
[controller-2] [INFO] [1744576397.199520481] [drone_home1.controller]: Bearing: -87.71°
[controller-2] [INFO] [1744576397.200801055] [drone_home1.controller]: Going to [(29.639567, -82.361102)]: 5.19 meters
[controller-2] [INFO] [1744576397.300348693] [drone_home1.controller]: Bearing: -87.97°
[controller-2] [INFO] [1744576397.301970162] [drone_home1.controller]: Going to [(29.639567, -82.361102)]: 5.17 meters
[controller-2] [INFO] [1744576397.400315179] [drone_home1.controller]: Bearing: -87.97°
[controller-2] [INFO] [1744576397.401879592] [drone_home1.controller]: Going to [(29.639567, -82.361102)]: 5.17 meters
[controller-2] [INFO] [1744576397.500224993] [drone_home1.controller]: Bearing: -87.97°
[controller-2] [INFO] [1744576397.501793022] [drone_home1.controller]: Going to [(29.639567, -82.361102)]: 5.17 meters
[controller-2] [INFO] [1744576397.599559832] [drone_home1.controller]: Bearing: -87.97°
[controller-2] [INFO] [1744576397.600534166] [drone_home1.controller]: Going to [(29.639567, -82.361102)]: 5.17 meters
[controller-2] [INFO] [1744576397.700347053] [drone_home1.controller]: Bearing: -87.97°
[controller-2] [INFO] [1744576397.701954314] [drone_home1.controller]: Going to [(29.639567, -82.361102)]: 5.17 meters
[controller-2] [INFO] [1744576397.800164131] [drone_home1.controller]: Bearing: -87.97°
[controller-2] [INFO] [1744576397.801189441] [drone_home1.controller]: Going to [(29.639567, -82.361102)]: 5.17 meters
[controller-2] [INFO] [1744576397.899748281] [drone_home1.controller]: Bearing: -87.97°
[controller-2] [INFO] [1744576397.901273687] [drone_home1.controller]: Going to [(29.639567, -82.361102)]: 5.17 meters
[controller-2] [INFO] [1744576397.999767023] [drone_home1.controller]: Bearing: -87.87°
[controller-2] [INFO] [1744576398.000887693] [drone_home1.controller]: Going to [(29.639567, -82.361102)]: 4.95 meters
[controller-2] [INFO] [1744576398.099559054] [drone_home1.controller]: Bearing: -87.87°
[controller-2] [INFO] [1744576398.101016940] [drone_home1.controller]: Going to [(29.639567, -82.361102)]: 4.95 meters
[controller-2] [INFO] [1744576398.200258828] [drone_home1.controller]: Bearing: -87.87°
[controller-2] [INFO] [1744576398.201843114] [drone_home1.controller]: Going to [(29.639567, -82.361102)]: 4.95 meters
[controller-2] [INFO] [1744576398.299776332] [drone_home1.controller]: Bearing: -87.87°
[controller-2] [INFO] [1744576398.300877962] [drone_home1.controller]: Going to [(29.639567, -82.361102)]: 4.95 meters
[controller-2] [INFO] [1744576398.400117291] [drone_home1.controller]: Bearing: -87.87°
[controller-2] [INFO] [1744576398.401687048] [drone_home1.controller]: Going to [(29.639567, -82.361102)]: 4.95 meters
[controller-2] [INFO] [1744576398.500076650] [drone_home1.controller]: Bearing: -87.87°
[controller-2] [INFO] [1744576398.501631783] [drone_home1.controller]: Going to [(29.639567, -82.361102)]: 4.95 meters
[controller-2] [INFO] [1744576398.600095369] [drone_home1.controller]: Bearing: -87.87°
[controller-2] [INFO] [1744576398.601665638] [drone_home1.controller]: Going to [(29.639567, -82.361102)]: 4.95 meters
[controller-2] [INFO] [1744576398.699587913] [drone_home1.controller]: Bearing: -87.87°
[controller-2] [INFO] [1744576398.700598407] [drone_home1.controller]: Going to [(29.639567, -82.361102)]: 4.95 meters
[controller-2] [INFO] [1744576398.799641384] [drone_home1.controller]: Bearing: -87.87°
[controller-2] [INFO] [1744576398.800948998] [drone_home1.controller]: Going to [(29.639567, -82.361102)]: 4.95 meters
[controller-2] [INFO] [1744576398.899573831] [drone_home1.controller]: Bearing: -87.97°
[controller-2] [INFO] [1744576398.900497349] [drone_home1.controller]: Going to [(29.639567, -82.361102)]: 5.17 meters
[controller-2] [INFO] [1744576399.000064901] [drone_home1.controller]: Bearing: -87.97°
[controller-2] [INFO] [1744576399.001676003] [drone_home1.controller]: Going to [(29.639567, -82.361102)]: 5.17 meters
[controller-2] [INFO] [1744576399.100207949] [drone_home1.controller]: Bearing: -87.97°
[controller-2] [INFO] [1744576399.101801163] [drone_home1.controller]: Going to [(29.639567, -82.361102)]: 5.17 meters
[controller-2] [INFO] [1744576399.200296725] [drone_home1.controller]: Bearing: -87.97°
[controller-2] [INFO] [1744576399.202045523] [drone_home1.controller]: Going to [(29.639567, -82.361102)]: 5.17 meters
[controller-2] [INFO] [1744576399.300833117] [drone_home1.controller]: Bearing: -87.97°
[controller-2] [INFO] [1744576399.302458522] [drone_home1.controller]: Going to [(29.639567, -82.361102)]: 5.17 meters
[controller-2] [INFO] [1744576399.400265446] [drone_home1.controller]: Bearing: -87.97°
[controller-2] [INFO] [1744576399.401982531] [drone_home1.controller]: Going to [(29.639567, -82.361102)]: 5.17 meters
[controller-2] [INFO] [1744576399.499564303] [drone_home1.controller]: Bearing: -87.97°
[controller-2] [INFO] [1744576399.500591342] [drone_home1.controller]: Going to [(29.639567, -82.361102)]: 5.17 meters
[controller-2] [INFO] [1744576399.599579352] [drone_home1.controller]: Bearing: -87.97°
[controller-2] [INFO] [1744576399.601006710] [drone_home1.controller]: Going to [(29.639567, -82.361102)]: 5.17 meters
[controller-2] [INFO] [1744576399.699500256] [drone_home1.controller]: Bearing: -87.97°
[controller-2] [INFO] [1744576399.700514111] [drone_home1.controller]: Going to [(29.639567, -82.361102)]: 5.17 meters
[controller-2] [INFO] [1744576399.800135528] [drone_home1.controller]: Bearing: -87.97°
[controller-2] [INFO] [1744576399.801136678] [drone_home1.controller]: Going to [(29.639567, -82.361102)]: 5.17 meters
[controller-2] [INFO] [1744576399.900153776] [drone_home1.controller]: Bearing: -87.97°
[controller-2] [INFO] [1744576399.901771053] [drone_home1.controller]: Going to [(29.639567, -82.361102)]: 5.17 meters
[controller-2] [INFO] [1744576400.000129144] [drone_home1.controller]: Bearing: -87.87°
[controller-2] [INFO] [1744576400.001696662] [drone_home1.controller]: Going to [(29.639567, -82.361102)]: 4.95 meters
[controller-2] [INFO] [1744576400.100073194] [drone_home1.controller]: Bearing: -87.87°
[controller-2] [INFO] [1744576400.101651431] [drone_home1.controller]: Going to [(29.639567, -82.361102)]: 4.95 meters
[controller-2] [INFO] [1744576400.200263483] [drone_home1.controller]: Bearing: -87.87°
[controller-2] [INFO] [1744576400.201800057] [drone_home1.controller]: Going to [(29.639567, -82.361102)]: 4.95 meters
[controller-2] [INFO] [1744576400.299560366] [drone_home1.controller]: Bearing: -87.87°
[controller-2] [INFO] [1744576400.300500076] [drone_home1.controller]: Going to [(29.639567, -82.361102)]: 4.95 meters
[controller-2] [INFO] [1744576400.399515071] [drone_home1.controller]: Bearing: -88.41°
[controller-2] [INFO] [1744576400.400491998] [drone_home1.controller]: Going to [(29.639567, -82.361102)]: 4.93 meters
[controller-2] [INFO] [1744576400.500255120] [drone_home1.controller]: Bearing: -88.41°
[controller-2] [INFO] [1744576400.501840749] [drone_home1.controller]: Going to [(29.639567, -82.361102)]: 4.93 meters
[controller-2] [INFO] [1744576400.600191745] [drone_home1.controller]: Bearing: -88.41°
[controller-2] [INFO] [1744576400.601769183] [drone_home1.controller]: Going to [(29.639567, -82.361102)]: 4.93 meters
[controller-2] [INFO] [1744576400.699598804] [drone_home1.controller]: Bearing: -88.41°
[controller-2] [INFO] [1744576400.701160786] [drone_home1.controller]: Going to [(29.639567, -82.361102)]: 4.93 meters
[controller-2] [INFO] [1744576400.799424102] [drone_home1.controller]: Bearing: -88.41°
[controller-2] [INFO] [1744576400.800322820] [drone_home1.controller]: Going to [(29.639567, -82.361102)]: 4.93 meters
[controller-2] [INFO] [1744576400.899520727] [drone_home1.controller]: Bearing: -88.41°
[controller-2] [INFO] [1744576400.900417814] [drone_home1.controller]: Going to [(29.639567, -82.361102)]: 4.93 meters
[controller-2] [INFO] [1744576401.000380455] [drone_home1.controller]: Bearing: -88.94°
[controller-2] [INFO] [1744576401.001504390] [drone_home1.controller]: Going to [(29.639567, -82.361102)]: 4.91 meters
[controller-2] [INFO] [1744576401.099631171] [drone_home1.controller]: Bearing: -88.94°
[controller-2] [INFO] [1744576401.100732897] [drone_home1.controller]: Going to [(29.639567, -82.361102)]: 4.91 meters
[controller-2] [INFO] [1744576401.199576350] [drone_home1.controller]: Bearing: -88.94°
[controller-2] [INFO] [1744576401.200556380] [drone_home1.controller]: Going to [(29.639567, -82.361102)]: 4.91 meters
[controller-2] [INFO] [1744576401.299585368] [drone_home1.controller]: Bearing: -88.91°
[controller-2] [INFO] [1744576401.300523799] [drone_home1.controller]: Going to [(29.639567, -82.361102)]: 4.80 meters
[controller-2] [INFO] [1744576401.399546643] [drone_home1.controller]: Bearing: -88.91°
[controller-2] [INFO] [1744576401.400478290] [drone_home1.controller]: Going to [(29.639567, -82.361102)]: 4.80 meters
[controller-2] [INFO] [1744576401.500163053] [drone_home1.controller]: Bearing: -88.91°
[controller-2] [INFO] [1744576401.502190603] [drone_home1.controller]: Going to [(29.639567, -82.361102)]: 4.80 meters
[controller-2] [INFO] [1744576401.600180552] [drone_home1.controller]: Bearing: -88.91°
[controller-2] [INFO] [1744576401.601758790] [drone_home1.controller]: Going to [(29.639567, -82.361102)]: 4.80 meters
[controller-2] [INFO] [1744576401.700228227] [drone_home1.controller]: Bearing: -88.91°
[controller-2] [INFO] [1744576401.702129984] [drone_home1.controller]: Going to [(29.639567, -82.361102)]: 4.80 meters
[controller-2] [INFO] [1744576401.800260478] [drone_home1.controller]: Bearing: -88.91°
[controller-2] [INFO] [1744576401.801819451] [drone_home1.controller]: Going to [(29.639567, -82.361102)]: 4.80 meters
[controller-2] [INFO] [1744576401.899539065] [drone_home1.controller]: Bearing: -88.91°
[controller-2] [INFO] [1744576401.900523128] [drone_home1.controller]: Going to [(29.639567, -82.361102)]: 4.80 meters
[controller-2] [INFO] [1744576401.999570708] [drone_home1.controller]: Bearing: -88.91°
[controller-2] [INFO] [1744576402.000486675] [drone_home1.controller]: Going to [(29.639567, -82.361102)]: 4.80 meters
[controller-2] [INFO] [1744576402.099627448] [drone_home1.controller]: Bearing: -88.91°
[controller-2] [INFO] [1744576402.100961526] [drone_home1.controller]: Going to [(29.639567, -82.361102)]: 4.80 meters
[controller-2] [INFO] [1744576402.200029051] [drone_home1.controller]: Bearing: -89.18°
[controller-2] [INFO] [1744576402.200967002] [drone_home1.controller]: Going to [(29.639567, -82.361102)]: 4.79 meters
[controller-2] [INFO] [1744576402.300343295] [drone_home1.controller]: Bearing: -89.18°
[controller-2] [INFO] [1744576402.302478364] [drone_home1.controller]: Going to [(29.639567, -82.361102)]: 4.79 meters
[controller-2] [INFO] [1744576402.399780131] [drone_home1.controller]: Bearing: -89.18°
[controller-2] [INFO] [1744576402.400789762] [drone_home1.controller]: Going to [(29.639567, -82.361102)]: 4.79 meters
[controller-2] [INFO] [1744576402.500356231] [drone_home1.controller]: Bearing: -89.18°
[controller-2] [INFO] [1744576402.501925669] [drone_home1.controller]: Going to [(29.639567, -82.361102)]: 4.79 meters
[controller-2] [INFO] [1744576402.601037354] [drone_home1.controller]: Bearing: -89.14°
[controller-2] [INFO] [1744576402.602617288] [drone_home1.controller]: Going to [(29.639567, -82.361102)]: 4.57 meters
[controller-2] [INFO] [1744576402.699500112] [drone_home1.controller]: Bearing: -89.14°
[controller-2] [INFO] [1744576402.700520750] [drone_home1.controller]: Going to [(29.639567, -82.361102)]: 4.57 meters
[controller-2] [INFO] [1744576402.799504532] [drone_home1.controller]: Bearing: -89.14°
[controller-2] [INFO] [1744576402.800491378] [drone_home1.controller]: Going to [(29.639567, -82.361102)]: 4.57 meters
[controller-2] [INFO] [1744576402.899515800] [drone_home1.controller]: Bearing: -89.14°
[controller-2] [INFO] [1744576402.900496310] [drone_home1.controller]: Going to [(29.639567, -82.361102)]: 4.57 meters
[controller-2] [INFO] [1744576402.999492892] [drone_home1.controller]: Bearing: -89.14°
[controller-2] [INFO] [1744576403.000450330] [drone_home1.controller]: Going to [(29.639567, -82.361102)]: 4.57 meters
[controller-2] [INFO] [1744576403.099601960] [drone_home1.controller]: Bearing: -89.14°
[controller-2] [INFO] [1744576403.100532071] [drone_home1.controller]: Going to [(29.639567, -82.361102)]: 4.57 meters
[controller-2] [INFO] [1744576403.200552340] [drone_home1.controller]: Bearing: -89.14°
[controller-2] [INFO] [1744576403.202104754] [drone_home1.controller]: Going to [(29.639567, -82.361102)]: 4.57 meters
[controller-2] [INFO] [1744576403.300360738] [drone_home1.controller]: Bearing: -89.14°
[controller-2] [INFO] [1744576403.301944832] [drone_home1.controller]: Going to [(29.639567, -82.361102)]: 4.57 meters
[controller-2] [INFO] [1744576403.401012142] [drone_home1.controller]: Bearing: -89.71°
[controller-2] [INFO] [1744576403.402623116] [drone_home1.controller]: Going to [(29.639567, -82.361102)]: 4.56 meters
[controller-2] [INFO] [1744576403.501330331] [drone_home1.controller]: Bearing: -89.71°
[controller-2] [INFO] [1744576403.503068697] [drone_home1.controller]: Going to [(29.639567, -82.361102)]: 4.56 meters
[controller-2] [INFO] [1744576403.600351017] [drone_home1.controller]: Bearing: -89.71°
[controller-2] [INFO] [1744576403.601907111] [drone_home1.controller]: Going to [(29.639567, -82.361102)]: 4.56 meters
[controller-2] [INFO] [1744576403.699419703] [drone_home1.controller]: Bearing: -89.71°
[controller-2] [INFO] [1744576403.700962005] [drone_home1.controller]: Going to [(29.639567, -82.361102)]: 4.56 meters
[controller-2] [INFO] [1744576403.800315747] [drone_home1.controller]: Bearing: -89.71°
[controller-2] [INFO] [1744576403.802120001] [drone_home1.controller]: Going to [(29.639567, -82.361102)]: 4.56 meters
[controller-2] [INFO] [1744576403.899423698] [drone_home1.controller]: Bearing: -89.71°
[controller-2] [INFO] [1744576403.900356368] [drone_home1.controller]: Going to [(29.639567, -82.361102)]: 4.56 meters
[controller-2] [INFO] [1744576403.999321247] [drone_home1.controller]: Bearing: -89.71°
[controller-2] [INFO] [1744576404.000254846] [drone_home1.controller]: Going to [(29.639567, -82.361102)]: 4.56 meters
[controller-2] [INFO] [1744576404.100261012] [drone_home1.controller]: Bearing: -89.71°
[controller-2] [INFO] [1744576404.101811826] [drone_home1.controller]: Going to [(29.639567, -82.361102)]: 4.56 meters
[controller-2] [INFO] [1744576404.199355947] [drone_home1.controller]: Bearing: -89.71°
[controller-2] [INFO] [1744576404.200280874] [drone_home1.controller]: Going to [(29.639567, -82.361102)]: 4.56 meters
[controller-2] [INFO] [1744576404.299470401] [drone_home1.controller]: Bearing: -89.71°
[controller-2] [INFO] [1744576404.300440288] [drone_home1.controller]: Going to [(29.639567, -82.361102)]: 4.56 meters
[controller-2] [INFO] [1744576404.399600119] [drone_home1.controller]: Bearing: -89.71°
[controller-2] [INFO] [1744576404.400614006] [drone_home1.controller]: Going to [(29.639567, -82.361102)]: 4.56 meters
[controller-2] [INFO] [1744576404.499690478] [drone_home1.controller]: Bearing: -89.71°
[controller-2] [INFO] [1744576404.500888812] [drone_home1.controller]: Going to [(29.639567, -82.361102)]: 4.56 meters
[controller-2] [INFO] [1744576404.599753156] [drone_home1.controller]: Bearing: -89.71°
[controller-2] [INFO] [1744576404.600801443] [drone_home1.controller]: Going to [(29.639567, -82.361102)]: 4.56 meters
[controller-2] [INFO] [1744576404.700491577] [drone_home1.controller]: Bearing: -89.71°
[controller-2] [INFO] [1744576404.702076952] [drone_home1.controller]: Going to [(29.639567, -82.361102)]: 4.56 meters
[controller-2] [INFO] [1744576404.799807792] [drone_home1.controller]: Bearing: -89.73°
[controller-2] [INFO] [1744576404.800835791] [drone_home1.controller]: Going to [(29.639567, -82.361102)]: 4.78 meters
[controller-2] [INFO] [1744576404.900084486] [drone_home1.controller]: Bearing: -89.71°
[controller-2] [INFO] [1744576404.902043716] [drone_home1.controller]: Going to [(29.639567, -82.361102)]: 4.56 meters
[controller-2] [INFO] [1744576404.999707229] [drone_home1.controller]: Bearing: -89.73°
[controller-2] [INFO] [1744576405.000717372] [drone_home1.controller]: Going to [(29.639567, -82.361102)]: 4.78 meters
[controller-2] [INFO] [1744576405.099592252] [drone_home1.controller]: Bearing: -89.73°
[controller-2] [INFO] [1744576405.100688635] [drone_home1.controller]: Going to [(29.639567, -82.361102)]: 4.78 meters
[controller-2] [INFO] [1744576405.200153787] [drone_home1.controller]: Bearing: -89.73°
[controller-2] [INFO] [1744576405.203375128] [drone_home1.controller]: Going to [(29.639567, -82.361102)]: 4.78 meters
[controller-2] [INFO] [1744576405.300254459] [drone_home1.controller]: Bearing: -89.73°
[controller-2] [INFO] [1744576405.301840505] [drone_home1.controller]: Going to [(29.639567, -82.361102)]: 4.78 meters
[controller-2] [INFO] [1744576405.400201754] [drone_home1.controller]: Bearing: -89.18°
[controller-2] [INFO] [1744576405.401755641] [drone_home1.controller]: Going to [(29.639567, -82.361102)]: 4.79 meters
[controller-2] [INFO] [1744576405.499604314] [drone_home1.controller]: Bearing: -89.18°
[controller-2] [INFO] [1744576405.500587929] [drone_home1.controller]: Going to [(29.639567, -82.361102)]: 4.79 meters
[controller-2] [INFO] [1744576405.599595706] [drone_home1.controller]: Bearing: -89.18°
[controller-2] [INFO] [1744576405.600580313] [drone_home1.controller]: Going to [(29.639567, -82.361102)]: 4.79 meters
[controller-2] [INFO] [1744576405.699541913] [drone_home1.controller]: Bearing: -89.18°
[controller-2] [INFO] [1744576405.700473976] [drone_home1.controller]: Going to [(29.639567, -82.361102)]: 4.79 meters
[controller-2] [INFO] [1744576405.799502904] [drone_home1.controller]: Bearing: -89.18°
[controller-2] [INFO] [1744576405.800478232] [drone_home1.controller]: Going to [(29.639567, -82.361102)]: 4.79 meters
[controller-2] [INFO] [1744576405.899462744] [drone_home1.controller]: Bearing: -89.18°
[controller-2] [INFO] [1744576405.900398679] [drone_home1.controller]: Going to [(29.639567, -82.361102)]: 4.79 meters
[controller-2] [INFO] [1744576405.999496599] [drone_home1.controller]: Bearing: -89.18°
[controller-2] [INFO] [1744576406.000690870] [drone_home1.controller]: Going to [(29.639567, -82.361102)]: 4.79 meters
[controller-2] [INFO] [1744576406.100336063] [drone_home1.controller]: Bearing: -89.18°
[controller-2] [INFO] [1744576406.102010013] [drone_home1.controller]: Going to [(29.639567, -82.361102)]: 4.79 meters
[controller-2] [INFO] [1744576406.200345031] [drone_home1.controller]: Bearing: -89.18°
[controller-2] [INFO] [1744576406.201972710] [drone_home1.controller]: Going to [(29.639567, -82.361102)]: 4.79 meters
[controller-2] [INFO] [1744576406.300373872] [drone_home1.controller]: Bearing: -89.18°
[controller-2] [INFO] [1744576406.302417806] [drone_home1.controller]: Going to [(29.639567, -82.361102)]: 4.79 meters
[controller-2] [INFO] [1744576406.400381720] [drone_home1.controller]: Bearing: -89.18°
[controller-2] [INFO] [1744576406.402365463] [drone_home1.controller]: Going to [(29.639567, -82.361102)]: 4.79 meters
[controller-2] [INFO] [1744576406.500234401] [drone_home1.controller]: Bearing: -89.18°
[controller-2] [INFO] [1744576406.502004800] [drone_home1.controller]: Going to [(29.639567, -82.361102)]: 4.79 meters
[controller-2] [INFO] [1744576406.599535978] [drone_home1.controller]: Bearing: -89.18°
[controller-2] [INFO] [1744576406.600478986] [drone_home1.controller]: Going to [(29.639567, -82.361102)]: 4.79 meters
[controller-2] [INFO] [1744576406.699711987] [drone_home1.controller]: Bearing: -89.18°
[controller-2] [INFO] [1744576406.700720818] [drone_home1.controller]: Going to [(29.639567, -82.361102)]: 4.79 meters
[controller-2] [INFO] [1744576406.799598779] [drone_home1.controller]: Bearing: -89.18°
[controller-2] [INFO] [1744576406.800633275] [drone_home1.controller]: Going to [(29.639567, -82.361102)]: 4.79 meters
[controller-2] [INFO] [1744576406.899749572] [drone_home1.controller]: Bearing: -89.18°
[controller-2] [INFO] [1744576406.900761283] [drone_home1.controller]: Going to [(29.639567, -82.361102)]: 4.79 meters
[controller-2] [INFO] [1744576407.000396940] [drone_home1.controller]: Bearing: -89.18°
[controller-2] [INFO] [1744576407.002375210] [drone_home1.controller]: Going to [(29.639567, -82.361102)]: 4.79 meters
[controller-2] [INFO] [1744576407.100327677] [drone_home1.controller]: Bearing: -89.18°
[controller-2] [INFO] [1744576407.101940092] [drone_home1.controller]: Going to [(29.639567, -82.361102)]: 4.79 meters
[controller-2] [INFO] [1744576407.200544271] [drone_home1.controller]: Bearing: -89.18°
[controller-2] [INFO] [1744576407.202135918] [drone_home1.controller]: Going to [(29.639567, -82.361102)]: 4.79 meters
[controller-2] [INFO] [1744576407.299636961] [drone_home1.controller]: Bearing: -89.18°
[controller-2] [INFO] [1744576407.300614048] [drone_home1.controller]: Going to [(29.639567, -82.361102)]: 4.79 meters
[controller-2] [INFO] [1744576407.399673971] [drone_home1.controller]: Bearing: -89.18°
[controller-2] [INFO] [1744576407.400640338] [drone_home1.controller]: Going to [(29.639567, -82.361102)]: 4.79 meters
[controller-2] [INFO] [1744576407.499539173] [drone_home1.controller]: Bearing: -89.18°
[controller-2] [INFO] [1744576407.500584452] [drone_home1.controller]: Going to [(29.639567, -82.361102)]: 4.79 meters
[controller-2] [INFO] [1744576407.600403030] [drone_home1.controller]: Bearing: -89.18°
[controller-2] [INFO] [1744576407.601967604] [drone_home1.controller]: Going to [(29.639567, -82.361102)]: 4.79 meters
[controller-2] [INFO] [1744576407.699529992] [drone_home1.controller]: Bearing: -89.18°
[controller-2] [INFO] [1744576407.700515463] [drone_home1.controller]: Going to [(29.639567, -82.361102)]: 4.79 meters
[controller-2] [INFO] [1744576407.800148761] [drone_home1.controller]: Bearing: -89.18°
[controller-2] [INFO] [1744576407.801724056] [drone_home1.controller]: Going to [(29.639567, -82.361102)]: 4.79 meters
[controller-2] [INFO] [1744576407.900369227] [drone_home1.controller]: Bearing: -89.18°
[controller-2] [INFO] [1744576407.901947497] [drone_home1.controller]: Going to [(29.639567, -82.361102)]: 4.79 meters
[controller-2] [INFO] [1744576408.000264892] [drone_home1.controller]: Bearing: -89.18°
[controller-2] [INFO] [1744576408.002255323] [drone_home1.controller]: Going to [(29.639567, -82.361102)]: 4.79 meters
[controller-2] [INFO] [1744576408.100430167] [drone_home1.controller]: Bearing: -89.18°
[controller-2] [INFO] [1744576408.102032182] [drone_home1.controller]: Going to [(29.639567, -82.361102)]: 4.79 meters
[controller-2] [INFO] [1744576408.200153202] [drone_home1.controller]: Bearing: -89.18°
[controller-2] [INFO] [1744576408.201781040] [drone_home1.controller]: Going to [(29.639567, -82.361102)]: 4.79 meters
[controller-2] [INFO] [1744576408.300444780] [drone_home1.controller]: Bearing: -89.18°
[controller-2] [INFO] [1744576408.302030507] [drone_home1.controller]: Going to [(29.639567, -82.361102)]: 4.79 meters
[controller-2] [INFO] [1744576408.400246951] [drone_home1.controller]: Bearing: -89.18°
[controller-2] [INFO] [1744576408.401940646] [drone_home1.controller]: Going to [(29.639567, -82.361102)]: 4.79 meters
[controller-2] [INFO] [1744576408.500308930] [drone_home1.controller]: Bearing: -89.18°
[controller-2] [INFO] [1744576408.502258208] [drone_home1.controller]: Going to [(29.639567, -82.361102)]: 4.79 meters
[controller-2] [INFO] [1744576408.600228157] [drone_home1.controller]: Bearing: -89.18°
[controller-2] [INFO] [1744576408.601769724] [drone_home1.controller]: Going to [(29.639567, -82.361102)]: 4.79 meters
[controller-2] [INFO] [1744576408.700539767] [drone_home1.controller]: Bearing: -89.18°
[controller-2] [INFO] [1744576408.702448022] [drone_home1.controller]: Going to [(29.639567, -82.361102)]: 4.79 meters
[controller-2] [INFO] [1744576408.799693234] [drone_home1.controller]: Bearing: -89.18°
[controller-2] [INFO] [1744576408.800840786] [drone_home1.controller]: Going to [(29.639567, -82.361102)]: 4.79 meters
[controller-2] [INFO] [1744576408.900586605] [drone_home1.controller]: Bearing: -89.18°
[controller-2] [INFO] [1744576408.902678443] [drone_home1.controller]: Going to [(29.639567, -82.361102)]: 4.79 meters
[controller-2] [INFO] [1744576408.999686504] [drone_home1.controller]: Bearing: -89.18°
[controller-2] [INFO] [1744576409.001179367] [drone_home1.controller]: Going to [(29.639567, -82.361102)]: 4.79 meters
[controller-2] [INFO] [1744576409.099591339] [drone_home1.controller]: Bearing: -89.18°
[controller-2] [INFO] [1744576409.100596107] [drone_home1.controller]: Going to [(29.639567, -82.361102)]: 4.79 meters
[controller-2] [INFO] [1744576409.201191086] [drone_home1.controller]: Bearing: -89.18°
[controller-2] [INFO] [1744576409.202751053] [drone_home1.controller]: Going to [(29.639567, -82.361102)]: 4.79 meters
[controller-2] [INFO] [1744576409.299612147] [drone_home1.controller]: Bearing: -89.14°
[controller-2] [INFO] [1744576409.300594707] [drone_home1.controller]: Going to [(29.639567, -82.361102)]: 4.57 meters
[controller-2] [INFO] [1744576409.399579831] [drone_home1.controller]: Bearing: -89.14°
[controller-2] [INFO] [1744576409.400504886] [drone_home1.controller]: Going to [(29.639567, -82.361102)]: 4.57 meters
[controller-2] [INFO] [1744576409.500040667] [drone_home1.controller]: Bearing: -89.14°
[controller-2] [INFO] [1744576409.501844505] [drone_home1.controller]: Going to [(29.639567, -82.361102)]: 4.57 meters
[controller-2] [INFO] [1744576409.600158878] [drone_home1.controller]: Bearing: -89.14°
[controller-2] [INFO] [1744576409.602994941] [drone_home1.controller]: Going to [(29.639567, -82.361102)]: 4.57 meters
[controller-2] [INFO] [1744576409.700152482] [drone_home1.controller]: Bearing: -89.14°
[controller-2] [INFO] [1744576409.701920865] [drone_home1.controller]: Going to [(29.639567, -82.361102)]: 4.57 meters
[controller-2] [INFO] [1744576409.799492742] [drone_home1.controller]: Bearing: -89.14°
[controller-2] [INFO] [1744576409.801224197] [drone_home1.controller]: Going to [(29.639567, -82.361102)]: 4.57 meters
[controller-2] [INFO] [1744576409.899508202] [drone_home1.controller]: Bearing: -89.14°
[controller-2] [INFO] [1744576409.900826825] [drone_home1.controller]: Going to [(29.639567, -82.361102)]: 4.57 meters
[controller-2] [INFO] [1744576409.999561870] [drone_home1.controller]: Bearing: -89.14°
[controller-2] [INFO] [1744576410.000514797] [drone_home1.controller]: Going to [(29.639567, -82.361102)]: 4.57 meters
[controller-2] [INFO] [1744576410.099467386] [drone_home1.controller]: Bearing: -89.10°
[controller-2] [INFO] [1744576410.100400410] [drone_home1.controller]: Going to [(29.639567, -82.361102)]: 4.35 meters
[controller-2] [INFO] [1744576410.199422887] [drone_home1.controller]: Bearing: -89.10°
[controller-2] [INFO] [1744576410.200349095] [drone_home1.controller]: Going to [(29.639567, -82.361102)]: 4.35 meters
[controller-2] [INFO] [1744576410.300161844] [drone_home1.controller]: Bearing: -89.10°
[controller-2] [INFO] [1744576410.301737779] [drone_home1.controller]: Going to [(29.639567, -82.361102)]: 4.35 meters
[controller-2] [INFO] [1744576410.400915552] [drone_home1.controller]: Bearing: -89.10°
[controller-2] [INFO] [1744576410.402452991] [drone_home1.controller]: Going to [(29.639567, -82.361102)]: 4.35 meters
[controller-2] [INFO] [1744576410.500808717] [drone_home1.controller]: Bearing: -89.10°
[controller-2] [INFO] [1744576410.502680332] [drone_home1.controller]: Going to [(29.639567, -82.361102)]: 4.35 meters
[controller-2] [INFO] [1744576410.600124570] [drone_home1.controller]: Bearing: -89.10°
[controller-2] [INFO] [1744576410.601968473] [drone_home1.controller]: Going to [(29.639567, -82.361102)]: 4.35 meters
[controller-2] [INFO] [1744576410.700287111] [drone_home1.controller]: Bearing: -89.10°
[controller-2] [INFO] [1744576410.701954918] [drone_home1.controller]: Going to [(29.639567, -82.361102)]: 4.35 meters
[controller-2] [INFO] [1744576410.799553620] [drone_home1.controller]: Bearing: -89.10°
[controller-2] [INFO] [1744576410.800486772] [drone_home1.controller]: Going to [(29.639567, -82.361102)]: 4.35 meters
[controller-2] [INFO] [1744576410.900212225] [drone_home1.controller]: Bearing: -89.10°
[controller-2] [INFO] [1744576410.903978591] [drone_home1.controller]: Going to [(29.639567, -82.361102)]: 4.35 meters
[controller-2] [INFO] [1744576411.000452558] [drone_home1.controller]: Bearing: -89.10°
[controller-2] [INFO] [1744576411.002372333] [drone_home1.controller]: Going to [(29.639567, -82.361102)]: 4.35 meters
[controller-2] [INFO] [1744576411.099577540] [drone_home1.controller]: Bearing: -89.10°
[controller-2] [INFO] [1744576411.100584515] [drone_home1.controller]: Going to [(29.639567, -82.361102)]: 4.35 meters
[controller-2] [INFO] [1744576411.199787034] [drone_home1.controller]: Bearing: -89.10°
[controller-2] [INFO] [1744576411.200779193] [drone_home1.controller]: Going to [(29.639567, -82.361102)]: 4.35 meters
[controller-2] [INFO] [1744576411.299496208] [drone_home1.controller]: Bearing: -89.10°
[controller-2] [INFO] [1744576411.300491087] [drone_home1.controller]: Going to [(29.639567, -82.361102)]: 4.35 meters
[controller-2] [INFO] [1744576411.399723557] [drone_home1.controller]: Bearing: -88.80°
[controller-2] [INFO] [1744576411.400897253] [drone_home1.controller]: Going to [(29.639567, -82.361102)]: 4.35 meters
[controller-2] [INFO] [1744576411.500513723] [drone_home1.controller]: Bearing: -88.80°
[controller-2] [INFO] [1744576411.502233242] [drone_home1.controller]: Going to [(29.639567, -82.361102)]: 4.35 meters
[controller-2] [INFO] [1744576411.599530641] [drone_home1.controller]: Bearing: -88.80°
[controller-2] [INFO] [1744576411.600476625] [drone_home1.controller]: Going to [(29.639567, -82.361102)]: 4.35 meters
[controller-2] [INFO] [1744576411.699487783] [drone_home1.controller]: Bearing: -88.80°
[controller-2] [INFO] [1744576411.700460615] [drone_home1.controller]: Going to [(29.639567, -82.361102)]: 4.35 meters
[controller-2] [INFO] [1744576411.799487869] [drone_home1.controller]: Bearing: -88.80°
[controller-2] [INFO] [1744576411.800508957] [drone_home1.controller]: Going to [(29.639567, -82.361102)]: 4.35 meters
[controller-2] [INFO] [1744576411.899462771] [drone_home1.controller]: Bearing: -88.86°
[controller-2] [INFO] [1744576411.900367507] [drone_home1.controller]: Going to [(29.639567, -82.361102)]: 4.58 meters
[controller-2] [INFO] [1744576412.000362216] [drone_home1.controller]: Bearing: -88.86°
[controller-2] [INFO] [1744576412.001906024] [drone_home1.controller]: Going to [(29.639567, -82.361102)]: 4.58 meters
[controller-2] [INFO] [1744576412.100113255] [drone_home1.controller]: Bearing: -88.86°
[controller-2] [INFO] [1744576412.102670918] [drone_home1.controller]: Going to [(29.639567, -82.361102)]: 4.58 meters
[controller-2] [INFO] [1744576412.199551270] [drone_home1.controller]: Bearing: -88.86°
[controller-2] [INFO] [1744576412.200522118] [drone_home1.controller]: Going to [(29.639567, -82.361102)]: 4.58 meters
[controller-2] [INFO] [1744576412.299512837] [drone_home1.controller]: Bearing: -89.14°
[controller-2] [INFO] [1744576412.300415589] [drone_home1.controller]: Going to [(29.639567, -82.361102)]: 4.57 meters
[controller-2] [INFO] [1744576412.400278404] [drone_home1.controller]: Bearing: -89.14°
[controller-2] [INFO] [1744576412.401312548] [drone_home1.controller]: Going to [(29.639567, -82.361102)]: 4.57 meters
[controller-2] [INFO] [1744576412.500200355] [drone_home1.controller]: Bearing: -89.14°
[controller-2] [INFO] [1744576412.503112066] [drone_home1.controller]: Going to [(29.639567, -82.361102)]: 4.57 meters
[controller-2] [INFO] [1744576412.599473794] [drone_home1.controller]: Bearing: -89.14°
[controller-2] [INFO] [1744576412.600535266] [drone_home1.controller]: Going to [(29.639567, -82.361102)]: 4.57 meters
[controller-2] [INFO] [1744576412.700075009] [drone_home1.controller]: Bearing: -89.14°
[controller-2] [INFO] [1744576412.701792864] [drone_home1.controller]: Going to [(29.639567, -82.361102)]: 4.57 meters
[controller-2] [INFO] [1744576412.799685024] [drone_home1.controller]: Bearing: -89.14°
[controller-2] [INFO] [1744576412.800585023] [drone_home1.controller]: Going to [(29.639567, -82.361102)]: 4.57 meters
[controller-2] [INFO] [1744576412.900473374] [drone_home1.controller]: Bearing: -89.14°
[controller-2] [INFO] [1744576412.902666398] [drone_home1.controller]: Going to [(29.639567, -82.361102)]: 4.57 meters
[controller-2] [INFO] [1744576412.999617502] [drone_home1.controller]: Bearing: -89.14°
[controller-2] [INFO] [1744576413.001435101] [drone_home1.controller]: Going to [(29.639567, -82.361102)]: 4.57 meters
[controller-2] [INFO] [1744576413.100551909] [drone_home1.controller]: Bearing: -89.14°
[controller-2] [INFO] [1744576413.102409668] [drone_home1.controller]: Going to [(29.639567, -82.361102)]: 4.57 meters
[controller-2] [INFO] [1744576413.199621229] [drone_home1.controller]: Bearing: -89.14°
[controller-2] [INFO] [1744576413.200637549] [drone_home1.controller]: Going to [(29.639567, -82.361102)]: 4.57 meters
[controller-2] [INFO] [1744576413.299799605] [drone_home1.controller]: Bearing: -89.14°
[controller-2] [INFO] [1744576413.300821653] [drone_home1.controller]: Going to [(29.639567, -82.361102)]: 4.57 meters
[controller-2] [INFO] [1744576413.399525725] [drone_home1.controller]: Bearing: -89.14°
[controller-2] [INFO] [1744576413.400486461] [drone_home1.controller]: Going to [(29.639567, -82.361102)]: 4.57 meters
[controller-2] [INFO] [1744576413.499568517] [drone_home1.controller]: Bearing: -89.10°
[controller-2] [INFO] [1744576413.500565189] [drone_home1.controller]: Going to [(29.639567, -82.361102)]: 4.35 meters
[controller-2] [INFO] [1744576413.599542829] [drone_home1.controller]: Bearing: -89.10°
[controller-2] [INFO] [1744576413.600488844] [drone_home1.controller]: Going to [(29.639567, -82.361102)]: 4.35 meters
[controller-2] [INFO] [1744576413.699489717] [drone_home1.controller]: Bearing: -89.10°
[controller-2] [INFO] [1744576413.700477268] [drone_home1.controller]: Going to [(29.639567, -82.361102)]: 4.35 meters
[controller-2] [INFO] [1744576413.800691100] [drone_home1.controller]: Bearing: -89.10°
[controller-2] [INFO] [1744576413.802228956] [drone_home1.controller]: Going to [(29.639567, -82.361102)]: 4.35 meters
[controller-2] [INFO] [1744576413.900262404] [drone_home1.controller]: Bearing: -89.10°
[controller-2] [INFO] [1744576413.902356868] [drone_home1.controller]: Going to [(29.639567, -82.361102)]: 4.35 meters
[controller-2] [INFO] [1744576413.999636748] [drone_home1.controller]: Bearing: -89.10°
[controller-2] [INFO] [1744576414.000898988] [drone_home1.controller]: Going to [(29.639567, -82.361102)]: 4.35 meters
[controller-2] [INFO] [1744576414.100541821] [drone_home1.controller]: Bearing: -89.10°
[controller-2] [INFO] [1744576414.102364668] [drone_home1.controller]: Going to [(29.639567, -82.361102)]: 4.35 meters
[controller-2] [INFO] [1744576414.199509422] [drone_home1.controller]: Bearing: -89.10°
[controller-2] [INFO] [1744576414.200454766] [drone_home1.controller]: Going to [(29.639567, -82.361102)]: 4.35 meters
[controller-2] [INFO] [1744576414.299426335] [drone_home1.controller]: Bearing: -89.10°
[controller-2] [INFO] [1744576414.300330303] [drone_home1.controller]: Going to [(29.639567, -82.361102)]: 4.35 meters
[controller-2] [INFO] [1744576414.399888655] [drone_home1.controller]: Bearing: -89.10°
[controller-2] [INFO] [1744576414.401250287] [drone_home1.controller]: Going to [(29.639567, -82.361102)]: 4.35 meters
[controller-2] [INFO] [1744576414.499794368] [drone_home1.controller]: Bearing: -89.10°
[controller-2] [INFO] [1744576414.500825888] [drone_home1.controller]: Going to [(29.639567, -82.361102)]: 4.35 meters
[controller-2] [INFO] [1744576414.600158577] [drone_home1.controller]: Bearing: -88.80°
[controller-2] [INFO] [1744576414.601056689] [drone_home1.controller]: Going to [(29.639567, -82.361102)]: 4.35 meters
[controller-2] [INFO] [1744576414.700255042] [drone_home1.controller]: Bearing: -88.80°
[controller-2] [INFO] [1744576414.701816994] [drone_home1.controller]: Going to [(29.639567, -82.361102)]: 4.35 meters
[controller-2] [INFO] [1744576414.800179315] [drone_home1.controller]: Bearing: -88.80°
[controller-2] [INFO] [1744576414.803023251] [drone_home1.controller]: Going to [(29.639567, -82.361102)]: 4.35 meters
[controller-2] [INFO] [1744576414.900319204] [drone_home1.controller]: Bearing: -89.10°
[controller-2] [INFO] [1744576414.902422884] [drone_home1.controller]: Going to [(29.639567, -82.361102)]: 4.35 meters
[controller-2] [INFO] [1744576415.000677109] [drone_home1.controller]: Bearing: -89.10°
[controller-2] [INFO] [1744576415.002637940] [drone_home1.controller]: Going to [(29.639567, -82.361102)]: 4.35 meters
[controller-2] [INFO] [1744576415.099967342] [drone_home1.controller]: Bearing: -89.10°
[controller-2] [INFO] [1744576415.100990958] [drone_home1.controller]: Going to [(29.639567, -82.361102)]: 4.35 meters
[controller-2] [INFO] [1744576415.199654120] [drone_home1.controller]: Bearing: -89.10°
[controller-2] [INFO] [1744576415.201185096] [drone_home1.controller]: Going to [(29.639567, -82.361102)]: 4.35 meters
[controller-2] [INFO] [1744576415.301358786] [drone_home1.controller]: Bearing: -89.10°
[controller-2] [INFO] [1744576415.303249474] [drone_home1.controller]: Going to [(29.639567, -82.361102)]: 4.35 meters
[controller-2] [INFO] [1744576415.400012412] [drone_home1.controller]: Bearing: -89.10°
[controller-2] [INFO] [1744576415.401004828] [drone_home1.controller]: Going to [(29.639567, -82.361102)]: 4.35 meters
[controller-2] [INFO] [1744576415.499869302] [drone_home1.controller]: Bearing: -88.80°
[controller-2] [INFO] [1744576415.500906422] [drone_home1.controller]: Going to [(29.639567, -82.361102)]: 4.35 meters
[controller-2] [INFO] [1744576415.599533168] [drone_home1.controller]: Bearing: -88.80°
[controller-2] [INFO] [1744576415.600533456] [drone_home1.controller]: Going to [(29.639567, -82.361102)]: 4.35 meters
[controller-2] [INFO] [1744576415.700175529] [drone_home1.controller]: Bearing: -89.10°
[controller-2] [INFO] [1744576415.701244649] [drone_home1.controller]: Going to [(29.639567, -82.361102)]: 4.35 meters
[controller-2] [INFO] [1744576415.799415811] [drone_home1.controller]: Bearing: -89.10°
[controller-2] [INFO] [1744576415.800757731] [drone_home1.controller]: Going to [(29.639567, -82.361102)]: 4.35 meters
[controller-2] [INFO] [1744576415.899536317] [drone_home1.controller]: Bearing: -88.80°
[controller-2] [INFO] [1744576415.900475709] [drone_home1.controller]: Going to [(29.639567, -82.361102)]: 4.35 meters
[controller-2] [INFO] [1744576415.999463063] [drone_home1.controller]: Bearing: -88.80°
[controller-2] [INFO] [1744576416.000441815] [drone_home1.controller]: Going to [(29.639567, -82.361102)]: 4.35 meters
[controller-2] [INFO] [1744576416.099864857] [drone_home1.controller]: Bearing: -88.80°
[controller-2] [INFO] [1744576416.100753273] [drone_home1.controller]: Going to [(29.639567, -82.361102)]: 4.35 meters
[controller-2] [INFO] [1744576416.199940764] [drone_home1.controller]: Bearing: -88.80°
[controller-2] [INFO] [1744576416.201713948] [drone_home1.controller]: Going to [(29.639567, -82.361102)]: 4.35 meters
[controller-2] [INFO] [1744576416.300385183] [drone_home1.controller]: Bearing: -88.80°
[controller-2] [INFO] [1744576416.301954879] [drone_home1.controller]: Going to [(29.639567, -82.361102)]: 4.35 meters
[controller-2] [INFO] [1744576416.400244770] [drone_home1.controller]: Bearing: -88.80°
[controller-2] [INFO] [1744576416.401818466] [drone_home1.controller]: Going to [(29.639567, -82.361102)]: 4.35 meters
[controller-2] [INFO] [1744576416.500708165] [drone_home1.controller]: Bearing: -88.80°
[controller-2] [INFO] [1744576416.502636805] [drone_home1.controller]: Going to [(29.639567, -82.361102)]: 4.35 meters
[controller-2] [INFO] [1744576416.600083751] [drone_home1.controller]: Bearing: -89.10°
[controller-2] [INFO] [1744576416.601842087] [drone_home1.controller]: Going to [(29.639567, -82.361102)]: 4.35 meters
[controller-2] [INFO] [1744576416.700241706] [drone_home1.controller]: Bearing: -89.10°
[controller-2] [INFO] [1744576416.701819210] [drone_home1.controller]: Going to [(29.639567, -82.361102)]: 4.35 meters
[controller-2] [INFO] [1744576416.799644813] [drone_home1.controller]: Bearing: -89.10°
[controller-2] [INFO] [1744576416.801103309] [drone_home1.controller]: Going to [(29.639567, -82.361102)]: 4.35 meters
[controller-2] [INFO] [1744576416.899750640] [drone_home1.controller]: Bearing: -89.10°
[controller-2] [INFO] [1744576416.900732976] [drone_home1.controller]: Going to [(29.639567, -82.361102)]: 4.35 meters
[controller-2] [INFO] [1744576417.000919347] [drone_home1.controller]: Bearing: -89.10°
[controller-2] [INFO] [1744576417.002522483] [drone_home1.controller]: Going to [(29.639567, -82.361102)]: 4.35 meters
[controller-2] [INFO] [1744576417.101578238] [drone_home1.controller]: Bearing: -89.10°
[controller-2] [INFO] [1744576417.103193342] [drone_home1.controller]: Going to [(29.639567, -82.361102)]: 4.35 meters
[controller-2] [INFO] [1744576417.200694826] [drone_home1.controller]: Bearing: -89.10°
[controller-2] [INFO] [1744576417.202689130] [drone_home1.controller]: Going to [(29.639567, -82.361102)]: 4.35 meters
[controller-2] [INFO] [1744576417.299681589] [drone_home1.controller]: Bearing: -89.10°
[controller-2] [INFO] [1744576417.301554518] [drone_home1.controller]: Going to [(29.639567, -82.361102)]: 4.35 meters
[controller-2] [INFO] [1744576417.400517953] [drone_home1.controller]: Bearing: -89.10°
[controller-2] [INFO] [1744576417.402441601] [drone_home1.controller]: Going to [(29.639567, -82.361102)]: 4.35 meters
[controller-2] [INFO] [1744576417.500538925] [drone_home1.controller]: Bearing: -89.10°
[controller-2] [INFO] [1744576417.502106253] [drone_home1.controller]: Going to [(29.639567, -82.361102)]: 4.35 meters
[controller-2] [INFO] [1744576417.599750457] [drone_home1.controller]: Bearing: -89.10°
[controller-2] [INFO] [1744576417.601181145] [drone_home1.controller]: Going to [(29.639567, -82.361102)]: 4.35 meters
[controller-2] [INFO] [1744576417.699429476] [drone_home1.controller]: Bearing: -89.10°
[controller-2] [INFO] [1744576417.700422788] [drone_home1.controller]: Going to [(29.639567, -82.361102)]: 4.35 meters
[controller-2] [INFO] [1744576417.800398448] [drone_home1.controller]: Bearing: -89.10°
[controller-2] [INFO] [1744576417.801972048] [drone_home1.controller]: Going to [(29.639567, -82.361102)]: 4.35 meters
[controller-2] [INFO] [1744576417.900159612] [drone_home1.controller]: Bearing: -89.10°
[controller-2] [INFO] [1744576417.902192188] [drone_home1.controller]: Going to [(29.639567, -82.361102)]: 4.35 meters
[controller-2] [INFO] [1744576418.000375655] [drone_home1.controller]: Bearing: -88.80°
[controller-2] [INFO] [1744576418.001979208] [drone_home1.controller]: Going to [(29.639567, -82.361102)]: 4.35 meters
[controller-2] [INFO] [1744576418.099503292] [drone_home1.controller]: Bearing: -88.80°
[controller-2] [INFO] [1744576418.100483004] [drone_home1.controller]: Going to [(29.639567, -82.361102)]: 4.35 meters
[controller-2] [INFO] [1744576418.200095856] [drone_home1.controller]: Bearing: -88.80°
[controller-2] [INFO] [1744576418.201110993] [drone_home1.controller]: Going to [(29.639567, -82.361102)]: 4.35 meters
[controller-2] [INFO] [1744576418.299527877] [drone_home1.controller]: Bearing: -88.86°
[controller-2] [INFO] [1744576418.300452549] [drone_home1.controller]: Going to [(29.639567, -82.361102)]: 4.58 meters
[controller-2] [INFO] [1744576418.399326521] [drone_home1.controller]: Bearing: -88.86°
[controller-2] [INFO] [1744576418.400247130] [drone_home1.controller]: Going to [(29.639567, -82.361102)]: 4.58 meters
[controller-2] [INFO] [1744576418.499529294] [drone_home1.controller]: Bearing: -88.86°
[controller-2] [INFO] [1744576418.500508910] [drone_home1.controller]: Going to [(29.639567, -82.361102)]: 4.58 meters
[controller-2] [INFO] [1744576418.600299971] [drone_home1.controller]: Bearing: -88.86°
[controller-2] [INFO] [1744576418.601828835] [drone_home1.controller]: Going to [(29.639567, -82.361102)]: 4.58 meters
[controller-2] [INFO] [1744576418.700430232] [drone_home1.controller]: Bearing: -88.86°
[controller-2] [INFO] [1744576418.702001112] [drone_home1.controller]: Going to [(29.639567, -82.361102)]: 4.58 meters
[controller-2] [INFO] [1744576418.800673164] [drone_home1.controller]: Bearing: -88.86°
[controller-2] [INFO] [1744576418.802291245] [drone_home1.controller]: Going to [(29.639567, -82.361102)]: 4.58 meters
[controller-2] [INFO] [1744576418.900373441] [drone_home1.controller]: Bearing: -88.91°
[controller-2] [INFO] [1744576418.902752641] [drone_home1.controller]: Going to [(29.639567, -82.361102)]: 4.80 meters
[controller-2] [INFO] [1744576419.000594197] [drone_home1.controller]: Bearing: -88.91°
[controller-2] [INFO] [1744576419.002209142] [drone_home1.controller]: Going to [(29.639567, -82.361102)]: 4.80 meters
[controller-2] [INFO] [1744576419.100409683] [drone_home1.controller]: Bearing: -88.91°
[controller-2] [INFO] [1744576419.101999123] [drone_home1.controller]: Going to [(29.639567, -82.361102)]: 4.80 meters
[controller-2] [INFO] [1744576419.199891056] [drone_home1.controller]: Bearing: -88.91°
[controller-2] [INFO] [1744576419.200914288] [drone_home1.controller]: Going to [(29.639567, -82.361102)]: 4.80 meters
[controller-2] [INFO] [1744576419.299575501] [drone_home1.controller]: Bearing: -88.91°
[controller-2] [INFO] [1744576419.300640206] [drone_home1.controller]: Going to [(29.639567, -82.361102)]: 4.80 meters
[controller-2] [INFO] [1744576419.399486219] [drone_home1.controller]: Bearing: -88.37°
[controller-2] [INFO] [1744576419.400488235] [drone_home1.controller]: Going to [(29.639567, -82.361102)]: 4.82 meters
[controller-2] [INFO] [1744576419.499568937] [drone_home1.controller]: Bearing: -88.37°
[controller-2] [INFO] [1744576419.500532393] [drone_home1.controller]: Going to [(29.639567, -82.361102)]: 4.82 meters
[controller-2] [INFO] [1744576419.599422182] [drone_home1.controller]: Bearing: -88.37°
[controller-2] [INFO] [1744576419.600400326] [drone_home1.controller]: Going to [(29.639567, -82.361102)]: 4.82 meters
[controller-2] [INFO] [1744576419.700160836] [drone_home1.controller]: Bearing: -88.37°
[controller-2] [INFO] [1744576419.702824165] [drone_home1.controller]: Going to [(29.639567, -82.361102)]: 4.82 meters
[controller-2] [INFO] [1744576419.799413345] [drone_home1.controller]: Bearing: -88.37°
[controller-2] [INFO] [1744576419.800333857] [drone_home1.controller]: Going to [(29.639567, -82.361102)]: 4.82 meters
[controller-2] [INFO] [1744576419.899515007] [drone_home1.controller]: Bearing: -88.37°
[controller-2] [INFO] [1744576419.900764543] [drone_home1.controller]: Going to [(29.639567, -82.361102)]: 4.82 meters
[controller-2] [INFO] [1744576419.999495036] [drone_home1.controller]: Bearing: -88.37°
[controller-2] [INFO] [1744576420.000438588] [drone_home1.controller]: Going to [(29.639567, -82.361102)]: 4.82 meters
[controller-2] [INFO] [1744576420.099748194] [drone_home1.controller]: Bearing: -88.37°
[controller-2] [INFO] [1744576420.100798339] [drone_home1.controller]: Going to [(29.639567, -82.361102)]: 4.82 meters
[controller-2] [INFO] [1744576420.199452617] [drone_home1.controller]: Bearing: -88.37°
[controller-2] [INFO] [1744576420.200680265] [drone_home1.controller]: Going to [(29.639567, -82.361102)]: 4.82 meters
[controller-2] [INFO] [1744576420.300159151] [drone_home1.controller]: Bearing: -88.37°
[controller-2] [INFO] [1744576420.301380048] [drone_home1.controller]: Going to [(29.639567, -82.361102)]: 4.82 meters
[controller-2] [INFO] [1744576420.399971989] [drone_home1.controller]: Bearing: -88.37°
[controller-2] [INFO] [1744576420.400878550] [drone_home1.controller]: Going to [(29.639567, -82.361102)]: 4.82 meters
[controller-2] [INFO] [1744576420.500189404] [drone_home1.controller]: Bearing: -88.37°
[controller-2] [INFO] [1744576420.502198845] [drone_home1.controller]: Going to [(29.639567, -82.361102)]: 4.82 meters
[controller-2] [INFO] [1744576420.599730370] [drone_home1.controller]: Bearing: -88.37°
[controller-2] [INFO] [1744576420.600716931] [drone_home1.controller]: Going to [(29.639567, -82.361102)]: 4.82 meters
[controller-2] [INFO] [1744576420.700203401] [drone_home1.controller]: Bearing: -87.83°
[controller-2] [INFO] [1744576420.701764201] [drone_home1.controller]: Going to [(29.639567, -82.361102)]: 4.84 meters
[controller-2] [INFO] [1744576420.799335279] [drone_home1.controller]: Bearing: -87.83°
[controller-2] [INFO] [1744576420.800569743] [drone_home1.controller]: Going to [(29.639567, -82.361102)]: 4.84 meters
[controller-2] [INFO] [1744576420.899511157] [drone_home1.controller]: Bearing: -87.83°
[controller-2] [INFO] [1744576420.900889526] [drone_home1.controller]: Going to [(29.639567, -82.361102)]: 4.84 meters
[controller-2] [INFO] [1744576420.999549148] [drone_home1.controller]: Bearing: -87.83°
[controller-2] [INFO] [1744576421.000585756] [drone_home1.controller]: Going to [(29.639567, -82.361102)]: 4.84 meters
[controller-2] [INFO] [1744576421.099533963] [drone_home1.controller]: Bearing: -87.83°
[controller-2] [INFO] [1744576421.101048107] [drone_home1.controller]: Going to [(29.639567, -82.361102)]: 4.84 meters
[controller-2] [INFO] [1744576421.199592698] [drone_home1.controller]: Bearing: -87.83°
[controller-2] [INFO] [1744576421.200613690] [drone_home1.controller]: Going to [(29.639567, -82.361102)]: 4.84 meters
[controller-2] [INFO] [1744576421.299648361] [drone_home1.controller]: Bearing: -87.83°
[controller-2] [INFO] [1744576421.300656778] [drone_home1.controller]: Going to [(29.639567, -82.361102)]: 4.84 meters
[controller-2] [INFO] [1744576421.399897208] [drone_home1.controller]: Bearing: -87.83°
[controller-2] [INFO] [1744576421.400933177] [drone_home1.controller]: Going to [(29.639567, -82.361102)]: 4.84 meters
[controller-2] [INFO] [1744576421.499845224] [drone_home1.controller]: Bearing: -87.83°
[controller-2] [INFO] [1744576421.500795144] [drone_home1.controller]: Going to [(29.639567, -82.361102)]: 4.84 meters
[controller-2] [INFO] [1744576421.600454071] [drone_home1.controller]: Bearing: -87.83°
[controller-2] [INFO] [1744576421.602038232] [drone_home1.controller]: Going to [(29.639567, -82.361102)]: 4.84 meters
[controller-2] [INFO] [1744576421.700470822] [drone_home1.controller]: Bearing: -87.83°
[controller-2] [INFO] [1744576421.702123783] [drone_home1.controller]: Going to [(29.639567, -82.361102)]: 4.84 meters
[controller-2] [INFO] [1744576421.800364470] [drone_home1.controller]: Bearing: -87.55°
[controller-2] [INFO] [1744576421.801944214] [drone_home1.controller]: Going to [(29.639567, -82.361102)]: 4.86 meters
[controller-2] [INFO] [1744576421.900212325] [drone_home1.controller]: Bearing: -87.55°
[controller-2] [INFO] [1744576421.901803398] [drone_home1.controller]: Going to [(29.639567, -82.361102)]: 4.86 meters
[controller-2] [INFO] [1744576421.999477428] [drone_home1.controller]: Bearing: -87.43°
[controller-2] [INFO] [1744576422.000447092] [drone_home1.controller]: Going to [(29.639567, -82.361102)]: 4.64 meters
[controller-2] [INFO] [1744576422.099497612] [drone_home1.controller]: Bearing: -87.43°
[controller-2] [INFO] [1744576422.100598316] [drone_home1.controller]: Going to [(29.639567, -82.361102)]: 4.64 meters
[controller-2] [INFO] [1744576422.199443972] [drone_home1.controller]: Bearing: -87.43°
[controller-2] [INFO] [1744576422.200500004] [drone_home1.controller]: Going to [(29.639567, -82.361102)]: 4.64 meters
[controller-2] [INFO] [1744576422.299450396] [drone_home1.controller]: Bearing: -87.43°
[controller-2] [INFO] [1744576422.300343068] [drone_home1.controller]: Going to [(29.639567, -82.361102)]: 4.64 meters
[controller-2] [INFO] [1744576422.399785940] [drone_home1.controller]: Bearing: -87.43°
[controller-2] [INFO] [1744576422.400799637] [drone_home1.controller]: Going to [(29.639567, -82.361102)]: 4.64 meters
[controller-2] [INFO] [1744576422.499397612] [drone_home1.controller]: Bearing: -87.43°
[controller-2] [INFO] [1744576422.500816013] [drone_home1.controller]: Going to [(29.639567, -82.361102)]: 4.64 meters
[controller-2] [INFO] [1744576422.599661540] [drone_home1.controller]: Bearing: -87.43°
[controller-2] [INFO] [1744576422.601180581] [drone_home1.controller]: Going to [(29.639567, -82.361102)]: 4.64 meters
[controller-2] [INFO] [1744576422.699556572] [drone_home1.controller]: Bearing: -87.43°
[controller-2] [INFO] [1744576422.700498173] [drone_home1.controller]: Going to [(29.639567, -82.361102)]: 4.64 meters
[controller-2] [INFO] [1744576422.799605108] [drone_home1.controller]: Bearing: -87.43°
[controller-2] [INFO] [1744576422.800552277] [drone_home1.controller]: Going to [(29.639567, -82.361102)]: 4.64 meters
[controller-2] [INFO] [1744576422.900127917] [drone_home1.controller]: Bearing: -87.43°
[controller-2] [INFO] [1744576422.901683885] [drone_home1.controller]: Going to [(29.639567, -82.361102)]: 4.64 meters
[controller-2] [INFO] [1744576423.001158981] [drone_home1.controller]: Bearing: -87.43°
[controller-2] [INFO] [1744576423.002884070] [drone_home1.controller]: Going to [(29.639567, -82.361102)]: 4.64 meters
[controller-2] [INFO] [1744576423.099448965] [drone_home1.controller]: Bearing: -87.43°
[controller-2] [INFO] [1744576423.100493350] [drone_home1.controller]: Going to [(29.639567, -82.361102)]: 4.64 meters
[controller-2] [INFO] [1744576423.199540966] [drone_home1.controller]: Bearing: -87.43°
[controller-2] [INFO] [1744576423.200962119] [drone_home1.controller]: Going to [(29.639567, -82.361102)]: 4.64 meters
[controller-2] [INFO] [1744576423.299597479] [drone_home1.controller]: Bearing: -87.43°
[controller-2] [INFO] [1744576423.300607719] [drone_home1.controller]: Going to [(29.639567, -82.361102)]: 4.64 meters
[controller-2] [INFO] [1744576423.400405544] [drone_home1.controller]: Bearing: -87.43°
[controller-2] [INFO] [1744576423.401968009] [drone_home1.controller]: Going to [(29.639567, -82.361102)]: 4.64 meters
[controller-2] [INFO] [1744576423.500295113] [drone_home1.controller]: Bearing: -87.30°
[controller-2] [INFO] [1744576423.501670122] [drone_home1.controller]: Going to [(29.639567, -82.361102)]: 4.42 meters
[controller-2] [INFO] [1744576423.599697866] [drone_home1.controller]: Bearing: -87.30°
[controller-2] [INFO] [1744576423.600645738] [drone_home1.controller]: Going to [(29.639567, -82.361102)]: 4.42 meters
[controller-2] [INFO] [1744576423.699614026] [drone_home1.controller]: Bearing: -87.30°
[controller-2] [INFO] [1744576423.700543915] [drone_home1.controller]: Going to [(29.639567, -82.361102)]: 4.42 meters
[controller-2] [INFO] [1744576423.800902348] [drone_home1.controller]: Bearing: -87.30°
[controller-2] [INFO] [1744576423.801935373] [drone_home1.controller]: Going to [(29.639567, -82.361102)]: 4.42 meters
[controller-2] [INFO] [1744576423.899588108] [drone_home1.controller]: Bearing: -87.30°
[controller-2] [INFO] [1744576423.900552589] [drone_home1.controller]: Going to [(29.639567, -82.361102)]: 4.42 meters
[controller-2] [INFO] [1744576423.999518445] [drone_home1.controller]: Bearing: -87.30°
[controller-2] [INFO] [1744576424.000527758] [drone_home1.controller]: Going to [(29.639567, -82.361102)]: 4.42 meters
[controller-2] [INFO] [1744576424.099604566] [drone_home1.controller]: Bearing: -87.30°
[controller-2] [INFO] [1744576424.101451096] [drone_home1.controller]: Going to [(29.639567, -82.361102)]: 4.42 meters
[controller-2] [INFO] [1744576424.199782048] [drone_home1.controller]: Bearing: -87.30°
[controller-2] [INFO] [1744576424.200729761] [drone_home1.controller]: Going to [(29.639567, -82.361102)]: 4.42 meters
[controller-2] [INFO] [1744576424.299631402] [drone_home1.controller]: Bearing: -87.30°
[controller-2] [INFO] [1744576424.300967979] [drone_home1.controller]: Going to [(29.639567, -82.361102)]: 4.42 meters
[controller-2] [INFO] [1744576424.401071541] [drone_home1.controller]: Bearing: -87.30°
[controller-2] [INFO] [1744576424.402624566] [drone_home1.controller]: Going to [(29.639567, -82.361102)]: 4.42 meters
[controller-2] [INFO] [1744576424.500043998] [drone_home1.controller]: Bearing: -86.71°
[controller-2] [INFO] [1744576424.501704415] [drone_home1.controller]: Going to [(29.639567, -82.361102)]: 4.47 meters
[controller-2] [INFO] [1744576424.600278568] [drone_home1.controller]: Bearing: -86.71°
[controller-2] [INFO] [1744576424.602563433] [drone_home1.controller]: Going to [(29.639567, -82.361102)]: 4.47 meters
[controller-2] [INFO] [1744576424.700338897] [drone_home1.controller]: Bearing: -86.71°
[controller-2] [INFO] [1744576424.702196659] [drone_home1.controller]: Going to [(29.639567, -82.361102)]: 4.47 meters
[controller-2] [INFO] [1744576424.800154779] [drone_home1.controller]: Bearing: -86.71°
[controller-2] [INFO] [1744576424.801720988] [drone_home1.controller]: Going to [(29.639567, -82.361102)]: 4.47 meters
[controller-2] [INFO] [1744576424.900267237] [drone_home1.controller]: Bearing: -86.71°
[controller-2] [INFO] [1744576424.901844390] [drone_home1.controller]: Going to [(29.639567, -82.361102)]: 4.47 meters
[controller-2] [INFO] [1744576425.000161134] [drone_home1.controller]: Bearing: -86.71°
[controller-2] [INFO] [1744576425.001786832] [drone_home1.controller]: Going to [(29.639567, -82.361102)]: 4.47 meters
[controller-2] [INFO] [1744576425.100302817] [drone_home1.controller]: Bearing: -86.71°
[controller-2] [INFO] [1744576425.101911170] [drone_home1.controller]: Going to [(29.639567, -82.361102)]: 4.47 meters
[controller-2] [INFO] [1744576425.199453618] [drone_home1.controller]: Bearing: -86.71°
[controller-2] [INFO] [1744576425.200454803] [drone_home1.controller]: Going to [(29.639567, -82.361102)]: 4.47 meters
[controller-2] [INFO] [1744576425.299764613] [drone_home1.controller]: Bearing: -86.71°
[controller-2] [INFO] [1744576425.301113254] [drone_home1.controller]: Going to [(29.639567, -82.361102)]: 4.47 meters
[controller-2] [INFO] [1744576425.399940376] [drone_home1.controller]: Bearing: -86.71°
[controller-2] [INFO] [1744576425.401201945] [drone_home1.controller]: Going to [(29.639567, -82.361102)]: 4.47 meters
[controller-2] [INFO] [1744576425.500290603] [drone_home1.controller]: Bearing: -86.71°
[controller-2] [INFO] [1744576425.502223948] [drone_home1.controller]: Going to [(29.639567, -82.361102)]: 4.47 meters
[controller-2] [INFO] [1744576425.600355677] [drone_home1.controller]: Bearing: -86.71°
[controller-2] [INFO] [1744576425.602276799] [drone_home1.controller]: Going to [(29.639567, -82.361102)]: 4.47 meters
[controller-2] [INFO] [1744576425.700183312] [drone_home1.controller]: Bearing: -86.71°
[controller-2] [INFO] [1744576425.702201233] [drone_home1.controller]: Going to [(29.639567, -82.361102)]: 4.47 meters
[controller-2] [INFO] [1744576425.800271234] [drone_home1.controller]: Bearing: -86.71°
[controller-2] [INFO] [1744576425.801844675] [drone_home1.controller]: Going to [(29.639567, -82.361102)]: 4.47 meters
[controller-2] [INFO] [1744576425.899325076] [drone_home1.controller]: Bearing: -86.71°
[controller-2] [INFO] [1744576425.900953141] [drone_home1.controller]: Going to [(29.639567, -82.361102)]: 4.47 meters
[controller-2] [INFO] [1744576426.000168199] [drone_home1.controller]: Bearing: -86.71°
[controller-2] [INFO] [1744576426.001708872] [drone_home1.controller]: Going to [(29.639567, -82.361102)]: 4.47 meters
[controller-2] [INFO] [1744576426.099611522] [drone_home1.controller]: Bearing: -86.71°
[controller-2] [INFO] [1744576426.100941827] [drone_home1.controller]: Going to [(29.639567, -82.361102)]: 4.47 meters
[controller-2] [INFO] [1744576426.199720957] [drone_home1.controller]: Bearing: -86.71°
[controller-2] [INFO] [1744576426.201152670] [drone_home1.controller]: Going to [(29.639567, -82.361102)]: 4.47 meters
[controller-2] [INFO] [1744576426.299723544] [drone_home1.controller]: Bearing: -86.71°
[controller-2] [INFO] [1744576426.302396347] [drone_home1.controller]: Going to [(29.639567, -82.361102)]: 4.47 meters
[controller-2] [INFO] [1744576426.399526547] [drone_home1.controller]: Bearing: -86.71°
[controller-2] [INFO] [1744576426.400495604] [drone_home1.controller]: Going to [(29.639567, -82.361102)]: 4.47 meters
[controller-2] [INFO] [1744576426.499326286] [drone_home1.controller]: Bearing: -86.71°
[controller-2] [INFO] [1744576426.500306639] [drone_home1.controller]: Going to [(29.639567, -82.361102)]: 4.47 meters
[controller-2] [INFO] [1744576426.599623274] [drone_home1.controller]: Bearing: -86.71°
[controller-2] [INFO] [1744576426.600584811] [drone_home1.controller]: Going to [(29.639567, -82.361102)]: 4.47 meters
[controller-2] [INFO] [1744576426.700294278] [drone_home1.controller]: Bearing: -86.71°
[controller-2] [INFO] [1744576426.701835911] [drone_home1.controller]: Going to [(29.639567, -82.361102)]: 4.47 meters
[controller-2] [INFO] [1744576426.799506080] [drone_home1.controller]: Bearing: -86.71°
[controller-2] [INFO] [1744576426.800611169] [drone_home1.controller]: Going to [(29.639567, -82.361102)]: 4.47 meters
[controller-2] [INFO] [1744576426.899419388] [drone_home1.controller]: Bearing: -86.71°
[controller-2] [INFO] [1744576426.900571709] [drone_home1.controller]: Going to [(29.639567, -82.361102)]: 4.47 meters
[controller-2] [INFO] [1744576427.000025175] [drone_home1.controller]: Bearing: -86.71°
[controller-2] [INFO] [1744576427.003039578] [drone_home1.controller]: Going to [(29.639567, -82.361102)]: 4.47 meters
[controller-2] [INFO] [1744576427.099854747] [drone_home1.controller]: Bearing: -86.71°
[controller-2] [INFO] [1744576427.100811516] [drone_home1.controller]: Going to [(29.639567, -82.361102)]: 4.47 meters
[controller-2] [INFO] [1744576427.199665215] [drone_home1.controller]: Bearing: -86.71°
[controller-2] [INFO] [1744576427.200775360] [drone_home1.controller]: Going to [(29.639567, -82.361102)]: 4.47 meters
[controller-2] [INFO] [1744576427.299765891] [drone_home1.controller]: Bearing: -86.71°
[controller-2] [INFO] [1744576427.301077796] [drone_home1.controller]: Going to [(29.639567, -82.361102)]: 4.47 meters
[controller-2] [INFO] [1744576427.399474119] [drone_home1.controller]: Bearing: -86.71°
[controller-2] [INFO] [1744576427.401381321] [drone_home1.controller]: Going to [(29.639567, -82.361102)]: 4.47 meters
[controller-2] [INFO] [1744576427.500079019] [drone_home1.controller]: Bearing: -86.71°
[controller-2] [INFO] [1744576427.502596174] [drone_home1.controller]: Going to [(29.639567, -82.361102)]: 4.47 meters
[controller-2] [INFO] [1744576427.599672687] [drone_home1.controller]: Bearing: -86.71°
[controller-2] [INFO] [1744576427.600733488] [drone_home1.controller]: Going to [(29.639567, -82.361102)]: 4.47 meters
[controller-2] [INFO] [1744576427.700266036] [drone_home1.controller]: Bearing: -86.71°
[controller-2] [INFO] [1744576427.701807061] [drone_home1.controller]: Going to [(29.639567, -82.361102)]: 4.47 meters
[controller-2] [INFO] [1744576427.800092567] [drone_home1.controller]: Bearing: -86.71°
[controller-2] [INFO] [1744576427.801639257] [drone_home1.controller]: Going to [(29.639567, -82.361102)]: 4.47 meters
[controller-2] [INFO] [1744576427.900329116] [drone_home1.controller]: Bearing: -86.71°
[controller-2] [INFO] [1744576427.901891741] [drone_home1.controller]: Going to [(29.639567, -82.361102)]: 4.47 meters
[controller-2] [INFO] [1744576427.999325279] [drone_home1.controller]: Bearing: -86.71°
[controller-2] [INFO] [1744576428.000649856] [drone_home1.controller]: Going to [(29.639567, -82.361102)]: 4.47 meters
[controller-2] [INFO] [1744576428.099923500] [drone_home1.controller]: Bearing: -86.71°
[controller-2] [INFO] [1744576428.100836781] [drone_home1.controller]: Going to [(29.639567, -82.361102)]: 4.47 meters
[controller-2] [INFO] [1744576428.200271257] [drone_home1.controller]: Bearing: -86.71°
[controller-2] [INFO] [1744576428.202769852] [drone_home1.controller]: Going to [(29.639567, -82.361102)]: 4.47 meters
[controller-2] [INFO] [1744576428.300276454] [drone_home1.controller]: Bearing: -86.71°
[controller-2] [INFO] [1744576428.301843847] [drone_home1.controller]: Going to [(29.639567, -82.361102)]: 4.47 meters
[controller-2] [INFO] [1744576428.399537938] [drone_home1.controller]: Bearing: -86.71°
[controller-2] [INFO] [1744576428.400612883] [drone_home1.controller]: Going to [(29.639567, -82.361102)]: 4.47 meters
[controller-2] [INFO] [1744576428.499442110] [drone_home1.controller]: Bearing: -86.71°
[controller-2] [INFO] [1744576428.500460991] [drone_home1.controller]: Going to [(29.639567, -82.361102)]: 4.47 meters
[controller-2] [INFO] [1744576428.599585515] [drone_home1.controller]: Bearing: -86.71°
[controller-2] [INFO] [1744576428.600541260] [drone_home1.controller]: Going to [(29.639567, -82.361102)]: 4.47 meters
[controller-2] [INFO] [1744576428.700248569] [drone_home1.controller]: Bearing: -86.11°
[controller-2] [INFO] [1744576428.702402363] [drone_home1.controller]: Going to [(29.639567, -82.361102)]: 4.51 meters
[controller-2] [INFO] [1744576428.800852550] [drone_home1.controller]: Bearing: -86.11°
[controller-2] [INFO] [1744576428.802438824] [drone_home1.controller]: Going to [(29.639567, -82.361102)]: 4.51 meters
[controller-2] [INFO] [1744576428.900113650] [drone_home1.controller]: Bearing: -86.11°
[controller-2] [INFO] [1744576428.902412277] [drone_home1.controller]: Going to [(29.639567, -82.361102)]: 4.51 meters
[controller-2] [INFO] [1744576428.999392350] [drone_home1.controller]: Bearing: -86.11°
[controller-2] [INFO] [1744576429.000293055] [drone_home1.controller]: Going to [(29.639567, -82.361102)]: 4.51 meters
[controller-2] [INFO] [1744576429.100542900] [drone_home1.controller]: Bearing: -86.11°
[controller-2] [INFO] [1744576429.102449719] [drone_home1.controller]: Going to [(29.639567, -82.361102)]: 4.51 meters
[controller-2] [INFO] [1744576429.199775465] [drone_home1.controller]: Bearing: -86.11°
[controller-2] [INFO] [1744576429.200958954] [drone_home1.controller]: Going to [(29.639567, -82.361102)]: 4.51 meters
[controller-2] [INFO] [1744576429.299623710] [drone_home1.controller]: Bearing: -86.11°
[controller-2] [INFO] [1744576429.300669792] [drone_home1.controller]: Going to [(29.639567, -82.361102)]: 4.51 meters
[controller-2] [INFO] [1744576429.399602132] [drone_home1.controller]: Bearing: -86.11°
[controller-2] [INFO] [1744576429.400603861] [drone_home1.controller]: Going to [(29.639567, -82.361102)]: 4.51 meters
[controller-2] [INFO] [1744576429.500685387] [drone_home1.controller]: Bearing: -86.11°
[controller-2] [INFO] [1744576429.502258700] [drone_home1.controller]: Going to [(29.639567, -82.361102)]: 4.51 meters
[controller-2] [INFO] [1744576429.600260896] [drone_home1.controller]: Bearing: -86.11°
[controller-2] [INFO] [1744576429.602584482] [drone_home1.controller]: Going to [(29.639567, -82.361102)]: 4.51 meters
[controller-2] [INFO] [1744576429.700127605] [drone_home1.controller]: Bearing: -86.11°
[controller-2] [INFO] [1744576429.701958167] [drone_home1.controller]: Going to [(29.639567, -82.361102)]: 4.51 meters
[controller-2] [INFO] [1744576429.799801770] [drone_home1.controller]: Bearing: -86.11°
[controller-2] [INFO] [1744576429.800825419] [drone_home1.controller]: Going to [(29.639567, -82.361102)]: 4.51 meters
[controller-2] [INFO] [1744576429.899492511] [drone_home1.controller]: Bearing: -86.11°
[controller-2] [INFO] [1744576429.900437792] [drone_home1.controller]: Going to [(29.639567, -82.361102)]: 4.51 meters
[controller-2] [INFO] [1744576429.999377588] [drone_home1.controller]: Bearing: -86.11°
[controller-2] [INFO] [1744576430.000432662] [drone_home1.controller]: Going to [(29.639567, -82.361102)]: 4.51 meters
[controller-2] [INFO] [1744576430.099431922] [drone_home1.controller]: Bearing: -86.11°
[controller-2] [INFO] [1744576430.100318963] [drone_home1.controller]: Going to [(29.639567, -82.361102)]: 4.51 meters
[controller-2] [INFO] [1744576430.199745713] [drone_home1.controller]: Bearing: -86.11°
[controller-2] [INFO] [1744576430.200692178] [drone_home1.controller]: Going to [(29.639567, -82.361102)]: 4.51 meters
[controller-2] [INFO] [1744576430.300698736] [drone_home1.controller]: Bearing: -85.81°
[controller-2] [INFO] [1744576430.302301618] [drone_home1.controller]: Going to [(29.639567, -82.361102)]: 4.54 meters
[controller-2] [INFO] [1744576430.400536302] [drone_home1.controller]: Bearing: -85.81°
[controller-2] [INFO] [1744576430.402170992] [drone_home1.controller]: Going to [(29.639567, -82.361102)]: 4.54 meters
[controller-2] [INFO] [1744576430.499538059] [drone_home1.controller]: Bearing: -85.81°
[controller-2] [INFO] [1744576430.500537324] [drone_home1.controller]: Going to [(29.639567, -82.361102)]: 4.54 meters
[controller-2] [INFO] [1744576430.599463817] [drone_home1.controller]: Bearing: -86.01°
[controller-2] [INFO] [1744576430.600465739] [drone_home1.controller]: Going to [(29.639567, -82.361102)]: 4.76 meters
[controller-2] [INFO] [1744576430.699497192] [drone_home1.controller]: Bearing: -86.01°
[controller-2] [INFO] [1744576430.700432809] [drone_home1.controller]: Going to [(29.639567, -82.361102)]: 4.76 meters
[controller-2] [INFO] [1744576430.799539110] [drone_home1.controller]: Bearing: -86.01°
[controller-2] [INFO] [1744576430.800536711] [drone_home1.controller]: Going to [(29.639567, -82.361102)]: 4.76 meters
[controller-2] [INFO] [1744576430.899369860] [drone_home1.controller]: Bearing: -86.01°
[controller-2] [INFO] [1744576430.900278949] [drone_home1.controller]: Going to [(29.639567, -82.361102)]: 4.76 meters
[controller-2] [INFO] [1744576431.000423555] [drone_home1.controller]: Bearing: -86.01°
[controller-2] [INFO] [1744576431.002043269] [drone_home1.controller]: Going to [(29.639567, -82.361102)]: 4.76 meters
[controller-2] [INFO] [1744576431.099422280] [drone_home1.controller]: Bearing: -86.01°
[controller-2] [INFO] [1744576431.100442282] [drone_home1.controller]: Going to [(29.639567, -82.361102)]: 4.76 meters
[controller-2] [INFO] [1744576431.199412655] [drone_home1.controller]: Bearing: -86.01°
[controller-2] [INFO] [1744576431.200429457] [drone_home1.controller]: Going to [(29.639567, -82.361102)]: 4.76 meters
[controller-2] [INFO] [1744576431.300058647] [drone_home1.controller]: Bearing: -86.01°
[controller-2] [INFO] [1744576431.301386521] [drone_home1.controller]: Going to [(29.639567, -82.361102)]: 4.76 meters
[controller-2] [INFO] [1744576431.399570781] [drone_home1.controller]: Bearing: -86.01°
[controller-2] [INFO] [1744576431.400717087] [drone_home1.controller]: Going to [(29.639567, -82.361102)]: 4.76 meters
[controller-2] [INFO] [1744576431.499672868] [drone_home1.controller]: Bearing: -86.01°
[controller-2] [INFO] [1744576431.500629414] [drone_home1.controller]: Going to [(29.639567, -82.361102)]: 4.76 meters
[controller-2] [INFO] [1744576431.599683851] [drone_home1.controller]: Bearing: -86.01°
[controller-2] [INFO] [1744576431.600665389] [drone_home1.controller]: Going to [(29.639567, -82.361102)]: 4.76 meters
[controller-2] [INFO] [1744576431.699559442] [drone_home1.controller]: Bearing: -86.01°
[controller-2] [INFO] [1744576431.700527635] [drone_home1.controller]: Going to [(29.639567, -82.361102)]: 4.76 meters
[controller-2] [INFO] [1744576431.800742778] [drone_home1.controller]: Bearing: -86.01°
[controller-2] [INFO] [1744576431.802513565] [drone_home1.controller]: Going to [(29.639567, -82.361102)]: 4.76 meters
[controller-2] [INFO] [1744576431.900192352] [drone_home1.controller]: Bearing: -86.01°
[controller-2] [INFO] [1744576431.901121122] [drone_home1.controller]: Going to [(29.639567, -82.361102)]: 4.76 meters
[controller-2] [INFO] [1744576431.999699047] [drone_home1.controller]: Bearing: -86.01°
[controller-2] [INFO] [1744576432.000639176] [drone_home1.controller]: Going to [(29.639567, -82.361102)]: 4.76 meters
[controller-2] [INFO] [1744576432.099960150] [drone_home1.controller]: Bearing: -86.01°
[controller-2] [INFO] [1744576432.100939576] [drone_home1.controller]: Going to [(29.639567, -82.361102)]: 4.76 meters
[controller-2] [INFO] [1744576432.199551525] [drone_home1.controller]: Bearing: -86.01°
[controller-2] [INFO] [1744576432.200469127] [drone_home1.controller]: Going to [(29.639567, -82.361102)]: 4.76 meters
[controller-2] [INFO] [1744576432.299647413] [drone_home1.controller]: Bearing: -86.01°
[controller-2] [INFO] [1744576432.301392727] [drone_home1.controller]: Going to [(29.639567, -82.361102)]: 4.76 meters
[controller-2] [INFO] [1744576432.399439268] [drone_home1.controller]: Bearing: -86.01°
[controller-2] [INFO] [1744576432.400363845] [drone_home1.controller]: Going to [(29.639567, -82.361102)]: 4.76 meters
[controller-2] [INFO] [1744576432.499812724] [drone_home1.controller]: Bearing: -86.01°
[controller-2] [INFO] [1744576432.500997462] [drone_home1.controller]: Going to [(29.639567, -82.361102)]: 4.76 meters
[controller-2] [INFO] [1744576432.599854148] [drone_home1.controller]: Bearing: -86.01°
[controller-2] [INFO] [1744576432.600814853] [drone_home1.controller]: Going to [(29.639567, -82.361102)]: 4.76 meters
[controller-2] [INFO] [1744576432.701243253] [drone_home1.controller]: Bearing: -86.01°
[controller-2] [INFO] [1744576432.702837304] [drone_home1.controller]: Going to [(29.639567, -82.361102)]: 4.76 meters
[controller-2] [INFO] [1744576432.799626595] [drone_home1.controller]: Bearing: -86.01°
[controller-2] [INFO] [1744576432.800594852] [drone_home1.controller]: Going to [(29.639567, -82.361102)]: 4.76 meters
[controller-2] [INFO] [1744576432.900494387] [drone_home1.controller]: Bearing: -86.01°
[controller-2] [INFO] [1744576432.902099414] [drone_home1.controller]: Going to [(29.639567, -82.361102)]: 4.76 meters
[controller-2] [INFO] [1744576433.000119074] [drone_home1.controller]: Bearing: -86.01°
[controller-2] [INFO] [1744576433.001663589] [drone_home1.controller]: Going to [(29.639567, -82.361102)]: 4.76 meters
[controller-2] [INFO] [1744576433.100630555] [drone_home1.controller]: Bearing: -86.01°
[controller-2] [INFO] [1744576433.103073215] [drone_home1.controller]: Going to [(29.639567, -82.361102)]: 4.76 meters
[controller-2] [INFO] [1744576433.200270803] [drone_home1.controller]: Bearing: -86.01°
[controller-2] [INFO] [1744576433.201855445] [drone_home1.controller]: Going to [(29.639567, -82.361102)]: 4.76 meters
[controller-2] [INFO] [1744576433.300340939] [drone_home1.controller]: Bearing: -86.01°
[controller-2] [INFO] [1744576433.301919597] [drone_home1.controller]: Going to [(29.639567, -82.361102)]: 4.76 meters
[controller-2] [INFO] [1744576433.400251427] [drone_home1.controller]: Bearing: -85.81°
[controller-2] [INFO] [1744576433.401838277] [drone_home1.controller]: Going to [(29.639567, -82.361102)]: 4.54 meters
[controller-2] [INFO] [1744576433.500128347] [drone_home1.controller]: Bearing: -85.81°
[controller-2] [INFO] [1744576433.502273470] [drone_home1.controller]: Going to [(29.639567, -82.361102)]: 4.54 meters
[controller-2] [INFO] [1744576433.600753876] [drone_home1.controller]: Bearing: -85.81°
[controller-2] [INFO] [1744576433.602328087] [drone_home1.controller]: Going to [(29.639567, -82.361102)]: 4.54 meters
[controller-2] [INFO] [1744576433.700350700] [drone_home1.controller]: Bearing: -85.81°
[controller-2] [INFO] [1744576433.702115022] [drone_home1.controller]: Going to [(29.639567, -82.361102)]: 4.54 meters
[controller-2] [INFO] [1744576433.799548931] [drone_home1.controller]: Bearing: -85.81°
[controller-2] [INFO] [1744576433.800590884] [drone_home1.controller]: Going to [(29.639567, -82.361102)]: 4.54 meters
[controller-2] [INFO] [1744576433.899581947] [drone_home1.controller]: Bearing: -85.81°
[controller-2] [INFO] [1744576433.900537756] [drone_home1.controller]: Going to [(29.639567, -82.361102)]: 4.54 meters
[controller-2] [INFO] [1744576433.999747091] [drone_home1.controller]: Bearing: -85.81°
[controller-2] [INFO] [1744576434.000742261] [drone_home1.controller]: Going to [(29.639567, -82.361102)]: 4.54 meters
[controller-2] [INFO] [1744576434.100264949] [drone_home1.controller]: Bearing: -85.81°
[controller-2] [INFO] [1744576434.101853783] [drone_home1.controller]: Going to [(29.639567, -82.361102)]: 4.54 meters
[controller-2] [INFO] [1744576434.200294326] [drone_home1.controller]: Bearing: -85.81°
[controller-2] [INFO] [1744576434.201829368] [drone_home1.controller]: Going to [(29.639567, -82.361102)]: 4.54 meters
[controller-2] [INFO] [1744576434.299739093] [drone_home1.controller]: Bearing: -85.81°
[controller-2] [INFO] [1744576434.300705271] [drone_home1.controller]: Going to [(29.639567, -82.361102)]: 4.54 meters
[controller-2] [INFO] [1744576434.399727574] [drone_home1.controller]: Bearing: -85.81°
[controller-2] [INFO] [1744576434.400904984] [drone_home1.controller]: Going to [(29.639567, -82.361102)]: 4.54 meters
[controller-2] [INFO] [1744576434.500255448] [drone_home1.controller]: Bearing: -86.11°
[controller-2] [INFO] [1744576434.501819674] [drone_home1.controller]: Going to [(29.639567, -82.361102)]: 4.51 meters
[controller-2] [INFO] [1744576434.599591768] [drone_home1.controller]: Bearing: -86.11°
[controller-2] [INFO] [1744576434.600600377] [drone_home1.controller]: Going to [(29.639567, -82.361102)]: 4.51 meters
[controller-2] [INFO] [1744576434.700471002] [drone_home1.controller]: Bearing: -86.11°
[controller-2] [INFO] [1744576434.702191517] [drone_home1.controller]: Going to [(29.639567, -82.361102)]: 4.51 meters
[controller-2] [INFO] [1744576434.799589561] [drone_home1.controller]: Bearing: -85.81°
[controller-2] [INFO] [1744576434.800571131] [drone_home1.controller]: Going to [(29.639567, -82.361102)]: 4.54 meters
[controller-2] [INFO] [1744576434.900503900] [drone_home1.controller]: Bearing: -85.81°
[controller-2] [INFO] [1744576434.902055966] [drone_home1.controller]: Going to [(29.639567, -82.361102)]: 4.54 meters
[controller-2] [INFO] [1744576435.000361596] [drone_home1.controller]: Bearing: -85.81°
[controller-2] [INFO] [1744576435.001903103] [drone_home1.controller]: Going to [(29.639567, -82.361102)]: 4.54 meters
[controller-2] [INFO] [1744576435.100215493] [drone_home1.controller]: Bearing: -85.81°
[controller-2] [INFO] [1744576435.101788808] [drone_home1.controller]: Going to [(29.639567, -82.361102)]: 4.54 meters
[controller-2] [INFO] [1744576435.200941904] [drone_home1.controller]: Bearing: -85.81°
[controller-2] [INFO] [1744576435.202533075] [drone_home1.controller]: Going to [(29.639567, -82.361102)]: 4.54 meters
[controller-2] [INFO] [1744576435.300282008] [drone_home1.controller]: Bearing: -85.70°
[controller-2] [INFO] [1744576435.301972347] [drone_home1.controller]: Going to [(29.639567, -82.361102)]: 4.44 meters
[controller-2] [INFO] [1744576435.400490946] [drone_home1.controller]: Bearing: -85.70°
[controller-2] [INFO] [1744576435.402249317] [drone_home1.controller]: Going to [(29.639567, -82.361102)]: 4.44 meters
[controller-2] [INFO] [1744576435.499795370] [drone_home1.controller]: Bearing: -85.70°
[controller-2] [INFO] [1744576435.501147948] [drone_home1.controller]: Going to [(29.639567, -82.361102)]: 4.44 meters
[controller-2] [INFO] [1744576435.600429717] [drone_home1.controller]: Bearing: -85.70°
[controller-2] [INFO] [1744576435.602184216] [drone_home1.controller]: Going to [(29.639567, -82.361102)]: 4.44 meters
[controller-2] [INFO] [1744576435.700562174] [drone_home1.controller]: Bearing: -85.70°
[controller-2] [INFO] [1744576435.702162209] [drone_home1.controller]: Going to [(29.639567, -82.361102)]: 4.44 meters
[controller-2] [INFO] [1744576435.800575976] [drone_home1.controller]: Bearing: -85.70°
[controller-2] [INFO] [1744576435.802428875] [drone_home1.controller]: Going to [(29.639567, -82.361102)]: 4.44 meters
[controller-2] [INFO] [1744576435.899616432] [drone_home1.controller]: Bearing: -85.70°
[controller-2] [INFO] [1744576435.900577137] [drone_home1.controller]: Going to [(29.639567, -82.361102)]: 4.44 meters
[controller-2] [INFO] [1744576435.999690329] [drone_home1.controller]: Bearing: -85.70°
[controller-2] [INFO] [1744576436.001031324] [drone_home1.controller]: Going to [(29.639567, -82.361102)]: 4.44 meters
[controller-2] [INFO] [1744576436.099557771] [drone_home1.controller]: Bearing: -85.70°
[controller-2] [INFO] [1744576436.100541548] [drone_home1.controller]: Going to [(29.639567, -82.361102)]: 4.44 meters
[controller-2] [INFO] [1744576436.199664029] [drone_home1.controller]: Bearing: -85.70°
[controller-2] [INFO] [1744576436.200592351] [drone_home1.controller]: Going to [(29.639567, -82.361102)]: 4.44 meters
[controller-2] [INFO] [1744576436.299448335] [drone_home1.controller]: Bearing: -85.70°
[controller-2] [INFO] [1744576436.300652113] [drone_home1.controller]: Going to [(29.639567, -82.361102)]: 4.44 meters
[controller-2] [INFO] [1744576436.399617537] [drone_home1.controller]: Bearing: -85.70°
[controller-2] [INFO] [1744576436.400976771] [drone_home1.controller]: Going to [(29.639567, -82.361102)]: 4.44 meters
[controller-2] [INFO] [1744576436.500292340] [drone_home1.controller]: Bearing: -85.70°
[controller-2] [INFO] [1744576436.501833911] [drone_home1.controller]: Going to [(29.639567, -82.361102)]: 4.44 meters
[controller-2] [INFO] [1744576436.600038598] [drone_home1.controller]: Bearing: -85.09°
[controller-2] [INFO] [1744576436.600932935] [drone_home1.controller]: Going to [(29.639567, -82.361102)]: 4.50 meters
[controller-2] [INFO] [1744576436.700596569] [drone_home1.controller]: Bearing: -85.09°
[controller-2] [INFO] [1744576436.702177308] [drone_home1.controller]: Going to [(29.639567, -82.361102)]: 4.50 meters
[controller-2] [INFO] [1744576436.800077322] [drone_home1.controller]: Bearing: -85.09°
[controller-2] [INFO] [1744576436.800947339] [drone_home1.controller]: Going to [(29.639567, -82.361102)]: 4.50 meters
[controller-2] [INFO] [1744576436.899488955] [drone_home1.controller]: Bearing: -85.09°
[controller-2] [INFO] [1744576436.900517501] [drone_home1.controller]: Going to [(29.639567, -82.361102)]: 4.50 meters
[controller-2] [INFO] [1744576436.999563661] [drone_home1.controller]: Bearing: -85.09°
[controller-2] [INFO] [1744576437.000529455] [drone_home1.controller]: Going to [(29.639567, -82.361102)]: 4.50 meters
[controller-2] [INFO] [1744576437.100398025] [drone_home1.controller]: Bearing: -85.09°
[controller-2] [INFO] [1744576437.102364269] [drone_home1.controller]: Going to [(29.639567, -82.361102)]: 4.50 meters
[controller-2] [INFO] [1744576437.200975429] [drone_home1.controller]: Bearing: -85.09°
[controller-2] [INFO] [1744576437.202783144] [drone_home1.controller]: Going to [(29.639567, -82.361102)]: 4.50 meters
[controller-2] [INFO] [1744576437.299307260] [drone_home1.controller]: Bearing: -85.09°
[controller-2] [INFO] [1744576437.300179070] [drone_home1.controller]: Going to [(29.639567, -82.361102)]: 4.50 meters
[controller-2] [INFO] [1744576437.399585143] [drone_home1.controller]: Bearing: -85.09°
[controller-2] [INFO] [1744576437.400625977] [drone_home1.controller]: Going to [(29.639567, -82.361102)]: 4.50 meters
[controller-2] [INFO] [1744576437.500278771] [drone_home1.controller]: Bearing: -85.09°
[controller-2] [INFO] [1744576437.501839030] [drone_home1.controller]: Going to [(29.639567, -82.361102)]: 4.50 meters
[controller-2] [INFO] [1744576437.600722031] [drone_home1.controller]: Bearing: -85.70°
[controller-2] [INFO] [1744576437.602911123] [drone_home1.controller]: Going to [(29.639567, -82.361102)]: 4.44 meters
[controller-2] [INFO] [1744576437.699607303] [drone_home1.controller]: Bearing: -85.70°
[controller-2] [INFO] [1744576437.702155756] [drone_home1.controller]: Going to [(29.639567, -82.361102)]: 4.44 meters
[controller-2] [INFO] [1744576437.799994915] [drone_home1.controller]: Bearing: -85.81°
[controller-2] [INFO] [1744576437.801688102] [drone_home1.controller]: Going to [(29.639567, -82.361102)]: 4.54 meters
[controller-2] [INFO] [1744576437.900380638] [drone_home1.controller]: Bearing: -85.81°
[controller-2] [INFO] [1744576437.902011617] [drone_home1.controller]: Going to [(29.639567, -82.361102)]: 4.54 meters
[controller-2] [INFO] [1744576438.000273976] [drone_home1.controller]: Bearing: -85.81°
[controller-2] [INFO] [1744576438.001885435] [drone_home1.controller]: Going to [(29.639567, -82.361102)]: 4.54 meters
[controller-2] [INFO] [1744576438.100287451] [drone_home1.controller]: Bearing: -85.81°
[controller-2] [INFO] [1744576438.102032543] [drone_home1.controller]: Going to [(29.639567, -82.361102)]: 4.54 meters
[controller-2] [INFO] [1744576438.200268766] [drone_home1.controller]: Bearing: -85.81°
[controller-2] [INFO] [1744576438.201857442] [drone_home1.controller]: Going to [(29.639567, -82.361102)]: 4.54 meters
[controller-2] [INFO] [1744576438.300821411] [drone_home1.controller]: Bearing: -85.81°
[controller-2] [INFO] [1744576438.302605606] [drone_home1.controller]: Going to [(29.639567, -82.361102)]: 4.54 meters
[controller-2] [INFO] [1744576438.400189573] [drone_home1.controller]: Bearing: -85.81°
[controller-2] [INFO] [1744576438.401757288] [drone_home1.controller]: Going to [(29.639567, -82.361102)]: 4.54 meters
[controller-2] [INFO] [1744576438.500256744] [drone_home1.controller]: Bearing: -85.81°
[controller-2] [INFO] [1744576438.501870731] [drone_home1.controller]: Going to [(29.639567, -82.361102)]: 4.54 meters
[controller-2] [INFO] [1744576438.600540876] [drone_home1.controller]: Bearing: -85.81°
[controller-2] [INFO] [1744576438.602939696] [drone_home1.controller]: Going to [(29.639567, -82.361102)]: 4.54 meters
[controller-2] [INFO] [1744576438.699592653] [drone_home1.controller]: Bearing: -86.01°
[controller-2] [INFO] [1744576438.700567311] [drone_home1.controller]: Going to [(29.639567, -82.361102)]: 4.76 meters
[controller-2] [INFO] [1744576438.800626578] [drone_home1.controller]: Bearing: -86.01°
[controller-2] [INFO] [1744576438.802345686] [drone_home1.controller]: Going to [(29.639567, -82.361102)]: 4.76 meters
[controller-2] [INFO] [1744576438.899637684] [drone_home1.controller]: Bearing: -86.01°
[controller-2] [INFO] [1744576438.900620885] [drone_home1.controller]: Going to [(29.639567, -82.361102)]: 4.76 meters
[controller-2] [INFO] [1744576438.999589239] [drone_home1.controller]: Bearing: -86.01°
[controller-2] [INFO] [1744576439.000612089] [drone_home1.controller]: Going to [(29.639567, -82.361102)]: 4.76 meters
[controller-2] [INFO] [1744576439.099520706] [drone_home1.controller]: Bearing: -86.20°
[controller-2] [INFO] [1744576439.102338760] [drone_home1.controller]: Going to [(29.639567, -82.361102)]: 4.97 meters
[controller-2] [INFO] [1744576439.199643342] [drone_home1.controller]: Bearing: -86.20°
[controller-2] [INFO] [1744576439.200634416] [drone_home1.controller]: Going to [(29.639567, -82.361102)]: 4.97 meters
[controller-2] [INFO] [1744576439.299497241] [drone_home1.controller]: Bearing: -86.20°
[controller-2] [INFO] [1744576439.300428987] [drone_home1.controller]: Going to [(29.639567, -82.361102)]: 4.97 meters
[controller-2] [INFO] [1744576439.400150278] [drone_home1.controller]: Bearing: -86.20°
[controller-2] [INFO] [1744576439.401773994] [drone_home1.controller]: Going to [(29.639567, -82.361102)]: 4.97 meters
[controller-2] [INFO] [1744576439.500378067] [drone_home1.controller]: Bearing: -86.20°
[controller-2] [INFO] [1744576439.502010006] [drone_home1.controller]: Going to [(29.639567, -82.361102)]: 4.97 meters
[controller-2] [INFO] [1744576439.599334620] [drone_home1.controller]: Bearing: -86.20°
[controller-2] [INFO] [1744576439.600285086] [drone_home1.controller]: Going to [(29.639567, -82.361102)]: 4.97 meters
[controller-2] [INFO] [1744576439.699398472] [drone_home1.controller]: Bearing: -86.20°
[controller-2] [INFO] [1744576439.700305738] [drone_home1.controller]: Going to [(29.639567, -82.361102)]: 4.97 meters
[controller-2] [INFO] [1744576439.800670998] [drone_home1.controller]: Bearing: -86.20°
[controller-2] [INFO] [1744576439.802307610] [drone_home1.controller]: Going to [(29.639567, -82.361102)]: 4.97 meters
[controller-2] [INFO] [1744576439.900585090] [drone_home1.controller]: Bearing: -86.20°
[controller-2] [INFO] [1744576439.901601124] [drone_home1.controller]: Going to [(29.639567, -82.361102)]: 4.97 meters
[controller-2] [INFO] [1744576439.999667756] [drone_home1.controller]: Bearing: -86.20°
[controller-2] [INFO] [1744576440.001067023] [drone_home1.controller]: Going to [(29.639567, -82.361102)]: 4.97 meters
[controller-2] [INFO] [1744576440.100474274] [drone_home1.controller]: Bearing: -86.20°
[controller-2] [INFO] [1744576440.102104005] [drone_home1.controller]: Going to [(29.639567, -82.361102)]: 4.97 meters
[controller-2] [INFO] [1744576440.200871383] [drone_home1.controller]: Bearing: -86.20°
[controller-2] [INFO] [1744576440.202430810] [drone_home1.controller]: Going to [(29.639567, -82.361102)]: 4.97 meters
[controller-2] [INFO] [1744576440.300596970] [drone_home1.controller]: Bearing: -86.20°
[controller-2] [INFO] [1744576440.302180174] [drone_home1.controller]: Going to [(29.639567, -82.361102)]: 4.97 meters
[controller-2] [INFO] [1744576440.400233822] [drone_home1.controller]: Bearing: -86.20°
[controller-2] [INFO] [1744576440.402758147] [drone_home1.controller]: Going to [(29.639567, -82.361102)]: 4.97 meters
[controller-2] [INFO] [1744576440.499594961] [drone_home1.controller]: Bearing: -85.66°
[controller-2] [INFO] [1744576440.500686419] [drone_home1.controller]: Going to [(29.639567, -82.361102)]: 5.03 meters
[controller-2] [INFO] [1744576440.599351109] [drone_home1.controller]: Bearing: -85.66°
[controller-2] [INFO] [1744576440.600571399] [drone_home1.controller]: Going to [(29.639567, -82.361102)]: 5.03 meters
[controller-2] [INFO] [1744576440.700194651] [drone_home1.controller]: Bearing: -85.66°
[controller-2] [INFO] [1744576440.701765726] [drone_home1.controller]: Going to [(29.639567, -82.361102)]: 5.03 meters
[controller-2] [INFO] [1744576440.800792176] [drone_home1.controller]: Bearing: -85.66°
[controller-2] [INFO] [1744576440.802358707] [drone_home1.controller]: Going to [(29.639567, -82.361102)]: 5.03 meters
[controller-2] [INFO] [1744576440.900372932] [drone_home1.controller]: Bearing: -85.66°
[controller-2] [INFO] [1744576440.901990503] [drone_home1.controller]: Going to [(29.639567, -82.361102)]: 5.03 meters
[controller-2] [INFO] [1744576440.999656374] [drone_home1.controller]: Bearing: -85.66°
[controller-2] [INFO] [1744576441.000739161] [drone_home1.controller]: Going to [(29.639567, -82.361102)]: 5.03 meters
[controller-2] [INFO] [1744576441.099519762] [drone_home1.controller]: Bearing: -85.66°
[controller-2] [INFO] [1744576441.100915606] [drone_home1.controller]: Going to [(29.639567, -82.361102)]: 5.03 meters
[controller-2] [INFO] [1744576441.199501071] [drone_home1.controller]: Bearing: -85.66°
[controller-2] [INFO] [1744576441.200457745] [drone_home1.controller]: Going to [(29.639567, -82.361102)]: 5.03 meters
[controller-2] [INFO] [1744576441.299536748] [drone_home1.controller]: Bearing: -85.66°
[controller-2] [INFO] [1744576441.300944783] [drone_home1.controller]: Going to [(29.639567, -82.361102)]: 5.03 meters
[controller-2] [INFO] [1744576441.400097322] [drone_home1.controller]: Bearing: -85.66°
[controller-2] [INFO] [1744576441.401806062] [drone_home1.controller]: Going to [(29.639567, -82.361102)]: 5.03 meters
[controller-2] [INFO] [1744576441.500279335] [drone_home1.controller]: Bearing: -85.76°
[controller-2] [INFO] [1744576441.501992043] [drone_home1.controller]: Going to [(29.639567, -82.361102)]: 5.13 meters
[controller-2] [INFO] [1744576441.600281124] [drone_home1.controller]: Bearing: -85.76°
[controller-2] [INFO] [1744576441.601930056] [drone_home1.controller]: Going to [(29.639567, -82.361102)]: 5.13 meters
[controller-2] [INFO] [1744576441.700210561] [drone_home1.controller]: Bearing: -85.76°
[controller-2] [INFO] [1744576441.701767236] [drone_home1.controller]: Going to [(29.639567, -82.361102)]: 5.13 meters
[controller-2] [INFO] [1744576441.800358494] [drone_home1.controller]: Bearing: -85.76°
[controller-2] [INFO] [1744576441.801992897] [drone_home1.controller]: Going to [(29.639567, -82.361102)]: 5.13 meters
[controller-2] [INFO] [1744576441.900358715] [drone_home1.controller]: Bearing: -85.76°
[controller-2] [INFO] [1744576441.901948030] [drone_home1.controller]: Going to [(29.639567, -82.361102)]: 5.13 meters
[controller-2] [INFO] [1744576442.000788984] [drone_home1.controller]: Bearing: -85.76°
[controller-2] [INFO] [1744576442.002372764] [drone_home1.controller]: Going to [(29.639567, -82.361102)]: 5.13 meters
[controller-2] [INFO] [1744576442.100504669] [drone_home1.controller]: Bearing: -85.76°
[controller-2] [INFO] [1744576442.102108384] [drone_home1.controller]: Going to [(29.639567, -82.361102)]: 5.13 meters
[controller-2] [INFO] [1744576442.199512672] [drone_home1.controller]: Bearing: -85.66°
[controller-2] [INFO] [1744576442.200678050] [drone_home1.controller]: Going to [(29.639567, -82.361102)]: 5.03 meters
[controller-2] [INFO] [1744576442.300364199] [drone_home1.controller]: Bearing: -85.66°
[controller-2] [INFO] [1744576442.302427596] [drone_home1.controller]: Going to [(29.639567, -82.361102)]: 5.03 meters
[controller-2] [INFO] [1744576442.401042222] [drone_home1.controller]: Bearing: -85.66°
[controller-2] [INFO] [1744576442.403038354] [drone_home1.controller]: Going to [(29.639567, -82.361102)]: 5.03 meters
[controller-2] [INFO] [1744576442.499408047] [drone_home1.controller]: Bearing: -85.76°
[controller-2] [INFO] [1744576442.500326002] [drone_home1.controller]: Going to [(29.639567, -82.361102)]: 5.13 meters
[controller-2] [INFO] [1744576442.600074422] [drone_home1.controller]: Bearing: -85.76°
[controller-2] [INFO] [1744576442.601650202] [drone_home1.controller]: Going to [(29.639567, -82.361102)]: 5.13 meters
[controller-2] [INFO] [1744576442.700001211] [drone_home1.controller]: Bearing: -85.76°
[controller-2] [INFO] [1744576442.701581855] [drone_home1.controller]: Going to [(29.639567, -82.361102)]: 5.13 meters
[controller-2] [INFO] [1744576442.800489730] [drone_home1.controller]: Bearing: -85.66°
[controller-2] [INFO] [1744576442.802059109] [drone_home1.controller]: Going to [(29.639567, -82.361102)]: 5.03 meters
[controller-2] [INFO] [1744576442.900331495] [drone_home1.controller]: Bearing: -85.66°
[controller-2] [INFO] [1744576442.902106315] [drone_home1.controller]: Going to [(29.639567, -82.361102)]: 5.03 meters
[controller-2] [INFO] [1744576443.000314028] [drone_home1.controller]: Bearing: -85.66°
[controller-2] [INFO] [1744576443.001924432] [drone_home1.controller]: Going to [(29.639567, -82.361102)]: 5.03 meters
[controller-2] [INFO] [1744576443.100266937] [drone_home1.controller]: Bearing: -85.66°
[controller-2] [INFO] [1744576443.101863549] [drone_home1.controller]: Going to [(29.639567, -82.361102)]: 5.03 meters
[controller-2] [INFO] [1744576443.199403653] [drone_home1.controller]: Bearing: -85.66°
[controller-2] [INFO] [1744576443.200399719] [drone_home1.controller]: Going to [(29.639567, -82.361102)]: 5.03 meters
[controller-2] [INFO] [1744576443.299598995] [drone_home1.controller]: Bearing: -85.66°
[controller-2] [INFO] [1744576443.300881462] [drone_home1.controller]: Going to [(29.639567, -82.361102)]: 5.03 meters
[controller-2] [INFO] [1744576443.399519361] [drone_home1.controller]: Bearing: -85.66°
[controller-2] [INFO] [1744576443.400420899] [drone_home1.controller]: Going to [(29.639567, -82.361102)]: 5.03 meters
[controller-2] [INFO] [1744576443.500178032] [drone_home1.controller]: Bearing: -85.45°
[controller-2] [INFO] [1744576443.502085653] [drone_home1.controller]: Going to [(29.639567, -82.361102)]: 4.81 meters
[controller-2] [INFO] [1744576443.599657533] [drone_home1.controller]: Bearing: -85.45°
[controller-2] [INFO] [1744576443.601134944] [drone_home1.controller]: Going to [(29.639567, -82.361102)]: 4.81 meters
[controller-2] [INFO] [1744576443.699714571] [drone_home1.controller]: Bearing: -85.45°
[controller-2] [INFO] [1744576443.700975758] [drone_home1.controller]: Going to [(29.639567, -82.361102)]: 4.81 meters
[controller-2] [INFO] [1744576443.799372760] [drone_home1.controller]: Bearing: -85.45°
[controller-2] [INFO] [1744576443.800855579] [drone_home1.controller]: Going to [(29.639567, -82.361102)]: 4.81 meters
[controller-2] [INFO] [1744576443.900321512] [drone_home1.controller]: Bearing: -85.45°
[controller-2] [INFO] [1744576443.901466602] [drone_home1.controller]: Going to [(29.639567, -82.361102)]: 4.81 meters
[controller-2] [INFO] [1744576443.999790644] [drone_home1.controller]: Bearing: -85.45°
[controller-2] [INFO] [1744576444.000805975] [drone_home1.controller]: Going to [(29.639567, -82.361102)]: 4.81 meters
[controller-2] [INFO] [1744576444.100825165] [drone_home1.controller]: Bearing: -85.45°
[controller-2] [INFO] [1744576444.102455153] [drone_home1.controller]: Going to [(29.639567, -82.361102)]: 4.81 meters
[controller-2] [INFO] [1744576444.200364002] [drone_home1.controller]: Bearing: -85.45°
[controller-2] [INFO] [1744576444.201933094] [drone_home1.controller]: Going to [(29.639567, -82.361102)]: 4.81 meters
[controller-2] [INFO] [1744576444.300405144] [drone_home1.controller]: Bearing: -85.45°
[controller-2] [INFO] [1744576444.301985308] [drone_home1.controller]: Going to [(29.639567, -82.361102)]: 4.81 meters
[controller-2] [INFO] [1744576444.400295438] [drone_home1.controller]: Bearing: -85.12°
[controller-2] [INFO] [1744576444.401833874] [drone_home1.controller]: Going to [(29.639567, -82.361102)]: 5.09 meters
[controller-2] [INFO] [1744576444.500713669] [drone_home1.controller]: Bearing: -85.12°
[controller-2] [INFO] [1744576444.502245289] [drone_home1.controller]: Going to [(29.639567, -82.361102)]: 5.09 meters
[controller-2] [INFO] [1744576444.599348344] [drone_home1.controller]: Bearing: -85.12°
[controller-2] [INFO] [1744576444.600412507] [drone_home1.controller]: Going to [(29.639567, -82.361102)]: 5.09 meters
[controller-2] [INFO] [1744576444.699974704] [drone_home1.controller]: Bearing: -85.12°
[controller-2] [INFO] [1744576444.701152339] [drone_home1.controller]: Going to [(29.639567, -82.361102)]: 5.09 meters
[controller-2] [INFO] [1744576444.799313573] [drone_home1.controller]: Bearing: -84.88°
[controller-2] [INFO] [1744576444.800315271] [drone_home1.controller]: Going to [(29.639567, -82.361102)]: 4.88 meters
[controller-2] [INFO] [1744576444.899434619] [drone_home1.controller]: Bearing: -84.88°
[controller-2] [INFO] [1744576444.900505438] [drone_home1.controller]: Going to [(29.639567, -82.361102)]: 4.88 meters
[controller-2] [INFO] [1744576445.000305908] [drone_home1.controller]: Bearing: -85.12°
[controller-2] [INFO] [1744576445.001284374] [drone_home1.controller]: Going to [(29.639567, -82.361102)]: 5.09 meters
[controller-2] [INFO] [1744576445.100593811] [drone_home1.controller]: Bearing: -85.12°
[controller-2] [INFO] [1744576445.102167255] [drone_home1.controller]: Going to [(29.639567, -82.361102)]: 5.09 meters
[controller-2] [INFO] [1744576445.200284177] [drone_home1.controller]: Bearing: -85.12°
[controller-2] [INFO] [1744576445.202505142] [drone_home1.controller]: Going to [(29.639567, -82.361102)]: 5.09 meters
[controller-2] [INFO] [1744576445.300427952] [drone_home1.controller]: Bearing: -85.12°
[controller-2] [INFO] [1744576445.302453877] [drone_home1.controller]: Going to [(29.639567, -82.361102)]: 5.09 meters
[controller-2] [INFO] [1744576445.399590860] [drone_home1.controller]: Bearing: -85.12°
[controller-2] [INFO] [1744576445.401043664] [drone_home1.controller]: Going to [(29.639567, -82.361102)]: 5.09 meters
[controller-2] [INFO] [1744576445.499559659] [drone_home1.controller]: Bearing: -85.12°
[controller-2] [INFO] [1744576445.500473517] [drone_home1.controller]: Going to [(29.639567, -82.361102)]: 5.09 meters
[controller-2] [INFO] [1744576445.599336553] [drone_home1.controller]: Bearing: -85.12°
[controller-2] [INFO] [1744576445.600668012] [drone_home1.controller]: Going to [(29.639567, -82.361102)]: 5.09 meters
[controller-2] [INFO] [1744576445.699350504] [drone_home1.controller]: Bearing: -85.12°
[controller-2] [INFO] [1744576445.700430219] [drone_home1.controller]: Going to [(29.639567, -82.361102)]: 5.09 meters
[controller-2] [INFO] [1744576445.799358151] [drone_home1.controller]: Bearing: -85.12°
[controller-2] [INFO] [1744576445.800322345] [drone_home1.controller]: Going to [(29.639567, -82.361102)]: 5.09 meters
[controller-2] [INFO] [1744576445.900515624] [drone_home1.controller]: Bearing: -85.12°
[controller-2] [INFO] [1744576445.902288077] [drone_home1.controller]: Going to [(29.639567, -82.361102)]: 5.09 meters
[controller-2] [INFO] [1744576445.999467300] [drone_home1.controller]: Bearing: -85.12°
[controller-2] [INFO] [1744576446.000492487] [drone_home1.controller]: Going to [(29.639567, -82.361102)]: 5.09 meters
[controller-2] [INFO] [1744576446.099566155] [drone_home1.controller]: Bearing: -85.12°
[controller-2] [INFO] [1744576446.100563918] [drone_home1.controller]: Going to [(29.639567, -82.361102)]: 5.09 meters
[controller-2] [INFO] [1744576446.200171380] [drone_home1.controller]: Bearing: -85.12°
[controller-2] [INFO] [1744576446.201745944] [drone_home1.controller]: Going to [(29.639567, -82.361102)]: 5.09 meters
[controller-2] [INFO] [1744576446.300276347] [drone_home1.controller]: Bearing: -85.12°
[controller-2] [INFO] [1744576446.301829023] [drone_home1.controller]: Going to [(29.639567, -82.361102)]: 5.09 meters
[controller-2] [INFO] [1744576446.400250722] [drone_home1.controller]: Bearing: -85.12°
[controller-2] [INFO] [1744576446.401833095] [drone_home1.controller]: Going to [(29.639567, -82.361102)]: 5.09 meters
[controller-2] [INFO] [1744576446.499528520] [drone_home1.controller]: Bearing: -85.12°
[controller-2] [INFO] [1744576446.500520810] [drone_home1.controller]: Going to [(29.639567, -82.361102)]: 5.09 meters
[controller-2] [INFO] [1744576446.599554767] [drone_home1.controller]: Bearing: -85.12°
[controller-2] [INFO] [1744576446.600842514] [drone_home1.controller]: Going to [(29.639567, -82.361102)]: 5.09 meters
[controller-2] [INFO] [1744576446.699563926] [drone_home1.controller]: Bearing: -85.12°
[controller-2] [INFO] [1744576446.700617817] [drone_home1.controller]: Going to [(29.639567, -82.361102)]: 5.09 meters
[controller-2] [INFO] [1744576446.799372061] [drone_home1.controller]: Bearing: -85.12°
[controller-2] [INFO] [1744576446.800465408] [drone_home1.controller]: Going to [(29.639567, -82.361102)]: 5.09 meters
[controller-2] [INFO] [1744576446.900310790] [drone_home1.controller]: Bearing: -85.12°
[controller-2] [INFO] [1744576446.902335500] [drone_home1.controller]: Going to [(29.639567, -82.361102)]: 5.09 meters
[controller-2] [INFO] [1744576446.999720684] [drone_home1.controller]: Bearing: -85.12°
[controller-2] [INFO] [1744576447.000935439] [drone_home1.controller]: Going to [(29.639567, -82.361102)]: 5.09 meters
[controller-2] [INFO] [1744576447.099743579] [drone_home1.controller]: Bearing: -84.85°
[controller-2] [INFO] [1744576447.100846590] [drone_home1.controller]: Going to [(29.639567, -82.361102)]: 5.12 meters
[controller-2] [INFO] [1744576447.199565738] [drone_home1.controller]: Bearing: -84.85°
[controller-2] [INFO] [1744576447.200569933] [drone_home1.controller]: Going to [(29.639567, -82.361102)]: 5.12 meters
[controller-2] [INFO] [1744576447.299732154] [drone_home1.controller]: Bearing: -85.12°
[controller-2] [INFO] [1744576447.301348735] [drone_home1.controller]: Going to [(29.639567, -82.361102)]: 5.09 meters
[controller-2] [INFO] [1744576447.399480329] [drone_home1.controller]: Bearing: -85.12°
[controller-2] [INFO] [1744576447.400462124] [drone_home1.controller]: Going to [(29.639567, -82.361102)]: 5.09 meters
[controller-2] [INFO] [1744576447.500273115] [drone_home1.controller]: Bearing: -84.85°
[controller-2] [INFO] [1744576447.502888098] [drone_home1.controller]: Going to [(29.639567, -82.361102)]: 5.12 meters
[controller-2] [INFO] [1744576447.599787721] [drone_home1.controller]: Bearing: -84.85°
[controller-2] [INFO] [1744576447.600698827] [drone_home1.controller]: Going to [(29.639567, -82.361102)]: 5.12 meters
[controller-2] [INFO] [1744576447.700358106] [drone_home1.controller]: Bearing: -84.85°
[controller-2] [INFO] [1744576447.702130239] [drone_home1.controller]: Going to [(29.639567, -82.361102)]: 5.12 meters
[controller-2] [INFO] [1744576447.800305225] [drone_home1.controller]: Bearing: -84.85°
[controller-2] [INFO] [1744576447.801843534] [drone_home1.controller]: Going to [(29.639567, -82.361102)]: 5.12 meters
[controller-2] [INFO] [1744576447.900158777] [drone_home1.controller]: Bearing: -84.85°
[controller-2] [INFO] [1744576447.901833277] [drone_home1.controller]: Going to [(29.639567, -82.361102)]: 5.12 meters
[controller-2] [INFO] [1744576448.000526761] [drone_home1.controller]: Bearing: -84.85°
[controller-2] [INFO] [1744576448.002120013] [drone_home1.controller]: Going to [(29.639567, -82.361102)]: 5.12 meters
[controller-2] [INFO] [1744576448.100289184] [drone_home1.controller]: Bearing: -84.85°
[controller-2] [INFO] [1744576448.101859621] [drone_home1.controller]: Going to [(29.639567, -82.361102)]: 5.12 meters
[controller-2] [INFO] [1744576448.201305435] [drone_home1.controller]: Bearing: -84.60°
[controller-2] [INFO] [1744576448.202907103] [drone_home1.controller]: Going to [(29.639567, -82.361102)]: 4.91 meters
[controller-2] [INFO] [1744576448.300418128] [drone_home1.controller]: Bearing: -84.60°
[controller-2] [INFO] [1744576448.301977077] [drone_home1.controller]: Going to [(29.639567, -82.361102)]: 4.91 meters
[controller-2] [INFO] [1744576448.399437734] [drone_home1.controller]: Bearing: -84.88°
[controller-2] [INFO] [1744576448.400396872] [drone_home1.controller]: Going to [(29.639567, -82.361102)]: 4.88 meters
[controller-2] [INFO] [1744576448.499438430] [drone_home1.controller]: Bearing: -84.88°
[controller-2] [INFO] [1744576448.500639169] [drone_home1.controller]: Going to [(29.639567, -82.361102)]: 4.88 meters
[controller-2] [INFO] [1744576448.599469046] [drone_home1.controller]: Bearing: -84.88°
[controller-2] [INFO] [1744576448.600402072] [drone_home1.controller]: Going to [(29.639567, -82.361102)]: 4.88 meters
[controller-2] [INFO] [1744576448.699647534] [drone_home1.controller]: Bearing: -84.88°
[controller-2] [INFO] [1744576448.700631825] [drone_home1.controller]: Going to [(29.639567, -82.361102)]: 4.88 meters
[controller-2] [INFO] [1744576448.799415237] [drone_home1.controller]: Bearing: -84.88°
[controller-2] [INFO] [1744576448.800726121] [drone_home1.controller]: Going to [(29.639567, -82.361102)]: 4.88 meters
[controller-2] [INFO] [1744576448.899636766] [drone_home1.controller]: Bearing: -84.88°
[controller-2] [INFO] [1744576448.901195010] [drone_home1.controller]: Going to [(29.639567, -82.361102)]: 4.88 meters
[controller-2] [INFO] [1744576448.999445333] [drone_home1.controller]: Bearing: -84.88°
[controller-2] [INFO] [1744576449.000402360] [drone_home1.controller]: Going to [(29.639567, -82.361102)]: 4.88 meters
[controller-2] [INFO] [1744576449.099605270] [drone_home1.controller]: Bearing: -84.88°
[controller-2] [INFO] [1744576449.100640953] [drone_home1.controller]: Going to [(29.639567, -82.361102)]: 4.88 meters
[controller-2] [INFO] [1744576449.199782391] [drone_home1.controller]: Bearing: -84.88°
[controller-2] [INFO] [1744576449.200780153] [drone_home1.controller]: Going to [(29.639567, -82.361102)]: 4.88 meters
[controller-2] [INFO] [1744576449.300755898] [drone_home1.controller]: Bearing: -84.88°
[controller-2] [INFO] [1744576449.302169726] [drone_home1.controller]: Going to [(29.639567, -82.361102)]: 4.88 meters
[controller-2] [INFO] [1744576449.399754487] [drone_home1.controller]: Bearing: -84.62°
[controller-2] [INFO] [1744576449.400801114] [drone_home1.controller]: Going to [(29.639567, -82.361102)]: 4.67 meters
[controller-2] [INFO] [1744576449.499537911] [drone_home1.controller]: Bearing: -84.62°
[controller-2] [INFO] [1744576449.501510557] [drone_home1.controller]: Going to [(29.639567, -82.361102)]: 4.67 meters
[controller-2] [INFO] [1744576449.600282681] [drone_home1.controller]: Bearing: -84.62°
[controller-2] [INFO] [1744576449.601861470] [drone_home1.controller]: Going to [(29.639567, -82.361102)]: 4.67 meters
[controller-2] [INFO] [1744576449.700227546] [drone_home1.controller]: Bearing: -84.62°
[controller-2] [INFO] [1744576449.703102274] [drone_home1.controller]: Going to [(29.639567, -82.361102)]: 4.67 meters
[controller-2] [INFO] [1744576449.800030457] [drone_home1.controller]: Bearing: -84.62°
[controller-2] [INFO] [1744576449.802312224] [drone_home1.controller]: Going to [(29.639567, -82.361102)]: 4.67 meters
[controller-2] [INFO] [1744576449.900193338] [drone_home1.controller]: Bearing: -84.62°
[controller-2] [INFO] [1744576449.901973759] [drone_home1.controller]: Going to [(29.639567, -82.361102)]: 4.67 meters
[controller-2] [INFO] [1744576450.000223067] [drone_home1.controller]: Bearing: -84.62°
[controller-2] [INFO] [1744576450.002853794] [drone_home1.controller]: Going to [(29.639567, -82.361102)]: 4.67 meters
[controller-2] [INFO] [1744576450.100260195] [drone_home1.controller]: Bearing: -84.62°
[controller-2] [INFO] [1744576450.102204681] [drone_home1.controller]: Going to [(29.639567, -82.361102)]: 4.67 meters
[controller-2] [INFO] [1744576450.199659242] [drone_home1.controller]: Bearing: -84.48°
[controller-2] [INFO] [1744576450.200660525] [drone_home1.controller]: Going to [(29.639567, -82.361102)]: 4.57 meters
[controller-2] [INFO] [1744576450.300696758] [drone_home1.controller]: Bearing: -84.48°
[controller-2] [INFO] [1744576450.302517019] [drone_home1.controller]: Going to [(29.639567, -82.361102)]: 4.57 meters
[controller-2] [INFO] [1744576450.399928668] [drone_home1.controller]: Bearing: -84.48°
[controller-2] [INFO] [1744576450.400946975] [drone_home1.controller]: Going to [(29.639567, -82.361102)]: 4.57 meters
[controller-2] [INFO] [1744576450.499512196] [drone_home1.controller]: Bearing: -84.48°
[controller-2] [INFO] [1744576450.500486343] [drone_home1.controller]: Going to [(29.639567, -82.361102)]: 4.57 meters
[controller-2] [INFO] [1744576450.599541964] [drone_home1.controller]: Bearing: -85.09°
[controller-2] [INFO] [1744576450.602444949] [drone_home1.controller]: Going to [(29.639567, -82.361102)]: 4.50 meters
[controller-2] [INFO] [1744576450.700217591] [drone_home1.controller]: Bearing: -85.09°
[controller-2] [INFO] [1744576450.701788828] [drone_home1.controller]: Going to [(29.639567, -82.361102)]: 4.50 meters
[controller-2] [INFO] [1744576450.801369379] [drone_home1.controller]: Bearing: -85.09°
[controller-2] [INFO] [1744576450.803364681] [drone_home1.controller]: Going to [(29.639567, -82.361102)]: 4.50 meters
[controller-2] [INFO] [1744576450.900163912] [drone_home1.controller]: Bearing: -85.09°
[controller-2] [INFO] [1744576450.901721901] [drone_home1.controller]: Going to [(29.639567, -82.361102)]: 4.50 meters
[controller-2] [INFO] [1744576451.000221329] [drone_home1.controller]: Bearing: -85.09°
[controller-2] [INFO] [1744576451.001823990] [drone_home1.controller]: Going to [(29.639567, -82.361102)]: 4.50 meters
[controller-2] [INFO] [1744576451.099792545] [drone_home1.controller]: Bearing: -85.70°
[controller-2] [INFO] [1744576451.100774052] [drone_home1.controller]: Going to [(29.639567, -82.361102)]: 4.44 meters
[controller-2] [INFO] [1744576451.200040819] [drone_home1.controller]: Bearing: -85.70°
[controller-2] [INFO] [1744576451.201658520] [drone_home1.controller]: Going to [(29.639567, -82.361102)]: 4.44 meters
[controller-2] [INFO] [1744576451.300202276] [drone_home1.controller]: Bearing: -86.01°
[controller-2] [INFO] [1744576451.301788553] [drone_home1.controller]: Going to [(29.639567, -82.361102)]: 4.41 meters
[controller-2] [INFO] [1744576451.399475795] [drone_home1.controller]: Bearing: -86.01°
[controller-2] [INFO] [1744576451.400506134] [drone_home1.controller]: Going to [(29.639567, -82.361102)]: 4.41 meters
[controller-2] [INFO] [1744576451.499495940] [drone_home1.controller]: Bearing: -86.01°
[controller-2] [INFO] [1744576451.500472647] [drone_home1.controller]: Going to [(29.639567, -82.361102)]: 4.41 meters
[controller-2] [INFO] [1744576451.600262103] [drone_home1.controller]: Bearing: -86.01°
[controller-2] [INFO] [1744576451.601843580] [drone_home1.controller]: Going to [(29.639567, -82.361102)]: 4.41 meters
[controller-2] [INFO] [1744576451.700426409] [drone_home1.controller]: Bearing: -86.62°
[controller-2] [INFO] [1744576451.702451983] [drone_home1.controller]: Going to [(29.639567, -82.361102)]: 4.36 meters
[controller-2] [INFO] [1744576451.799296055] [drone_home1.controller]: Bearing: -86.62°
[controller-2] [INFO] [1744576451.800207065] [drone_home1.controller]: Going to [(29.639567, -82.361102)]: 4.36 meters
[controller-2] [INFO] [1744576451.900278379] [drone_home1.controller]: Bearing: -86.62°
[controller-2] [INFO] [1744576451.901853647] [drone_home1.controller]: Going to [(29.639567, -82.361102)]: 4.36 meters
[controller-2] [INFO] [1744576451.999533753] [drone_home1.controller]: Bearing: -86.62°
[controller-2] [INFO] [1744576452.000460156] [drone_home1.controller]: Going to [(29.639567, -82.361102)]: 4.36 meters
[controller-2] [INFO] [1744576452.100059764] [drone_home1.controller]: Bearing: -86.62°
[controller-2] [INFO] [1744576452.101709177] [drone_home1.controller]: Going to [(29.639567, -82.361102)]: 4.36 meters
[controller-2] [INFO] [1744576452.200256494] [drone_home1.controller]: Bearing: -86.62°
[controller-2] [INFO] [1744576452.202486165] [drone_home1.controller]: Going to [(29.639567, -82.361102)]: 4.36 meters
[controller-2] [INFO] [1744576452.300068423] [drone_home1.controller]: Bearing: -86.62°
[controller-2] [INFO] [1744576452.301179082] [drone_home1.controller]: Going to [(29.639567, -82.361102)]: 4.36 meters
[controller-2] [INFO] [1744576452.399663999] [drone_home1.controller]: Bearing: -86.62°
[controller-2] [INFO] [1744576452.400696290] [drone_home1.controller]: Going to [(29.639567, -82.361102)]: 4.36 meters
[controller-2] [INFO] [1744576452.499805401] [drone_home1.controller]: Bearing: -86.62°
[controller-2] [INFO] [1744576452.500888316] [drone_home1.controller]: Going to [(29.639567, -82.361102)]: 4.36 meters
[controller-2] [INFO] [1744576452.599607666] [drone_home1.controller]: Bearing: -86.62°
[controller-2] [INFO] [1744576452.602685051] [drone_home1.controller]: Going to [(29.639567, -82.361102)]: 4.36 meters
[controller-2] [INFO] [1744576452.699536875] [drone_home1.controller]: Bearing: -86.62°
[controller-2] [INFO] [1744576452.700519182] [drone_home1.controller]: Going to [(29.639567, -82.361102)]: 4.36 meters
[controller-2] [INFO] [1744576452.799399524] [drone_home1.controller]: Bearing: -86.62°
[controller-2] [INFO] [1744576452.800492487] [drone_home1.controller]: Going to [(29.639567, -82.361102)]: 4.36 meters
[controller-2] [INFO] [1744576452.899648734] [drone_home1.controller]: Bearing: -86.62°
[controller-2] [INFO] [1744576452.900655425] [drone_home1.controller]: Going to [(29.639567, -82.361102)]: 4.36 meters
[controller-2] [INFO] [1744576453.000251065] [drone_home1.controller]: Bearing: -86.62°
[controller-2] [INFO] [1744576453.003445251] [drone_home1.controller]: Going to [(29.639567, -82.361102)]: 4.36 meters
[controller-2] [INFO] [1744576453.100265403] [drone_home1.controller]: Bearing: -86.62°
[controller-2] [INFO] [1744576453.102357601] [drone_home1.controller]: Going to [(29.639567, -82.361102)]: 4.36 meters
[controller-2] [INFO] [1744576453.200779454] [drone_home1.controller]: Bearing: -86.62°
[controller-2] [INFO] [1744576453.202907013] [drone_home1.controller]: Going to [(29.639567, -82.361102)]: 4.36 meters
[controller-2] [INFO] [1744576453.300390111] [drone_home1.controller]: Bearing: -86.62°
[controller-2] [INFO] [1744576453.302506917] [drone_home1.controller]: Going to [(29.639567, -82.361102)]: 4.36 meters
[controller-2] [INFO] [1744576453.400295936] [drone_home1.controller]: Bearing: -86.62°
[controller-2] [INFO] [1744576453.401928549] [drone_home1.controller]: Going to [(29.639567, -82.361102)]: 4.36 meters
[controller-2] [INFO] [1744576453.500362530] [drone_home1.controller]: Bearing: -86.62°
[controller-2] [INFO] [1744576453.502355624] [drone_home1.controller]: Going to [(29.639567, -82.361102)]: 4.36 meters
[controller-2] [INFO] [1744576453.599611297] [drone_home1.controller]: Bearing: -86.62°
[controller-2] [INFO] [1744576453.600615652] [drone_home1.controller]: Going to [(29.639567, -82.361102)]: 4.36 meters
[controller-2] [INFO] [1744576453.699501251] [drone_home1.controller]: Bearing: -86.62°
[controller-2] [INFO] [1744576453.700571110] [drone_home1.controller]: Going to [(29.639567, -82.361102)]: 4.36 meters
[controller-2] [INFO] [1744576453.799497028] [drone_home1.controller]: Bearing: -86.62°
[controller-2] [INFO] [1744576453.800438439] [drone_home1.controller]: Going to [(29.639567, -82.361102)]: 4.36 meters
[controller-2] [INFO] [1744576453.899537286] [drone_home1.controller]: Bearing: -86.62°
[controller-2] [INFO] [1744576453.900536873] [drone_home1.controller]: Going to [(29.639567, -82.361102)]: 4.36 meters
[controller-2] [INFO] [1744576454.000156266] [drone_home1.controller]: Bearing: -86.62°
[controller-2] [INFO] [1744576454.001836623] [drone_home1.controller]: Going to [(29.639567, -82.361102)]: 4.36 meters
[controller-2] [INFO] [1744576454.100295636] [drone_home1.controller]: Bearing: -86.62°
[controller-2] [INFO] [1744576454.101972025] [drone_home1.controller]: Going to [(29.639567, -82.361102)]: 4.36 meters
[controller-2] [INFO] [1744576454.199420507] [drone_home1.controller]: Bearing: -86.43°
[controller-2] [INFO] [1744576454.200364286] [drone_home1.controller]: Going to [(29.639567, -82.361102)]: 4.14 meters
[controller-2] [INFO] [1744576454.300609513] [drone_home1.controller]: Bearing: -86.43°
[controller-2] [INFO] [1744576454.302508815] [drone_home1.controller]: Going to [(29.639567, -82.361102)]: 4.14 meters
[controller-2] [INFO] [1744576454.399481007] [drone_home1.controller]: Bearing: -86.43°
[controller-2] [INFO] [1744576454.400702067] [drone_home1.controller]: Going to [(29.639567, -82.361102)]: 4.14 meters
[controller-2] [INFO] [1744576454.500214236] [drone_home1.controller]: Bearing: -87.08°
[controller-2] [INFO] [1744576454.501799937] [drone_home1.controller]: Going to [(29.639567, -82.361102)]: 4.10 meters
[controller-2] [INFO] [1744576454.600302502] [drone_home1.controller]: Bearing: -87.08°
[controller-2] [INFO] [1744576454.601855435] [drone_home1.controller]: Going to [(29.639567, -82.361102)]: 4.10 meters
[controller-2] [INFO] [1744576454.700181744] [drone_home1.controller]: Bearing: -87.08°
[controller-2] [INFO] [1744576454.701771541] [drone_home1.controller]: Going to [(29.639567, -82.361102)]: 4.10 meters
[controller-2] [INFO] [1744576454.800629627] [drone_home1.controller]: Bearing: -87.08°
[controller-2] [INFO] [1744576454.802249888] [drone_home1.controller]: Going to [(29.639567, -82.361102)]: 4.10 meters
[controller-2] [INFO] [1744576454.900622949] [drone_home1.controller]: Bearing: -87.08°
[controller-2] [INFO] [1744576454.902234666] [drone_home1.controller]: Going to [(29.639567, -82.361102)]: 4.10 meters
[controller-2] [INFO] [1744576454.999743020] [drone_home1.controller]: Bearing: -87.08°
[controller-2] [INFO] [1744576455.000722927] [drone_home1.controller]: Going to [(29.639567, -82.361102)]: 4.10 meters
[controller-2] [INFO] [1744576455.099752990] [drone_home1.controller]: Bearing: -87.08°
[controller-2] [INFO] [1744576455.100753538] [drone_home1.controller]: Going to [(29.639567, -82.361102)]: 4.10 meters
[controller-2] [INFO] [1744576455.199745393] [drone_home1.controller]: Bearing: -87.40°
[controller-2] [INFO] [1744576455.200777204] [drone_home1.controller]: Going to [(29.639567, -82.361102)]: 4.08 meters
[controller-2] [INFO] [1744576455.299661763] [drone_home1.controller]: Bearing: -87.40°
[controller-2] [INFO] [1744576455.300666182] [drone_home1.controller]: Going to [(29.639567, -82.361102)]: 4.08 meters
[controller-2] [INFO] [1744576455.399709045] [drone_home1.controller]: Bearing: -87.40°
[controller-2] [INFO] [1744576455.400747065] [drone_home1.controller]: Going to [(29.639567, -82.361102)]: 4.08 meters
[controller-2] [INFO] [1744576455.501015596] [drone_home1.controller]: Bearing: -87.40°
[controller-2] [INFO] [1744576455.502620913] [drone_home1.controller]: Going to [(29.639567, -82.361102)]: 4.08 meters
[controller-2] [INFO] [1744576455.600133851] [drone_home1.controller]: Bearing: -87.40°
[controller-2] [INFO] [1744576455.602000993] [drone_home1.controller]: Going to [(29.639567, -82.361102)]: 4.08 meters
[controller-2] [INFO] [1744576455.699560459] [drone_home1.controller]: Bearing: -87.40°
[controller-2] [INFO] [1744576455.701019824] [drone_home1.controller]: Going to [(29.639567, -82.361102)]: 4.08 meters
[controller-2] [INFO] [1744576455.799541918] [drone_home1.controller]: Bearing: -87.40°
[controller-2] [INFO] [1744576455.800648321] [drone_home1.controller]: Going to [(29.639567, -82.361102)]: 4.08 meters
[controller-2] [INFO] [1744576455.900231538] [drone_home1.controller]: Bearing: -88.05°
[controller-2] [INFO] [1744576455.901814808] [drone_home1.controller]: Going to [(29.639567, -82.361102)]: 4.04 meters
[controller-2] [INFO] [1744576455.999607682] [drone_home1.controller]: Bearing: -88.15°
[controller-2] [INFO] [1744576456.000892743] [drone_home1.controller]: Going to [(29.639567, -82.361102)]: 4.27 meters
[controller-2] [INFO] [1744576456.099486588] [drone_home1.controller]: Bearing: -88.15°
[controller-2] [INFO] [1744576456.100388671] [drone_home1.controller]: Going to [(29.639567, -82.361102)]: 4.27 meters
[controller-2] [INFO] [1744576456.199867384] [drone_home1.controller]: Bearing: -88.15°
[controller-2] [INFO] [1744576456.200769179] [drone_home1.controller]: Going to [(29.639567, -82.361102)]: 4.27 meters
[controller-2] [INFO] [1744576456.299581394] [drone_home1.controller]: Bearing: -88.15°
[controller-2] [INFO] [1744576456.300571637] [drone_home1.controller]: Going to [(29.639567, -82.361102)]: 4.27 meters
[controller-2] [INFO] [1744576456.399471916] [drone_home1.controller]: Bearing: -88.05°
[controller-2] [INFO] [1744576456.400405711] [drone_home1.controller]: Going to [(29.639567, -82.361102)]: 4.04 meters
[controller-2] [INFO] [1744576456.500526122] [drone_home1.controller]: Bearing: -88.05°
[controller-2] [INFO] [1744576456.502832050] [drone_home1.controller]: Going to [(29.639567, -82.361102)]: 4.04 meters
[controller-2] [INFO] [1744576456.600678533] [drone_home1.controller]: Bearing: -88.05°
[controller-2] [INFO] [1744576456.602944269] [drone_home1.controller]: Going to [(29.639567, -82.361102)]: 4.04 meters
[controller-2] [INFO] [1744576456.700554719] [drone_home1.controller]: Bearing: -88.05°
[controller-2] [INFO] [1744576456.702243685] [drone_home1.controller]: Going to [(29.639567, -82.361102)]: 4.04 meters
[controller-2] [INFO] [1744576456.800391545] [drone_home1.controller]: Bearing: -88.05°
[controller-2] [INFO] [1744576456.801994047] [drone_home1.controller]: Going to [(29.639567, -82.361102)]: 4.04 meters
[controller-2] [INFO] [1744576456.899720786] [drone_home1.controller]: Bearing: -88.05°
[controller-2] [INFO] [1744576456.900705813] [drone_home1.controller]: Going to [(29.639567, -82.361102)]: 4.04 meters
[controller-2] [INFO] [1744576457.000915088] [drone_home1.controller]: Bearing: -88.05°
[controller-2] [INFO] [1744576457.002816855] [drone_home1.controller]: Going to [(29.639567, -82.361102)]: 4.04 meters
[controller-2] [INFO] [1744576457.100368369] [drone_home1.controller]: Bearing: -88.70°
[controller-2] [INFO] [1744576457.101976919] [drone_home1.controller]: Going to [(29.639567, -82.361102)]: 4.02 meters
[controller-2] [INFO] [1744576457.200404596] [drone_home1.controller]: Bearing: -88.70°
[controller-2] [INFO] [1744576457.201990586] [drone_home1.controller]: Going to [(29.639567, -82.361102)]: 4.02 meters
[controller-2] [INFO] [1744576457.300198326] [drone_home1.controller]: Bearing: -88.70°
[controller-2] [INFO] [1744576457.302293629] [drone_home1.controller]: Going to [(29.639567, -82.361102)]: 4.02 meters
[controller-2] [INFO] [1744576457.401501118] [drone_home1.controller]: Bearing: -88.70°
[controller-2] [INFO] [1744576457.403068035] [drone_home1.controller]: Going to [(29.639567, -82.361102)]: 4.02 meters
[controller-2] [INFO] [1744576457.500255388] [drone_home1.controller]: Bearing: -88.70°
[controller-2] [INFO] [1744576457.501832834] [drone_home1.controller]: Going to [(29.639567, -82.361102)]: 4.02 meters
[controller-2] [INFO] [1744576457.600868385] [drone_home1.controller]: Bearing: -88.70°
[controller-2] [INFO] [1744576457.602467495] [drone_home1.controller]: Going to [(29.639567, -82.361102)]: 4.02 meters
[controller-2] [INFO] [1744576457.700144993] [drone_home1.controller]: Bearing: -88.62°
[controller-2] [INFO] [1744576457.701716103] [drone_home1.controller]: Going to [(29.639567, -82.361102)]: 3.80 meters
[controller-2] [INFO] [1744576457.800317189] [drone_home1.controller]: Bearing: -88.62°
[controller-2] [INFO] [1744576457.802291244] [drone_home1.controller]: Going to [(29.639567, -82.361102)]: 3.80 meters
[controller-2] [INFO] [1744576457.900195399] [drone_home1.controller]: Bearing: -88.62°
[controller-2] [INFO] [1744576457.901932397] [drone_home1.controller]: Going to [(29.639567, -82.361102)]: 3.80 meters
[controller-2] [INFO] [1744576458.000304010] [drone_home1.controller]: Bearing: -88.62°
[controller-2] [INFO] [1744576458.001946800] [drone_home1.controller]: Going to [(29.639567, -82.361102)]: 3.80 meters
[controller-2] [INFO] [1744576458.100170261] [drone_home1.controller]: Bearing: -88.58°
[controller-2] [INFO] [1744576458.101848251] [drone_home1.controller]: Going to [(29.639567, -82.361102)]: 3.69 meters
[controller-2] [INFO] [1744576458.199535485] [drone_home1.controller]: Bearing: -88.58°
[controller-2] [INFO] [1744576458.200605153] [drone_home1.controller]: Going to [(29.639567, -82.361102)]: 3.69 meters
[controller-2] [INFO] [1744576458.300300203] [drone_home1.controller]: Bearing: -88.58°
[controller-2] [INFO] [1744576458.301889841] [drone_home1.controller]: Going to [(29.639567, -82.361102)]: 3.69 meters
[controller-2] [INFO] [1744576458.400306166] [drone_home1.controller]: Bearing: -88.58°
[controller-2] [INFO] [1744576458.401875420] [drone_home1.controller]: Going to [(29.639567, -82.361102)]: 3.69 meters
[controller-2] [INFO] [1744576458.499421822] [drone_home1.controller]: Bearing: -88.94°
[controller-2] [INFO] [1744576458.500337185] [drone_home1.controller]: Going to [(29.639567, -82.361102)]: 3.68 meters
[controller-2] [INFO] [1744576458.599574922] [drone_home1.controller]: Bearing: -88.94°
[controller-2] [INFO] [1744576458.600662382] [drone_home1.controller]: Going to [(29.639567, -82.361102)]: 3.68 meters
[controller-2] [INFO] [1744576458.700428600] [drone_home1.controller]: Bearing: -88.94°
[controller-2] [INFO] [1744576458.702016478] [drone_home1.controller]: Going to [(29.639567, -82.361102)]: 3.68 meters
[controller-2] [INFO] [1744576458.799498208] [drone_home1.controller]: Bearing: -88.94°
[controller-2] [INFO] [1744576458.800459779] [drone_home1.controller]: Going to [(29.639567, -82.361102)]: 3.68 meters
[controller-2] [INFO] [1744576458.900132717] [drone_home1.controller]: Bearing: -88.94°
[controller-2] [INFO] [1744576458.901717715] [drone_home1.controller]: Going to [(29.639567, -82.361102)]: 3.68 meters
[controller-2] [INFO] [1744576459.000562618] [drone_home1.controller]: Bearing: -88.94°
[controller-2] [INFO] [1744576459.002153119] [drone_home1.controller]: Going to [(29.639567, -82.361102)]: 3.68 meters
[controller-2] [INFO] [1744576459.100366028] [drone_home1.controller]: Bearing: -88.94°
[controller-2] [INFO] [1744576459.101948530] [drone_home1.controller]: Going to [(29.639567, -82.361102)]: 3.68 meters
[controller-2] [INFO] [1744576459.199607228] [drone_home1.controller]: Bearing: -88.94°
[controller-2] [INFO] [1744576459.200591008] [drone_home1.controller]: Going to [(29.639567, -82.361102)]: 3.68 meters
[controller-2] [INFO] [1744576459.300302514] [drone_home1.controller]: Bearing: -88.94°
[controller-2] [INFO] [1744576459.301891000] [drone_home1.controller]: Going to [(29.639567, -82.361102)]: 3.68 meters
[controller-2] [INFO] [1744576459.400894312] [drone_home1.controller]: Bearing: -88.94°
[controller-2] [INFO] [1744576459.402623982] [drone_home1.controller]: Going to [(29.639567, -82.361102)]: 3.68 meters
[controller-2] [INFO] [1744576459.500135128] [drone_home1.controller]: Bearing: -88.94°
[controller-2] [INFO] [1744576459.501677150] [drone_home1.controller]: Going to [(29.639567, -82.361102)]: 3.68 meters
[controller-2] [INFO] [1744576459.602229971] [drone_home1.controller]: Bearing: -88.87°
[controller-2] [INFO] [1744576459.603219191] [drone_home1.controller]: Going to [(29.639567, -82.361102)]: 3.46 meters
[controller-2] [INFO] [1744576459.699862974] [drone_home1.controller]: Bearing: -88.87°
[controller-2] [INFO] [1744576459.700842433] [drone_home1.controller]: Going to [(29.639567, -82.361102)]: 3.46 meters
[controller-2] [INFO] [1744576459.799525360] [drone_home1.controller]: Bearing: -88.87°
[controller-2] [INFO] [1744576459.801753368] [drone_home1.controller]: Going to [(29.639567, -82.361102)]: 3.46 meters
[controller-2] [INFO] [1744576459.900176997] [drone_home1.controller]: Bearing: -88.87°
[controller-2] [INFO] [1744576459.901748779] [drone_home1.controller]: Going to [(29.639567, -82.361102)]: 3.46 meters
[controller-2] [INFO] [1744576460.000371609] [drone_home1.controller]: Bearing: -88.87°
[controller-2] [INFO] [1744576460.001963391] [drone_home1.controller]: Going to [(29.639567, -82.361102)]: 3.46 meters
[controller-2] [INFO] [1744576460.100637270] [drone_home1.controller]: Bearing: -88.87°
[controller-2] [INFO] [1744576460.102404412] [drone_home1.controller]: Going to [(29.639567, -82.361102)]: 3.46 meters
[controller-2] [INFO] [1744576460.200261360] [drone_home1.controller]: Bearing: -89.62°
[controller-2] [INFO] [1744576460.201848598] [drone_home1.controller]: Going to [(29.639567, -82.361102)]: 3.45 meters
[controller-2] [INFO] [1744576460.300272107] [drone_home1.controller]: Bearing: -89.62°
[controller-2] [INFO] [1744576460.301864753] [drone_home1.controller]: Going to [(29.639567, -82.361102)]: 3.45 meters
[controller-2] [INFO] [1744576460.401031850] [drone_home1.controller]: Bearing: -89.62°
[controller-2] [INFO] [1744576460.402693808] [drone_home1.controller]: Going to [(29.639567, -82.361102)]: 3.45 meters
[controller-2] [INFO] [1744576460.500464803] [drone_home1.controller]: Bearing: -89.62°
[controller-2] [INFO] [1744576460.502425898] [drone_home1.controller]: Going to [(29.639567, -82.361102)]: 3.45 meters
[controller-2] [INFO] [1744576460.599544891] [drone_home1.controller]: Bearing: -89.62°
[controller-2] [INFO] [1744576460.600528383] [drone_home1.controller]: Going to [(29.639567, -82.361102)]: 3.45 meters
[controller-2] [INFO] [1744576460.700347577] [drone_home1.controller]: Bearing: -89.62°
[controller-2] [INFO] [1744576460.701304221] [drone_home1.controller]: Going to [(29.639567, -82.361102)]: 3.45 meters
[controller-2] [INFO] [1744576460.799625298] [drone_home1.controller]: Bearing: -89.60°
[controller-2] [INFO] [1744576460.800581526] [drone_home1.controller]: Going to [(29.639567, -82.361102)]: 3.23 meters
[controller-2] [INFO] [1744576460.899495597] [drone_home1.controller]: Bearing: -89.60°
[controller-2] [INFO] [1744576460.900911091] [drone_home1.controller]: Going to [(29.639567, -82.361102)]: 3.23 meters
[controller-2] [INFO] [1744576460.999651977] [drone_home1.controller]: Bearing: -89.60°
[controller-2] [INFO] [1744576461.001293296] [drone_home1.controller]: Going to [(29.639567, -82.361102)]: 3.23 meters
[controller-2] [INFO] [1744576461.100041262] [drone_home1.controller]: Bearing: -89.60°
[controller-2] [INFO] [1744576461.101185331] [drone_home1.controller]: Going to [(29.639567, -82.361102)]: 3.23 meters
[controller-2] [INFO] [1744576461.200987862] [drone_home1.controller]: Bearing: -89.60°
[controller-2] [INFO] [1744576461.202558300] [drone_home1.controller]: Going to [(29.639567, -82.361102)]: 3.23 meters
[controller-2] [INFO] [1744576461.300497559] [drone_home1.controller]: Bearing: -89.60°
[controller-2] [INFO] [1744576461.302395231] [drone_home1.controller]: Going to [(29.639567, -82.361102)]: 3.23 meters
[controller-2] [INFO] [1744576461.400332922] [drone_home1.controller]: Bearing: -89.60°
[controller-2] [INFO] [1744576461.401969793] [drone_home1.controller]: Going to [(29.639567, -82.361102)]: 3.23 meters
[controller-2] [INFO] [1744576461.499680860] [drone_home1.controller]: Bearing: -89.60°
[controller-2] [INFO] [1744576461.500965792] [drone_home1.controller]: Going to [(29.639567, -82.361102)]: 3.23 meters
[controller-2] [INFO] [1744576461.600598467] [drone_home1.controller]: Bearing: -89.60°
[controller-2] [INFO] [1744576461.602804075] [drone_home1.controller]: Going to [(29.639567, -82.361102)]: 3.23 meters
[controller-2] [INFO] [1744576461.699874948] [drone_home1.controller]: Bearing: -89.60°
[controller-2] [INFO] [1744576461.701041224] [drone_home1.controller]: Going to [(29.639567, -82.361102)]: 3.23 meters
[controller-2] [INFO] [1744576461.799939208] [drone_home1.controller]: Bearing: -89.60°
[controller-2] [INFO] [1744576461.800915243] [drone_home1.controller]: Going to [(29.639567, -82.361102)]: 3.23 meters
[controller-2] [INFO] [1744576461.900265997] [drone_home1.controller]: Bearing: -89.60°
[controller-2] [INFO] [1744576461.901885363] [drone_home1.controller]: Going to [(29.639567, -82.361102)]: 3.23 meters
[controller-2] [INFO] [1744576462.000406577] [drone_home1.controller]: Bearing: -89.60°
[controller-2] [INFO] [1744576462.001993399] [drone_home1.controller]: Going to [(29.639567, -82.361102)]: 3.23 meters
[controller-2] [INFO] [1744576462.100268444] [drone_home1.controller]: Bearing: -89.60°
[controller-2] [INFO] [1744576462.102237636] [drone_home1.controller]: Going to [(29.639567, -82.361102)]: 3.23 meters
[controller-2] [INFO] [1744576462.199563173] [drone_home1.controller]: Bearing: -89.60°
[controller-2] [INFO] [1744576462.200513705] [drone_home1.controller]: Going to [(29.639567, -82.361102)]: 3.23 meters
[controller-2] [INFO] [1744576462.299346288] [drone_home1.controller]: Bearing: -89.60°
[controller-2] [INFO] [1744576462.300243155] [drone_home1.controller]: Going to [(29.639567, -82.361102)]: 3.23 meters
[controller-2] [INFO] [1744576462.400336160] [drone_home1.controller]: Bearing: -89.60°
[controller-2] [INFO] [1744576462.401935782] [drone_home1.controller]: Going to [(29.639567, -82.361102)]: 3.23 meters
[controller-2] [INFO] [1744576462.499234023] [drone_home1.controller]: Bearing: -89.60°
[controller-2] [INFO] [1744576462.500736365] [drone_home1.controller]: Going to [(29.639567, -82.361102)]: 3.23 meters
[controller-2] [INFO] [1744576462.599567828] [drone_home1.controller]: Bearing: -89.60°
[controller-2] [INFO] [1744576462.600515960] [drone_home1.controller]: Going to [(29.639567, -82.361102)]: 3.23 meters
[controller-2] [INFO] [1744576462.699660897] [drone_home1.controller]: Bearing: -89.60°
[controller-2] [INFO] [1744576462.700669125] [drone_home1.controller]: Going to [(29.639567, -82.361102)]: 3.23 meters
[controller-2] [INFO] [1744576462.800594608] [drone_home1.controller]: Bearing: -89.60°
[controller-2] [INFO] [1744576462.802164182] [drone_home1.controller]: Going to [(29.639567, -82.361102)]: 3.23 meters
[controller-2] [INFO] [1744576462.899725369] [drone_home1.controller]: Bearing: -89.60°
[controller-2] [INFO] [1744576462.900727196] [drone_home1.controller]: Going to [(29.639567, -82.361102)]: 3.23 meters
[controller-2] [INFO] [1744576463.000319463] [drone_home1.controller]: Bearing: -89.60°
[controller-2] [INFO] [1744576463.001935245] [drone_home1.controller]: Going to [(29.639567, -82.361102)]: 3.23 meters
[controller-2] [INFO] [1744576463.099473175] [drone_home1.controller]: Bearing: -89.60°
[controller-2] [INFO] [1744576463.100528667] [drone_home1.controller]: Going to [(29.639567, -82.361102)]: 3.23 meters
[controller-2] [INFO] [1744576463.199520971] [drone_home1.controller]: Bearing: -89.60°
[controller-2] [INFO] [1744576463.200513327] [drone_home1.controller]: Going to [(29.639567, -82.361102)]: 3.23 meters
[controller-2] [INFO] [1744576463.299568063] [drone_home1.controller]: Bearing: -89.60°
[controller-2] [INFO] [1744576463.300545763] [drone_home1.controller]: Going to [(29.639567, -82.361102)]: 3.23 meters
[controller-2] [INFO] [1744576463.400157782] [drone_home1.controller]: Bearing: -89.60°
[controller-2] [INFO] [1744576463.401731676] [drone_home1.controller]: Going to [(29.639567, -82.361102)]: 3.23 meters
[controller-2] [INFO] [1744576463.500176650] [drone_home1.controller]: Bearing: -89.60°
[controller-2] [INFO] [1744576463.501777424] [drone_home1.controller]: Going to [(29.639567, -82.361102)]: 3.23 meters
[controller-2] [INFO] [1744576463.600235710] [drone_home1.controller]: Bearing: -89.60°
[controller-2] [INFO] [1744576463.601798981] [drone_home1.controller]: Going to [(29.639567, -82.361102)]: 3.23 meters
[controller-2] [INFO] [1744576463.699500239] [drone_home1.controller]: Bearing: -89.60°
[controller-2] [INFO] [1744576463.700513523] [drone_home1.controller]: Going to [(29.639567, -82.361102)]: 3.23 meters
[controller-2] [INFO] [1744576463.800506471] [drone_home1.controller]: Bearing: -89.60°
[controller-2] [INFO] [1744576463.802572784] [drone_home1.controller]: Going to [(29.639567, -82.361102)]: 3.23 meters
[controller-2] [INFO] [1744576463.900515707] [drone_home1.controller]: Bearing: -89.60°
[controller-2] [INFO] [1744576463.902572676] [drone_home1.controller]: Going to [(29.639567, -82.361102)]: 3.23 meters
[controller-2] [INFO] [1744576464.000549360] [drone_home1.controller]: Bearing: -89.60°
[controller-2] [INFO] [1744576464.002184534] [drone_home1.controller]: Going to [(29.639567, -82.361102)]: 3.23 meters
[controller-2] [INFO] [1744576464.100248618] [drone_home1.controller]: Bearing: -89.60°
[controller-2] [INFO] [1744576464.102137298] [drone_home1.controller]: Going to [(29.639567, -82.361102)]: 3.23 meters
[controller-2] [INFO] [1744576464.200408615] [drone_home1.controller]: Bearing: 269.60°
[controller-2] [INFO] [1744576464.203367859] [drone_home1.controller]: Going to [(29.639567, -82.361102)]: 3.23 meters
[controller-2] [INFO] [1744576464.299438495] [drone_home1.controller]: Bearing: 269.60°
[controller-2] [INFO] [1744576464.300388547] [drone_home1.controller]: Going to [(29.639567, -82.361102)]: 3.23 meters
[controller-2] [INFO] [1744576464.400173598] [drone_home1.controller]: Bearing: 269.60°
[controller-2] [INFO] [1744576464.402173543] [drone_home1.controller]: Going to [(29.639567, -82.361102)]: 3.23 meters
[controller-2] [INFO] [1744576464.500249659] [drone_home1.controller]: Bearing: 269.60°
[controller-2] [INFO] [1744576464.501895970] [drone_home1.controller]: Going to [(29.639567, -82.361102)]: 3.23 meters
[controller-2] [INFO] [1744576464.600133847] [drone_home1.controller]: Bearing: 269.60°
[controller-2] [INFO] [1744576464.602199295] [drone_home1.controller]: Going to [(29.639567, -82.361102)]: 3.23 meters
[controller-2] [INFO] [1744576464.699380272] [drone_home1.controller]: Bearing: 269.60°
[controller-2] [INFO] [1744576464.700339028] [drone_home1.controller]: Going to [(29.639567, -82.361102)]: 3.23 meters
[controller-2] [INFO] [1744576464.800731281] [drone_home1.controller]: Bearing: 269.60°
[controller-2] [INFO] [1744576464.802582937] [drone_home1.controller]: Going to [(29.639567, -82.361102)]: 3.23 meters
[controller-2] [INFO] [1744576464.900554157] [drone_home1.controller]: Bearing: 269.60°
[controller-2] [INFO] [1744576464.902125811] [drone_home1.controller]: Going to [(29.639567, -82.361102)]: 3.23 meters
[controller-2] [INFO] [1744576465.000243336] [drone_home1.controller]: Bearing: 269.60°
[controller-2] [INFO] [1744576465.001396492] [drone_home1.controller]: Going to [(29.639567, -82.361102)]: 3.23 meters
[controller-2] [INFO] [1744576465.099588777] [drone_home1.controller]: Bearing: 269.60°
[controller-2] [INFO] [1744576465.100676365] [drone_home1.controller]: Going to [(29.639567, -82.361102)]: 3.23 meters
[controller-2] [INFO] [1744576465.199432364] [drone_home1.controller]: Bearing: 269.60°
[controller-2] [INFO] [1744576465.200383056] [drone_home1.controller]: Going to [(29.639567, -82.361102)]: 3.23 meters
[controller-2] [INFO] [1744576465.300087924] [drone_home1.controller]: Bearing: 269.60°
[controller-2] [INFO] [1744576465.301635130] [drone_home1.controller]: Going to [(29.639567, -82.361102)]: 3.23 meters
[controller-2] [INFO] [1744576465.400041304] [drone_home1.controller]: Bearing: 269.60°
[controller-2] [INFO] [1744576465.401581790] [drone_home1.controller]: Going to [(29.639567, -82.361102)]: 3.23 meters
[controller-2] [INFO] [1744576465.499600378] [drone_home1.controller]: Bearing: 269.60°
[controller-2] [INFO] [1744576465.500605694] [drone_home1.controller]: Going to [(29.639567, -82.361102)]: 3.23 meters
[controller-2] [INFO] [1744576465.600267425] [drone_home1.controller]: Bearing: 269.60°
[controller-2] [INFO] [1744576465.603193229] [drone_home1.controller]: Going to [(29.639567, -82.361102)]: 3.23 meters
[controller-2] [INFO] [1744576465.700402054] [drone_home1.controller]: Bearing: 269.60°
[controller-2] [INFO] [1744576465.701940812] [drone_home1.controller]: Going to [(29.639567, -82.361102)]: 3.23 meters
[controller-2] [INFO] [1744576465.800703916] [drone_home1.controller]: Bearing: 269.60°
[controller-2] [INFO] [1744576465.802270514] [drone_home1.controller]: Going to [(29.639567, -82.361102)]: 3.23 meters
[controller-2] [INFO] [1744576465.899683692] [drone_home1.controller]: Bearing: 269.60°
[controller-2] [INFO] [1744576465.900653968] [drone_home1.controller]: Going to [(29.639567, -82.361102)]: 3.23 meters
[controller-2] [INFO] [1744576466.000272050] [drone_home1.controller]: Bearing: 269.60°
[controller-2] [INFO] [1744576466.002915517] [drone_home1.controller]: Going to [(29.639567, -82.361102)]: 3.23 meters
[controller-2] [INFO] [1744576466.100207390] [drone_home1.controller]: Bearing: 269.62°
[controller-2] [INFO] [1744576466.102223367] [drone_home1.controller]: Going to [(29.639567, -82.361102)]: 3.45 meters
[controller-2] [INFO] [1744576466.199450215] [drone_home1.controller]: Bearing: 269.60°
[controller-2] [INFO] [1744576466.200421515] [drone_home1.controller]: Going to [(29.639567, -82.361102)]: 3.23 meters
[controller-2] [INFO] [1744576466.299603956] [drone_home1.controller]: Bearing: 269.60°
[controller-2] [INFO] [1744576466.300620249] [drone_home1.controller]: Going to [(29.639567, -82.361102)]: 3.23 meters
[controller-2] [INFO] [1744576466.400518597] [drone_home1.controller]: Bearing: 269.60°
[controller-2] [INFO] [1744576466.402113547] [drone_home1.controller]: Going to [(29.639567, -82.361102)]: 3.23 meters
[controller-2] [INFO] [1744576466.499979631] [drone_home1.controller]: Bearing: 269.60°
[controller-2] [INFO] [1744576466.500874291] [drone_home1.controller]: Going to [(29.639567, -82.361102)]: 3.23 meters
[controller-2] [INFO] [1744576466.600151132] [drone_home1.controller]: Bearing: 269.60°
[controller-2] [INFO] [1744576466.602177669] [drone_home1.controller]: Going to [(29.639567, -82.361102)]: 3.23 meters
[controller-2] [INFO] [1744576466.700245065] [drone_home1.controller]: Bearing: 269.62°
[controller-2] [INFO] [1744576466.702221265] [drone_home1.controller]: Going to [(29.639567, -82.361102)]: 3.45 meters
[controller-2] [INFO] [1744576466.800223989] [drone_home1.controller]: Bearing: 269.62°
[controller-2] [INFO] [1744576466.802520991] [drone_home1.controller]: Going to [(29.639567, -82.361102)]: 3.45 meters
[controller-2] [INFO] [1744576466.900183137] [drone_home1.controller]: Bearing: 269.62°
[controller-2] [INFO] [1744576466.901736552] [drone_home1.controller]: Going to [(29.639567, -82.361102)]: 3.45 meters
[controller-2] [INFO] [1744576467.000344046] [drone_home1.controller]: Bearing: 269.62°
[controller-2] [INFO] [1744576467.001931541] [drone_home1.controller]: Going to [(29.639567, -82.361102)]: 3.45 meters
[controller-2] [INFO] [1744576467.100544323] [drone_home1.controller]: Bearing: 269.62°
[controller-2] [INFO] [1744576467.102528172] [drone_home1.controller]: Going to [(29.639567, -82.361102)]: 3.45 meters
[controller-2] [INFO] [1744576467.200400279] [drone_home1.controller]: Bearing: 269.62°
[controller-2] [INFO] [1744576467.202901858] [drone_home1.controller]: Going to [(29.639567, -82.361102)]: 3.45 meters
[controller-2] [INFO] [1744576467.300350859] [drone_home1.controller]: Bearing: 269.62°
[controller-2] [INFO] [1744576467.301300112] [drone_home1.controller]: Going to [(29.639567, -82.361102)]: 3.45 meters
[controller-2] [INFO] [1744576467.399516124] [drone_home1.controller]: Bearing: 269.62°
[controller-2] [INFO] [1744576467.400796674] [drone_home1.controller]: Going to [(29.639567, -82.361102)]: 3.45 meters
[controller-2] [INFO] [1744576467.499752178] [drone_home1.controller]: Bearing: 269.62°
[controller-2] [INFO] [1744576467.500759702] [drone_home1.controller]: Going to [(29.639567, -82.361102)]: 3.45 meters
[controller-2] [INFO] [1744576467.599796871] [drone_home1.controller]: Bearing: 269.62°
[controller-2] [INFO] [1744576467.600752875] [drone_home1.controller]: Going to [(29.639567, -82.361102)]: 3.45 meters
[controller-2] [INFO] [1744576467.699496346] [drone_home1.controller]: Bearing: 269.62°
[controller-2] [INFO] [1744576467.700429406] [drone_home1.controller]: Going to [(29.639567, -82.361102)]: 3.45 meters
[controller-2] [INFO] [1744576467.800169457] [drone_home1.controller]: Bearing: 269.62°
[controller-2] [INFO] [1744576467.801892409] [drone_home1.controller]: Going to [(29.639567, -82.361102)]: 3.45 meters
[controller-2] [INFO] [1744576467.899476579] [drone_home1.controller]: Bearing: 269.62°
[controller-2] [INFO] [1744576467.900813416] [drone_home1.controller]: Going to [(29.639567, -82.361102)]: 3.45 meters
[controller-2] [INFO] [1744576468.000604156] [drone_home1.controller]: Bearing: 269.62°
[controller-2] [INFO] [1744576468.002555333] [drone_home1.controller]: Going to [(29.639567, -82.361102)]: 3.45 meters
[controller-2] [INFO] [1744576468.100480312] [drone_home1.controller]: Bearing: 269.62°
[controller-2] [INFO] [1744576468.102047999] [drone_home1.controller]: Going to [(29.639567, -82.361102)]: 3.45 meters
[controller-2] [INFO] [1744576468.200102739] [drone_home1.controller]: Bearing: 269.62°
[controller-2] [INFO] [1744576468.201663482] [drone_home1.controller]: Going to [(29.639567, -82.361102)]: 3.45 meters
[controller-2] [INFO] [1744576468.300193232] [drone_home1.controller]: Bearing: 269.62°
[controller-2] [INFO] [1744576468.301776535] [drone_home1.controller]: Going to [(29.639567, -82.361102)]: 3.45 meters
[controller-2] [INFO] [1744576468.400854127] [drone_home1.controller]: Bearing: 269.25°
[controller-2] [INFO] [1744576468.402499222] [drone_home1.controller]: Going to [(29.639567, -82.361102)]: 3.45 meters
[controller-2] [INFO] [1744576468.500240489] [drone_home1.controller]: Bearing: 269.25°
[controller-2] [INFO] [1744576468.501814320] [drone_home1.controller]: Going to [(29.639567, -82.361102)]: 3.45 meters
[controller-2] [INFO] [1744576468.600326438] [drone_home1.controller]: Bearing: 269.25°
[controller-2] [INFO] [1744576468.602845425] [drone_home1.controller]: Going to [(29.639567, -82.361102)]: 3.45 meters
[controller-2] [INFO] [1744576468.700446787] [drone_home1.controller]: Bearing: 269.25°
[controller-2] [INFO] [1744576468.702042858] [drone_home1.controller]: Going to [(29.639567, -82.361102)]: 3.45 meters
[controller-2] [INFO] [1744576468.800247551] [drone_home1.controller]: Bearing: 269.25°
[controller-2] [INFO] [1744576468.801843878] [drone_home1.controller]: Going to [(29.639567, -82.361102)]: 3.45 meters
[controller-2] [INFO] [1744576468.900119931] [drone_home1.controller]: Bearing: 269.25°
[controller-2] [INFO] [1744576468.901688866] [drone_home1.controller]: Going to [(29.639567, -82.361102)]: 3.45 meters
[controller-2] [INFO] [1744576469.000240504] [drone_home1.controller]: Bearing: 269.25°
[controller-2] [INFO] [1744576469.001868959] [drone_home1.controller]: Going to [(29.639567, -82.361102)]: 3.45 meters
[controller-2] [INFO] [1744576469.099648378] [drone_home1.controller]: Bearing: 269.25°
[controller-2] [INFO] [1744576469.101566658] [drone_home1.controller]: Going to [(29.639567, -82.361102)]: 3.45 meters
[controller-2] [INFO] [1744576469.199695262] [drone_home1.controller]: Bearing: 269.25°
[controller-2] [INFO] [1744576469.200693411] [drone_home1.controller]: Going to [(29.639567, -82.361102)]: 3.45 meters
[controller-2] [INFO] [1744576469.299655107] [drone_home1.controller]: Bearing: 269.25°
[controller-2] [INFO] [1744576469.301207178] [drone_home1.controller]: Going to [(29.639567, -82.361102)]: 3.45 meters
[controller-2] [INFO] [1744576469.400125162] [drone_home1.controller]: Bearing: 269.25°
[controller-2] [INFO] [1744576469.401684913] [drone_home1.controller]: Going to [(29.639567, -82.361102)]: 3.45 meters
[controller-2] [INFO] [1744576469.500170254] [drone_home1.controller]: Bearing: 269.25°
[controller-2] [INFO] [1744576469.501762486] [drone_home1.controller]: Going to [(29.639567, -82.361102)]: 3.45 meters
[controller-2] [INFO] [1744576469.600275636] [drone_home1.controller]: Bearing: 269.25°
[controller-2] [INFO] [1744576469.601887803] [drone_home1.controller]: Going to [(29.639567, -82.361102)]: 3.45 meters
[controller-2] [INFO] [1744576469.700260152] [drone_home1.controller]: Bearing: 269.25°
[controller-2] [INFO] [1744576469.701815007] [drone_home1.controller]: Going to [(29.639567, -82.361102)]: 3.45 meters
[controller-2] [INFO] [1744576469.800334013] [drone_home1.controller]: Bearing: 269.25°
[controller-2] [INFO] [1744576469.802300934] [drone_home1.controller]: Going to [(29.639567, -82.361102)]: 3.45 meters
[controller-2] [INFO] [1744576469.900871332] [drone_home1.controller]: Bearing: 269.25°
[controller-2] [INFO] [1744576469.902669868] [drone_home1.controller]: Going to [(29.639567, -82.361102)]: 3.45 meters
[controller-2] [INFO] [1744576470.000087717] [drone_home1.controller]: Bearing: 269.25°
[controller-2] [INFO] [1744576470.001721037] [drone_home1.controller]: Going to [(29.639567, -82.361102)]: 3.45 meters
[controller-2] [INFO] [1744576470.100219442] [drone_home1.controller]: Bearing: 269.25°
[controller-2] [INFO] [1744576470.101234551] [drone_home1.controller]: Going to [(29.639567, -82.361102)]: 3.45 meters
[controller-2] [INFO] [1744576470.200450528] [drone_home1.controller]: Bearing: 269.25°
[controller-2] [INFO] [1744576470.202060519] [drone_home1.controller]: Going to [(29.639567, -82.361102)]: 3.45 meters
[controller-2] [INFO] [1744576470.299749481] [drone_home1.controller]: Bearing: 269.25°
[controller-2] [INFO] [1744576470.300723758] [drone_home1.controller]: Going to [(29.639567, -82.361102)]: 3.45 meters
[controller-2] [INFO] [1744576470.399602517] [drone_home1.controller]: Bearing: 269.25°
[controller-2] [INFO] [1744576470.400575162] [drone_home1.controller]: Going to [(29.639567, -82.361102)]: 3.45 meters
[controller-2] [INFO] [1744576470.499488546] [drone_home1.controller]: Bearing: 269.25°
[controller-2] [INFO] [1744576470.501519051] [drone_home1.controller]: Going to [(29.639567, -82.361102)]: 3.45 meters
[controller-2] [INFO] [1744576470.601366199] [drone_home1.controller]: Bearing: 269.25°
[controller-2] [INFO] [1744576470.603100895] [drone_home1.controller]: Going to [(29.639567, -82.361102)]: 3.45 meters
[controller-2] [INFO] [1744576470.699524315] [drone_home1.controller]: Bearing: 269.25°
[controller-2] [INFO] [1744576470.700483840] [drone_home1.controller]: Going to [(29.639567, -82.361102)]: 3.45 meters
[controller-2] [INFO] [1744576470.800117003] [drone_home1.controller]: Bearing: 269.25°
[controller-2] [INFO] [1744576470.801872467] [drone_home1.controller]: Going to [(29.639567, -82.361102)]: 3.45 meters
[controller-2] [INFO] [1744576470.899652213] [drone_home1.controller]: Bearing: 269.25°
[controller-2] [INFO] [1744576470.900676858] [drone_home1.controller]: Going to [(29.639567, -82.361102)]: 3.45 meters
[controller-2] [INFO] [1744576471.000120516] [drone_home1.controller]: Bearing: 269.25°
[controller-2] [INFO] [1744576471.001659819] [drone_home1.controller]: Going to [(29.639567, -82.361102)]: 3.45 meters
[controller-2] [INFO] [1744576471.099595894] [drone_home1.controller]: Bearing: 269.25°
[controller-2] [INFO] [1744576471.101337502] [drone_home1.controller]: Going to [(29.639567, -82.361102)]: 3.45 meters
[controller-2] [INFO] [1744576471.199703275] [drone_home1.controller]: Bearing: 269.25°
[controller-2] [INFO] [1744576471.202241335] [drone_home1.controller]: Going to [(29.639567, -82.361102)]: 3.45 meters
[controller-2] [INFO] [1744576471.300053121] [drone_home1.controller]: Bearing: 269.25°
[controller-2] [INFO] [1744576471.300953894] [drone_home1.controller]: Going to [(29.639567, -82.361102)]: 3.45 meters
[controller-2] [INFO] [1744576471.400779546] [drone_home1.controller]: Bearing: 269.25°
[controller-2] [INFO] [1744576471.402867523] [drone_home1.controller]: Going to [(29.639567, -82.361102)]: 3.45 meters
[controller-2] [INFO] [1744576471.500121835] [drone_home1.controller]: Bearing: 269.25°
[controller-2] [INFO] [1744576471.501099376] [drone_home1.controller]: Going to [(29.639567, -82.361102)]: 3.45 meters
[controller-2] [INFO] [1744576471.599526397] [drone_home1.controller]: Bearing: 269.25°
[controller-2] [INFO] [1744576471.600687939] [drone_home1.controller]: Going to [(29.639567, -82.361102)]: 3.45 meters
[controller-2] [INFO] [1744576471.699640530] [drone_home1.controller]: Bearing: 269.25°
[controller-2] [INFO] [1744576471.700583511] [drone_home1.controller]: Going to [(29.639567, -82.361102)]: 3.45 meters
[controller-2] [INFO] [1744576471.800251274] [drone_home1.controller]: Bearing: 269.25°
[controller-2] [INFO] [1744576471.801811409] [drone_home1.controller]: Going to [(29.639567, -82.361102)]: 3.45 meters
[controller-2] [INFO] [1744576471.899574875] [drone_home1.controller]: Bearing: 269.25°
[controller-2] [INFO] [1744576471.900823105] [drone_home1.controller]: Going to [(29.639567, -82.361102)]: 3.45 meters
[controller-2] [INFO] [1744576471.999710641] [drone_home1.controller]: Bearing: 269.25°
[controller-2] [INFO] [1744576472.001025911] [drone_home1.controller]: Going to [(29.639567, -82.361102)]: 3.45 meters
[controller-2] [INFO] [1744576472.099590125] [drone_home1.controller]: Bearing: 269.25°
[controller-2] [INFO] [1744576472.100612945] [drone_home1.controller]: Going to [(29.639567, -82.361102)]: 3.45 meters
[controller-2] [INFO] [1744576472.199592073] [drone_home1.controller]: Bearing: 269.25°
[controller-2] [INFO] [1744576472.200883824] [drone_home1.controller]: Going to [(29.639567, -82.361102)]: 3.45 meters
[controller-2] [INFO] [1744576472.300129481] [drone_home1.controller]: Bearing: 269.25°
[controller-2] [INFO] [1744576472.301078509] [drone_home1.controller]: Going to [(29.639567, -82.361102)]: 3.45 meters
[controller-2] [INFO] [1744576472.399480130] [drone_home1.controller]: Bearing: 269.25°
[controller-2] [INFO] [1744576472.400391367] [drone_home1.controller]: Going to [(29.639567, -82.361102)]: 3.45 meters
[controller-2] [INFO] [1744576472.499802881] [drone_home1.controller]: Bearing: 269.62°
[controller-2] [INFO] [1744576472.500739141] [drone_home1.controller]: Going to [(29.639567, -82.361102)]: 3.45 meters
[controller-2] [INFO] [1744576472.599919806] [drone_home1.controller]: Bearing: 269.62°
[controller-2] [INFO] [1744576472.600830594] [drone_home1.controller]: Going to [(29.639567, -82.361102)]: 3.45 meters
[controller-2] [INFO] [1744576472.699498265] [drone_home1.controller]: Bearing: 269.62°
[controller-2] [INFO] [1744576472.700445149] [drone_home1.controller]: Going to [(29.639567, -82.361102)]: 3.45 meters
[controller-2] [INFO] [1744576472.800392826] [drone_home1.controller]: Bearing: 269.62°
[controller-2] [INFO] [1744576472.801964641] [drone_home1.controller]: Going to [(29.639567, -82.361102)]: 3.45 meters
[controller-2] [INFO] [1744576472.899450194] [drone_home1.controller]: Bearing: 269.62°
[controller-2] [INFO] [1744576472.900494807] [drone_home1.controller]: Going to [(29.639567, -82.361102)]: 3.45 meters
[controller-2] [INFO] [1744576472.999877233] [drone_home1.controller]: Bearing: 269.62°
[controller-2] [INFO] [1744576473.000855701] [drone_home1.controller]: Going to [(29.639567, -82.361102)]: 3.45 meters
[controller-2] [INFO] [1744576473.099978293] [drone_home1.controller]: Bearing: 269.62°
[controller-2] [INFO] [1744576473.101001562] [drone_home1.controller]: Going to [(29.639567, -82.361102)]: 3.45 meters
[controller-2] [INFO] [1744576473.199569048] [drone_home1.controller]: Bearing: 269.62°
[controller-2] [INFO] [1744576473.202054852] [drone_home1.controller]: Going to [(29.639567, -82.361102)]: 3.45 meters
[controller-2] [INFO] [1744576473.299479293] [drone_home1.controller]: Bearing: 269.62°
[controller-2] [INFO] [1744576473.300545666] [drone_home1.controller]: Going to [(29.639567, -82.361102)]: 3.45 meters
[controller-2] [INFO] [1744576473.399541954] [drone_home1.controller]: Bearing: 269.60°
[controller-2] [INFO] [1744576473.400650983] [drone_home1.controller]: Going to [(29.639567, -82.361102)]: 3.23 meters
[controller-2] [INFO] [1744576473.499736743] [drone_home1.controller]: Bearing: 269.60°
[controller-2] [INFO] [1744576473.500707628] [drone_home1.controller]: Going to [(29.639567, -82.361102)]: 3.23 meters
[controller-2] [INFO] [1744576473.600154798] [drone_home1.controller]: Bearing: 269.60°
[controller-2] [INFO] [1744576473.601744054] [drone_home1.controller]: Going to [(29.639567, -82.361102)]: 3.23 meters
[controller-2] [INFO] [1744576473.700910230] [drone_home1.controller]: Bearing: 269.60°
[controller-2] [INFO] [1744576473.703496419] [drone_home1.controller]: Going to [(29.639567, -82.361102)]: 3.23 meters
[controller-2] [INFO] [1744576473.801237117] [drone_home1.controller]: Bearing: 269.60°
[controller-2] [INFO] [1744576473.803242982] [drone_home1.controller]: Going to [(29.639567, -82.361102)]: 3.23 meters
[controller-2] [INFO] [1744576473.900490590] [drone_home1.controller]: Bearing: 269.60°
[controller-2] [INFO] [1744576473.901412866] [drone_home1.controller]: Going to [(29.639567, -82.361102)]: 3.23 meters
[controller-2] [INFO] [1744576473.999650366] [drone_home1.controller]: Bearing: 269.58°
[controller-2] [INFO] [1744576474.000617187] [drone_home1.controller]: Going to [(29.639567, -82.361102)]: 3.11 meters
[controller-2] [INFO] [1744576474.100358926] [drone_home1.controller]: Bearing: 269.58°
[controller-2] [INFO] [1744576474.101325843] [drone_home1.controller]: Going to [(29.639567, -82.361102)]: 3.11 meters
[controller-2] [INFO] [1744576474.199600503] [drone_home1.controller]: Bearing: 269.58°
[controller-2] [INFO] [1744576474.200948542] [drone_home1.controller]: Going to [(29.639567, -82.361102)]: 3.11 meters
[controller-2] [INFO] [1744576474.300218919] [drone_home1.controller]: Bearing: 269.58°
[controller-2] [INFO] [1744576474.301752111] [drone_home1.controller]: Going to [(29.639567, -82.361102)]: 3.11 meters
[controller-2] [INFO] [1744576474.400151155] [drone_home1.controller]: Bearing: 269.58°
[controller-2] [INFO] [1744576474.402342686] [drone_home1.controller]: Going to [(29.639567, -82.361102)]: 3.11 meters
[controller-2] [INFO] [1744576474.500694115] [drone_home1.controller]: Bearing: 269.58°
[controller-2] [INFO] [1744576474.502737037] [drone_home1.controller]: Going to [(29.639567, -82.361102)]: 3.11 meters
[controller-2] [INFO] [1744576474.600365006] [drone_home1.controller]: Bearing: 269.58°
[controller-2] [INFO] [1744576474.601916374] [drone_home1.controller]: Going to [(29.639567, -82.361102)]: 3.11 meters
[controller-2] [INFO] [1744576474.699474038] [drone_home1.controller]: Bearing: 269.58°
[controller-2] [INFO] [1744576474.700411739] [drone_home1.controller]: Going to [(29.639567, -82.361102)]: 3.11 meters
[controller-2] [INFO] [1744576474.799520163] [drone_home1.controller]: Bearing: 269.58°
[controller-2] [INFO] [1744576474.800527176] [drone_home1.controller]: Going to [(29.639567, -82.361102)]: 3.11 meters
[controller-2] [INFO] [1744576474.899732401] [drone_home1.controller]: Bearing: 269.58°
[controller-2] [INFO] [1744576474.900729046] [drone_home1.controller]: Going to [(29.639567, -82.361102)]: 3.11 meters
[controller-2] [INFO] [1744576474.999870910] [drone_home1.controller]: Bearing: 269.58°
[controller-2] [INFO] [1744576475.000937540] [drone_home1.controller]: Going to [(29.639567, -82.361102)]: 3.11 meters
[controller-2] [INFO] [1744576475.100487830] [drone_home1.controller]: Bearing: 269.58°
[controller-2] [INFO] [1744576475.102089854] [drone_home1.controller]: Going to [(29.639567, -82.361102)]: 3.11 meters
[controller-2] [INFO] [1744576475.200195305] [drone_home1.controller]: Bearing: 269.58°
[controller-2] [INFO] [1744576475.201271214] [drone_home1.controller]: Going to [(29.639567, -82.361102)]: 3.11 meters
[controller-2] [INFO] [1744576475.299578075] [drone_home1.controller]: Bearing: 269.58°
[controller-2] [INFO] [1744576475.300523391] [drone_home1.controller]: Going to [(29.639567, -82.361102)]: 3.11 meters
[controller-2] [INFO] [1744576475.399392686] [drone_home1.controller]: Bearing: 269.58°
[controller-2] [INFO] [1744576475.400311763] [drone_home1.controller]: Going to [(29.639567, -82.361102)]: 3.11 meters
[controller-2] [INFO] [1744576475.499482691] [drone_home1.controller]: Bearing: 269.58°
[controller-2] [INFO] [1744576475.500418856] [drone_home1.controller]: Going to [(29.639567, -82.361102)]: 3.11 meters
[controller-2] [INFO] [1744576475.599456888] [drone_home1.controller]: Bearing: 269.58°
[controller-2] [INFO] [1744576475.600413981] [drone_home1.controller]: Going to [(29.639567, -82.361102)]: 3.11 meters
[controller-2] [INFO] [1744576475.700626451] [drone_home1.controller]: Bearing: 269.16°
[controller-2] [INFO] [1744576475.702179930] [drone_home1.controller]: Going to [(29.639567, -82.361102)]: 3.12 meters
[controller-2] [INFO] [1744576475.799453857] [drone_home1.controller]: Bearing: 269.16°
[controller-2] [INFO] [1744576475.800490183] [drone_home1.controller]: Going to [(29.639567, -82.361102)]: 3.12 meters
[controller-2] [INFO] [1744576475.899774040] [drone_home1.controller]: Bearing: 269.16°
[controller-2] [INFO] [1744576475.900739741] [drone_home1.controller]: Going to [(29.639567, -82.361102)]: 3.12 meters
[controller-2] [INFO] [1744576476.000526576] [drone_home1.controller]: Bearing: 269.16°
[controller-2] [INFO] [1744576476.002102232] [drone_home1.controller]: Going to [(29.639567, -82.361102)]: 3.12 meters
[controller-2] [INFO] [1744576476.100192395] [drone_home1.controller]: Bearing: 269.16°
[controller-2] [INFO] [1744576476.101087247] [drone_home1.controller]: Going to [(29.639567, -82.361102)]: 3.12 meters
[controller-2] [INFO] [1744576476.199474180] [drone_home1.controller]: Bearing: 269.16°
[controller-2] [INFO] [1744576476.200431753] [drone_home1.controller]: Going to [(29.639567, -82.361102)]: 3.12 meters
[controller-2] [INFO] [1744576476.299888931] [drone_home1.controller]: Bearing: 269.58°
[controller-2] [INFO] [1744576476.301373162] [drone_home1.controller]: Going to [(29.639567, -82.361102)]: 3.11 meters
[controller-2] [INFO] [1744576476.399496157] [drone_home1.controller]: Bearing: 269.58°
[controller-2] [INFO] [1744576476.400507618] [drone_home1.controller]: Going to [(29.639567, -82.361102)]: 3.11 meters
[controller-2] [INFO] [1744576476.499957660] [drone_home1.controller]: Bearing: 269.58°
[controller-2] [INFO] [1744576476.501097794] [drone_home1.controller]: Going to [(29.639567, -82.361102)]: 3.11 meters
[controller-2] [INFO] [1744576476.599562327] [drone_home1.controller]: Bearing: 269.58°
[controller-2] [INFO] [1744576476.600469659] [drone_home1.controller]: Going to [(29.639567, -82.361102)]: 3.11 meters
[controller-2] [INFO] [1744576476.700108310] [drone_home1.controller]: Bearing: 269.58°
[controller-2] [INFO] [1744576476.702306113] [drone_home1.controller]: Going to [(29.639567, -82.361102)]: 3.11 meters
[controller-2] [INFO] [1744576476.799888562] [drone_home1.controller]: Bearing: 269.58°
[controller-2] [INFO] [1744576476.801006807] [drone_home1.controller]: Going to [(29.639567, -82.361102)]: 3.11 meters
[controller-2] [INFO] [1744576476.899809870] [drone_home1.controller]: Bearing: 269.58°
[controller-2] [INFO] [1744576476.900896755] [drone_home1.controller]: Going to [(29.639567, -82.361102)]: 3.11 meters
[controller-2] [INFO] [1744576476.999547465] [drone_home1.controller]: Bearing: 269.58°
[controller-2] [INFO] [1744576477.000535566] [drone_home1.controller]: Going to [(29.639567, -82.361102)]: 3.11 meters
[controller-2] [INFO] [1744576477.099427693] [drone_home1.controller]: Bearing: 269.58°
[controller-2] [INFO] [1744576477.100446578] [drone_home1.controller]: Going to [(29.639567, -82.361102)]: 3.11 meters
[controller-2] [INFO] [1744576477.199674099] [drone_home1.controller]: Bearing: 269.58°
[controller-2] [INFO] [1744576477.200638840] [drone_home1.controller]: Going to [(29.639567, -82.361102)]: 3.11 meters
[controller-2] [INFO] [1744576477.300379355] [drone_home1.controller]: Bearing: 269.58°
[controller-2] [INFO] [1744576477.301999907] [drone_home1.controller]: Going to [(29.639567, -82.361102)]: 3.11 meters
[controller-2] [INFO] [1744576477.399482587] [drone_home1.controller]: Bearing: 269.58°
[controller-2] [INFO] [1744576477.400421280] [drone_home1.controller]: Going to [(29.639567, -82.361102)]: 3.11 meters
[controller-2] [INFO] [1744576477.500744294] [drone_home1.controller]: Bearing: 269.58°
[controller-2] [INFO] [1744576477.502527535] [drone_home1.controller]: Going to [(29.639567, -82.361102)]: 3.11 meters
[controller-2] [INFO] [1744576477.600163688] [drone_home1.controller]: Bearing: -89.58°
[controller-2] [INFO] [1744576477.601714544] [drone_home1.controller]: Going to [(29.639567, -82.361102)]: 3.11 meters
[controller-2] [INFO] [1744576477.700268589] [drone_home1.controller]: Bearing: -89.58°
[controller-2] [INFO] [1744576477.702543576] [drone_home1.controller]: Going to [(29.639567, -82.361102)]: 3.11 meters
[controller-2] [INFO] [1744576477.800441650] [drone_home1.controller]: Bearing: -89.58°
[controller-2] [INFO] [1744576477.802003642] [drone_home1.controller]: Going to [(29.639567, -82.361102)]: 3.11 meters
[controller-2] [INFO] [1744576477.900520471] [drone_home1.controller]: Bearing: -89.60°
[controller-2] [INFO] [1744576477.902106815] [drone_home1.controller]: Going to [(29.639567, -82.361102)]: 3.23 meters
[controller-2] [INFO] [1744576478.000260346] [drone_home1.controller]: Bearing: -89.60°
[controller-2] [INFO] [1744576478.001828354] [drone_home1.controller]: Going to [(29.639567, -82.361102)]: 3.23 meters
[controller-2] [INFO] [1744576478.099534115] [drone_home1.controller]: Bearing: -89.60°
[controller-2] [INFO] [1744576478.100522728] [drone_home1.controller]: Going to [(29.639567, -82.361102)]: 3.23 meters
[controller-2] [INFO] [1744576478.199667664] [drone_home1.controller]: Bearing: -88.79°
[controller-2] [INFO] [1744576478.200615797] [drone_home1.controller]: Going to [(29.639567, -82.361102)]: 3.24 meters
[controller-2] [INFO] [1744576478.299497596] [drone_home1.controller]: Bearing: -88.79°
[controller-2] [INFO] [1744576478.300397568] [drone_home1.controller]: Going to [(29.639567, -82.361102)]: 3.24 meters
[controller-2] [INFO] [1744576478.399563784] [drone_home1.controller]: Bearing: -88.79°
[controller-2] [INFO] [1744576478.400606702] [drone_home1.controller]: Going to [(29.639567, -82.361102)]: 3.24 meters
[controller-2] [INFO] [1744576478.500353785] [drone_home1.controller]: Bearing: -88.79°
[controller-2] [INFO] [1744576478.501925185] [drone_home1.controller]: Going to [(29.639567, -82.361102)]: 3.24 meters
[controller-2] [INFO] [1744576478.600466822] [drone_home1.controller]: Bearing: -88.79°
[controller-2] [INFO] [1744576478.602223407] [drone_home1.controller]: Going to [(29.639567, -82.361102)]: 3.24 meters
[controller-2] [INFO] [1744576478.699902864] [drone_home1.controller]: Bearing: -88.79°
[controller-2] [INFO] [1744576478.700896021] [drone_home1.controller]: Going to [(29.639567, -82.361102)]: 3.24 meters
[controller-2] [INFO] [1744576478.800225918] [drone_home1.controller]: Bearing: -88.87°
[controller-2] [INFO] [1744576478.801796358] [drone_home1.controller]: Going to [(29.639567, -82.361102)]: 3.46 meters
[controller-2] [INFO] [1744576478.900335371] [drone_home1.controller]: Bearing: -88.87°
[controller-2] [INFO] [1744576478.901946323] [drone_home1.controller]: Going to [(29.639567, -82.361102)]: 3.46 meters
[controller-2] [INFO] [1744576478.999468179] [drone_home1.controller]: Bearing: -88.87°
[controller-2] [INFO] [1744576479.000829882] [drone_home1.controller]: Going to [(29.639567, -82.361102)]: 3.46 meters
[controller-2] [INFO] [1744576479.099801801] [drone_home1.controller]: Bearing: -88.87°
[controller-2] [INFO] [1744576479.100761902] [drone_home1.controller]: Going to [(29.639567, -82.361102)]: 3.46 meters
[controller-2] [INFO] [1744576479.200557985] [drone_home1.controller]: Bearing: -88.87°
[controller-2] [INFO] [1744576479.202175178] [drone_home1.controller]: Going to [(29.639567, -82.361102)]: 3.46 meters
[controller-2] [INFO] [1744576479.299661969] [drone_home1.controller]: Bearing: -88.87°
[controller-2] [INFO] [1744576479.301051864] [drone_home1.controller]: Going to [(29.639567, -82.361102)]: 3.46 meters
[controller-2] [INFO] [1744576479.400455913] [drone_home1.controller]: Bearing: -88.87°
[controller-2] [INFO] [1744576479.402221011] [drone_home1.controller]: Going to [(29.639567, -82.361102)]: 3.46 meters
[controller-2] [INFO] [1744576479.500799040] [drone_home1.controller]: Bearing: -88.87°
[controller-2] [INFO] [1744576479.503057196] [drone_home1.controller]: Going to [(29.639567, -82.361102)]: 3.46 meters
[controller-2] [INFO] [1744576479.600484082] [drone_home1.controller]: Bearing: -88.87°
[controller-2] [INFO] [1744576479.602081787] [drone_home1.controller]: Going to [(29.639567, -82.361102)]: 3.46 meters
[controller-2] [INFO] [1744576479.700399206] [drone_home1.controller]: Bearing: -88.87°
[controller-2] [INFO] [1744576479.702763059] [drone_home1.controller]: Going to [(29.639567, -82.361102)]: 3.46 meters
[controller-2] [INFO] [1744576479.800343866] [drone_home1.controller]: Bearing: -88.87°
[controller-2] [INFO] [1744576479.801917987] [drone_home1.controller]: Going to [(29.639567, -82.361102)]: 3.46 meters
[controller-2] [INFO] [1744576479.900334191] [drone_home1.controller]: Bearing: -88.87°
[controller-2] [INFO] [1744576479.902057688] [drone_home1.controller]: Going to [(29.639567, -82.361102)]: 3.46 meters
[controller-2] [INFO] [1744576479.999606431] [drone_home1.controller]: Bearing: -88.87°
[controller-2] [INFO] [1744576480.000605605] [drone_home1.controller]: Going to [(29.639567, -82.361102)]: 3.46 meters
[controller-2] [INFO] [1744576480.099546523] [drone_home1.controller]: Bearing: -88.87°
[controller-2] [INFO] [1744576480.100563648] [drone_home1.controller]: Going to [(29.639567, -82.361102)]: 3.46 meters
[controller-2] [INFO] [1744576480.199353878] [drone_home1.controller]: Bearing: -88.87°
[controller-2] [INFO] [1744576480.200248155] [drone_home1.controller]: Going to [(29.639567, -82.361102)]: 3.46 meters
[controller-2] [INFO] [1744576480.299556276] [drone_home1.controller]: Bearing: -88.87°
[controller-2] [INFO] [1744576480.300466905] [drone_home1.controller]: Going to [(29.639567, -82.361102)]: 3.46 meters
[controller-2] [INFO] [1744576480.399371215] [drone_home1.controller]: Bearing: -88.87°
[controller-2] [INFO] [1744576480.400313172] [drone_home1.controller]: Going to [(29.639567, -82.361102)]: 3.46 meters
[controller-2] [INFO] [1744576480.499715821] [drone_home1.controller]: Bearing: -88.49°
[controller-2] [INFO] [1744576480.500705234] [drone_home1.controller]: Going to [(29.639567, -82.361102)]: 3.47 meters
[controller-2] [INFO] [1744576480.599591529] [drone_home1.controller]: Bearing: -88.49°
[controller-2] [INFO] [1744576480.600652014] [drone_home1.controller]: Going to [(29.639567, -82.361102)]: 3.47 meters
[controller-2] [INFO] [1744576480.699650725] [drone_home1.controller]: Bearing: -88.49°
[controller-2] [INFO] [1744576480.702892503] [drone_home1.controller]: Going to [(29.639567, -82.361102)]: 3.47 meters
[controller-2] [INFO] [1744576480.800203973] [drone_home1.controller]: Bearing: -88.49°
[controller-2] [INFO] [1744576480.801781453] [drone_home1.controller]: Going to [(29.639567, -82.361102)]: 3.47 meters
[controller-2] [INFO] [1744576480.900308545] [drone_home1.controller]: Bearing: -88.49°
[controller-2] [INFO] [1744576480.901909226] [drone_home1.controller]: Going to [(29.639567, -82.361102)]: 3.47 meters
[controller-2] [INFO] [1744576481.000283006] [drone_home1.controller]: Bearing: -88.49°
[controller-2] [INFO] [1744576481.002434761] [drone_home1.controller]: Going to [(29.639567, -82.361102)]: 3.47 meters
[controller-2] [INFO] [1744576481.099517821] [drone_home1.controller]: Bearing: -88.49°
[controller-2] [INFO] [1744576481.100449570] [drone_home1.controller]: Going to [(29.639567, -82.361102)]: 3.47 meters
[controller-2] [INFO] [1744576481.200232997] [drone_home1.controller]: Bearing: -88.87°
[controller-2] [INFO] [1744576481.202192080] [drone_home1.controller]: Going to [(29.639567, -82.361102)]: 3.46 meters
[controller-2] [INFO] [1744576481.300112521] [drone_home1.controller]: Bearing: -88.87°
[controller-2] [INFO] [1744576481.301096718] [drone_home1.controller]: Going to [(29.639567, -82.361102)]: 3.46 meters
[controller-2] [INFO] [1744576481.400043021] [drone_home1.controller]: Bearing: -88.79°
[controller-2] [INFO] [1744576481.401428308] [drone_home1.controller]: Going to [(29.639567, -82.361102)]: 3.24 meters
[controller-2] [INFO] [1744576481.499595406] [drone_home1.controller]: Bearing: -88.79°
[controller-2] [INFO] [1744576481.500593588] [drone_home1.controller]: Going to [(29.639567, -82.361102)]: 3.24 meters
[controller-2] [INFO] [1744576481.600232438] [drone_home1.controller]: Bearing: -88.79°
[controller-2] [INFO] [1744576481.601821471] [drone_home1.controller]: Going to [(29.639567, -82.361102)]: 3.24 meters
[controller-2] [INFO] [1744576481.700240794] [drone_home1.controller]: Bearing: -88.79°
[controller-2] [INFO] [1744576481.701858243] [drone_home1.controller]: Going to [(29.639567, -82.361102)]: 3.24 meters
[controller-2] [INFO] [1744576481.800164318] [drone_home1.controller]: Bearing: -88.79°
[controller-2] [INFO] [1744576481.801718471] [drone_home1.controller]: Going to [(29.639567, -82.361102)]: 3.24 meters
[controller-2] [INFO] [1744576481.899565823] [drone_home1.controller]: Bearing: -88.87°
[controller-2] [INFO] [1744576481.900562052] [drone_home1.controller]: Going to [(29.639567, -82.361102)]: 3.46 meters
[controller-2] [INFO] [1744576481.999573667] [drone_home1.controller]: Bearing: -88.87°
[controller-2] [INFO] [1744576482.000508104] [drone_home1.controller]: Going to [(29.639567, -82.361102)]: 3.46 meters
[controller-2] [INFO] [1744576482.100283859] [drone_home1.controller]: Bearing: -88.79°
[controller-2] [INFO] [1744576482.101822235] [drone_home1.controller]: Going to [(29.639567, -82.361102)]: 3.24 meters
[controller-2] [INFO] [1744576482.200500576] [drone_home1.controller]: Bearing: -88.79°
[controller-2] [INFO] [1744576482.202072841] [drone_home1.controller]: Going to [(29.639567, -82.361102)]: 3.24 meters
[controller-2] [INFO] [1744576482.299422022] [drone_home1.controller]: Bearing: -88.79°
[controller-2] [INFO] [1744576482.300380363] [drone_home1.controller]: Going to [(29.639567, -82.361102)]: 3.24 meters
[controller-2] [INFO] [1744576482.400310199] [drone_home1.controller]: Bearing: -88.79°
[controller-2] [INFO] [1744576482.401903584] [drone_home1.controller]: Going to [(29.639567, -82.361102)]: 3.24 meters
[controller-2] [INFO] [1744576482.500243107] [drone_home1.controller]: Bearing: -88.79°
[controller-2] [INFO] [1744576482.501856844] [drone_home1.controller]: Going to [(29.639567, -82.361102)]: 3.24 meters
[controller-2] [INFO] [1744576482.600782098] [drone_home1.controller]: Bearing: -88.79°
[controller-2] [INFO] [1744576482.602389435] [drone_home1.controller]: Going to [(29.639567, -82.361102)]: 3.24 meters
[controller-2] [INFO] [1744576482.699623991] [drone_home1.controller]: Bearing: -88.79°
[controller-2] [INFO] [1744576482.700589501] [drone_home1.controller]: Going to [(29.639567, -82.361102)]: 3.24 meters
[controller-2] [INFO] [1744576482.799606819] [drone_home1.controller]: Bearing: -88.39°
[controller-2] [INFO] [1744576482.800811530] [drone_home1.controller]: Going to [(29.639567, -82.361102)]: 3.25 meters
[controller-2] [INFO] [1744576482.899553455] [drone_home1.controller]: Bearing: -88.39°
[controller-2] [INFO] [1744576482.900586101] [drone_home1.controller]: Going to [(29.639567, -82.361102)]: 3.25 meters
[controller-2] [INFO] [1744576482.999922397] [drone_home1.controller]: Bearing: -88.39°
[controller-2] [INFO] [1744576483.001312165] [drone_home1.controller]: Going to [(29.639567, -82.361102)]: 3.25 meters
[controller-2] [INFO] [1744576483.099402158] [drone_home1.controller]: Bearing: -88.39°
[controller-2] [INFO] [1744576483.100719349] [drone_home1.controller]: Going to [(29.639567, -82.361102)]: 3.25 meters
[controller-2] [INFO] [1744576483.199796324] [drone_home1.controller]: Bearing: -88.39°
[controller-2] [INFO] [1744576483.200736009] [drone_home1.controller]: Going to [(29.639567, -82.361102)]: 3.25 meters
[controller-2] [INFO] [1744576483.300287706] [drone_home1.controller]: Bearing: -88.39°
[controller-2] [INFO] [1744576483.302304454] [drone_home1.controller]: Going to [(29.639567, -82.361102)]: 3.25 meters
[controller-2] [INFO] [1744576483.400766769] [drone_home1.controller]: Bearing: -88.39°
[controller-2] [INFO] [1744576483.401705974] [drone_home1.controller]: Going to [(29.639567, -82.361102)]: 3.25 meters
[controller-2] [INFO] [1744576483.500496547] [drone_home1.controller]: Bearing: -87.58°
[controller-2] [INFO] [1744576483.502116269] [drone_home1.controller]: Going to [(29.639567, -82.361102)]: 3.28 meters
[controller-2] [INFO] [1744576483.600319510] [drone_home1.controller]: Bearing: -87.74°
[controller-2] [INFO] [1744576483.602883717] [drone_home1.controller]: Going to [(29.639567, -82.361102)]: 3.50 meters
[controller-2] [INFO] [1744576483.699618950] [drone_home1.controller]: Bearing: -87.74°
[controller-2] [INFO] [1744576483.700633388] [drone_home1.controller]: Going to [(29.639567, -82.361102)]: 3.50 meters
[controller-2] [INFO] [1744576483.799553978] [drone_home1.controller]: Bearing: -87.74°
[controller-2] [INFO] [1744576483.800538271] [drone_home1.controller]: Going to [(29.639567, -82.361102)]: 3.50 meters
[controller-2] [INFO] [1744576483.900282034] [drone_home1.controller]: Bearing: -87.74°
[controller-2] [INFO] [1744576483.902363645] [drone_home1.controller]: Going to [(29.639567, -82.361102)]: 3.50 meters
[controller-2] [INFO] [1744576484.000985930] [drone_home1.controller]: Bearing: -87.74°
[controller-2] [INFO] [1744576484.002585395] [drone_home1.controller]: Going to [(29.639567, -82.361102)]: 3.50 meters
[controller-2] [INFO] [1744576484.099520509] [drone_home1.controller]: Bearing: -87.74°
[controller-2] [INFO] [1744576484.100611139] [drone_home1.controller]: Going to [(29.639567, -82.361102)]: 3.50 meters
[controller-2] [INFO] [1744576484.199652729] [drone_home1.controller]: Bearing: -87.74°
[controller-2] [INFO] [1744576484.200628191] [drone_home1.controller]: Going to [(29.639567, -82.361102)]: 3.50 meters
[controller-2] [INFO] [1744576484.299437396] [drone_home1.controller]: Bearing: -87.17°
[controller-2] [INFO] [1744576484.300362521] [drone_home1.controller]: Going to [(29.639567, -82.361102)]: 3.75 meters
[controller-2] [INFO] [1744576484.399610512] [drone_home1.controller]: Bearing: -87.17°
[controller-2] [INFO] [1744576484.400972472] [drone_home1.controller]: Going to [(29.639567, -82.361102)]: 3.75 meters
[controller-2] [INFO] [1744576484.499707277] [drone_home1.controller]: Bearing: -87.17°
[controller-2] [INFO] [1744576484.500698002] [drone_home1.controller]: Going to [(29.639567, -82.361102)]: 3.75 meters
[controller-2] [INFO] [1744576484.600410796] [drone_home1.controller]: Bearing: -87.17°
[controller-2] [INFO] [1744576484.602047734] [drone_home1.controller]: Going to [(29.639567, -82.361102)]: 3.75 meters
[controller-2] [INFO] [1744576484.699593731] [drone_home1.controller]: Bearing: -87.17°
[controller-2] [INFO] [1744576484.700659081] [drone_home1.controller]: Going to [(29.639567, -82.361102)]: 3.75 meters
[controller-2] [INFO] [1744576484.799585919] [drone_home1.controller]: Bearing: -87.17°
[controller-2] [INFO] [1744576484.800596069] [drone_home1.controller]: Going to [(29.639567, -82.361102)]: 3.75 meters
[controller-2] [INFO] [1744576484.899473690] [drone_home1.controller]: Bearing: -87.17°
[controller-2] [INFO] [1744576484.900423712] [drone_home1.controller]: Going to [(29.639567, -82.361102)]: 3.75 meters
[controller-2] [INFO] [1744576484.999515414] [drone_home1.controller]: Bearing: -87.17°
[controller-2] [INFO] [1744576485.000471836] [drone_home1.controller]: Going to [(29.639567, -82.361102)]: 3.75 meters
[controller-2] [INFO] [1744576485.099524057] [drone_home1.controller]: Bearing: -87.17°
[controller-2] [INFO] [1744576485.100486303] [drone_home1.controller]: Going to [(29.639567, -82.361102)]: 3.75 meters
[controller-2] [INFO] [1744576485.199572701] [drone_home1.controller]: Bearing: -87.17°
[controller-2] [INFO] [1744576485.200634115] [drone_home1.controller]: Going to [(29.639567, -82.361102)]: 3.75 meters
[controller-2] [INFO] [1744576485.299573505] [drone_home1.controller]: Bearing: -87.17°
[controller-2] [INFO] [1744576485.300603367] [drone_home1.controller]: Going to [(29.639567, -82.361102)]: 3.75 meters
[controller-2] [INFO] [1744576485.401385071] [drone_home1.controller]: Bearing: -86.81°
[controller-2] [INFO] [1744576485.402967640] [drone_home1.controller]: Going to [(29.639567, -82.361102)]: 3.77 meters
[controller-2] [INFO] [1744576485.500710318] [drone_home1.controller]: Bearing: -87.17°
[controller-2] [INFO] [1744576485.502349432] [drone_home1.controller]: Going to [(29.639567, -82.361102)]: 3.75 meters
[controller-2] [INFO] [1744576485.600237039] [drone_home1.controller]: Bearing: -87.17°
[controller-2] [INFO] [1744576485.602897662] [drone_home1.controller]: Going to [(29.639567, -82.361102)]: 3.75 meters
[controller-2] [INFO] [1744576485.699505550] [drone_home1.controller]: Bearing: -87.25°
[controller-2] [INFO] [1744576485.700471124] [drone_home1.controller]: Going to [(29.639567, -82.361102)]: 3.86 meters
[controller-2] [INFO] [1744576485.799476178] [drone_home1.controller]: Bearing: -87.25°
[controller-2] [INFO] [1744576485.800424023] [drone_home1.controller]: Going to [(29.639567, -82.361102)]: 3.86 meters
[controller-2] [INFO] [1744576485.900256090] [drone_home1.controller]: Bearing: -86.91°
[controller-2] [INFO] [1744576485.902188197] [drone_home1.controller]: Going to [(29.639567, -82.361102)]: 3.88 meters
[controller-2] [INFO] [1744576486.000609407] [drone_home1.controller]: Bearing: -87.08°
[controller-2] [INFO] [1744576486.002302089] [drone_home1.controller]: Going to [(29.639567, -82.361102)]: 4.10 meters
[controller-2] [INFO] [1744576486.100310281] [drone_home1.controller]: Bearing: -87.08°
[controller-2] [INFO] [1744576486.102026899] [drone_home1.controller]: Going to [(29.639567, -82.361102)]: 4.10 meters
[controller-2] [INFO] [1744576486.200209715] [drone_home1.controller]: Bearing: -87.08°
[controller-2] [INFO] [1744576486.201242745] [drone_home1.controller]: Going to [(29.639567, -82.361102)]: 4.10 meters
[controller-2] [INFO] [1744576486.299795004] [drone_home1.controller]: Bearing: -87.08°
[controller-2] [INFO] [1744576486.301003459] [drone_home1.controller]: Going to [(29.639567, -82.361102)]: 4.10 meters
[controller-2] [INFO] [1744576486.399552806] [drone_home1.controller]: Bearing: -87.23°
[controller-2] [INFO] [1744576486.400992303] [drone_home1.controller]: Going to [(29.639567, -82.361102)]: 4.31 meters
[controller-2] [INFO] [1744576486.500365078] [drone_home1.controller]: Bearing: -87.23°
[controller-2] [INFO] [1744576486.502326690] [drone_home1.controller]: Going to [(29.639567, -82.361102)]: 4.31 meters
[controller-2] [INFO] [1744576486.600331201] [drone_home1.controller]: Bearing: -87.23°
[controller-2] [INFO] [1744576486.602744304] [drone_home1.controller]: Going to [(29.639567, -82.361102)]: 4.31 meters
[controller-2] [INFO] [1744576486.700130699] [drone_home1.controller]: Bearing: -87.23°
[controller-2] [INFO] [1744576486.701800085] [drone_home1.controller]: Going to [(29.639567, -82.361102)]: 4.31 meters
[controller-2] [INFO] [1744576486.800517689] [drone_home1.controller]: Bearing: -87.30°
[controller-2] [INFO] [1744576486.802066978] [drone_home1.controller]: Going to [(29.639567, -82.361102)]: 4.42 meters
[controller-2] [INFO] [1744576486.900292035] [drone_home1.controller]: Bearing: -87.30°
[controller-2] [INFO] [1744576486.902473424] [drone_home1.controller]: Going to [(29.639567, -82.361102)]: 4.42 meters
[controller-2] [INFO] [1744576487.001103891] [drone_home1.controller]: Bearing: -86.71°
[controller-2] [INFO] [1744576487.002479323] [drone_home1.controller]: Going to [(29.639567, -82.361102)]: 4.47 meters
[controller-2] [INFO] [1744576487.099609053] [drone_home1.controller]: Bearing: -86.71°
[controller-2] [INFO] [1744576487.100711940] [drone_home1.controller]: Going to [(29.639567, -82.361102)]: 4.47 meters
[controller-2] [INFO] [1744576487.200354741] [drone_home1.controller]: Bearing: -86.71°
[controller-2] [INFO] [1744576487.201940766] [drone_home1.controller]: Going to [(29.639567, -82.361102)]: 4.47 meters
[controller-2] [INFO] [1744576487.300754954] [drone_home1.controller]: Bearing: -86.71°
[controller-2] [INFO] [1744576487.302332564] [drone_home1.controller]: Going to [(29.639567, -82.361102)]: 4.47 meters
[controller-2] [INFO] [1744576487.401033183] [drone_home1.controller]: Bearing: -86.87°
[controller-2] [INFO] [1744576487.402616648] [drone_home1.controller]: Going to [(29.639567, -82.361102)]: 4.68 meters
[controller-2] [INFO] [1744576487.500264302] [drone_home1.controller]: Bearing: -86.87°
[controller-2] [INFO] [1744576487.502541499] [drone_home1.controller]: Going to [(29.639567, -82.361102)]: 4.68 meters
[controller-2] [INFO] [1744576487.599565116] [drone_home1.controller]: Bearing: -86.87°
[controller-2] [INFO] [1744576487.600514178] [drone_home1.controller]: Going to [(29.639567, -82.361102)]: 4.68 meters
[controller-2] [INFO] [1744576487.700286036] [drone_home1.controller]: Bearing: -86.87°
[controller-2] [INFO] [1744576487.701890205] [drone_home1.controller]: Going to [(29.639567, -82.361102)]: 4.68 meters
[controller-2] [INFO] [1744576487.800360007] [drone_home1.controller]: Bearing: -86.30°
[controller-2] [INFO] [1744576487.802505492] [drone_home1.controller]: Going to [(29.639567, -82.361102)]: 4.73 meters
[controller-2] [INFO] [1744576487.900299194] [drone_home1.controller]: Bearing: -86.30°
[controller-2] [INFO] [1744576487.901879204] [drone_home1.controller]: Going to [(29.639567, -82.361102)]: 4.73 meters
[controller-2] [INFO] [1744576487.999901899] [drone_home1.controller]: Bearing: -86.87°
[controller-2] [INFO] [1744576488.000890961] [drone_home1.controller]: Going to [(29.639567, -82.361102)]: 4.68 meters
[controller-2] [INFO] [1744576488.100445033] [drone_home1.controller]: Bearing: -86.87°
[controller-2] [INFO] [1744576488.102027378] [drone_home1.controller]: Going to [(29.639567, -82.361102)]: 4.68 meters
[controller-2] [INFO] [1744576488.200395555] [drone_home1.controller]: Bearing: -86.87°
[controller-2] [INFO] [1744576488.202722929] [drone_home1.controller]: Going to [(29.639567, -82.361102)]: 4.68 meters
[controller-2] [INFO] [1744576488.299924027] [drone_home1.controller]: Bearing: -86.87°
[controller-2] [INFO] [1744576488.301183811] [drone_home1.controller]: Going to [(29.639567, -82.361102)]: 4.68 meters
[controller-2] [INFO] [1744576488.399487796] [drone_home1.controller]: Bearing: -86.87°
[controller-2] [INFO] [1744576488.400571738] [drone_home1.controller]: Going to [(29.639567, -82.361102)]: 4.68 meters
[controller-2] [INFO] [1744576488.499586575] [drone_home1.controller]: Bearing: -86.87°
[controller-2] [INFO] [1744576488.501504027] [drone_home1.controller]: Going to [(29.639567, -82.361102)]: 4.68 meters
[controller-2] [INFO] [1744576488.600173453] [drone_home1.controller]: Bearing: -86.87°
[controller-2] [INFO] [1744576488.601773367] [drone_home1.controller]: Going to [(29.639567, -82.361102)]: 4.68 meters
[controller-2] [INFO] [1744576488.700374314] [drone_home1.controller]: Bearing: -86.30°
[controller-2] [INFO] [1744576488.701932531] [drone_home1.controller]: Going to [(29.639567, -82.361102)]: 4.73 meters
[controller-2] [INFO] [1744576488.800384965] [drone_home1.controller]: Bearing: -86.30°
[controller-2] [INFO] [1744576488.801926222] [drone_home1.controller]: Going to [(29.639567, -82.361102)]: 4.73 meters
[controller-2] [INFO] [1744576488.900509216] [drone_home1.controller]: Bearing: -86.30°
[controller-2] [INFO] [1744576488.902115882] [drone_home1.controller]: Going to [(29.639567, -82.361102)]: 4.73 meters
[controller-2] [INFO] [1744576489.000533435] [drone_home1.controller]: Bearing: -86.30°
[controller-2] [INFO] [1744576489.002122629] [drone_home1.controller]: Going to [(29.639567, -82.361102)]: 4.73 meters
[controller-2] [INFO] [1744576489.099624856] [drone_home1.controller]: Bearing: -86.30°
[controller-2] [INFO] [1744576489.100581342] [drone_home1.controller]: Going to [(29.639567, -82.361102)]: 4.73 meters
[controller-2] [INFO] [1744576489.200737537] [drone_home1.controller]: Bearing: -86.30°
[controller-2] [INFO] [1744576489.202328779] [drone_home1.controller]: Going to [(29.639567, -82.361102)]: 4.73 meters
[controller-2] [INFO] [1744576489.300336706] [drone_home1.controller]: Bearing: -86.30°
[controller-2] [INFO] [1744576489.301911531] [drone_home1.controller]: Going to [(29.639567, -82.361102)]: 4.73 meters
[controller-2] [INFO] [1744576489.400269348] [drone_home1.controller]: Bearing: -86.47°
[controller-2] [INFO] [1744576489.401880942] [drone_home1.controller]: Going to [(29.639567, -82.361102)]: 4.94 meters
[controller-2] [INFO] [1744576489.500336231] [drone_home1.controller]: Bearing: -86.47°
[controller-2] [INFO] [1744576489.501908464] [drone_home1.controller]: Going to [(29.639567, -82.361102)]: 4.94 meters
[controller-2] [INFO] [1744576489.600240809] [drone_home1.controller]: Bearing: -86.47°
[controller-2] [INFO] [1744576489.602464375] [drone_home1.controller]: Going to [(29.639567, -82.361102)]: 4.94 meters
[controller-2] [INFO] [1744576489.699883945] [drone_home1.controller]: Bearing: -86.47°
[controller-2] [INFO] [1744576489.700792175] [drone_home1.controller]: Going to [(29.639567, -82.361102)]: 4.94 meters
[controller-2] [INFO] [1744576489.800311343] [drone_home1.controller]: Bearing: -87.01°
[controller-2] [INFO] [1744576489.802275963] [drone_home1.controller]: Going to [(29.639567, -82.361102)]: 4.90 meters
[controller-2] [INFO] [1744576489.901280983] [drone_home1.controller]: Bearing: -87.01°
[controller-2] [INFO] [1744576489.903037794] [drone_home1.controller]: Going to [(29.639567, -82.361102)]: 4.90 meters
[controller-2] [INFO] [1744576490.000125267] [drone_home1.controller]: Bearing: -87.01°
[controller-2] [INFO] [1744576490.001739517] [drone_home1.controller]: Going to [(29.639567, -82.361102)]: 4.90 meters
[controller-2] [INFO] [1744576490.100773921] [drone_home1.controller]: Bearing: -87.01°
[controller-2] [INFO] [1744576490.102398859] [drone_home1.controller]: Going to [(29.639567, -82.361102)]: 4.90 meters
[controller-2] [INFO] [1744576490.199907206] [drone_home1.controller]: Bearing: -87.01°
[controller-2] [INFO] [1744576490.201636689] [drone_home1.controller]: Going to [(29.639567, -82.361102)]: 4.90 meters
[controller-2] [INFO] [1744576490.300610229] [drone_home1.controller]: Bearing: -87.01°
[controller-2] [INFO] [1744576490.302251743] [drone_home1.controller]: Going to [(29.639567, -82.361102)]: 4.90 meters
[controller-2] [INFO] [1744576490.399641401] [drone_home1.controller]: Bearing: -87.01°
[controller-2] [INFO] [1744576490.400786432] [drone_home1.controller]: Going to [(29.639567, -82.361102)]: 4.90 meters
[controller-2] [INFO] [1744576490.499523779] [drone_home1.controller]: Bearing: -87.01°
[controller-2] [INFO] [1744576490.500568105] [drone_home1.controller]: Going to [(29.639567, -82.361102)]: 4.90 meters
[controller-2] [INFO] [1744576490.599931887] [drone_home1.controller]: Bearing: -87.01°
[controller-2] [INFO] [1744576490.600824597] [drone_home1.controller]: Going to [(29.639567, -82.361102)]: 4.90 meters
[controller-2] [INFO] [1744576490.699809977] [drone_home1.controller]: Bearing: -87.01°
[controller-2] [INFO] [1744576490.701795237] [drone_home1.controller]: Going to [(29.639567, -82.361102)]: 4.90 meters
[controller-2] [INFO] [1744576490.799804291] [drone_home1.controller]: Bearing: -87.01°
[controller-2] [INFO] [1744576490.800796874] [drone_home1.controller]: Going to [(29.639567, -82.361102)]: 4.90 meters
[controller-2] [INFO] [1744576490.899872270] [drone_home1.controller]: Bearing: -87.01°
[controller-2] [INFO] [1744576490.900960245] [drone_home1.controller]: Going to [(29.639567, -82.361102)]: 4.90 meters
[controller-2] [INFO] [1744576490.999591703] [drone_home1.controller]: Bearing: -87.01°
[controller-2] [INFO] [1744576491.000587933] [drone_home1.controller]: Going to [(29.639567, -82.361102)]: 4.90 meters
[controller-2] [INFO] [1744576491.099405735] [drone_home1.controller]: Bearing: -87.01°
[controller-2] [INFO] [1744576491.100397486] [drone_home1.controller]: Going to [(29.639567, -82.361102)]: 4.90 meters
[controller-2] [INFO] [1744576491.199549498] [drone_home1.controller]: Bearing: -87.01°
[controller-2] [INFO] [1744576491.200543713] [drone_home1.controller]: Going to [(29.639567, -82.361102)]: 4.90 meters
[controller-2] [INFO] [1744576491.299462188] [drone_home1.controller]: Bearing: -87.01°
[controller-2] [INFO] [1744576491.300438258] [drone_home1.controller]: Going to [(29.639567, -82.361102)]: 4.90 meters
[controller-2] [INFO] [1744576491.400039202] [drone_home1.controller]: Bearing: -87.01°
[controller-2] [INFO] [1744576491.401613484] [drone_home1.controller]: Going to [(29.639567, -82.361102)]: 4.90 meters
[controller-2] [INFO] [1744576491.500160469] [drone_home1.controller]: Bearing: -87.01°
[controller-2] [INFO] [1744576491.501710910] [drone_home1.controller]: Going to [(29.639567, -82.361102)]: 4.90 meters
[controller-2] [INFO] [1744576491.600235303] [drone_home1.controller]: Bearing: -87.01°
[controller-2] [INFO] [1744576491.601799921] [drone_home1.controller]: Going to [(29.639567, -82.361102)]: 4.90 meters
[controller-2] [INFO] [1744576491.699279891] [drone_home1.controller]: Bearing: -87.01°
[controller-2] [INFO] [1744576491.700230201] [drone_home1.controller]: Going to [(29.639567, -82.361102)]: 4.90 meters
[controller-2] [INFO] [1744576491.799634696] [drone_home1.controller]: Bearing: -87.01°
[controller-2] [INFO] [1744576491.801810197] [drone_home1.controller]: Going to [(29.639567, -82.361102)]: 4.90 meters
[controller-2] [INFO] [1744576491.899747258] [drone_home1.controller]: Bearing: -87.01°
[controller-2] [INFO] [1744576491.900729408] [drone_home1.controller]: Going to [(29.639567, -82.361102)]: 4.90 meters
[controller-2] [INFO] [1744576491.999656972] [drone_home1.controller]: Bearing: -87.08°
[controller-2] [INFO] [1744576492.000752275] [drone_home1.controller]: Going to [(29.639567, -82.361102)]: 5.01 meters
[controller-2] [INFO] [1744576492.099529861] [drone_home1.controller]: Bearing: -87.08°
[controller-2] [INFO] [1744576492.100517003] [drone_home1.controller]: Going to [(29.639567, -82.361102)]: 5.01 meters
[controller-2] [INFO] [1744576492.199540478] [drone_home1.controller]: Bearing: -87.08°
[controller-2] [INFO] [1744576492.200508933] [drone_home1.controller]: Going to [(29.639567, -82.361102)]: 5.01 meters
[controller-2] [INFO] [1744576492.300451102] [drone_home1.controller]: Bearing: -87.08°
[controller-2] [INFO] [1744576492.302231337] [drone_home1.controller]: Going to [(29.639567, -82.361102)]: 5.01 meters
[controller-2] [INFO] [1744576492.400166710] [drone_home1.controller]: Bearing: -87.01°
[controller-2] [INFO] [1744576492.401770976] [drone_home1.controller]: Going to [(29.639567, -82.361102)]: 4.90 meters
[controller-2] [INFO] [1744576492.500374577] [drone_home1.controller]: Bearing: -87.08°
[controller-2] [INFO] [1744576492.502413278] [drone_home1.controller]: Going to [(29.639567, -82.361102)]: 5.01 meters
[controller-2] [INFO] [1744576492.599565862] [drone_home1.controller]: Bearing: -87.01°
[controller-2] [INFO] [1744576492.600568172] [drone_home1.controller]: Going to [(29.639567, -82.361102)]: 4.90 meters
[controller-2] [INFO] [1744576492.700012162] [drone_home1.controller]: Bearing: -87.01°
[controller-2] [INFO] [1744576492.701054217] [drone_home1.controller]: Going to [(29.639567, -82.361102)]: 4.90 meters
[controller-2] [INFO] [1744576492.799677850] [drone_home1.controller]: Bearing: -87.01°
[controller-2] [INFO] [1744576492.800748897] [drone_home1.controller]: Going to [(29.639567, -82.361102)]: 4.90 meters
[controller-2] [INFO] [1744576492.899977494] [drone_home1.controller]: Bearing: -87.01°
[controller-2] [INFO] [1744576492.900871675] [drone_home1.controller]: Going to [(29.639567, -82.361102)]: 4.90 meters
[controller-2] [INFO] [1744576493.000343890] [drone_home1.controller]: Bearing: -87.01°
[controller-2] [INFO] [1744576493.001946044] [drone_home1.controller]: Going to [(29.639567, -82.361102)]: 4.90 meters
[controller-2] [INFO] [1744576493.100806518] [drone_home1.controller]: Bearing: -87.01°
[controller-2] [INFO] [1744576493.102358848] [drone_home1.controller]: Going to [(29.639567, -82.361102)]: 4.90 meters
[controller-2] [INFO] [1744576493.200850616] [drone_home1.controller]: Bearing: -87.01°
[controller-2] [INFO] [1744576493.202449506] [drone_home1.controller]: Going to [(29.639567, -82.361102)]: 4.90 meters
[controller-2] [INFO] [1744576493.300388566] [drone_home1.controller]: Bearing: -87.01°
[controller-2] [INFO] [1744576493.302116866] [drone_home1.controller]: Going to [(29.639567, -82.361102)]: 4.90 meters
[controller-2] [INFO] [1744576493.400240567] [drone_home1.controller]: Bearing: -87.01°
[controller-2] [INFO] [1744576493.401851809] [drone_home1.controller]: Going to [(29.639567, -82.361102)]: 4.90 meters
[controller-2] [INFO] [1744576493.500144824] [drone_home1.controller]: Bearing: -87.01°
[controller-2] [INFO] [1744576493.501716354] [drone_home1.controller]: Going to [(29.639567, -82.361102)]: 4.90 meters
[controller-2] [INFO] [1744576493.599404053] [drone_home1.controller]: Bearing: -87.01°
[controller-2] [INFO] [1744576493.600420763] [drone_home1.controller]: Going to [(29.639567, -82.361102)]: 4.90 meters
[controller-2] [INFO] [1744576493.700261052] [drone_home1.controller]: Bearing: -87.01°
[controller-2] [INFO] [1744576493.701862694] [drone_home1.controller]: Going to [(29.639567, -82.361102)]: 4.90 meters
[controller-2] [INFO] [1744576493.799675577] [drone_home1.controller]: Bearing: -87.01°
[controller-2] [INFO] [1744576493.800698048] [drone_home1.controller]: Going to [(29.639567, -82.361102)]: 4.90 meters
[controller-2] [INFO] [1744576493.900021245] [drone_home1.controller]: Bearing: -87.01°
[controller-2] [INFO] [1744576493.900911395] [drone_home1.controller]: Going to [(29.639567, -82.361102)]: 4.90 meters
[controller-2] [INFO] [1744576494.000336833] [drone_home1.controller]: Bearing: -87.01°
[controller-2] [INFO] [1744576494.002148620] [drone_home1.controller]: Going to [(29.639567, -82.361102)]: 4.90 meters
[controller-2] [INFO] [1744576494.100407562] [drone_home1.controller]: Bearing: -87.01°
[controller-2] [INFO] [1744576494.101497169] [drone_home1.controller]: Going to [(29.639567, -82.361102)]: 4.90 meters
[controller-2] [INFO] [1744576494.200711317] [drone_home1.controller]: Bearing: -87.08°
[controller-2] [INFO] [1744576494.202945636] [drone_home1.controller]: Going to [(29.639567, -82.361102)]: 5.01 meters
[controller-2] [INFO] [1744576494.300396060] [drone_home1.controller]: Bearing: -87.08°
[controller-2] [INFO] [1744576494.301558660] [drone_home1.controller]: Going to [(29.639567, -82.361102)]: 5.01 meters
[controller-2] [INFO] [1744576494.400223332] [drone_home1.controller]: Bearing: -87.08°
[controller-2] [INFO] [1744576494.401803471] [drone_home1.controller]: Going to [(29.639567, -82.361102)]: 5.01 meters
[controller-2] [INFO] [1744576494.500176301] [drone_home1.controller]: Bearing: -87.08°
[controller-2] [INFO] [1744576494.501059443] [drone_home1.controller]: Going to [(29.639567, -82.361102)]: 5.01 meters
[controller-2] [INFO] [1744576494.600331799] [drone_home1.controller]: Bearing: -87.08°
[controller-2] [INFO] [1744576494.601901570] [drone_home1.controller]: Going to [(29.639567, -82.361102)]: 5.01 meters
[controller-2] [INFO] [1744576494.700317312] [drone_home1.controller]: Bearing: -87.08°
[controller-2] [INFO] [1744576494.701307559] [drone_home1.controller]: Going to [(29.639567, -82.361102)]: 5.01 meters
[controller-2] [INFO] [1744576494.799604101] [drone_home1.controller]: Bearing: -87.08°
[controller-2] [INFO] [1744576494.800614092] [drone_home1.controller]: Going to [(29.639567, -82.361102)]: 5.01 meters
[controller-2] [INFO] [1744576494.900879062] [drone_home1.controller]: Bearing: -87.61°
[controller-2] [INFO] [1744576494.901831133] [drone_home1.controller]: Going to [(29.639567, -82.361102)]: 4.97 meters
[controller-2] [INFO] [1744576495.000284380] [drone_home1.controller]: Bearing: -87.61°
[controller-2] [INFO] [1744576495.001898598] [drone_home1.controller]: Going to [(29.639567, -82.361102)]: 4.97 meters
[controller-2] [INFO] [1744576495.100390573] [drone_home1.controller]: Bearing: -87.61°
[controller-2] [INFO] [1744576495.101971063] [drone_home1.controller]: Going to [(29.639567, -82.361102)]: 4.97 meters
[controller-2] [INFO] [1744576495.200172828] [drone_home1.controller]: Bearing: -87.61°
[controller-2] [INFO] [1744576495.201745479] [drone_home1.controller]: Going to [(29.639567, -82.361102)]: 4.97 meters
[controller-2] [INFO] [1744576495.299723370] [drone_home1.controller]: Bearing: -87.61°
[controller-2] [INFO] [1744576495.300660176] [drone_home1.controller]: Going to [(29.639567, -82.361102)]: 4.97 meters
[controller-2] [INFO] [1744576495.399863228] [drone_home1.controller]: Bearing: -87.61°
[controller-2] [INFO] [1744576495.400849603] [drone_home1.controller]: Going to [(29.639567, -82.361102)]: 4.97 meters
[controller-2] [INFO] [1744576495.499438474] [drone_home1.controller]: Bearing: -87.61°
[controller-2] [INFO] [1744576495.500364336] [drone_home1.controller]: Going to [(29.639567, -82.361102)]: 4.97 meters
[controller-2] [INFO] [1744576495.600407137] [drone_home1.controller]: Bearing: -87.61°
[controller-2] [INFO] [1744576495.602006796] [drone_home1.controller]: Going to [(29.639567, -82.361102)]: 4.97 meters
[controller-2] [INFO] [1744576495.700495507] [drone_home1.controller]: Bearing: -87.61°
[controller-2] [INFO] [1744576495.702425375] [drone_home1.controller]: Going to [(29.639567, -82.361102)]: 4.97 meters
[controller-2] [INFO] [1744576495.800393059] [drone_home1.controller]: Bearing: -87.61°
[controller-2] [INFO] [1744576495.801957773] [drone_home1.controller]: Going to [(29.639567, -82.361102)]: 4.97 meters
[controller-2] [INFO] [1744576495.900387668] [drone_home1.controller]: Bearing: -87.61°
[controller-2] [INFO] [1744576495.902463073] [drone_home1.controller]: Going to [(29.639567, -82.361102)]: 4.97 meters
[controller-2] [INFO] [1744576496.000411653] [drone_home1.controller]: Bearing: -87.61°
[controller-2] [INFO] [1744576496.002050255] [drone_home1.controller]: Going to [(29.639567, -82.361102)]: 4.97 meters
[controller-2] [INFO] [1744576496.100681951] [drone_home1.controller]: Bearing: -87.08°
[controller-2] [INFO] [1744576496.102542091] [drone_home1.controller]: Going to [(29.639567, -82.361102)]: 5.01 meters
[controller-2] [INFO] [1744576496.200394517] [drone_home1.controller]: Bearing: -87.08°
[controller-2] [INFO] [1744576496.201975584] [drone_home1.controller]: Going to [(29.639567, -82.361102)]: 5.01 meters
[controller-2] [INFO] [1744576496.299610633] [drone_home1.controller]: Bearing: -87.08°
[controller-2] [INFO] [1744576496.300683600] [drone_home1.controller]: Going to [(29.639567, -82.361102)]: 5.01 meters
[controller-2] [INFO] [1744576496.400386054] [drone_home1.controller]: Bearing: -87.08°
[controller-2] [INFO] [1744576496.401962001] [drone_home1.controller]: Going to [(29.639567, -82.361102)]: 5.01 meters
[controller-2] [INFO] [1744576496.500619456] [drone_home1.controller]: Bearing: -87.08°
[controller-2] [INFO] [1744576496.502235467] [drone_home1.controller]: Going to [(29.639567, -82.361102)]: 5.01 meters
[controller-2] [INFO] [1744576496.600841626] [drone_home1.controller]: Bearing: -87.08°
[controller-2] [INFO] [1744576496.602465093] [drone_home1.controller]: Going to [(29.639567, -82.361102)]: 5.01 meters
[controller-2] [INFO] [1744576496.700438704] [drone_home1.controller]: Bearing: -87.08°
[controller-2] [INFO] [1744576496.702467293] [drone_home1.controller]: Going to [(29.639567, -82.361102)]: 5.01 meters
[controller-2] [INFO] [1744576496.800259623] [drone_home1.controller]: Bearing: -87.08°
[controller-2] [INFO] [1744576496.802074067] [drone_home1.controller]: Going to [(29.639567, -82.361102)]: 5.01 meters
[controller-2] [INFO] [1744576496.899499003] [drone_home1.controller]: Bearing: -87.08°
[controller-2] [INFO] [1744576496.900516865] [drone_home1.controller]: Going to [(29.639567, -82.361102)]: 5.01 meters
[controller-2] [INFO] [1744576496.999417523] [drone_home1.controller]: Bearing: -87.21°
[controller-2] [INFO] [1744576497.000329017] [drone_home1.controller]: Going to [(29.639567, -82.361102)]: 5.22 meters
[controller-2] [INFO] [1744576497.099491955] [drone_home1.controller]: Bearing: -87.21°
[controller-2] [INFO] [1744576497.100522266] [drone_home1.controller]: Going to [(29.639567, -82.361102)]: 5.22 meters
[controller-2] [INFO] [1744576497.199416787] [drone_home1.controller]: Bearing: -87.21°
[controller-2] [INFO] [1744576497.200710971] [drone_home1.controller]: Going to [(29.639567, -82.361102)]: 5.22 meters
[controller-2] [INFO] [1744576497.299462963] [drone_home1.controller]: Bearing: -87.21°
[controller-2] [INFO] [1744576497.300486490] [drone_home1.controller]: Going to [(29.639567, -82.361102)]: 5.22 meters
[controller-2] [INFO] [1744576497.399554292] [drone_home1.controller]: Bearing: -87.21°
[controller-2] [INFO] [1744576497.400721660] [drone_home1.controller]: Going to [(29.639567, -82.361102)]: 5.22 meters
[controller-2] [INFO] [1744576497.500557211] [drone_home1.controller]: Bearing: -87.21°
[controller-2] [INFO] [1744576497.502137029] [drone_home1.controller]: Going to [(29.639567, -82.361102)]: 5.22 meters
[controller-2] [INFO] [1744576497.599612660] [drone_home1.controller]: Bearing: -87.21°
[controller-2] [INFO] [1744576497.600634587] [drone_home1.controller]: Going to [(29.639567, -82.361102)]: 5.22 meters
[controller-2] [INFO] [1744576497.699400051] [drone_home1.controller]: Bearing: -87.21°
[controller-2] [INFO] [1744576497.700381498] [drone_home1.controller]: Going to [(29.639567, -82.361102)]: 5.22 meters
[controller-2] [INFO] [1744576497.799560564] [drone_home1.controller]: Bearing: -87.21°
[controller-2] [INFO] [1744576497.800552699] [drone_home1.controller]: Going to [(29.639567, -82.361102)]: 5.22 meters
[controller-2] [INFO] [1744576497.900283993] [drone_home1.controller]: Bearing: -87.21°
[controller-2] [INFO] [1744576497.901851332] [drone_home1.controller]: Going to [(29.639567, -82.361102)]: 5.22 meters
[controller-2] [INFO] [1744576498.000265497] [drone_home1.controller]: Bearing: -87.21°
[controller-2] [INFO] [1744576498.001872484] [drone_home1.controller]: Going to [(29.639567, -82.361102)]: 5.22 meters
[controller-2] [INFO] [1744576498.100008991] [drone_home1.controller]: Bearing: -87.21°
[controller-2] [INFO] [1744576498.101549993] [drone_home1.controller]: Going to [(29.639567, -82.361102)]: 5.22 meters
[controller-2] [INFO] [1744576498.200195688] [drone_home1.controller]: Bearing: -87.32°
[controller-2] [INFO] [1744576498.201764243] [drone_home1.controller]: Going to [(29.639567, -82.361102)]: 5.44 meters
[controller-2] [INFO] [1744576498.300433169] [drone_home1.controller]: Bearing: -87.32°
[controller-2] [INFO] [1744576498.302097085] [drone_home1.controller]: Going to [(29.639567, -82.361102)]: 5.44 meters
[controller-2] [INFO] [1744576498.400416153] [drone_home1.controller]: Bearing: -87.32°
[controller-2] [INFO] [1744576498.401981028] [drone_home1.controller]: Going to [(29.639567, -82.361102)]: 5.44 meters
[controller-2] [INFO] [1744576498.499595067] [drone_home1.controller]: Bearing: -87.32°
[controller-2] [INFO] [1744576498.500542562] [drone_home1.controller]: Going to [(29.639567, -82.361102)]: 5.44 meters
[controller-2] [INFO] [1744576498.600245959] [drone_home1.controller]: Bearing: -87.32°
[controller-2] [INFO] [1744576498.601163470] [drone_home1.controller]: Going to [(29.639567, -82.361102)]: 5.44 meters
[controller-2] [INFO] [1744576498.700268495] [drone_home1.controller]: Bearing: -87.32°
[controller-2] [INFO] [1744576498.701964411] [drone_home1.controller]: Going to [(29.639567, -82.361102)]: 5.44 meters
[controller-2] [INFO] [1744576498.800842811] [drone_home1.controller]: Bearing: -87.32°
[controller-2] [INFO] [1744576498.802457798] [drone_home1.controller]: Going to [(29.639567, -82.361102)]: 5.44 meters
[controller-2] [INFO] [1744576498.900158494] [drone_home1.controller]: Bearing: -87.32°
[controller-2] [INFO] [1744576498.901751529] [drone_home1.controller]: Going to [(29.639567, -82.361102)]: 5.44 meters
[controller-2] [INFO] [1744576499.000218726] [drone_home1.controller]: Bearing: -87.21°
[controller-2] [INFO] [1744576499.001814161] [drone_home1.controller]: Going to [(29.639567, -82.361102)]: 5.22 meters
[controller-2] [INFO] [1744576499.100118740] [drone_home1.controller]: Bearing: -87.21°
[controller-2] [INFO] [1744576499.101687583] [drone_home1.controller]: Going to [(29.639567, -82.361102)]: 5.22 meters
[controller-2] [INFO] [1744576499.199396607] [drone_home1.controller]: Bearing: -87.21°
[controller-2] [INFO] [1744576499.200368774] [drone_home1.controller]: Going to [(29.639567, -82.361102)]: 5.22 meters
[controller-2] [INFO] [1744576499.299719728] [drone_home1.controller]: Bearing: -87.21°
[controller-2] [INFO] [1744576499.300707895] [drone_home1.controller]: Going to [(29.639567, -82.361102)]: 5.22 meters
[controller-2] [INFO] [1744576499.399679391] [drone_home1.controller]: Bearing: -87.21°
[controller-2] [INFO] [1744576499.400748583] [drone_home1.controller]: Going to [(29.639567, -82.361102)]: 5.22 meters
[controller-2] [INFO] [1744576499.499551246] [drone_home1.controller]: Bearing: -87.21°
[controller-2] [INFO] [1744576499.500524981] [drone_home1.controller]: Going to [(29.639567, -82.361102)]: 5.22 meters
[controller-2] [INFO] [1744576499.599566877] [drone_home1.controller]: Bearing: -87.21°
[controller-2] [INFO] [1744576499.600556676] [drone_home1.controller]: Going to [(29.639567, -82.361102)]: 5.22 meters
[controller-2] [INFO] [1744576499.699567597] [drone_home1.controller]: Bearing: -87.21°
[controller-2] [INFO] [1744576499.700562260] [drone_home1.controller]: Going to [(29.639567, -82.361102)]: 5.22 meters
[controller-2] [INFO] [1744576499.799896254] [drone_home1.controller]: Bearing: -87.71°
[controller-2] [INFO] [1744576499.800807621] [drone_home1.controller]: Going to [(29.639567, -82.361102)]: 5.19 meters
[controller-2] [INFO] [1744576499.900099855] [drone_home1.controller]: Bearing: -87.21°
[controller-2] [INFO] [1744576499.901756122] [drone_home1.controller]: Going to [(29.639567, -82.361102)]: 5.22 meters
[controller-2] [INFO] [1744576499.999488890] [drone_home1.controller]: Bearing: -87.21°
[controller-2] [INFO] [1744576500.000503713] [drone_home1.controller]: Going to [(29.639567, -82.361102)]: 5.22 meters
[controller-2] [INFO] [1744576500.099403792] [drone_home1.controller]: Bearing: -87.21°
[controller-2] [INFO] [1744576500.100349079] [drone_home1.controller]: Going to [(29.639567, -82.361102)]: 5.22 meters
[controller-2] [INFO] [1744576500.199498600] [drone_home1.controller]: Bearing: -87.21°
[controller-2] [INFO] [1744576500.200522063] [drone_home1.controller]: Going to [(29.639567, -82.361102)]: 5.22 meters
[controller-2] [INFO] [1744576500.299696800] [drone_home1.controller]: Bearing: -87.21°
[controller-2] [INFO] [1744576500.300718087] [drone_home1.controller]: Going to [(29.639567, -82.361102)]: 5.22 meters
[controller-2] [INFO] [1744576500.399901688] [drone_home1.controller]: Bearing: -87.21°
[controller-2] [INFO] [1744576500.400941504] [drone_home1.controller]: Going to [(29.639567, -82.361102)]: 5.22 meters
[controller-2] [INFO] [1744576500.499541549] [drone_home1.controller]: Bearing: -87.21°
[controller-2] [INFO] [1744576500.500486771] [drone_home1.controller]: Going to [(29.639567, -82.361102)]: 5.22 meters
[controller-2] [INFO] [1744576500.599534692] [drone_home1.controller]: Bearing: -87.21°
[controller-2] [INFO] [1744576500.600584331] [drone_home1.controller]: Going to [(29.639567, -82.361102)]: 5.22 meters
[controller-2] [INFO] [1744576500.699521563] [drone_home1.controller]: Bearing: -87.21°
[controller-2] [INFO] [1744576500.700486145] [drone_home1.controller]: Going to [(29.639567, -82.361102)]: 5.22 meters
[controller-2] [INFO] [1744576500.799299184] [drone_home1.controller]: Bearing: -87.21°
[controller-2] [INFO] [1744576500.800220630] [drone_home1.controller]: Going to [(29.639567, -82.361102)]: 5.22 meters
[controller-2] [INFO] [1744576500.900192621] [drone_home1.controller]: Bearing: -87.21°
[controller-2] [INFO] [1744576500.901096211] [drone_home1.controller]: Going to [(29.639567, -82.361102)]: 5.22 meters
[controller-2] [INFO] [1744576500.999393599] [drone_home1.controller]: Bearing: -87.21°
[controller-2] [INFO] [1744576501.000293957] [drone_home1.controller]: Going to [(29.639567, -82.361102)]: 5.22 meters
[controller-2] [INFO] [1744576501.099645566] [drone_home1.controller]: Bearing: -87.21°
[controller-2] [INFO] [1744576501.100844999] [drone_home1.controller]: Going to [(29.639567, -82.361102)]: 5.22 meters
[controller-2] [INFO] [1744576501.199991871] [drone_home1.controller]: Bearing: -87.21°
[controller-2] [INFO] [1744576501.200961062] [drone_home1.controller]: Going to [(29.639567, -82.361102)]: 5.22 meters
[controller-2] [INFO] [1744576501.300107775] [drone_home1.controller]: Bearing: -87.21°
[controller-2] [INFO] [1744576501.301168006] [drone_home1.controller]: Going to [(29.639567, -82.361102)]: 5.22 meters
[controller-2] [INFO] [1744576501.399510969] [drone_home1.controller]: Bearing: -87.21°
[controller-2] [INFO] [1744576501.400521664] [drone_home1.controller]: Going to [(29.639567, -82.361102)]: 5.22 meters
[controller-2] [INFO] [1744576501.500279325] [drone_home1.controller]: Bearing: -87.21°
[controller-2] [INFO] [1744576501.502453548] [drone_home1.controller]: Going to [(29.639567, -82.361102)]: 5.22 meters
[controller-2] [INFO] [1744576501.600353340] [drone_home1.controller]: Bearing: -87.21°
[controller-2] [INFO] [1744576501.602325322] [drone_home1.controller]: Going to [(29.639567, -82.361102)]: 5.22 meters
[controller-2] [INFO] [1744576501.699465460] [drone_home1.controller]: Bearing: -86.70°
[controller-2] [INFO] [1744576501.700387291] [drone_home1.controller]: Going to [(29.639567, -82.361102)]: 5.27 meters
[controller-2] [INFO] [1744576501.800247288] [drone_home1.controller]: Bearing: -86.70°
[controller-2] [INFO] [1744576501.801845923] [drone_home1.controller]: Going to [(29.639567, -82.361102)]: 5.27 meters
[controller-2] [INFO] [1744576501.900358200] [drone_home1.controller]: Bearing: -86.70°
[controller-2] [INFO] [1744576501.902485190] [drone_home1.controller]: Going to [(29.639567, -82.361102)]: 5.27 meters
[controller-2] [INFO] [1744576502.000954010] [drone_home1.controller]: Bearing: -86.55°
[controller-2] [INFO] [1744576502.002748807] [drone_home1.controller]: Going to [(29.639567, -82.361102)]: 5.05 meters
[controller-2] [INFO] [1744576502.100394652] [drone_home1.controller]: Bearing: -86.55°
[controller-2] [INFO] [1744576502.101936359] [drone_home1.controller]: Going to [(29.639567, -82.361102)]: 5.05 meters
[controller-2] [INFO] [1744576502.200430082] [drone_home1.controller]: Bearing: -86.55°
[controller-2] [INFO] [1744576502.202040558] [drone_home1.controller]: Going to [(29.639567, -82.361102)]: 5.05 meters
[controller-2] [INFO] [1744576502.300275879] [drone_home1.controller]: Bearing: -86.55°
[controller-2] [INFO] [1744576502.302653208] [drone_home1.controller]: Going to [(29.639567, -82.361102)]: 5.05 meters
[controller-2] [INFO] [1744576502.400167533] [drone_home1.controller]: Bearing: -86.55°
[controller-2] [INFO] [1744576502.401728376] [drone_home1.controller]: Going to [(29.639567, -82.361102)]: 5.05 meters
[controller-2] [INFO] [1744576502.499549070] [drone_home1.controller]: Bearing: -86.55°
[controller-2] [INFO] [1744576502.500505717] [drone_home1.controller]: Going to [(29.639567, -82.361102)]: 5.05 meters
[controller-2] [INFO] [1744576502.599609749] [drone_home1.controller]: Bearing: -86.55°
[controller-2] [INFO] [1744576502.600646940] [drone_home1.controller]: Going to [(29.639567, -82.361102)]: 5.05 meters
[controller-2] [INFO] [1744576502.700340096] [drone_home1.controller]: Bearing: -86.55°
[controller-2] [INFO] [1744576502.702375631] [drone_home1.controller]: Going to [(29.639567, -82.361102)]: 5.05 meters
[controller-2] [INFO] [1744576502.799608065] [drone_home1.controller]: Bearing: -86.55°
[controller-2] [INFO] [1744576502.800992171] [drone_home1.controller]: Going to [(29.639567, -82.361102)]: 5.05 meters
[controller-2] [INFO] [1744576502.899701992] [drone_home1.controller]: Bearing: -86.55°
[controller-2] [INFO] [1744576502.900748527] [drone_home1.controller]: Going to [(29.639567, -82.361102)]: 5.05 meters
[controller-2] [INFO] [1744576503.000402547] [drone_home1.controller]: Bearing: -86.55°
[controller-2] [INFO] [1744576503.002030750] [drone_home1.controller]: Going to [(29.639567, -82.361102)]: 5.05 meters
[controller-2] [INFO] [1744576503.099739739] [drone_home1.controller]: Bearing: -86.55°
[controller-2] [INFO] [1744576503.100721250] [drone_home1.controller]: Going to [(29.639567, -82.361102)]: 5.05 meters
[controller-2] [INFO] [1744576503.199622472] [drone_home1.controller]: Bearing: -86.55°
[controller-2] [INFO] [1744576503.200581615] [drone_home1.controller]: Going to [(29.639567, -82.361102)]: 5.05 meters
[controller-2] [INFO] [1744576503.299460885] [drone_home1.controller]: Bearing: -86.55°
[controller-2] [INFO] [1744576503.300411515] [drone_home1.controller]: Going to [(29.639567, -82.361102)]: 5.05 meters
[controller-2] [INFO] [1744576503.399624739] [drone_home1.controller]: Bearing: -86.55°
[controller-2] [INFO] [1744576503.400663403] [drone_home1.controller]: Going to [(29.639567, -82.361102)]: 5.05 meters
[controller-2] [INFO] [1744576503.499478960] [drone_home1.controller]: Bearing: -86.55°
[controller-2] [INFO] [1744576503.500407639] [drone_home1.controller]: Going to [(29.639567, -82.361102)]: 5.05 meters
[controller-2] [INFO] [1744576503.599539102] [drone_home1.controller]: Bearing: -86.55°
[controller-2] [INFO] [1744576503.600503141] [drone_home1.controller]: Going to [(29.639567, -82.361102)]: 5.05 meters
[controller-2] [INFO] [1744576503.700077551] [drone_home1.controller]: Bearing: -86.47°
[controller-2] [INFO] [1744576503.702225151] [drone_home1.controller]: Going to [(29.639567, -82.361102)]: 4.94 meters
[controller-2] [INFO] [1744576503.799413688] [drone_home1.controller]: Bearing: -86.47°
[controller-2] [INFO] [1744576503.800529600] [drone_home1.controller]: Going to [(29.639567, -82.361102)]: 4.94 meters
[controller-2] [INFO] [1744576503.900137131] [drone_home1.controller]: Bearing: -86.47°
[controller-2] [INFO] [1744576503.901733047] [drone_home1.controller]: Going to [(29.639567, -82.361102)]: 4.94 meters
[controller-2] [INFO] [1744576504.000200025] [drone_home1.controller]: Bearing: -86.47°
[controller-2] [INFO] [1744576504.002208456] [drone_home1.controller]: Going to [(29.639567, -82.361102)]: 4.94 meters
[controller-2] [INFO] [1744576504.099584394] [drone_home1.controller]: Bearing: -86.47°
[controller-2] [INFO] [1744576504.100583121] [drone_home1.controller]: Going to [(29.639567, -82.361102)]: 4.94 meters
[controller-2] [INFO] [1744576504.200101218] [drone_home1.controller]: Bearing: -86.47°
[controller-2] [INFO] [1744576504.201695022] [drone_home1.controller]: Going to [(29.639567, -82.361102)]: 4.94 meters
[controller-2] [INFO] [1744576504.300142328] [drone_home1.controller]: Bearing: -86.47°
[controller-2] [INFO] [1744576504.301743683] [drone_home1.controller]: Going to [(29.639567, -82.361102)]: 4.94 meters
[controller-2] [INFO] [1744576504.400286990] [drone_home1.controller]: Bearing: -86.20°
[controller-2] [INFO] [1744576504.401867898] [drone_home1.controller]: Going to [(29.639567, -82.361102)]: 4.97 meters
[controller-2] [INFO] [1744576504.500222243] [drone_home1.controller]: Bearing: -86.20°
[controller-2] [INFO] [1744576504.501818606] [drone_home1.controller]: Going to [(29.639567, -82.361102)]: 4.97 meters
[controller-2] [INFO] [1744576504.600276344] [drone_home1.controller]: Bearing: -86.20°
[controller-2] [INFO] [1744576504.601854180] [drone_home1.controller]: Going to [(29.639567, -82.361102)]: 4.97 meters
[controller-2] [INFO] [1744576504.700220781] [drone_home1.controller]: Bearing: -86.20°
[controller-2] [INFO] [1744576504.701800920] [drone_home1.controller]: Going to [(29.639567, -82.361102)]: 4.97 meters
[controller-2] [INFO] [1744576504.800270435] [drone_home1.controller]: Bearing: -86.20°
[controller-2] [INFO] [1744576504.801883086] [drone_home1.controller]: Going to [(29.639567, -82.361102)]: 4.97 meters
[controller-2] [INFO] [1744576504.899655891] [drone_home1.controller]: Bearing: -86.20°
[controller-2] [INFO] [1744576504.900726555] [drone_home1.controller]: Going to [(29.639567, -82.361102)]: 4.97 meters
[controller-2] [INFO] [1744576504.999761225] [drone_home1.controller]: Bearing: -86.20°
[controller-2] [INFO] [1744576505.000784433] [drone_home1.controller]: Going to [(29.639567, -82.361102)]: 4.97 meters
[controller-2] [INFO] [1744576505.100402602] [drone_home1.controller]: Bearing: -86.20°
[controller-2] [INFO] [1744576505.101975062] [drone_home1.controller]: Going to [(29.639567, -82.361102)]: 4.97 meters
[controller-2] [INFO] [1744576505.200334118] [drone_home1.controller]: Bearing: -86.20°
[controller-2] [INFO] [1744576505.201366446] [drone_home1.controller]: Going to [(29.639567, -82.361102)]: 4.97 meters
[controller-2] [INFO] [1744576505.299485469] [drone_home1.controller]: Bearing: -86.20°
[controller-2] [INFO] [1744576505.300565157] [drone_home1.controller]: Going to [(29.639567, -82.361102)]: 4.97 meters
[controller-2] [INFO] [1744576505.400095230] [drone_home1.controller]: Bearing: -86.20°
[controller-2] [INFO] [1744576505.401663657] [drone_home1.controller]: Going to [(29.639567, -82.361102)]: 4.97 meters
[controller-2] [INFO] [1744576505.500129531] [drone_home1.controller]: Bearing: -86.20°
[controller-2] [INFO] [1744576505.501697286] [drone_home1.controller]: Going to [(29.639567, -82.361102)]: 4.97 meters
[controller-2] [INFO] [1744576505.599443186] [drone_home1.controller]: Bearing: -86.20°
[controller-2] [INFO] [1744576505.600357145] [drone_home1.controller]: Going to [(29.639567, -82.361102)]: 4.97 meters
[controller-2] [INFO] [1744576505.700637592] [drone_home1.controller]: Bearing: -85.66°
[controller-2] [INFO] [1744576505.702419781] [drone_home1.controller]: Going to [(29.639567, -82.361102)]: 5.03 meters
[controller-2] [INFO] [1744576505.799708110] [drone_home1.controller]: Bearing: -85.45°
[controller-2] [INFO] [1744576505.800722837] [drone_home1.controller]: Going to [(29.639567, -82.361102)]: 4.81 meters
[controller-2] [INFO] [1744576505.900269358] [drone_home1.controller]: Bearing: -85.45°
[controller-2] [INFO] [1744576505.901958203] [drone_home1.controller]: Going to [(29.639567, -82.361102)]: 4.81 meters
[controller-2] [INFO] [1744576505.999540742] [drone_home1.controller]: Bearing: -85.45°
[controller-2] [INFO] [1744576506.000508877] [drone_home1.controller]: Going to [(29.639567, -82.361102)]: 4.81 meters
[controller-2] [INFO] [1744576506.099409993] [drone_home1.controller]: Bearing: -85.45°
[controller-2] [INFO] [1744576506.101006580] [drone_home1.controller]: Going to [(29.639567, -82.361102)]: 4.81 meters
[controller-2] [INFO] [1744576506.199487565] [drone_home1.controller]: Bearing: -85.45°
[controller-2] [INFO] [1744576506.200408276] [drone_home1.controller]: Going to [(29.639567, -82.361102)]: 4.81 meters
[controller-2] [INFO] [1744576506.299340560] [drone_home1.controller]: Bearing: -86.01°
[controller-2] [INFO] [1744576506.300422328] [drone_home1.controller]: Going to [(29.639567, -82.361102)]: 4.76 meters
[controller-2] [INFO] [1744576506.400165531] [drone_home1.controller]: Bearing: -86.01°
[controller-2] [INFO] [1744576506.401742406] [drone_home1.controller]: Going to [(29.639567, -82.361102)]: 4.76 meters
[controller-2] [INFO] [1744576506.499370297] [drone_home1.controller]: Bearing: -86.01°
[controller-2] [INFO] [1744576506.500264160] [drone_home1.controller]: Going to [(29.639567, -82.361102)]: 4.76 meters
[controller-2] [INFO] [1744576506.599789376] [drone_home1.controller]: Bearing: -86.01°
[controller-2] [INFO] [1744576506.600760999] [drone_home1.controller]: Going to [(29.639567, -82.361102)]: 4.76 meters
[controller-2] [INFO] [1744576506.699773892] [drone_home1.controller]: Bearing: -86.01°
[controller-2] [INFO] [1744576506.700794188] [drone_home1.controller]: Going to [(29.639567, -82.361102)]: 4.76 meters
[controller-2] [INFO] [1744576506.801139762] [drone_home1.controller]: Bearing: -85.81°
[controller-2] [INFO] [1744576506.802132890] [drone_home1.controller]: Going to [(29.639567, -82.361102)]: 4.54 meters
[controller-2] [INFO] [1744576506.899577643] [drone_home1.controller]: Bearing: -85.81°
[controller-2] [INFO] [1744576506.900584595] [drone_home1.controller]: Going to [(29.639567, -82.361102)]: 4.54 meters
[controller-2] [INFO] [1744576506.999542127] [drone_home1.controller]: Bearing: -85.81°
[controller-2] [INFO] [1744576507.000530166] [drone_home1.controller]: Going to [(29.639567, -82.361102)]: 4.54 meters
[controller-2] [INFO] [1744576507.099499674] [drone_home1.controller]: Bearing: -85.81°
[controller-2] [INFO] [1744576507.100527650] [drone_home1.controller]: Going to [(29.639567, -82.361102)]: 4.54 meters
[controller-2] [INFO] [1744576507.200774127] [drone_home1.controller]: Bearing: -85.81°
[controller-2] [INFO] [1744576507.202476828] [drone_home1.controller]: Going to [(29.639567, -82.361102)]: 4.54 meters
[controller-2] [INFO] [1744576507.299865972] [drone_home1.controller]: Bearing: -85.81°
[controller-2] [INFO] [1744576507.300888156] [drone_home1.controller]: Going to [(29.639567, -82.361102)]: 4.54 meters
[controller-2] [INFO] [1744576507.399677566] [drone_home1.controller]: Bearing: -85.81°
[controller-2] [INFO] [1744576507.400586821] [drone_home1.controller]: Going to [(29.639567, -82.361102)]: 4.54 meters
[controller-2] [INFO] [1744576507.500142893] [drone_home1.controller]: Bearing: -85.81°
[controller-2] [INFO] [1744576507.501854202] [drone_home1.controller]: Going to [(29.639567, -82.361102)]: 4.54 meters
[controller-2] [INFO] [1744576507.600482940] [drone_home1.controller]: Bearing: -85.81°
[controller-2] [INFO] [1744576507.602000775] [drone_home1.controller]: Going to [(29.639567, -82.361102)]: 4.54 meters
[controller-2] [INFO] [1744576507.699629313] [drone_home1.controller]: Bearing: -85.81°
[controller-2] [INFO] [1744576507.700615848] [drone_home1.controller]: Going to [(29.639567, -82.361102)]: 4.54 meters
[controller-2] [INFO] [1744576507.799530636] [drone_home1.controller]: Bearing: -85.81°
[controller-2] [INFO] [1744576507.800507635] [drone_home1.controller]: Going to [(29.639567, -82.361102)]: 4.54 meters
[controller-2] [INFO] [1744576507.900327037] [drone_home1.controller]: Bearing: -85.81°
[controller-2] [INFO] [1744576507.902400173] [drone_home1.controller]: Going to [(29.639567, -82.361102)]: 4.54 meters
[controller-2] [INFO] [1744576508.000873677] [drone_home1.controller]: Bearing: -85.81°
[controller-2] [INFO] [1744576508.002505593] [drone_home1.controller]: Going to [(29.639567, -82.361102)]: 4.54 meters
[controller-2] [INFO] [1744576508.100483645] [drone_home1.controller]: Bearing: -85.81°
[controller-2] [INFO] [1744576508.102854895] [drone_home1.controller]: Going to [(29.639567, -82.361102)]: 4.54 meters
[controller-2] [INFO] [1744576508.199524553] [drone_home1.controller]: Bearing: -85.81°
[controller-2] [INFO] [1744576508.200543729] [drone_home1.controller]: Going to [(29.639567, -82.361102)]: 4.54 meters
[controller-2] [INFO] [1744576508.300363234] [drone_home1.controller]: Bearing: -86.01°
[controller-2] [INFO] [1744576508.301939918] [drone_home1.controller]: Going to [(29.639567, -82.361102)]: 4.76 meters
[controller-2] [INFO] [1744576508.400442166] [drone_home1.controller]: Bearing: -86.01°
[controller-2] [INFO] [1744576508.402987977] [drone_home1.controller]: Going to [(29.639567, -82.361102)]: 4.76 meters
[controller-2] [INFO] [1744576508.499890597] [drone_home1.controller]: Bearing: -86.01°
[controller-2] [INFO] [1744576508.500911597] [drone_home1.controller]: Going to [(29.639567, -82.361102)]: 4.76 meters
[controller-2] [INFO] [1744576508.599752215] [drone_home1.controller]: Bearing: -86.01°
[controller-2] [INFO] [1744576508.601105889] [drone_home1.controller]: Going to [(29.639567, -82.361102)]: 4.76 meters
[controller-2] [INFO] [1744576508.699580233] [drone_home1.controller]: Bearing: -86.01°
[controller-2] [INFO] [1744576508.700544976] [drone_home1.controller]: Going to [(29.639567, -82.361102)]: 4.76 meters
[controller-2] [INFO] [1744576508.800457251] [drone_home1.controller]: Bearing: -86.01°
[controller-2] [INFO] [1744576508.803122807] [drone_home1.controller]: Going to [(29.639567, -82.361102)]: 4.76 meters
[controller-2] [INFO] [1744576508.900399221] [drone_home1.controller]: Bearing: -86.01°
[controller-2] [INFO] [1744576508.902022498] [drone_home1.controller]: Going to [(29.639567, -82.361102)]: 4.76 meters
[controller-2] [INFO] [1744576509.000353256] [drone_home1.controller]: Bearing: -86.01°
[controller-2] [INFO] [1744576509.001919028] [drone_home1.controller]: Going to [(29.639567, -82.361102)]: 4.76 meters
[controller-2] [INFO] [1744576509.100903783] [drone_home1.controller]: Bearing: -85.81°
[controller-2] [INFO] [1744576509.102997655] [drone_home1.controller]: Going to [(29.639567, -82.361102)]: 4.54 meters
[controller-2] [INFO] [1744576509.200494590] [drone_home1.controller]: Bearing: -85.81°
[controller-2] [INFO] [1744576509.202839696] [drone_home1.controller]: Going to [(29.639567, -82.361102)]: 4.54 meters
[controller-2] [INFO] [1744576509.299399024] [drone_home1.controller]: Bearing: -85.81°
[controller-2] [INFO] [1744576509.300302551] [drone_home1.controller]: Going to [(29.639567, -82.361102)]: 4.54 meters
[controller-2] [INFO] [1744576509.399601740] [drone_home1.controller]: Bearing: -85.21°
[controller-2] [INFO] [1744576509.400598676] [drone_home1.controller]: Going to [(29.639567, -82.361102)]: 4.60 meters
[controller-2] [INFO] [1744576509.500558606] [drone_home1.controller]: Bearing: -85.21°
[controller-2] [INFO] [1744576509.502169754] [drone_home1.controller]: Going to [(29.639567, -82.361102)]: 4.60 meters
[controller-2] [INFO] [1744576509.599521345] [drone_home1.controller]: Bearing: -85.45°
[controller-2] [INFO] [1744576509.600532073] [drone_home1.controller]: Going to [(29.639567, -82.361102)]: 4.81 meters
[controller-2] [INFO] [1744576509.700215329] [drone_home1.controller]: Bearing: -85.45°
[controller-2] [INFO] [1744576509.701779085] [drone_home1.controller]: Going to [(29.639567, -82.361102)]: 4.81 meters
[controller-2] [INFO] [1744576509.800221563] [drone_home1.controller]: Bearing: -85.45°
[controller-2] [INFO] [1744576509.802030793] [drone_home1.controller]: Going to [(29.639567, -82.361102)]: 4.81 meters
[controller-2] [INFO] [1744576509.900362935] [drone_home1.controller]: Bearing: -85.45°
[controller-2] [INFO] [1744576509.902391334] [drone_home1.controller]: Going to [(29.639567, -82.361102)]: 4.81 meters
[controller-2] [INFO] [1744576510.000127056] [drone_home1.controller]: Bearing: -85.45°
[controller-2] [INFO] [1744576510.002107839] [drone_home1.controller]: Going to [(29.639567, -82.361102)]: 4.81 meters
[controller-2] [INFO] [1744576510.099595501] [drone_home1.controller]: Bearing: -85.45°
[controller-2] [INFO] [1744576510.100632277] [drone_home1.controller]: Going to [(29.639567, -82.361102)]: 4.81 meters
[controller-2] [INFO] [1744576510.199413358] [drone_home1.controller]: Bearing: -85.45°
[controller-2] [INFO] [1744576510.200341781] [drone_home1.controller]: Going to [(29.639567, -82.361102)]: 4.81 meters
[controller-2] [INFO] [1744576510.299787603] [drone_home1.controller]: Bearing: -85.45°
[controller-2] [INFO] [1744576510.300789851] [drone_home1.controller]: Going to [(29.639567, -82.361102)]: 4.81 meters
[controller-2] [INFO] [1744576510.399642228] [drone_home1.controller]: Bearing: -85.45°
[controller-2] [INFO] [1744576510.400638363] [drone_home1.controller]: Going to [(29.639567, -82.361102)]: 4.81 meters
[controller-2] [INFO] [1744576510.500363259] [drone_home1.controller]: Bearing: -85.45°
[controller-2] [INFO] [1744576510.501938439] [drone_home1.controller]: Going to [(29.639567, -82.361102)]: 4.81 meters
[controller-2] [INFO] [1744576510.600471934] [drone_home1.controller]: Bearing: -85.45°
[controller-2] [INFO] [1744576510.602061194] [drone_home1.controller]: Going to [(29.639567, -82.361102)]: 4.81 meters
[controller-2] [INFO] [1744576510.699653850] [drone_home1.controller]: Bearing: -85.45°
[controller-2] [INFO] [1744576510.700774659] [drone_home1.controller]: Going to [(29.639567, -82.361102)]: 4.81 meters
[controller-2] [INFO] [1744576510.799817597] [drone_home1.controller]: Bearing: -85.45°
[controller-2] [INFO] [1744576510.800810565] [drone_home1.controller]: Going to [(29.639567, -82.361102)]: 4.81 meters
[controller-2] [INFO] [1744576510.900166818] [drone_home1.controller]: Bearing: -85.66°
[controller-2] [INFO] [1744576510.901749518] [drone_home1.controller]: Going to [(29.639567, -82.361102)]: 5.03 meters
[controller-2] [INFO] [1744576511.000181572] [drone_home1.controller]: Bearing: -85.12°
[controller-2] [INFO] [1744576511.001765520] [drone_home1.controller]: Going to [(29.639567, -82.361102)]: 5.09 meters
[controller-2] [INFO] [1744576511.100278510] [drone_home1.controller]: Bearing: -85.12°
[controller-2] [INFO] [1744576511.101849146] [drone_home1.controller]: Going to [(29.639567, -82.361102)]: 5.09 meters
[controller-2] [INFO] [1744576511.199412369] [drone_home1.controller]: Bearing: -85.12°
[controller-2] [INFO] [1744576511.200381048] [drone_home1.controller]: Going to [(29.639567, -82.361102)]: 5.09 meters
[controller-2] [INFO] [1744576511.300359297] [drone_home1.controller]: Bearing: -85.12°
[controller-2] [INFO] [1744576511.302238160] [drone_home1.controller]: Going to [(29.639567, -82.361102)]: 5.09 meters
[controller-2] [INFO] [1744576511.399587845] [drone_home1.controller]: Bearing: -85.12°
[controller-2] [INFO] [1744576511.400579565] [drone_home1.controller]: Going to [(29.639567, -82.361102)]: 5.09 meters
[controller-2] [INFO] [1744576511.500507829] [drone_home1.controller]: Bearing: -85.12°
[controller-2] [INFO] [1744576511.502085026] [drone_home1.controller]: Going to [(29.639567, -82.361102)]: 5.09 meters
[controller-2] [INFO] [1744576511.600381374] [drone_home1.controller]: Bearing: -85.12°
[controller-2] [INFO] [1744576511.602932562] [drone_home1.controller]: Going to [(29.639567, -82.361102)]: 5.09 meters
[controller-2] [INFO] [1744576511.700284711] [drone_home1.controller]: Bearing: -85.12°
[controller-2] [INFO] [1744576511.702152789] [drone_home1.controller]: Going to [(29.639567, -82.361102)]: 5.09 meters
[controller-2] [INFO] [1744576511.800407633] [drone_home1.controller]: Bearing: -85.12°
[controller-2] [INFO] [1744576511.802500993] [drone_home1.controller]: Going to [(29.639567, -82.361102)]: 5.09 meters
[controller-2] [INFO] [1744576511.899587604] [drone_home1.controller]: Bearing: -85.12°
[controller-2] [INFO] [1744576511.900527227] [drone_home1.controller]: Going to [(29.639567, -82.361102)]: 5.09 meters
[controller-2] [INFO] [1744576511.999480637] [drone_home1.controller]: Bearing: -85.12°
[controller-2] [INFO] [1744576512.000861511] [drone_home1.controller]: Going to [(29.639567, -82.361102)]: 5.09 meters
[controller-2] [INFO] [1744576512.099749487] [drone_home1.controller]: Bearing: -85.12°
[controller-2] [INFO] [1744576512.101001657] [drone_home1.controller]: Going to [(29.639567, -82.361102)]: 5.09 meters
[controller-2] [INFO] [1744576512.200314917] [drone_home1.controller]: Bearing: -85.12°
[controller-2] [INFO] [1744576512.201882033] [drone_home1.controller]: Going to [(29.639567, -82.361102)]: 5.09 meters
[controller-2] [INFO] [1744576512.299898290] [drone_home1.controller]: Bearing: -85.12°
[controller-2] [INFO] [1744576512.301119676] [drone_home1.controller]: Going to [(29.639567, -82.361102)]: 5.09 meters
[controller-2] [INFO] [1744576512.400488104] [drone_home1.controller]: Bearing: -85.12°
[controller-2] [INFO] [1744576512.402087764] [drone_home1.controller]: Going to [(29.639567, -82.361102)]: 5.09 meters
[controller-2] [INFO] [1744576512.499762131] [drone_home1.controller]: Bearing: -84.85°
[controller-2] [INFO] [1744576512.501366591] [drone_home1.controller]: Going to [(29.639567, -82.361102)]: 5.12 meters
[controller-2] [INFO] [1744576512.599758244] [drone_home1.controller]: Bearing: -84.85°
[controller-2] [INFO] [1744576512.600757836] [drone_home1.controller]: Going to [(29.639567, -82.361102)]: 5.12 meters
[controller-2] [INFO] [1744576512.700566235] [drone_home1.controller]: Bearing: -85.23°
[controller-2] [INFO] [1744576512.702628971] [drone_home1.controller]: Going to [(29.639567, -82.361102)]: 5.19 meters
[controller-2] [INFO] [1744576512.800296746] [drone_home1.controller]: Bearing: -85.23°
[controller-2] [INFO] [1744576512.802770813] [drone_home1.controller]: Going to [(29.639567, -82.361102)]: 5.19 meters
[controller-2] [INFO] [1744576512.900239770] [drone_home1.controller]: Bearing: -85.23°
[controller-2] [INFO] [1744576512.902331722] [drone_home1.controller]: Going to [(29.639567, -82.361102)]: 5.19 meters
[controller-2] [INFO] [1744576513.000514637] [drone_home1.controller]: Bearing: -85.23°
[controller-2] [INFO] [1744576513.002420476] [drone_home1.controller]: Going to [(29.639567, -82.361102)]: 5.19 meters
[controller-2] [INFO] [1744576513.100418756] [drone_home1.controller]: Bearing: -85.23°
[controller-2] [INFO] [1744576513.102030321] [drone_home1.controller]: Going to [(29.639567, -82.361102)]: 5.19 meters
[controller-2] [INFO] [1744576513.200275099] [drone_home1.controller]: Bearing: -85.23°
[controller-2] [INFO] [1744576513.202523853] [drone_home1.controller]: Going to [(29.639567, -82.361102)]: 5.19 meters
[controller-2] [INFO] [1744576513.300524310] [drone_home1.controller]: Bearing: -85.43°
[controller-2] [INFO] [1744576513.302137058] [drone_home1.controller]: Going to [(29.639567, -82.361102)]: 5.40 meters
[controller-2] [INFO] [1744576513.399576454] [drone_home1.controller]: Bearing: -85.43°
[controller-2] [INFO] [1744576513.400638671] [drone_home1.controller]: Going to [(29.639567, -82.361102)]: 5.40 meters
[controller-2] [INFO] [1744576513.499907041] [drone_home1.controller]: Bearing: -85.43°
[controller-2] [INFO] [1744576513.500974282] [drone_home1.controller]: Going to [(29.639567, -82.361102)]: 5.40 meters
[controller-2] [INFO] [1744576513.600415197] [drone_home1.controller]: Bearing: -85.43°
[controller-2] [INFO] [1744576513.602024522] [drone_home1.controller]: Going to [(29.639567, -82.361102)]: 5.40 meters
[controller-2] [INFO] [1744576513.699523951] [drone_home1.controller]: Bearing: -85.43°
[controller-2] [INFO] [1744576513.700881529] [drone_home1.controller]: Going to [(29.639567, -82.361102)]: 5.40 meters
[controller-2] [INFO] [1744576513.799531367] [drone_home1.controller]: Bearing: -85.43°
[controller-2] [INFO] [1744576513.800847057] [drone_home1.controller]: Going to [(29.639567, -82.361102)]: 5.40 meters
[controller-2] [INFO] [1744576513.900363430] [drone_home1.controller]: Bearing: -85.43°
[controller-2] [INFO] [1744576513.901959730] [drone_home1.controller]: Going to [(29.639567, -82.361102)]: 5.40 meters
[controller-2] [INFO] [1744576514.000271709] [drone_home1.controller]: Bearing: -85.43°
[controller-2] [INFO] [1744576514.001847978] [drone_home1.controller]: Going to [(29.639567, -82.361102)]: 5.40 meters
[controller-2] [INFO] [1744576514.100437694] [drone_home1.controller]: Bearing: -85.43°
[controller-2] [INFO] [1744576514.102060971] [drone_home1.controller]: Going to [(29.639567, -82.361102)]: 5.40 meters
[controller-2] [INFO] [1744576514.200333053] [drone_home1.controller]: Bearing: -85.43°
[controller-2] [INFO] [1744576514.201926666] [drone_home1.controller]: Going to [(29.639567, -82.361102)]: 5.40 meters
[controller-2] [INFO] [1744576514.299739256] [drone_home1.controller]: Bearing: -85.43°
[controller-2] [INFO] [1744576514.301439301] [drone_home1.controller]: Going to [(29.639567, -82.361102)]: 5.40 meters
[controller-2] [INFO] [1744576514.399956281] [drone_home1.controller]: Bearing: -85.43°
[controller-2] [INFO] [1744576514.400869344] [drone_home1.controller]: Going to [(29.639567, -82.361102)]: 5.40 meters
[controller-2] [INFO] [1744576514.500340860] [drone_home1.controller]: Bearing: -85.62°
[controller-2] [INFO] [1744576514.501654022] [drone_home1.controller]: Going to [(29.639567, -82.361102)]: 5.61 meters
[controller-2] [INFO] [1744576514.599509013] [drone_home1.controller]: Bearing: -85.62°
[controller-2] [INFO] [1744576514.600514877] [drone_home1.controller]: Going to [(29.639567, -82.361102)]: 5.61 meters
[controller-2] [INFO] [1744576514.699554101] [drone_home1.controller]: Bearing: -85.62°
[controller-2] [INFO] [1744576514.700696734] [drone_home1.controller]: Going to [(29.639567, -82.361102)]: 5.61 meters
[controller-2] [INFO] [1744576514.799541876] [drone_home1.controller]: Bearing: -85.62°
[controller-2] [INFO] [1744576514.800606269] [drone_home1.controller]: Going to [(29.639567, -82.361102)]: 5.61 meters
[controller-2] [INFO] [1744576514.899386739] [drone_home1.controller]: Bearing: -85.62°
[controller-2] [INFO] [1744576514.900310554] [drone_home1.controller]: Going to [(29.639567, -82.361102)]: 5.61 meters
[controller-2] [INFO] [1744576515.000794174] [drone_home1.controller]: Bearing: -85.62°
[controller-2] [INFO] [1744576515.002489259] [drone_home1.controller]: Going to [(29.639567, -82.361102)]: 5.61 meters
[controller-2] [INFO] [1744576515.100542466] [drone_home1.controller]: Bearing: -85.62°
[controller-2] [INFO] [1744576515.102267792] [drone_home1.controller]: Going to [(29.639567, -82.361102)]: 5.61 meters
[controller-2] [INFO] [1744576515.200295719] [drone_home1.controller]: Bearing: -85.38°
[controller-2] [INFO] [1744576515.201904532] [drone_home1.controller]: Going to [(29.639567, -82.361102)]: 5.64 meters
[controller-2] [INFO] [1744576515.299997388] [drone_home1.controller]: Bearing: -85.38°
[controller-2] [INFO] [1744576515.301077525] [drone_home1.controller]: Going to [(29.639567, -82.361102)]: 5.64 meters
[controller-2] [INFO] [1744576515.399685968] [drone_home1.controller]: Bearing: -85.47°
[controller-2] [INFO] [1744576515.401243517] [drone_home1.controller]: Going to [(29.639567, -82.361102)]: 5.75 meters
[controller-2] [INFO] [1744576515.500278556] [drone_home1.controller]: Bearing: -85.47°
[controller-2] [INFO] [1744576515.501331845] [drone_home1.controller]: Going to [(29.639567, -82.361102)]: 5.75 meters
[controller-2] [INFO] [1744576515.599724959] [drone_home1.controller]: Bearing: -85.47°
[controller-2] [INFO] [1744576515.600748487] [drone_home1.controller]: Going to [(29.639567, -82.361102)]: 5.75 meters
[controller-2] [INFO] [1744576515.699438500] [drone_home1.controller]: Bearing: -85.47°
[controller-2] [INFO] [1744576515.700417355] [drone_home1.controller]: Going to [(29.639567, -82.361102)]: 5.75 meters
[controller-2] [INFO] [1744576515.799487563] [drone_home1.controller]: Bearing: -85.47°
[controller-2] [INFO] [1744576515.800500275] [drone_home1.controller]: Going to [(29.639567, -82.361102)]: 5.75 meters
[controller-2] [INFO] [1744576515.899779476] [drone_home1.controller]: Bearing: -85.47°
[controller-2] [INFO] [1744576515.901068287] [drone_home1.controller]: Going to [(29.639567, -82.361102)]: 5.75 meters
[controller-2] [INFO] [1744576516.000353312] [drone_home1.controller]: Bearing: -85.47°
[controller-2] [INFO] [1744576516.001989613] [drone_home1.controller]: Going to [(29.639567, -82.361102)]: 5.75 meters
[controller-2] [INFO] [1744576516.100272365] [drone_home1.controller]: Bearing: -85.47°
[controller-2] [INFO] [1744576516.101872890] [drone_home1.controller]: Going to [(29.639567, -82.361102)]: 5.75 meters
[controller-2] [INFO] [1744576516.199403861] [drone_home1.controller]: Bearing: -85.47°
[controller-2] [INFO] [1744576516.200354172] [drone_home1.controller]: Going to [(29.639567, -82.361102)]: 5.75 meters
[controller-2] [INFO] [1744576516.299585092] [drone_home1.controller]: Bearing: -85.47°
[controller-2] [INFO] [1744576516.300547596] [drone_home1.controller]: Going to [(29.639567, -82.361102)]: 5.75 meters
[controller-2] [INFO] [1744576516.399608051] [drone_home1.controller]: Bearing: -85.47°
[controller-2] [INFO] [1744576516.400607003] [drone_home1.controller]: Going to [(29.639567, -82.361102)]: 5.75 meters
[controller-2] [INFO] [1744576516.500120582] [drone_home1.controller]: Bearing: -85.65°
[controller-2] [INFO] [1744576516.501707730] [drone_home1.controller]: Going to [(29.639567, -82.361102)]: 5.96 meters
[controller-2] [INFO] [1744576516.600272149] [drone_home1.controller]: Bearing: -85.20°
[controller-2] [INFO] [1744576516.602287142] [drone_home1.controller]: Going to [(29.639567, -82.361102)]: 6.02 meters
[controller-2] [INFO] [1744576516.699405148] [drone_home1.controller]: Bearing: -85.00°
[controller-2] [INFO] [1744576516.700348708] [drone_home1.controller]: Going to [(29.639567, -82.361102)]: 5.81 meters
[controller-2] [INFO] [1744576516.800324466] [drone_home1.controller]: Bearing: -85.00°
[controller-2] [INFO] [1744576516.802063360] [drone_home1.controller]: Going to [(29.639567, -82.361102)]: 5.81 meters
[controller-2] [INFO] [1744576516.900325601] [drone_home1.controller]: Bearing: -85.00°
[controller-2] [INFO] [1744576516.902408114] [drone_home1.controller]: Going to [(29.639567, -82.361102)]: 5.81 meters
[controller-2] [INFO] [1744576517.000073677] [drone_home1.controller]: Bearing: -85.00°
[controller-2] [INFO] [1744576517.002166270] [drone_home1.controller]: Going to [(29.639567, -82.361102)]: 5.81 meters
[controller-2] [INFO] [1744576517.100488358] [drone_home1.controller]: Bearing: -84.90°
[controller-2] [INFO] [1744576517.102082195] [drone_home1.controller]: Going to [(29.639567, -82.361102)]: 5.71 meters
[controller-2] [INFO] [1744576517.200126745] [drone_home1.controller]: Bearing: -84.90°
[controller-2] [INFO] [1744576517.201939207] [drone_home1.controller]: Going to [(29.639567, -82.361102)]: 5.71 meters
[controller-2] [INFO] [1744576517.299688843] [drone_home1.controller]: Bearing: -84.90°
[controller-2] [INFO] [1744576517.300729747] [drone_home1.controller]: Going to [(29.639567, -82.361102)]: 5.71 meters
[controller-2] [INFO] [1744576517.399975139] [drone_home1.controller]: Bearing: -84.90°
[controller-2] [INFO] [1744576517.400920138] [drone_home1.controller]: Going to [(29.639567, -82.361102)]: 5.71 meters
[controller-2] [INFO] [1744576517.500489469] [drone_home1.controller]: Bearing: -84.90°
[controller-2] [INFO] [1744576517.502088042] [drone_home1.controller]: Going to [(29.639567, -82.361102)]: 5.71 meters
[controller-2] [INFO] [1744576517.600507442] [drone_home1.controller]: Bearing: -84.90°
[controller-2] [INFO] [1744576517.602097280] [drone_home1.controller]: Going to [(29.639567, -82.361102)]: 5.71 meters
[controller-2] [INFO] [1744576517.699513952] [drone_home1.controller]: Bearing: -84.90°
[controller-2] [INFO] [1744576517.700491560] [drone_home1.controller]: Going to [(29.639567, -82.361102)]: 5.71 meters
[controller-2] [INFO] [1744576517.799513206] [drone_home1.controller]: Bearing: -84.53°
[controller-2] [INFO] [1744576517.800551806] [drone_home1.controller]: Going to [(29.639567, -82.361102)]: 5.88 meters
[controller-2] [INFO] [1744576517.899499371] [drone_home1.controller]: Bearing: -84.53°
[controller-2] [INFO] [1744576517.900882391] [drone_home1.controller]: Going to [(29.639567, -82.361102)]: 5.88 meters
[controller-2] [INFO] [1744576518.001002477] [drone_home1.controller]: Bearing: -84.53°
[controller-2] [INFO] [1744576518.002677723] [drone_home1.controller]: Going to [(29.639567, -82.361102)]: 5.88 meters
[controller-2] [INFO] [1744576518.100673287] [drone_home1.controller]: Bearing: -84.53°
[controller-2] [INFO] [1744576518.101555631] [drone_home1.controller]: Going to [(29.639567, -82.361102)]: 5.88 meters
[controller-2] [INFO] [1744576518.200253473] [drone_home1.controller]: Bearing: -84.53°
[controller-2] [INFO] [1744576518.201795374] [drone_home1.controller]: Going to [(29.639567, -82.361102)]: 5.88 meters
[controller-2] [INFO] [1744576518.299564472] [drone_home1.controller]: Bearing: -84.53°
[controller-2] [INFO] [1744576518.300516096] [drone_home1.controller]: Going to [(29.639567, -82.361102)]: 5.88 meters
[controller-2] [INFO] [1744576518.399661494] [drone_home1.controller]: Bearing: -84.53°
[controller-2] [INFO] [1744576518.400888576] [drone_home1.controller]: Going to [(29.639567, -82.361102)]: 5.88 meters
[controller-2] [INFO] [1744576518.499628275] [drone_home1.controller]: Bearing: -84.74°
[controller-2] [INFO] [1744576518.500675164] [drone_home1.controller]: Going to [(29.639567, -82.361102)]: 6.09 meters
[controller-2] [INFO] [1744576518.599523631] [drone_home1.controller]: Bearing: -84.74°
[controller-2] [INFO] [1744576518.600518647] [drone_home1.controller]: Going to [(29.639567, -82.361102)]: 6.09 meters
[controller-2] [INFO] [1744576518.700172721] [drone_home1.controller]: Bearing: -84.74°
[controller-2] [INFO] [1744576518.701397052] [drone_home1.controller]: Going to [(29.639567, -82.361102)]: 6.09 meters
[controller-2] [INFO] [1744576518.799682602] [drone_home1.controller]: Bearing: -84.74°
[controller-2] [INFO] [1744576518.800921973] [drone_home1.controller]: Going to [(29.639567, -82.361102)]: 6.09 meters
[controller-2] [INFO] [1744576518.899522758] [drone_home1.controller]: Bearing: -85.20°
[controller-2] [INFO] [1744576518.900536591] [drone_home1.controller]: Going to [(29.639567, -82.361102)]: 6.02 meters
[controller-2] [INFO] [1744576518.999713445] [drone_home1.controller]: Bearing: -85.20°
[controller-2] [INFO] [1744576519.000744557] [drone_home1.controller]: Going to [(29.639567, -82.361102)]: 6.02 meters
[controller-2] [INFO] [1744576519.099741641] [drone_home1.controller]: Bearing: -85.20°
[controller-2] [INFO] [1744576519.100727249] [drone_home1.controller]: Going to [(29.639567, -82.361102)]: 6.02 meters
[controller-2] [INFO] [1744576519.200247282] [drone_home1.controller]: Bearing: -85.20°
[controller-2] [INFO] [1744576519.201858815] [drone_home1.controller]: Going to [(29.639567, -82.361102)]: 6.02 meters
[controller-2] [INFO] [1744576519.300051284] [drone_home1.controller]: Bearing: -85.20°
[controller-2] [INFO] [1744576519.301217470] [drone_home1.controller]: Going to [(29.639567, -82.361102)]: 6.02 meters
[controller-2] [INFO] [1744576519.400388731] [drone_home1.controller]: Bearing: -85.20°
[controller-2] [INFO] [1744576519.401980297] [drone_home1.controller]: Going to [(29.639567, -82.361102)]: 6.02 meters
[controller-2] [INFO] [1744576519.500572865] [drone_home1.controller]: Bearing: -85.20°
[controller-2] [INFO] [1744576519.502404913] [drone_home1.controller]: Going to [(29.639567, -82.361102)]: 6.02 meters
[controller-2] [INFO] [1744576519.600508773] [drone_home1.controller]: Bearing: -85.20°
[controller-2] [INFO] [1744576519.602117587] [drone_home1.controller]: Going to [(29.639567, -82.361102)]: 6.02 meters
[controller-2] [INFO] [1744576519.700472713] [drone_home1.controller]: Bearing: -85.20°
[controller-2] [INFO] [1744576519.702065686] [drone_home1.controller]: Going to [(29.639567, -82.361102)]: 6.02 meters
[controller-2] [INFO] [1744576519.800387341] [drone_home1.controller]: Bearing: -85.65°
[controller-2] [INFO] [1744576519.801976762] [drone_home1.controller]: Going to [(29.639567, -82.361102)]: 5.96 meters
[controller-2] [INFO] [1744576519.900459858] [drone_home1.controller]: Bearing: -85.65°
[controller-2] [INFO] [1744576519.902025247] [drone_home1.controller]: Going to [(29.639567, -82.361102)]: 5.96 meters
[controller-2] [INFO] [1744576520.000490326] [drone_home1.controller]: Bearing: -85.81°
[controller-2] [INFO] [1744576520.002096068] [drone_home1.controller]: Going to [(29.639567, -82.361102)]: 6.17 meters
[controller-2] [INFO] [1744576520.100417441] [drone_home1.controller]: Bearing: -85.81°
[controller-2] [INFO] [1744576520.102001646] [drone_home1.controller]: Going to [(29.639567, -82.361102)]: 6.17 meters
[controller-2] [INFO] [1744576520.200400141] [drone_home1.controller]: Bearing: -85.81°
[controller-2] [INFO] [1744576520.202094043] [drone_home1.controller]: Going to [(29.639567, -82.361102)]: 6.17 meters
[controller-2] [INFO] [1744576520.300483161] [drone_home1.controller]: Bearing: -85.81°
[controller-2] [INFO] [1744576520.302066950] [drone_home1.controller]: Going to [(29.639567, -82.361102)]: 6.17 meters
[controller-2] [INFO] [1744576520.400878920] [drone_home1.controller]: Bearing: -85.81°
[controller-2] [INFO] [1744576520.402502198] [drone_home1.controller]: Going to [(29.639567, -82.361102)]: 6.17 meters
[controller-2] [INFO] [1744576520.500327887] [drone_home1.controller]: Bearing: -85.81°
[controller-2] [INFO] [1744576520.501918940] [drone_home1.controller]: Going to [(29.639567, -82.361102)]: 6.17 meters
[controller-2] [INFO] [1744576520.600550300] [drone_home1.controller]: Bearing: -85.81°
[controller-2] [INFO] [1744576520.602198634] [drone_home1.controller]: Going to [(29.639567, -82.361102)]: 6.17 meters
[controller-2] [INFO] [1744576520.699624928] [drone_home1.controller]: Bearing: -85.81°
[controller-2] [INFO] [1744576520.700577032] [drone_home1.controller]: Going to [(29.639567, -82.361102)]: 6.17 meters
[controller-2] [INFO] [1744576520.800696949] [drone_home1.controller]: Bearing: -85.81°
[controller-2] [INFO] [1744576520.802710246] [drone_home1.controller]: Going to [(29.639567, -82.361102)]: 6.17 meters
[controller-2] [INFO] [1744576520.899409078] [drone_home1.controller]: Bearing: -85.81°
[controller-2] [INFO] [1744576520.900354686] [drone_home1.controller]: Going to [(29.639567, -82.361102)]: 6.17 meters
[controller-2] [INFO] [1744576520.999589699] [drone_home1.controller]: Bearing: -85.81°
[controller-2] [INFO] [1744576521.000531307] [drone_home1.controller]: Going to [(29.639567, -82.361102)]: 6.17 meters
[controller-2] [INFO] [1744576521.099454100] [drone_home1.controller]: Bearing: -85.81°
[controller-2] [INFO] [1744576521.100440029] [drone_home1.controller]: Going to [(29.639567, -82.361102)]: 6.17 meters
[controller-2] [INFO] [1744576521.200706930] [drone_home1.controller]: Bearing: -85.89°
[controller-2] [INFO] [1744576521.202362112] [drone_home1.controller]: Going to [(29.639567, -82.361102)]: 6.28 meters
[controller-2] [INFO] [1744576521.300203425] [drone_home1.controller]: Bearing: -85.89°
[controller-2] [INFO] [1744576521.302425299] [drone_home1.controller]: Going to [(29.639567, -82.361102)]: 6.28 meters
[controller-2] [INFO] [1744576521.400153459] [drone_home1.controller]: Bearing: -85.89°
[controller-2] [INFO] [1744576521.401857346] [drone_home1.controller]: Going to [(29.639567, -82.361102)]: 6.28 meters
[controller-2] [INFO] [1744576521.500191654] [drone_home1.controller]: Bearing: -85.89°
[controller-2] [INFO] [1744576521.501915189] [drone_home1.controller]: Going to [(29.639567, -82.361102)]: 6.28 meters
[controller-2] [INFO] [1744576521.599741173] [drone_home1.controller]: Bearing: -85.89°
[controller-2] [INFO] [1744576521.600707614] [drone_home1.controller]: Going to [(29.639567, -82.361102)]: 6.28 meters
[controller-2] [INFO] [1744576521.699609767] [drone_home1.controller]: Bearing: -85.89°
[controller-2] [INFO] [1744576521.700613136] [drone_home1.controller]: Going to [(29.639567, -82.361102)]: 6.28 meters
[controller-2] [INFO] [1744576521.800018270] [drone_home1.controller]: Bearing: -85.89°
[controller-2] [INFO] [1744576521.801600523] [drone_home1.controller]: Going to [(29.639567, -82.361102)]: 6.28 meters
[controller-2] [INFO] [1744576521.900146258] [drone_home1.controller]: Bearing: -86.04°
[controller-2] [INFO] [1744576521.902550374] [drone_home1.controller]: Going to [(29.639567, -82.361102)]: 6.49 meters
[controller-2] [INFO] [1744576522.000163653] [drone_home1.controller]: Bearing: -86.04°
[controller-2] [INFO] [1744576522.001747026] [drone_home1.controller]: Going to [(29.639567, -82.361102)]: 6.49 meters
[controller-2] [INFO] [1744576522.100289408] [drone_home1.controller]: Bearing: -86.04°
[controller-2] [INFO] [1744576522.102885302] [drone_home1.controller]: Going to [(29.639567, -82.361102)]: 6.49 meters
[controller-2] [INFO] [1744576522.199381522] [drone_home1.controller]: Bearing: -86.04°
[controller-2] [INFO] [1744576522.200306938] [drone_home1.controller]: Going to [(29.639567, -82.361102)]: 6.49 meters
[controller-2] [INFO] [1744576522.300228148] [drone_home1.controller]: Bearing: -86.04°
[controller-2] [INFO] [1744576522.302513095] [drone_home1.controller]: Going to [(29.639567, -82.361102)]: 6.49 meters
[controller-2] [INFO] [1744576522.400182477] [drone_home1.controller]: Bearing: -86.04°
[controller-2] [INFO] [1744576522.401784123] [drone_home1.controller]: Going to [(29.639567, -82.361102)]: 6.49 meters
[controller-2] [INFO] [1744576522.500407881] [drone_home1.controller]: Bearing: -85.62°
[controller-2] [INFO] [1744576522.502243705] [drone_home1.controller]: Going to [(29.639567, -82.361102)]: 6.55 meters
[controller-2] [INFO] [1744576522.600199842] [drone_home1.controller]: Bearing: -85.77°
[controller-2] [INFO] [1744576522.601161610] [drone_home1.controller]: Going to [(29.639567, -82.361102)]: 6.76 meters
[controller-2] [INFO] [1744576522.699746808] [drone_home1.controller]: Bearing: -85.77°
[controller-2] [INFO] [1744576522.700724865] [drone_home1.controller]: Going to [(29.639567, -82.361102)]: 6.76 meters
[controller-2] [INFO] [1744576522.800673722] [drone_home1.controller]: Bearing: -85.77°
[controller-2] [INFO] [1744576522.803142095] [drone_home1.controller]: Going to [(29.639567, -82.361102)]: 6.76 meters
[controller-2] [INFO] [1744576522.900310641] [drone_home1.controller]: Bearing: -85.77°
[controller-2] [INFO] [1744576522.902274818] [drone_home1.controller]: Going to [(29.639567, -82.361102)]: 6.76 meters
[controller-2] [INFO] [1744576523.000317612] [drone_home1.controller]: Bearing: -85.77°
[controller-2] [INFO] [1744576523.002197372] [drone_home1.controller]: Going to [(29.639567, -82.361102)]: 6.76 meters
[controller-2] [INFO] [1744576523.100280205] [drone_home1.controller]: Bearing: -85.77°
[controller-2] [INFO] [1744576523.102503008] [drone_home1.controller]: Going to [(29.639567, -82.361102)]: 6.76 meters
[controller-2] [INFO] [1744576523.199468167] [drone_home1.controller]: Bearing: -85.77°
[controller-2] [INFO] [1744576523.200414127] [drone_home1.controller]: Going to [(29.639567, -82.361102)]: 6.76 meters
[controller-2] [INFO] [1744576523.300204207] [drone_home1.controller]: Bearing: -85.77°
[controller-2] [INFO] [1744576523.301724252] [drone_home1.controller]: Going to [(29.639567, -82.361102)]: 6.76 meters
[controller-2] [INFO] [1744576523.400293265] [drone_home1.controller]: Bearing: -85.77°
[controller-2] [INFO] [1744576523.401580252] [drone_home1.controller]: Going to [(29.639567, -82.361102)]: 6.76 meters
[controller-2] [INFO] [1744576523.500280242] [drone_home1.controller]: Bearing: -86.17°
[controller-2] [INFO] [1744576523.502619015] [drone_home1.controller]: Going to [(29.639567, -82.361102)]: 6.71 meters
[controller-2] [INFO] [1744576523.599687727] [drone_home1.controller]: Bearing: -86.04°
[controller-2] [INFO] [1744576523.600856025] [drone_home1.controller]: Going to [(29.639567, -82.361102)]: 6.49 meters
[controller-2] [INFO] [1744576523.699726896] [drone_home1.controller]: Bearing: -86.04°
[controller-2] [INFO] [1744576523.700777978] [drone_home1.controller]: Going to [(29.639567, -82.361102)]: 6.49 meters
[controller-2] [INFO] [1744576523.800382200] [drone_home1.controller]: Bearing: -86.04°
[controller-2] [INFO] [1744576523.801958437] [drone_home1.controller]: Going to [(29.639567, -82.361102)]: 6.49 meters
[controller-2] [INFO] [1744576523.900038966] [drone_home1.controller]: Bearing: -86.04°
[controller-2] [INFO] [1744576523.900962206] [drone_home1.controller]: Going to [(29.639567, -82.361102)]: 6.49 meters
[controller-2] [INFO] [1744576524.000633533] [drone_home1.controller]: Bearing: -86.04°
[controller-2] [INFO] [1744576524.002451212] [drone_home1.controller]: Going to [(29.639567, -82.361102)]: 6.49 meters
[controller-2] [INFO] [1744576524.099490523] [drone_home1.controller]: Bearing: -86.04°
[controller-2] [INFO] [1744576524.100401827] [drone_home1.controller]: Going to [(29.639567, -82.361102)]: 6.49 meters
[controller-2] [INFO] [1744576524.200070313] [drone_home1.controller]: Bearing: -86.04°
[controller-2] [INFO] [1744576524.201739479] [drone_home1.controller]: Going to [(29.639567, -82.361102)]: 6.49 meters
[controller-2] [INFO] [1744576524.300129458] [drone_home1.controller]: Bearing: -86.04°
[controller-2] [INFO] [1744576524.301724704] [drone_home1.controller]: Going to [(29.639567, -82.361102)]: 6.49 meters
[controller-2] [INFO] [1744576524.400090554] [drone_home1.controller]: Bearing: -86.04°
[controller-2] [INFO] [1744576524.401647304] [drone_home1.controller]: Going to [(29.639567, -82.361102)]: 6.49 meters
[controller-2] [INFO] [1744576524.500339621] [drone_home1.controller]: Bearing: -86.04°
[controller-2] [INFO] [1744576524.501930963] [drone_home1.controller]: Going to [(29.639567, -82.361102)]: 6.49 meters
[controller-2] [INFO] [1744576524.599796361] [drone_home1.controller]: Bearing: -86.04°
[controller-2] [INFO] [1744576524.600813682] [drone_home1.controller]: Going to [(29.639567, -82.361102)]: 6.49 meters
[controller-2] [INFO] [1744576524.699595920] [drone_home1.controller]: Bearing: -86.04°
[controller-2] [INFO] [1744576524.700599961] [drone_home1.controller]: Going to [(29.639567, -82.361102)]: 6.49 meters
[controller-2] [INFO] [1744576524.800382048] [drone_home1.controller]: Bearing: -86.25°
[controller-2] [INFO] [1744576524.802013582] [drone_home1.controller]: Going to [(29.639567, -82.361102)]: 6.47 meters
[controller-2] [INFO] [1744576524.900484009] [drone_home1.controller]: Bearing: -86.25°
[controller-2] [INFO] [1744576524.902071063] [drone_home1.controller]: Going to [(29.639567, -82.361102)]: 6.47 meters
[controller-2] [INFO] [1744576524.999591818] [drone_home1.controller]: Bearing: -86.25°
[controller-2] [INFO] [1744576525.000627635] [drone_home1.controller]: Going to [(29.639567, -82.361102)]: 6.47 meters
[controller-2] [INFO] [1744576525.099707611] [drone_home1.controller]: Bearing: -86.25°
[controller-2] [INFO] [1744576525.100821061] [drone_home1.controller]: Going to [(29.639567, -82.361102)]: 6.47 meters
[controller-2] [INFO] [1744576525.200089486] [drone_home1.controller]: Bearing: -86.25°
[controller-2] [INFO] [1744576525.202055967] [drone_home1.controller]: Going to [(29.639567, -82.361102)]: 6.47 meters
[controller-2] [INFO] [1744576525.299576121] [drone_home1.controller]: Bearing: -86.25°
[controller-2] [INFO] [1744576525.300975142] [drone_home1.controller]: Going to [(29.639567, -82.361102)]: 6.47 meters
[controller-2] [INFO] [1744576525.399759499] [drone_home1.controller]: Bearing: -86.25°
[controller-2] [INFO] [1744576525.400777588] [drone_home1.controller]: Going to [(29.639567, -82.361102)]: 6.47 meters
[controller-2] [INFO] [1744576525.499634042] [drone_home1.controller]: Bearing: -86.25°
[controller-2] [INFO] [1744576525.500751268] [drone_home1.controller]: Going to [(29.639567, -82.361102)]: 6.47 meters
[controller-2] [INFO] [1744576525.599708906] [drone_home1.controller]: Bearing: -86.25°
[controller-2] [INFO] [1744576525.600781908] [drone_home1.controller]: Going to [(29.639567, -82.361102)]: 6.47 meters
[controller-2] [INFO] [1744576525.699742107] [drone_home1.controller]: Bearing: -86.25°
[controller-2] [INFO] [1744576525.700865924] [drone_home1.controller]: Going to [(29.639567, -82.361102)]: 6.47 meters
[controller-2] [INFO] [1744576525.799549481] [drone_home1.controller]: Bearing: -86.25°
[controller-2] [INFO] [1744576525.800509297] [drone_home1.controller]: Going to [(29.639567, -82.361102)]: 6.47 meters
[controller-2] [INFO] [1744576525.899606329] [drone_home1.controller]: Bearing: -86.25°
[controller-2] [INFO] [1744576525.900989957] [drone_home1.controller]: Going to [(29.639567, -82.361102)]: 6.47 meters
[controller-2] [INFO] [1744576525.999481384] [drone_home1.controller]: Bearing: -86.25°
[controller-2] [INFO] [1744576526.000388336] [drone_home1.controller]: Going to [(29.639567, -82.361102)]: 6.47 meters
[controller-2] [INFO] [1744576526.100948204] [drone_home1.controller]: Bearing: -86.25°
[controller-2] [INFO] [1744576526.102060566] [drone_home1.controller]: Going to [(29.639567, -82.361102)]: 6.47 meters
[controller-2] [INFO] [1744576526.199635799] [drone_home1.controller]: Bearing: -86.25°
[controller-2] [INFO] [1744576526.200816674] [drone_home1.controller]: Going to [(29.639567, -82.361102)]: 6.47 meters
[controller-2] [INFO] [1744576526.300230836] [drone_home1.controller]: Bearing: -86.25°
[controller-2] [INFO] [1744576526.302201701] [drone_home1.controller]: Going to [(29.639567, -82.361102)]: 6.47 meters
[controller-2] [INFO] [1744576526.400443277] [drone_home1.controller]: Bearing: -86.25°
[controller-2] [INFO] [1744576526.401999067] [drone_home1.controller]: Going to [(29.639567, -82.361102)]: 6.47 meters
[controller-2] [INFO] [1744576526.500337187] [drone_home1.controller]: Bearing: -86.25°
[controller-2] [INFO] [1744576526.501933713] [drone_home1.controller]: Going to [(29.639567, -82.361102)]: 6.47 meters
[controller-2] [INFO] [1744576526.600148856] [drone_home1.controller]: Bearing: -86.38°
[controller-2] [INFO] [1744576526.601061248] [drone_home1.controller]: Going to [(29.639567, -82.361102)]: 6.68 meters
[controller-2] [INFO] [1744576526.699488554] [drone_home1.controller]: Bearing: -86.38°
[controller-2] [INFO] [1744576526.700942967] [drone_home1.controller]: Going to [(29.639567, -82.361102)]: 6.68 meters
[controller-2] [INFO] [1744576526.799469249] [drone_home1.controller]: Bearing: -86.38°
[controller-2] [INFO] [1744576526.800747148] [drone_home1.controller]: Going to [(29.639567, -82.361102)]: 6.68 meters
[controller-2] [INFO] [1744576526.899476344] [drone_home1.controller]: Bearing: -86.38°
[controller-2] [INFO] [1744576526.900484929] [drone_home1.controller]: Going to [(29.639567, -82.361102)]: 6.68 meters
[controller-2] [INFO] [1744576526.999465679] [drone_home1.controller]: Bearing: -86.38°
[controller-2] [INFO] [1744576527.000430743] [drone_home1.controller]: Going to [(29.639567, -82.361102)]: 6.68 meters
[controller-2] [INFO] [1744576527.099645326] [drone_home1.controller]: Bearing: -86.38°
[controller-2] [INFO] [1744576527.100616759] [drone_home1.controller]: Going to [(29.639567, -82.361102)]: 6.68 meters
[controller-2] [INFO] [1744576527.199793134] [drone_home1.controller]: Bearing: -86.44°
[controller-2] [INFO] [1744576527.200982265] [drone_home1.controller]: Going to [(29.639567, -82.361102)]: 6.79 meters
[controller-2] [INFO] [1744576527.300176528] [drone_home1.controller]: Bearing: -86.44°
[controller-2] [INFO] [1744576527.301599837] [drone_home1.controller]: Going to [(29.639567, -82.361102)]: 6.79 meters
[controller-2] [INFO] [1744576527.399476616] [drone_home1.controller]: Bearing: -86.44°
[controller-2] [INFO] [1744576527.400665363] [drone_home1.controller]: Going to [(29.639567, -82.361102)]: 6.79 meters
[controller-2] [INFO] [1744576527.499686408] [drone_home1.controller]: Bearing: -86.44°
[controller-2] [INFO] [1744576527.500696753] [drone_home1.controller]: Going to [(29.639567, -82.361102)]: 6.79 meters
[controller-2] [INFO] [1744576527.600121706] [drone_home1.controller]: Bearing: -86.44°
[controller-2] [INFO] [1744576527.601062195] [drone_home1.controller]: Going to [(29.639567, -82.361102)]: 6.79 meters
[controller-2] [INFO] [1744576527.699647140] [drone_home1.controller]: Bearing: -86.44°
[controller-2] [INFO] [1744576527.700637901] [drone_home1.controller]: Going to [(29.639567, -82.361102)]: 6.79 meters
[controller-2] [INFO] [1744576527.800726860] [drone_home1.controller]: Bearing: -86.44°
[controller-2] [INFO] [1744576527.802407803] [drone_home1.controller]: Going to [(29.639567, -82.361102)]: 6.79 meters
[controller-2] [INFO] [1744576527.899487552] [drone_home1.controller]: Bearing: -86.44°
[controller-2] [INFO] [1744576527.901408881] [drone_home1.controller]: Going to [(29.639567, -82.361102)]: 6.79 meters
[controller-2] [INFO] [1744576527.999595871] [drone_home1.controller]: Bearing: -86.44°
[controller-2] [INFO] [1744576528.000532455] [drone_home1.controller]: Going to [(29.639567, -82.361102)]: 6.79 meters
[controller-2] [INFO] [1744576528.099579236] [drone_home1.controller]: Bearing: -86.55°
[controller-2] [INFO] [1744576528.100556301] [drone_home1.controller]: Going to [(29.639567, -82.361102)]: 7.00 meters
[controller-2] [INFO] [1744576528.200155951] [drone_home1.controller]: Bearing: -86.55°
[controller-2] [INFO] [1744576528.201753373] [drone_home1.controller]: Going to [(29.639567, -82.361102)]: 7.00 meters
[controller-2] [INFO] [1744576528.299369261] [drone_home1.controller]: Bearing: -86.94°
[controller-2] [INFO] [1744576528.300312758] [drone_home1.controller]: Going to [(29.639567, -82.361102)]: 6.96 meters
[controller-2] [INFO] [1744576528.399772822] [drone_home1.controller]: Bearing: -86.94°
[controller-2] [INFO] [1744576528.401082338] [drone_home1.controller]: Going to [(29.639567, -82.361102)]: 6.96 meters
[controller-2] [INFO] [1744576528.500343841] [drone_home1.controller]: Bearing: -86.94°
[controller-2] [INFO] [1744576528.502322323] [drone_home1.controller]: Going to [(29.639567, -82.361102)]: 6.96 meters
[controller-2] [INFO] [1744576528.600469384] [drone_home1.controller]: Bearing: -86.94°
[controller-2] [INFO] [1744576528.601693907] [drone_home1.controller]: Going to [(29.639567, -82.361102)]: 6.96 meters
[controller-2] [INFO] [1744576528.699553221] [drone_home1.controller]: Bearing: -86.94°
[controller-2] [INFO] [1744576528.700660335] [drone_home1.controller]: Going to [(29.639567, -82.361102)]: 6.96 meters
[controller-2] [INFO] [1744576528.799663051] [drone_home1.controller]: Bearing: -86.94°
[controller-2] [INFO] [1744576528.800627028] [drone_home1.controller]: Going to [(29.639567, -82.361102)]: 6.96 meters
[controller-2] [INFO] [1744576528.899631569] [drone_home1.controller]: Bearing: -86.94°
[controller-2] [INFO] [1744576528.900572281] [drone_home1.controller]: Going to [(29.639567, -82.361102)]: 6.96 meters
[controller-2] [INFO] [1744576528.999529557] [drone_home1.controller]: Bearing: -87.03°
[controller-2] [INFO] [1744576529.000450269] [drone_home1.controller]: Going to [(29.639567, -82.361102)]: 7.17 meters
[controller-2] [INFO] [1744576529.100359721] [drone_home1.controller]: Bearing: -87.03°
[controller-2] [INFO] [1744576529.102152825] [drone_home1.controller]: Going to [(29.639567, -82.361102)]: 7.17 meters
[controller-2] [INFO] [1744576529.200478615] [drone_home1.controller]: Bearing: -87.03°
[controller-2] [INFO] [1744576529.202504425] [drone_home1.controller]: Going to [(29.639567, -82.361102)]: 7.17 meters
[controller-2] [INFO] [1744576529.299417722] [drone_home1.controller]: Bearing: -87.03°
[controller-2] [INFO] [1744576529.300335202] [drone_home1.controller]: Going to [(29.639567, -82.361102)]: 7.17 meters
[controller-2] [INFO] [1744576529.400656402] [drone_home1.controller]: Bearing: -87.03°
[controller-2] [INFO] [1744576529.402259232] [drone_home1.controller]: Going to [(29.639567, -82.361102)]: 7.17 meters
[controller-2] [INFO] [1744576529.500399644] [drone_home1.controller]: Bearing: -87.03°
[controller-2] [INFO] [1744576529.502185164] [drone_home1.controller]: Going to [(29.639567, -82.361102)]: 7.17 meters
[controller-2] [INFO] [1744576529.599623394] [drone_home1.controller]: Bearing: -87.03°
[controller-2] [INFO] [1744576529.600665483] [drone_home1.controller]: Going to [(29.639567, -82.361102)]: 7.17 meters
[controller-2] [INFO] [1744576529.700198132] [drone_home1.controller]: Bearing: -87.03°
[controller-2] [INFO] [1744576529.701810178] [drone_home1.controller]: Going to [(29.639567, -82.361102)]: 7.17 meters
[controller-2] [INFO] [1744576529.800270497] [drone_home1.controller]: Bearing: -87.03°
[controller-2] [INFO] [1744576529.801870064] [drone_home1.controller]: Going to [(29.639567, -82.361102)]: 7.17 meters
[controller-2] [INFO] [1744576529.899496231] [drone_home1.controller]: Bearing: -87.03°
[controller-2] [INFO] [1744576529.900418639] [drone_home1.controller]: Going to [(29.639567, -82.361102)]: 7.17 meters
[controller-2] [INFO] [1744576529.999510676] [drone_home1.controller]: Bearing: -87.03°
[controller-2] [INFO] [1744576530.000792287] [drone_home1.controller]: Going to [(29.639567, -82.361102)]: 7.17 meters
[controller-2] [INFO] [1744576530.099629320] [drone_home1.controller]: Bearing: -87.03°
[controller-2] [INFO] [1744576530.100783923] [drone_home1.controller]: Going to [(29.639567, -82.361102)]: 7.17 meters
[controller-2] [INFO] [1744576530.200321922] [drone_home1.controller]: Bearing: -86.66°
[controller-2] [INFO] [1744576530.202708696] [drone_home1.controller]: Going to [(29.639567, -82.361102)]: 7.22 meters
[controller-2] [INFO] [1744576530.300212629] [drone_home1.controller]: Bearing: -86.66°
[controller-2] [INFO] [1744576530.302127079] [drone_home1.controller]: Going to [(29.639567, -82.361102)]: 7.22 meters
[controller-2] [INFO] [1744576530.399604355] [drone_home1.controller]: Bearing: -86.71°
[controller-2] [INFO] [1744576530.400603629] [drone_home1.controller]: Going to [(29.639567, -82.361102)]: 7.33 meters
[controller-2] [INFO] [1744576530.500793826] [drone_home1.controller]: Bearing: -86.71°
[controller-2] [INFO] [1744576530.502371089] [drone_home1.controller]: Going to [(29.639567, -82.361102)]: 7.33 meters
[controller-2] [INFO] [1744576530.600433203] [drone_home1.controller]: Bearing: -86.71°
[controller-2] [INFO] [1744576530.603373326] [drone_home1.controller]: Going to [(29.639567, -82.361102)]: 7.33 meters
[controller-2] [INFO] [1744576530.701207246] [drone_home1.controller]: Bearing: -86.71°
[controller-2] [INFO] [1744576530.702995998] [drone_home1.controller]: Going to [(29.639567, -82.361102)]: 7.33 meters
[controller-2] [INFO] [1744576530.800513595] [drone_home1.controller]: Bearing: -86.71°
[controller-2] [INFO] [1744576530.803377237] [drone_home1.controller]: Going to [(29.639567, -82.361102)]: 7.33 meters
[controller-2] [INFO] [1744576530.900171340] [drone_home1.controller]: Bearing: -86.71°
[controller-2] [INFO] [1744576530.902154558] [drone_home1.controller]: Going to [(29.639567, -82.361102)]: 7.33 meters
[controller-2] [INFO] [1744576531.000124223] [drone_home1.controller]: Bearing: -86.71°
[controller-2] [INFO] [1744576531.001688238] [drone_home1.controller]: Going to [(29.639567, -82.361102)]: 7.33 meters
[controller-2] [INFO] [1744576531.100268027] [drone_home1.controller]: Bearing: -86.71°
[controller-2] [INFO] [1744576531.101842954] [drone_home1.controller]: Going to [(29.639567, -82.361102)]: 7.33 meters
[controller-2] [INFO] [1744576531.200441624] [drone_home1.controller]: Bearing: -87.08°
[controller-2] [INFO] [1744576531.202068711] [drone_home1.controller]: Going to [(29.639567, -82.361102)]: 7.28 meters
[controller-2] [INFO] [1744576531.300625909] [drone_home1.controller]: Bearing: -87.08°
[controller-2] [INFO] [1744576531.302247299] [drone_home1.controller]: Going to [(29.639567, -82.361102)]: 7.28 meters
[controller-2] [INFO] [1744576531.400359629] [drone_home1.controller]: Bearing: -87.08°
[controller-2] [INFO] [1744576531.401952892] [drone_home1.controller]: Going to [(29.639567, -82.361102)]: 7.28 meters
[controller-2] [INFO] [1744576531.500412265] [drone_home1.controller]: Bearing: -87.08°
[controller-2] [INFO] [1744576531.501969623] [drone_home1.controller]: Going to [(29.639567, -82.361102)]: 7.28 meters
[controller-2] [INFO] [1744576531.600348291] [drone_home1.controller]: Bearing: -86.71°
[controller-2] [INFO] [1744576531.601952082] [drone_home1.controller]: Going to [(29.639567, -82.361102)]: 7.33 meters
[controller-2] [INFO] [1744576531.700447711] [drone_home1.controller]: Bearing: -86.71°
[controller-2] [INFO] [1744576531.702529074] [drone_home1.controller]: Going to [(29.639567, -82.361102)]: 7.33 meters
[controller-2] [INFO] [1744576531.799532785] [drone_home1.controller]: Bearing: -86.71°
[controller-2] [INFO] [1744576531.801253121] [drone_home1.controller]: Going to [(29.639567, -82.361102)]: 7.33 meters
[controller-2] [INFO] [1744576531.899558477] [drone_home1.controller]: Bearing: -86.71°
[controller-2] [INFO] [1744576531.900540662] [drone_home1.controller]: Going to [(29.639567, -82.361102)]: 7.33 meters
[controller-2] [INFO] [1744576531.999556584] [drone_home1.controller]: Bearing: -86.71°
[controller-2] [INFO] [1744576532.000548881] [drone_home1.controller]: Going to [(29.639567, -82.361102)]: 7.33 meters
[controller-2] [INFO] [1744576532.100206063] [drone_home1.controller]: Bearing: -87.08°
[controller-2] [INFO] [1744576532.101160696] [drone_home1.controller]: Going to [(29.639567, -82.361102)]: 7.28 meters
[controller-2] [INFO] [1744576532.199788782] [drone_home1.controller]: Bearing: -87.08°
[controller-2] [INFO] [1744576532.200795639] [drone_home1.controller]: Going to [(29.639567, -82.361102)]: 7.28 meters
[controller-2] [INFO] [1744576532.300511606] [drone_home1.controller]: Bearing: -87.08°
[controller-2] [INFO] [1744576532.302067973] [drone_home1.controller]: Going to [(29.639567, -82.361102)]: 7.28 meters
[controller-2] [INFO] [1744576532.400114741] [drone_home1.controller]: Bearing: -87.08°
[controller-2] [INFO] [1744576532.402185928] [drone_home1.controller]: Going to [(29.639567, -82.361102)]: 7.28 meters
[controller-2] [INFO] [1744576532.500350809] [drone_home1.controller]: Bearing: -87.08°
[controller-2] [INFO] [1744576532.501932296] [drone_home1.controller]: Going to [(29.639567, -82.361102)]: 7.28 meters
[controller-2] [INFO] [1744576532.599654485] [drone_home1.controller]: Bearing: -87.08°
[controller-2] [INFO] [1744576532.600673598] [drone_home1.controller]: Going to [(29.639567, -82.361102)]: 7.28 meters
[controller-2] [INFO] [1744576532.699797464] [drone_home1.controller]: Bearing: -87.08°
[controller-2] [INFO] [1744576532.701204357] [drone_home1.controller]: Going to [(29.639567, -82.361102)]: 7.28 meters
[controller-2] [INFO] [1744576532.800210686] [drone_home1.controller]: Bearing: -87.08°
[controller-2] [INFO] [1744576532.801858030] [drone_home1.controller]: Going to [(29.639567, -82.361102)]: 7.28 meters
[controller-2] [INFO] [1744576532.899735548] [drone_home1.controller]: Bearing: -87.17°
[controller-2] [INFO] [1744576532.900714789] [drone_home1.controller]: Going to [(29.639567, -82.361102)]: 7.50 meters
[controller-2] [INFO] [1744576533.000395108] [drone_home1.controller]: Bearing: -87.17°
[controller-2] [INFO] [1744576533.001974771] [drone_home1.controller]: Going to [(29.639567, -82.361102)]: 7.50 meters
[controller-2] [INFO] [1744576533.100310476] [drone_home1.controller]: Bearing: -87.17°
[controller-2] [INFO] [1744576533.101966012] [drone_home1.controller]: Going to [(29.639567, -82.361102)]: 7.50 meters
[controller-2] [INFO] [1744576533.199773072] [drone_home1.controller]: Bearing: -87.17°
[controller-2] [INFO] [1744576533.200758330] [drone_home1.controller]: Going to [(29.639567, -82.361102)]: 7.50 meters
[controller-2] [INFO] [1744576533.299894299] [drone_home1.controller]: Bearing: -87.17°
[controller-2] [INFO] [1744576533.300934149] [drone_home1.controller]: Going to [(29.639567, -82.361102)]: 7.50 meters
[controller-2] [INFO] [1744576533.399650594] [drone_home1.controller]: Bearing: -87.17°
[controller-2] [INFO] [1744576533.400898669] [drone_home1.controller]: Going to [(29.639567, -82.361102)]: 7.50 meters
[controller-2] [INFO] [1744576533.500096559] [drone_home1.controller]: Bearing: -87.17°
[controller-2] [INFO] [1744576533.501637758] [drone_home1.controller]: Going to [(29.639567, -82.361102)]: 7.50 meters
[controller-2] [INFO] [1744576533.599554163] [drone_home1.controller]: Bearing: -87.17°
[controller-2] [INFO] [1744576533.600554909] [drone_home1.controller]: Going to [(29.639567, -82.361102)]: 7.50 meters
[controller-2] [INFO] [1744576533.699460220] [drone_home1.controller]: Bearing: -87.17°
[controller-2] [INFO] [1744576533.700380548] [drone_home1.controller]: Going to [(29.639567, -82.361102)]: 7.50 meters
[controller-2] [INFO] [1744576533.799365188] [drone_home1.controller]: Bearing: -87.17°
[controller-2] [INFO] [1744576533.800282445] [drone_home1.controller]: Going to [(29.639567, -82.361102)]: 7.50 meters
[controller-2] [INFO] [1744576533.899745521] [drone_home1.controller]: Bearing: -87.17°
[controller-2] [INFO] [1744576533.900854427] [drone_home1.controller]: Going to [(29.639567, -82.361102)]: 7.50 meters
[controller-2] [INFO] [1744576534.000535553] [drone_home1.controller]: Bearing: -87.17°
[controller-2] [INFO] [1744576534.002473524] [drone_home1.controller]: Going to [(29.639567, -82.361102)]: 7.50 meters
[controller-2] [INFO] [1744576534.099814251] [drone_home1.controller]: Bearing: -87.17°
[controller-2] [INFO] [1744576534.100856821] [drone_home1.controller]: Going to [(29.639567, -82.361102)]: 7.50 meters
[controller-2] [INFO] [1744576534.199817691] [drone_home1.controller]: Bearing: -87.17°
[controller-2] [INFO] [1744576534.200800740] [drone_home1.controller]: Going to [(29.639567, -82.361102)]: 7.50 meters
[controller-2] [INFO] [1744576534.299592361] [drone_home1.controller]: Bearing: -87.17°
[controller-2] [INFO] [1744576534.300621491] [drone_home1.controller]: Going to [(29.639567, -82.361102)]: 7.50 meters
[controller-2] [INFO] [1744576534.399508985] [drone_home1.controller]: Bearing: -87.17°
[controller-2] [INFO] [1744576534.401869871] [drone_home1.controller]: Going to [(29.639567, -82.361102)]: 7.50 meters
[controller-2] [INFO] [1744576534.500281648] [drone_home1.controller]: Bearing: -87.17°
[controller-2] [INFO] [1744576534.502562502] [drone_home1.controller]: Going to [(29.639567, -82.361102)]: 7.50 meters
[controller-2] [INFO] [1744576534.599437561] [drone_home1.controller]: Bearing: -87.17°
[controller-2] [INFO] [1744576534.600345537] [drone_home1.controller]: Going to [(29.639567, -82.361102)]: 7.50 meters
[controller-2] [INFO] [1744576534.700553748] [drone_home1.controller]: Bearing: -87.08°
[controller-2] [INFO] [1744576534.702207267] [drone_home1.controller]: Going to [(29.639567, -82.361102)]: 7.28 meters
[controller-2] [INFO] [1744576534.800236225] [drone_home1.controller]: Bearing: -87.17°
[controller-2] [INFO] [1744576534.802278036] [drone_home1.controller]: Going to [(29.639567, -82.361102)]: 7.50 meters
[controller-2] [INFO] [1744576534.900328978] [drone_home1.controller]: Bearing: -87.17°
[controller-2] [INFO] [1744576534.901893985] [drone_home1.controller]: Going to [(29.639567, -82.361102)]: 7.50 meters
[controller-2] [INFO] [1744576534.999772861] [drone_home1.controller]: Bearing: -87.17°
[controller-2] [INFO] [1744576535.000841159] [drone_home1.controller]: Going to [(29.639567, -82.361102)]: 7.50 meters
[controller-2] [INFO] [1744576535.100435387] [drone_home1.controller]: Bearing: -87.08°
[controller-2] [INFO] [1744576535.102049994] [drone_home1.controller]: Going to [(29.639567, -82.361102)]: 7.28 meters
[controller-2] [INFO] [1744576535.199753420] [drone_home1.controller]: Bearing: -87.08°
[controller-2] [INFO] [1744576535.200946327] [drone_home1.controller]: Going to [(29.639567, -82.361102)]: 7.28 meters
[controller-2] [INFO] [1744576535.299690338] [drone_home1.controller]: Bearing: -87.08°
[controller-2] [INFO] [1744576535.300659308] [drone_home1.controller]: Going to [(29.639567, -82.361102)]: 7.28 meters
[controller-2] [INFO] [1744576535.400282015] [drone_home1.controller]: Bearing: -87.44°
[controller-2] [INFO] [1744576535.401853390] [drone_home1.controller]: Going to [(29.639567, -82.361102)]: 7.24 meters
[controller-2] [INFO] [1744576535.500221238] [drone_home1.controller]: Bearing: -87.44°
[controller-2] [INFO] [1744576535.501805925] [drone_home1.controller]: Going to [(29.639567, -82.361102)]: 7.24 meters
[controller-2] [INFO] [1744576535.600222286] [drone_home1.controller]: Bearing: -87.44°
[controller-2] [INFO] [1744576535.601824797] [drone_home1.controller]: Going to [(29.639567, -82.361102)]: 7.24 meters
[controller-2] [INFO] [1744576535.699779393] [drone_home1.controller]: Bearing: -87.44°
[controller-2] [INFO] [1744576535.700721226] [drone_home1.controller]: Going to [(29.639567, -82.361102)]: 7.24 meters
[controller-2] [INFO] [1744576535.799424309] [drone_home1.controller]: Bearing: -87.44°
[controller-2] [INFO] [1744576535.800537024] [drone_home1.controller]: Going to [(29.639567, -82.361102)]: 7.24 meters
[controller-2] [INFO] [1744576535.900284181] [drone_home1.controller]: Bearing: -87.44°
[controller-2] [INFO] [1744576535.901852291] [drone_home1.controller]: Going to [(29.639567, -82.361102)]: 7.24 meters
[controller-2] [INFO] [1744576536.000215467] [drone_home1.controller]: Bearing: -87.44°
[controller-2] [INFO] [1744576536.001757626] [drone_home1.controller]: Going to [(29.639567, -82.361102)]: 7.24 meters
[controller-2] [INFO] [1744576536.100258634] [drone_home1.controller]: Bearing: -87.44°
[controller-2] [INFO] [1744576536.102185980] [drone_home1.controller]: Going to [(29.639567, -82.361102)]: 7.24 meters
[controller-2] [INFO] [1744576536.200399498] [drone_home1.controller]: Bearing: -87.63°
[controller-2] [INFO] [1744576536.201467828] [drone_home1.controller]: Going to [(29.639567, -82.361102)]: 7.23 meters
[controller-2] [INFO] [1744576536.299686145] [drone_home1.controller]: Bearing: -87.63°
[controller-2] [INFO] [1744576536.300985454] [drone_home1.controller]: Going to [(29.639567, -82.361102)]: 7.23 meters
[controller-2] [INFO] [1744576536.400285574] [drone_home1.controller]: Bearing: -87.63°
[controller-2] [INFO] [1744576536.402299897] [drone_home1.controller]: Going to [(29.639567, -82.361102)]: 7.23 meters
[controller-2] [INFO] [1744576536.500505286] [drone_home1.controller]: Bearing: -87.63°
[controller-2] [INFO] [1744576536.502173878] [drone_home1.controller]: Going to [(29.639567, -82.361102)]: 7.23 meters
[controller-2] [INFO] [1744576536.600353411] [drone_home1.controller]: Bearing: -87.63°
[controller-2] [INFO] [1744576536.601920850] [drone_home1.controller]: Going to [(29.639567, -82.361102)]: 7.23 meters
[controller-2] [INFO] [1744576536.700424930] [drone_home1.controller]: Bearing: -87.63°
[controller-2] [INFO] [1744576536.702047282] [drone_home1.controller]: Going to [(29.639567, -82.361102)]: 7.23 meters
[controller-2] [INFO] [1744576536.800294208] [drone_home1.controller]: Bearing: -87.63°
[controller-2] [INFO] [1744576536.801850639] [drone_home1.controller]: Going to [(29.639567, -82.361102)]: 7.23 meters
[controller-2] [INFO] [1744576536.900618145] [drone_home1.controller]: Bearing: -87.63°
[controller-2] [INFO] [1744576536.903539933] [drone_home1.controller]: Going to [(29.639567, -82.361102)]: 7.23 meters
[controller-2] [INFO] [1744576537.000801858] [drone_home1.controller]: Bearing: -87.63°
[controller-2] [INFO] [1744576537.002493778] [drone_home1.controller]: Going to [(29.639567, -82.361102)]: 7.23 meters
[controller-2] [INFO] [1744576537.101321804] [drone_home1.controller]: Bearing: -87.63°
[controller-2] [INFO] [1744576537.102917275] [drone_home1.controller]: Going to [(29.639567, -82.361102)]: 7.23 meters
[controller-2] [INFO] [1744576537.200608939] [drone_home1.controller]: Bearing: -87.63°
[controller-2] [INFO] [1744576537.202234522] [drone_home1.controller]: Going to [(29.639567, -82.361102)]: 7.23 meters
[controller-2] [INFO] [1744576537.300206316] [drone_home1.controller]: Bearing: -87.63°
[controller-2] [INFO] [1744576537.301868380] [drone_home1.controller]: Going to [(29.639567, -82.361102)]: 7.23 meters
[controller-2] [INFO] [1744576537.399600524] [drone_home1.controller]: Bearing: -87.63°
[controller-2] [INFO] [1744576537.400566837] [drone_home1.controller]: Going to [(29.639567, -82.361102)]: 7.23 meters
[controller-2] [INFO] [1744576537.500748669] [drone_home1.controller]: Bearing: -87.63°
[controller-2] [INFO] [1744576537.502639855] [drone_home1.controller]: Going to [(29.639567, -82.361102)]: 7.23 meters
[controller-2] [INFO] [1744576537.599482998] [drone_home1.controller]: Bearing: -87.63°
[controller-2] [INFO] [1744576537.600422975] [drone_home1.controller]: Going to [(29.639567, -82.361102)]: 7.23 meters
[controller-2] [INFO] [1744576537.699431739] [drone_home1.controller]: Bearing: -87.63°
[controller-2] [INFO] [1744576537.700488965] [drone_home1.controller]: Going to [(29.639567, -82.361102)]: 7.23 meters
[controller-2] [INFO] [1744576537.799522881] [drone_home1.controller]: Bearing: -87.59°
[controller-2] [INFO] [1744576537.800450826] [drone_home1.controller]: Going to [(29.639567, -82.361102)]: 7.12 meters
[controller-2] [INFO] [1744576537.900228846] [drone_home1.controller]: Bearing: -87.59°
[controller-2] [INFO] [1744576537.901798493] [drone_home1.controller]: Going to [(29.639567, -82.361102)]: 7.12 meters
[controller-2] [INFO] [1744576538.000275092] [drone_home1.controller]: Bearing: -87.59°
[controller-2] [INFO] [1744576538.001904195] [drone_home1.controller]: Going to [(29.639567, -82.361102)]: 7.12 meters
[controller-2] [INFO] [1744576538.100299680] [drone_home1.controller]: Bearing: -87.59°
[controller-2] [INFO] [1744576538.101880592] [drone_home1.controller]: Going to [(29.639567, -82.361102)]: 7.12 meters
[controller-2] [INFO] [1744576538.200141003] [drone_home1.controller]: Bearing: -87.59°
[controller-2] [INFO] [1744576538.201735867] [drone_home1.controller]: Going to [(29.639567, -82.361102)]: 7.12 meters
[controller-2] [INFO] [1744576538.299651795] [drone_home1.controller]: Bearing: -87.51°
[controller-2] [INFO] [1744576538.300632989] [drone_home1.controller]: Going to [(29.639567, -82.361102)]: 6.90 meters
[controller-2] [INFO] [1744576538.400466856] [drone_home1.controller]: Bearing: -87.51°
[controller-2] [INFO] [1744576538.402146584] [drone_home1.controller]: Going to [(29.639567, -82.361102)]: 6.90 meters
[controller-2] [INFO] [1744576538.500448244] [drone_home1.controller]: Bearing: -87.51°
[controller-2] [INFO] [1744576538.502083716] [drone_home1.controller]: Going to [(29.639567, -82.361102)]: 6.90 meters
[controller-2] [INFO] [1744576538.600117341] [drone_home1.controller]: Bearing: -87.51°
[controller-2] [INFO] [1744576538.601736365] [drone_home1.controller]: Going to [(29.639567, -82.361102)]: 6.90 meters
[controller-2] [INFO] [1744576538.700312972] [drone_home1.controller]: Bearing: -87.51°
[controller-2] [INFO] [1744576538.701932028] [drone_home1.controller]: Going to [(29.639567, -82.361102)]: 6.90 meters
[controller-2] [INFO] [1744576538.800073398] [drone_home1.controller]: Bearing: -87.51°
[controller-2] [INFO] [1744576538.801620133] [drone_home1.controller]: Going to [(29.639567, -82.361102)]: 6.90 meters
[controller-2] [INFO] [1744576538.900083811] [drone_home1.controller]: Bearing: -87.51°
[controller-2] [INFO] [1744576538.901644978] [drone_home1.controller]: Going to [(29.639567, -82.361102)]: 6.90 meters
[controller-2] [INFO] [1744576539.000175824] [drone_home1.controller]: Bearing: -87.51°
[controller-2] [INFO] [1744576539.001783168] [drone_home1.controller]: Going to [(29.639567, -82.361102)]: 6.90 meters
[controller-2] [INFO] [1744576539.099719263] [drone_home1.controller]: Bearing: -87.51°
[controller-2] [INFO] [1744576539.100954859] [drone_home1.controller]: Going to [(29.639567, -82.361102)]: 6.90 meters
[controller-2] [INFO] [1744576539.200182423] [drone_home1.controller]: Bearing: -87.42°
[controller-2] [INFO] [1744576539.201732679] [drone_home1.controller]: Going to [(29.639567, -82.361102)]: 6.68 meters
[controller-2] [INFO] [1744576539.300247276] [drone_home1.controller]: Bearing: -87.42°
[controller-2] [INFO] [1744576539.301820219] [drone_home1.controller]: Going to [(29.639567, -82.361102)]: 6.68 meters
[controller-2] [INFO] [1744576539.400208511] [drone_home1.controller]: Bearing: -87.82°
[controller-2] [INFO] [1744576539.401751694] [drone_home1.controller]: Going to [(29.639567, -82.361102)]: 6.65 meters
[controller-2] [INFO] [1744576539.500207443] [drone_home1.controller]: Bearing: -87.82°
[controller-2] [INFO] [1744576539.501771810] [drone_home1.controller]: Going to [(29.639567, -82.361102)]: 6.65 meters
[controller-2] [INFO] [1744576539.600161286] [drone_home1.controller]: Bearing: -87.78°
[controller-2] [INFO] [1744576539.601749205] [drone_home1.controller]: Going to [(29.639567, -82.361102)]: 6.54 meters
[controller-2] [INFO] [1744576539.700349467] [drone_home1.controller]: Bearing: -87.78°
[controller-2] [INFO] [1744576539.701918731] [drone_home1.controller]: Going to [(29.639567, -82.361102)]: 6.54 meters
[controller-2] [INFO] [1744576539.799444006] [drone_home1.controller]: Bearing: -87.78°
[controller-2] [INFO] [1744576539.800461232] [drone_home1.controller]: Going to [(29.639567, -82.361102)]: 6.54 meters
[controller-2] [INFO] [1744576539.899890654] [drone_home1.controller]: Bearing: -87.78°
[controller-2] [INFO] [1744576539.900920104] [drone_home1.controller]: Going to [(29.639567, -82.361102)]: 6.54 meters
[controller-2] [INFO] [1744576539.999804017] [drone_home1.controller]: Bearing: -87.70°
[controller-2] [INFO] [1744576540.000982524] [drone_home1.controller]: Going to [(29.639567, -82.361102)]: 6.32 meters
[controller-2] [INFO] [1744576540.099570313] [drone_home1.controller]: Bearing: -87.70°
[controller-2] [INFO] [1744576540.100680276] [drone_home1.controller]: Going to [(29.639567, -82.361102)]: 6.32 meters
[controller-2] [INFO] [1744576540.199445090] [drone_home1.controller]: Bearing: -87.70°
[controller-2] [INFO] [1744576540.200579853] [drone_home1.controller]: Going to [(29.639567, -82.361102)]: 6.32 meters
[controller-2] [INFO] [1744576540.299792992] [drone_home1.controller]: Bearing: -87.70°
[controller-2] [INFO] [1744576540.300751498] [drone_home1.controller]: Going to [(29.639567, -82.361102)]: 6.32 meters
[controller-2] [INFO] [1744576540.399548217] [drone_home1.controller]: Bearing: -87.70°
[controller-2] [INFO] [1744576540.400500706] [drone_home1.controller]: Going to [(29.639567, -82.361102)]: 6.32 meters
[controller-2] [INFO] [1744576540.499430066] [drone_home1.controller]: Bearing: -87.70°
[controller-2] [INFO] [1744576540.500373307] [drone_home1.controller]: Going to [(29.639567, -82.361102)]: 6.32 meters
[controller-2] [INFO] [1744576540.600348726] [drone_home1.controller]: Bearing: -87.70°
[controller-2] [INFO] [1744576540.602455018] [drone_home1.controller]: Going to [(29.639567, -82.361102)]: 6.32 meters
[controller-2] [INFO] [1744576540.699723882] [drone_home1.controller]: Bearing: -87.70°
[controller-2] [INFO] [1744576540.700671316] [drone_home1.controller]: Going to [(29.639567, -82.361102)]: 6.32 meters
[controller-2] [INFO] [1744576540.800824656] [drone_home1.controller]: Bearing: -87.70°
[controller-2] [INFO] [1744576540.801822106] [drone_home1.controller]: Going to [(29.639567, -82.361102)]: 6.32 meters
[controller-2] [INFO] [1744576540.899678495] [drone_home1.controller]: Bearing: -87.62°
[controller-2] [INFO] [1744576540.900691113] [drone_home1.controller]: Going to [(29.639567, -82.361102)]: 6.10 meters
[controller-2] [INFO] [1744576540.999662649] [drone_home1.controller]: Bearing: -87.62°
[controller-2] [INFO] [1744576541.000666819] [drone_home1.controller]: Going to [(29.639567, -82.361102)]: 6.10 meters
[controller-2] [INFO] [1744576541.099532026] [drone_home1.controller]: Bearing: -87.19°
[controller-2] [INFO] [1744576541.100494019] [drone_home1.controller]: Going to [(29.639567, -82.361102)]: 6.13 meters
[controller-2] [INFO] [1744576541.199528443] [drone_home1.controller]: Bearing: -87.19°
[controller-2] [INFO] [1744576541.200499301] [drone_home1.controller]: Going to [(29.639567, -82.361102)]: 6.13 meters
[controller-2] [INFO] [1744576541.299689598] [drone_home1.controller]: Bearing: -87.19°
[controller-2] [INFO] [1744576541.300670216] [drone_home1.controller]: Going to [(29.639567, -82.361102)]: 6.13 meters
[controller-2] [INFO] [1744576541.399501342] [drone_home1.controller]: Bearing: -87.19°
[controller-2] [INFO] [1744576541.400439336] [drone_home1.controller]: Going to [(29.639567, -82.361102)]: 6.13 meters
[controller-2] [INFO] [1744576541.500414665] [drone_home1.controller]: Bearing: -87.19°
[controller-2] [INFO] [1744576541.502379004] [drone_home1.controller]: Going to [(29.639567, -82.361102)]: 6.13 meters
[controller-2] [INFO] [1744576541.600225769] [drone_home1.controller]: Bearing: -87.13°
[controller-2] [INFO] [1744576541.602933316] [drone_home1.controller]: Going to [(29.639567, -82.361102)]: 6.03 meters
[controller-2] [INFO] [1744576541.700395948] [drone_home1.controller]: Bearing: -87.13°
[controller-2] [INFO] [1744576541.701977212] [drone_home1.controller]: Going to [(29.639567, -82.361102)]: 6.03 meters
[controller-2] [INFO] [1744576541.800223980] [drone_home1.controller]: Bearing: -87.13°
[controller-2] [INFO] [1744576541.801768987] [drone_home1.controller]: Going to [(29.639567, -82.361102)]: 6.03 meters
[controller-2] [INFO] [1744576541.900409039] [drone_home1.controller]: Bearing: -87.13°
[controller-2] [INFO] [1744576541.902374083] [drone_home1.controller]: Going to [(29.639567, -82.361102)]: 6.03 meters
[controller-2] [INFO] [1744576542.000471794] [drone_home1.controller]: Bearing: -87.13°
[controller-2] [INFO] [1744576542.002209507] [drone_home1.controller]: Going to [(29.639567, -82.361102)]: 6.03 meters
[controller-2] [INFO] [1744576542.100210999] [drone_home1.controller]: Bearing: -87.13°
[controller-2] [INFO] [1744576542.102667120] [drone_home1.controller]: Going to [(29.639567, -82.361102)]: 6.03 meters
[controller-2] [INFO] [1744576542.200600260] [drone_home1.controller]: Bearing: -87.13°
[controller-2] [INFO] [1744576542.202823418] [drone_home1.controller]: Going to [(29.639567, -82.361102)]: 6.03 meters
[controller-2] [INFO] [1744576542.300273161] [drone_home1.controller]: Bearing: -87.13°
[controller-2] [INFO] [1744576542.301864889] [drone_home1.controller]: Going to [(29.639567, -82.361102)]: 6.03 meters
[controller-2] [INFO] [1744576542.399459370] [drone_home1.controller]: Bearing: -87.13°
[controller-2] [INFO] [1744576542.400381075] [drone_home1.controller]: Going to [(29.639567, -82.361102)]: 6.03 meters
[controller-2] [INFO] [1744576542.500369212] [drone_home1.controller]: Bearing: -87.13°
[controller-2] [INFO] [1744576542.501955467] [drone_home1.controller]: Going to [(29.639567, -82.361102)]: 6.03 meters
[controller-2] [INFO] [1744576542.599631901] [drone_home1.controller]: Bearing: -87.13°
[controller-2] [INFO] [1744576542.600629223] [drone_home1.controller]: Going to [(29.639567, -82.361102)]: 6.03 meters
[controller-2] [INFO] [1744576542.699877768] [drone_home1.controller]: Bearing: -87.13°
[controller-2] [INFO] [1744576542.701119508] [drone_home1.controller]: Going to [(29.639567, -82.361102)]: 6.03 meters
[controller-2] [INFO] [1744576542.799579502] [drone_home1.controller]: Bearing: -87.13°
[controller-2] [INFO] [1744576542.800590712] [drone_home1.controller]: Going to [(29.639567, -82.361102)]: 6.03 meters
[controller-2] [INFO] [1744576542.899636855] [drone_home1.controller]: Bearing: -87.13°
[controller-2] [INFO] [1744576542.900646337] [drone_home1.controller]: Going to [(29.639567, -82.361102)]: 6.03 meters
[controller-2] [INFO] [1744576542.999519102] [drone_home1.controller]: Bearing: -87.13°
[controller-2] [INFO] [1744576543.000506440] [drone_home1.controller]: Going to [(29.639567, -82.361102)]: 6.03 meters
[controller-2] [INFO] [1744576543.100314838] [drone_home1.controller]: Bearing: -87.13°
[controller-2] [INFO] [1744576543.102723470] [drone_home1.controller]: Going to [(29.639567, -82.361102)]: 6.03 meters
[controller-2] [INFO] [1744576543.200416070] [drone_home1.controller]: Bearing: -87.13°
[controller-2] [INFO] [1744576543.202031831] [drone_home1.controller]: Going to [(29.639567, -82.361102)]: 6.03 meters
[controller-2] [INFO] [1744576543.299536845] [drone_home1.controller]: Bearing: -87.13°
[controller-2] [INFO] [1744576543.300501879] [drone_home1.controller]: Going to [(29.639567, -82.361102)]: 6.03 meters
[controller-2] [INFO] [1744576543.399490300] [drone_home1.controller]: Bearing: -87.02°
[controller-2] [INFO] [1744576543.400569287] [drone_home1.controller]: Going to [(29.639567, -82.361102)]: 5.81 meters
[controller-2] [INFO] [1744576543.499575117] [drone_home1.controller]: Bearing: -87.02°
[controller-2] [INFO] [1744576543.500659960] [drone_home1.controller]: Going to [(29.639567, -82.361102)]: 5.81 meters
[controller-2] [INFO] [1744576543.599441275] [drone_home1.controller]: Bearing: -87.02°
[controller-2] [INFO] [1744576543.600629383] [drone_home1.controller]: Going to [(29.639567, -82.361102)]: 5.81 meters
[controller-2] [INFO] [1744576543.699618124] [drone_home1.controller]: Bearing: -87.02°
[controller-2] [INFO] [1744576543.700616246] [drone_home1.controller]: Going to [(29.639567, -82.361102)]: 5.81 meters
[controller-2] [INFO] [1744576543.800601350] [drone_home1.controller]: Bearing: -87.02°
[controller-2] [INFO] [1744576543.804357580] [drone_home1.controller]: Going to [(29.639567, -82.361102)]: 5.81 meters
[controller-2] [INFO] [1744576543.900152721] [drone_home1.controller]: Bearing: -87.02°
[controller-2] [INFO] [1744576543.902306695] [drone_home1.controller]: Going to [(29.639567, -82.361102)]: 5.81 meters
[controller-2] [INFO] [1744576544.000163393] [drone_home1.controller]: Bearing: -87.02°
[controller-2] [INFO] [1744576544.001757489] [drone_home1.controller]: Going to [(29.639567, -82.361102)]: 5.81 meters
[controller-2] [INFO] [1744576544.099460400] [drone_home1.controller]: Bearing: -87.02°
[controller-2] [INFO] [1744576544.100466618] [drone_home1.controller]: Going to [(29.639567, -82.361102)]: 5.81 meters
[controller-2] [INFO] [1744576544.200726195] [drone_home1.controller]: Bearing: -87.02°
[controller-2] [INFO] [1744576544.202311971] [drone_home1.controller]: Going to [(29.639567, -82.361102)]: 5.81 meters
[controller-2] [INFO] [1744576544.300374950] [drone_home1.controller]: Bearing: -87.02°
[controller-2] [INFO] [1744576544.301905046] [drone_home1.controller]: Going to [(29.639567, -82.361102)]: 5.81 meters
[controller-2] [INFO] [1744576544.399678038] [drone_home1.controller]: Bearing: -87.02°
[controller-2] [INFO] [1744576544.400751201] [drone_home1.controller]: Going to [(29.639567, -82.361102)]: 5.81 meters
[controller-2] [INFO] [1744576544.499431338] [drone_home1.controller]: Bearing: -87.02°
[controller-2] [INFO] [1744576544.500395604] [drone_home1.controller]: Going to [(29.639567, -82.361102)]: 5.81 meters
[controller-2] [INFO] [1744576544.599689635] [drone_home1.controller]: Bearing: -87.02°
[controller-2] [INFO] [1744576544.600717581] [drone_home1.controller]: Going to [(29.639567, -82.361102)]: 5.81 meters
[controller-2] [INFO] [1744576544.699647513] [drone_home1.controller]: Bearing: -86.79°
[controller-2] [INFO] [1744576544.700641635] [drone_home1.controller]: Going to [(29.639567, -82.361102)]: 5.83 meters
[controller-2] [INFO] [1744576544.799725841] [drone_home1.controller]: Bearing: -86.79°
[controller-2] [INFO] [1744576544.800771291] [drone_home1.controller]: Going to [(29.639567, -82.361102)]: 5.83 meters
[controller-2] [INFO] [1744576544.899754855] [drone_home1.controller]: Bearing: -86.79°
[controller-2] [INFO] [1744576544.901802748] [drone_home1.controller]: Going to [(29.639567, -82.361102)]: 5.83 meters
[controller-2] [INFO] [1744576544.999519644] [drone_home1.controller]: Bearing: -86.79°
[controller-2] [INFO] [1744576545.000493925] [drone_home1.controller]: Going to [(29.639567, -82.361102)]: 5.83 meters
[controller-2] [INFO] [1744576545.100900967] [drone_home1.controller]: Bearing: -86.79°
[controller-2] [INFO] [1744576545.102499415] [drone_home1.controller]: Going to [(29.639567, -82.361102)]: 5.83 meters
[controller-2] [INFO] [1744576545.199513014] [drone_home1.controller]: Bearing: -86.79°
[controller-2] [INFO] [1744576545.200462976] [drone_home1.controller]: Going to [(29.639567, -82.361102)]: 5.83 meters
[controller-2] [INFO] [1744576545.300225659] [drone_home1.controller]: Bearing: -86.79°
[controller-2] [INFO] [1744576545.301768267] [drone_home1.controller]: Going to [(29.639567, -82.361102)]: 5.83 meters
[controller-2] [INFO] [1744576545.400208344] [drone_home1.controller]: Bearing: -86.79°
[controller-2] [INFO] [1744576545.401628135] [drone_home1.controller]: Going to [(29.639567, -82.361102)]: 5.83 meters
[controller-2] [INFO] [1744576545.499400398] [drone_home1.controller]: Bearing: -86.79°
[controller-2] [INFO] [1744576545.500508537] [drone_home1.controller]: Going to [(29.639567, -82.361102)]: 5.83 meters
[controller-2] [INFO] [1744576545.600441110] [drone_home1.controller]: Bearing: -86.79°
[controller-2] [INFO] [1744576545.601593698] [drone_home1.controller]: Going to [(29.639567, -82.361102)]: 5.83 meters
[controller-2] [INFO] [1744576545.700461812] [drone_home1.controller]: Bearing: -86.79°
[controller-2] [INFO] [1744576545.702096580] [drone_home1.controller]: Going to [(29.639567, -82.361102)]: 5.83 meters
[controller-2] [INFO] [1744576545.800175278] [drone_home1.controller]: Bearing: -86.79°
[controller-2] [INFO] [1744576545.801946080] [drone_home1.controller]: Going to [(29.639567, -82.361102)]: 5.83 meters
[controller-2] [INFO] [1744576545.899625766] [drone_home1.controller]: Bearing: -86.79°
[controller-2] [INFO] [1744576545.900893043] [drone_home1.controller]: Going to [(29.639567, -82.361102)]: 5.83 meters
[controller-2] [INFO] [1744576545.999534691] [drone_home1.controller]: Bearing: -86.79°
[controller-2] [INFO] [1744576546.000650030] [drone_home1.controller]: Going to [(29.639567, -82.361102)]: 5.83 meters
[controller-2] [INFO] [1744576546.100209838] [drone_home1.controller]: Bearing: -86.79°
[controller-2] [INFO] [1744576546.101810910] [drone_home1.controller]: Going to [(29.639567, -82.361102)]: 5.83 meters
[controller-2] [INFO] [1744576546.200263923] [drone_home1.controller]: Bearing: -86.79°
[controller-2] [INFO] [1744576546.201886660] [drone_home1.controller]: Going to [(29.639567, -82.361102)]: 5.83 meters
[controller-2] [INFO] [1744576546.300022389] [drone_home1.controller]: Bearing: -86.79°
[controller-2] [INFO] [1744576546.301575621] [drone_home1.controller]: Going to [(29.639567, -82.361102)]: 5.83 meters
[controller-2] [INFO] [1744576546.400109754] [drone_home1.controller]: Bearing: -86.79°
[controller-2] [INFO] [1744576546.401664394] [drone_home1.controller]: Going to [(29.639567, -82.361102)]: 5.83 meters
[controller-2] [INFO] [1744576546.500092990] [drone_home1.controller]: Bearing: -86.79°
[controller-2] [INFO] [1744576546.501654767] [drone_home1.controller]: Going to [(29.639567, -82.361102)]: 5.83 meters
[controller-2] [INFO] [1744576546.600644777] [drone_home1.controller]: Bearing: -86.79°
[controller-2] [INFO] [1744576546.602250169] [drone_home1.controller]: Going to [(29.639567, -82.361102)]: 5.83 meters
[controller-2] [INFO] [1744576546.700352138] [drone_home1.controller]: Bearing: -86.79°
[controller-2] [INFO] [1744576546.701927642] [drone_home1.controller]: Going to [(29.639567, -82.361102)]: 5.83 meters
[controller-2] [INFO] [1744576546.799483942] [drone_home1.controller]: Bearing: -86.79°
[controller-2] [INFO] [1744576546.800457392] [drone_home1.controller]: Going to [(29.639567, -82.361102)]: 5.83 meters
[controller-2] [INFO] [1744576546.900317171] [drone_home1.controller]: Bearing: -86.79°
[controller-2] [INFO] [1744576546.901871747] [drone_home1.controller]: Going to [(29.639567, -82.361102)]: 5.83 meters
[controller-2] [INFO] [1744576547.000400216] [drone_home1.controller]: Bearing: -86.79°
[controller-2] [INFO] [1744576547.002204939] [drone_home1.controller]: Going to [(29.639567, -82.361102)]: 5.83 meters
[controller-2] [INFO] [1744576547.100670374] [drone_home1.controller]: Bearing: -86.79°
[controller-2] [INFO] [1744576547.102386040] [drone_home1.controller]: Going to [(29.639567, -82.361102)]: 5.83 meters
[controller-2] [INFO] [1744576547.200481615] [drone_home1.controller]: Bearing: -86.79°
[controller-2] [INFO] [1744576547.202514788] [drone_home1.controller]: Going to [(29.639567, -82.361102)]: 5.83 meters
[controller-2] [INFO] [1744576547.300081495] [drone_home1.controller]: Bearing: -86.79°
[controller-2] [INFO] [1744576547.301651143] [drone_home1.controller]: Going to [(29.639567, -82.361102)]: 5.83 meters
[controller-2] [INFO] [1744576547.400091874] [drone_home1.controller]: Bearing: -86.79°
[controller-2] [INFO] [1744576547.401664818] [drone_home1.controller]: Going to [(29.639567, -82.361102)]: 5.83 meters
[controller-2] [INFO] [1744576547.500439025] [drone_home1.controller]: Bearing: -86.79°
[controller-2] [INFO] [1744576547.502090946] [drone_home1.controller]: Going to [(29.639567, -82.361102)]: 5.83 meters
[controller-2] [INFO] [1744576547.600485949] [drone_home1.controller]: Bearing: -86.79°
[controller-2] [INFO] [1744576547.602102926] [drone_home1.controller]: Going to [(29.639567, -82.361102)]: 5.83 meters
[controller-2] [INFO] [1744576547.700373127] [drone_home1.controller]: Bearing: -86.79°
[controller-2] [INFO] [1744576547.701938743] [drone_home1.controller]: Going to [(29.639567, -82.361102)]: 5.83 meters
[controller-2] [INFO] [1744576547.800396339] [drone_home1.controller]: Bearing: -86.79°
[controller-2] [INFO] [1744576547.802007299] [drone_home1.controller]: Going to [(29.639567, -82.361102)]: 5.83 meters
[controller-2] [INFO] [1744576547.900212476] [drone_home1.controller]: Bearing: -86.66°
[controller-2] [INFO] [1744576547.901800301] [drone_home1.controller]: Going to [(29.639567, -82.361102)]: 5.61 meters
[controller-2] [INFO] [1744576548.000142535] [drone_home1.controller]: Bearing: -86.66°
[controller-2] [INFO] [1744576548.001768888] [drone_home1.controller]: Going to [(29.639567, -82.361102)]: 5.61 meters
[controller-2] [INFO] [1744576548.100439420] [drone_home1.controller]: Bearing: -86.66°
[controller-2] [INFO] [1744576548.102031437] [drone_home1.controller]: Going to [(29.639567, -82.361102)]: 5.61 meters
[controller-2] [INFO] [1744576548.200423182] [drone_home1.controller]: Bearing: -86.66°
[controller-2] [INFO] [1744576548.201995711] [drone_home1.controller]: Going to [(29.639567, -82.361102)]: 5.61 meters
[controller-2] [INFO] [1744576548.300435713] [drone_home1.controller]: Bearing: -86.66°
[controller-2] [INFO] [1744576548.302021425] [drone_home1.controller]: Going to [(29.639567, -82.361102)]: 5.61 meters
[controller-2] [INFO] [1744576548.399807564] [drone_home1.controller]: Bearing: -86.19°
[controller-2] [INFO] [1744576548.401465438] [drone_home1.controller]: Going to [(29.639567, -82.361102)]: 5.66 meters
[controller-2] [INFO] [1744576548.501090060] [drone_home1.controller]: Bearing: -86.19°
[controller-2] [INFO] [1744576548.502867775] [drone_home1.controller]: Going to [(29.639567, -82.361102)]: 5.66 meters
[controller-2] [INFO] [1744576548.599768433] [drone_home1.controller]: Bearing: -86.19°
[controller-2] [INFO] [1744576548.600898684] [drone_home1.controller]: Going to [(29.639567, -82.361102)]: 5.66 meters
[controller-2] [INFO] [1744576548.699604673] [drone_home1.controller]: Bearing: -86.19°
[controller-2] [INFO] [1744576548.700742605] [drone_home1.controller]: Going to [(29.639567, -82.361102)]: 5.66 meters
[controller-2] [INFO] [1744576548.800335355] [drone_home1.controller]: Bearing: -86.19°
[controller-2] [INFO] [1744576548.802044269] [drone_home1.controller]: Going to [(29.639567, -82.361102)]: 5.66 meters
[controller-2] [INFO] [1744576548.899525317] [drone_home1.controller]: Bearing: -86.19°
[controller-2] [INFO] [1744576548.900935380] [drone_home1.controller]: Going to [(29.639567, -82.361102)]: 5.66 meters
[controller-2] [INFO] [1744576549.000425921] [drone_home1.controller]: Bearing: -86.19°
[controller-2] [INFO] [1744576549.002766681] [drone_home1.controller]: Going to [(29.639567, -82.361102)]: 5.66 meters
[controller-2] [INFO] [1744576549.100468602] [drone_home1.controller]: Bearing: -85.62°
[controller-2] [INFO] [1744576549.102102635] [drone_home1.controller]: Going to [(29.639567, -82.361102)]: 5.61 meters
[controller-2] [INFO] [1744576549.200316306] [drone_home1.controller]: Bearing: -85.62°
[controller-2] [INFO] [1744576549.202263174] [drone_home1.controller]: Going to [(29.639567, -82.361102)]: 5.61 meters
[controller-2] [INFO] [1744576549.299987847] [drone_home1.controller]: Bearing: -85.62°
[controller-2] [INFO] [1744576549.301131923] [drone_home1.controller]: Going to [(29.639567, -82.361102)]: 5.61 meters
[controller-2] [INFO] [1744576549.400458085] [drone_home1.controller]: Bearing: -85.62°
[controller-2] [INFO] [1744576549.402570876] [drone_home1.controller]: Going to [(29.639567, -82.361102)]: 5.61 meters
[controller-2] [INFO] [1744576549.500507679] [drone_home1.controller]: Bearing: -85.62°
[controller-2] [INFO] [1744576549.502684630] [drone_home1.controller]: Going to [(29.639567, -82.361102)]: 5.61 meters
[controller-2] [INFO] [1744576549.600604185] [drone_home1.controller]: Bearing: -85.62°
[controller-2] [INFO] [1744576549.602242187] [drone_home1.controller]: Going to [(29.639567, -82.361102)]: 5.61 meters
[controller-2] [INFO] [1744576549.699569480] [drone_home1.controller]: Bearing: -85.43°
[controller-2] [INFO] [1744576549.702438918] [drone_home1.controller]: Going to [(29.639567, -82.361102)]: 5.40 meters
[controller-2] [INFO] [1744576549.800166855] [drone_home1.controller]: Bearing: -85.43°
[controller-2] [INFO] [1744576549.802063291] [drone_home1.controller]: Going to [(29.639567, -82.361102)]: 5.40 meters
[controller-2] [INFO] [1744576549.900287714] [drone_home1.controller]: Bearing: -85.43°
[controller-2] [INFO] [1744576549.902062548] [drone_home1.controller]: Going to [(29.639567, -82.361102)]: 5.40 meters
[controller-2] [INFO] [1744576550.000274619] [drone_home1.controller]: Bearing: -85.43°
[controller-2] [INFO] [1744576550.002258607] [drone_home1.controller]: Going to [(29.639567, -82.361102)]: 5.40 meters
[controller-2] [INFO] [1744576550.099489394] [drone_home1.controller]: Bearing: -85.43°
[controller-2] [INFO] [1744576550.100450108] [drone_home1.controller]: Going to [(29.639567, -82.361102)]: 5.40 meters
[controller-2] [INFO] [1744576550.199786293] [drone_home1.controller]: Bearing: -85.43°
[controller-2] [INFO] [1744576550.200865153] [drone_home1.controller]: Going to [(29.639567, -82.361102)]: 5.40 meters
[controller-2] [INFO] [1744576550.299403473] [drone_home1.controller]: Bearing: -85.23°
[controller-2] [INFO] [1744576550.300318619] [drone_home1.controller]: Going to [(29.639567, -82.361102)]: 5.19 meters
[controller-2] [INFO] [1744576550.399571859] [drone_home1.controller]: Bearing: -85.23°
[controller-2] [INFO] [1744576550.400897057] [drone_home1.controller]: Going to [(29.639567, -82.361102)]: 5.19 meters
[controller-2] [INFO] [1744576550.499654292] [drone_home1.controller]: Bearing: -85.23°
[controller-2] [INFO] [1744576550.500716383] [drone_home1.controller]: Going to [(29.639567, -82.361102)]: 5.19 meters
[controller-2] [INFO] [1744576550.599802454] [drone_home1.controller]: Bearing: -85.23°
[controller-2] [INFO] [1744576550.600853601] [drone_home1.controller]: Going to [(29.639567, -82.361102)]: 5.19 meters
[controller-2] [INFO] [1744576550.699685621] [drone_home1.controller]: Bearing: -85.23°
[controller-2] [INFO] [1744576550.700680287] [drone_home1.controller]: Going to [(29.639567, -82.361102)]: 5.19 meters
[controller-2] [INFO] [1744576550.799508755] [drone_home1.controller]: Bearing: -85.23°
[controller-2] [INFO] [1744576550.800758144] [drone_home1.controller]: Going to [(29.639567, -82.361102)]: 5.19 meters
[controller-2] [INFO] [1744576550.899639476] [drone_home1.controller]: Bearing: -85.23°
[controller-2] [INFO] [1744576550.900986115] [drone_home1.controller]: Going to [(29.639567, -82.361102)]: 5.19 meters
[controller-2] [INFO] [1744576550.999547315] [drone_home1.controller]: Bearing: -85.23°
[controller-2] [INFO] [1744576551.000618047] [drone_home1.controller]: Going to [(29.639567, -82.361102)]: 5.19 meters
[controller-2] [INFO] [1744576551.099769116] [drone_home1.controller]: Bearing: -85.23°
[controller-2] [INFO] [1744576551.100861512] [drone_home1.controller]: Going to [(29.639567, -82.361102)]: 5.19 meters
[controller-2] [INFO] [1744576551.199574657] [drone_home1.controller]: Bearing: -85.23°
[controller-2] [INFO] [1744576551.200540812] [drone_home1.controller]: Going to [(29.639567, -82.361102)]: 5.19 meters
[controller-2] [INFO] [1744576551.299387110] [drone_home1.controller]: Bearing: -85.23°
[controller-2] [INFO] [1744576551.301242650] [drone_home1.controller]: Going to [(29.639567, -82.361102)]: 5.19 meters
[controller-2] [INFO] [1744576551.400074709] [drone_home1.controller]: Bearing: -85.23°
[controller-2] [INFO] [1744576551.401863464] [drone_home1.controller]: Going to [(29.639567, -82.361102)]: 5.19 meters
[controller-2] [INFO] [1744576551.499648119] [drone_home1.controller]: Bearing: -85.23°
[controller-2] [INFO] [1744576551.500673730] [drone_home1.controller]: Going to [(29.639567, -82.361102)]: 5.19 meters
[controller-2] [INFO] [1744576551.600421062] [drone_home1.controller]: Bearing: -85.23°
[controller-2] [INFO] [1744576551.601378704] [drone_home1.controller]: Going to [(29.639567, -82.361102)]: 5.19 meters
[controller-2] [INFO] [1744576551.700174346] [drone_home1.controller]: Bearing: -85.23°
[controller-2] [INFO] [1744576551.701292150] [drone_home1.controller]: Going to [(29.639567, -82.361102)]: 5.19 meters
[controller-2] [INFO] [1744576551.799566123] [drone_home1.controller]: Bearing: -85.23°
[controller-2] [INFO] [1744576551.800644310] [drone_home1.controller]: Going to [(29.639567, -82.361102)]: 5.19 meters
[controller-2] [INFO] [1744576551.899661459] [drone_home1.controller]: Bearing: -85.23°
[controller-2] [INFO] [1744576551.900706206] [drone_home1.controller]: Going to [(29.639567, -82.361102)]: 5.19 meters
[controller-2] [INFO] [1744576551.999560281] [drone_home1.controller]: Bearing: -85.23°
[controller-2] [INFO] [1744576552.000608740] [drone_home1.controller]: Going to [(29.639567, -82.361102)]: 5.19 meters
[controller-2] [INFO] [1744576552.099484421] [drone_home1.controller]: Bearing: -85.23°
[controller-2] [INFO] [1744576552.100462640] [drone_home1.controller]: Going to [(29.639567, -82.361102)]: 5.19 meters
[controller-2] [INFO] [1744576552.199604885] [drone_home1.controller]: Bearing: -85.12°
[controller-2] [INFO] [1744576552.200865186] [drone_home1.controller]: Going to [(29.639567, -82.361102)]: 5.09 meters
[controller-2] [INFO] [1744576552.300446859] [drone_home1.controller]: Bearing: -85.23°
[controller-2] [INFO] [1744576552.302915718] [drone_home1.controller]: Going to [(29.639567, -82.361102)]: 5.19 meters
[controller-2] [INFO] [1744576552.400203542] [drone_home1.controller]: Bearing: -85.23°
[controller-2] [INFO] [1744576552.401100832] [drone_home1.controller]: Going to [(29.639567, -82.361102)]: 5.19 meters
[controller-2] [INFO] [1744576552.500693738] [drone_home1.controller]: Bearing: -85.23°
[controller-2] [INFO] [1744576552.502381564] [drone_home1.controller]: Going to [(29.639567, -82.361102)]: 5.19 meters
[controller-2] [INFO] [1744576552.599817902] [drone_home1.controller]: Bearing: -85.23°
[controller-2] [INFO] [1744576552.600856825] [drone_home1.controller]: Going to [(29.639567, -82.361102)]: 5.19 meters
[controller-2] [INFO] [1744576552.699671514] [drone_home1.controller]: Bearing: -85.23°
[controller-2] [INFO] [1744576552.701198155] [drone_home1.controller]: Going to [(29.639567, -82.361102)]: 5.19 meters
[controller-2] [INFO] [1744576552.799520294] [drone_home1.controller]: Bearing: -85.23°
[controller-2] [INFO] [1744576552.800499633] [drone_home1.controller]: Going to [(29.639567, -82.361102)]: 5.19 meters
[controller-2] [INFO] [1744576552.899621237] [drone_home1.controller]: Bearing: -85.43°
[controller-2] [INFO] [1744576552.900628672] [drone_home1.controller]: Going to [(29.639567, -82.361102)]: 5.40 meters
[controller-2] [INFO] [1744576552.999568610] [drone_home1.controller]: Bearing: -85.18°
[controller-2] [INFO] [1744576553.000584557] [drone_home1.controller]: Going to [(29.639567, -82.361102)]: 5.43 meters
[controller-2] [INFO] [1744576553.099705080] [drone_home1.controller]: Bearing: -85.18°
[controller-2] [INFO] [1744576553.100873893] [drone_home1.controller]: Going to [(29.639567, -82.361102)]: 5.43 meters
[controller-2] [INFO] [1744576553.199770638] [drone_home1.controller]: Bearing: -85.18°
[controller-2] [INFO] [1744576553.200950458] [drone_home1.controller]: Going to [(29.639567, -82.361102)]: 5.43 meters
[controller-2] [INFO] [1744576553.300078854] [drone_home1.controller]: Bearing: -85.18°
[controller-2] [INFO] [1744576553.301171761] [drone_home1.controller]: Going to [(29.639567, -82.361102)]: 5.43 meters
[controller-2] [INFO] [1744576553.399567189] [drone_home1.controller]: Bearing: -85.18°
[controller-2] [INFO] [1744576553.400646080] [drone_home1.controller]: Going to [(29.639567, -82.361102)]: 5.43 meters
[controller-2] [INFO] [1744576553.500317329] [drone_home1.controller]: Bearing: -85.18°
[controller-2] [INFO] [1744576553.501940451] [drone_home1.controller]: Going to [(29.639567, -82.361102)]: 5.43 meters
[controller-2] [INFO] [1744576553.600394247] [drone_home1.controller]: Bearing: -85.18°
[controller-2] [INFO] [1744576553.602007128] [drone_home1.controller]: Going to [(29.639567, -82.361102)]: 5.43 meters
[controller-2] [INFO] [1744576553.700321531] [drone_home1.controller]: Bearing: -85.18°
[controller-2] [INFO] [1744576553.701953420] [drone_home1.controller]: Going to [(29.639567, -82.361102)]: 5.43 meters
[controller-2] [INFO] [1744576553.799532551] [drone_home1.controller]: Bearing: -85.18°
[controller-2] [INFO] [1744576553.800500977] [drone_home1.controller]: Going to [(29.639567, -82.361102)]: 5.43 meters
[controller-2] [INFO] [1744576553.899468027] [drone_home1.controller]: Bearing: -85.18°
[controller-2] [INFO] [1744576553.900438821] [drone_home1.controller]: Going to [(29.639567, -82.361102)]: 5.43 meters
[controller-2] [INFO] [1744576553.999553104] [drone_home1.controller]: Bearing: -85.43°
[controller-2] [INFO] [1744576554.000958976] [drone_home1.controller]: Going to [(29.639567, -82.361102)]: 5.40 meters
[controller-2] [INFO] [1744576554.099423370] [drone_home1.controller]: Bearing: -85.43°
[controller-2] [INFO] [1744576554.100330612] [drone_home1.controller]: Going to [(29.639567, -82.361102)]: 5.40 meters
[controller-2] [INFO] [1744576554.199761193] [drone_home1.controller]: Bearing: -85.43°
[controller-2] [INFO] [1744576554.200806997] [drone_home1.controller]: Going to [(29.639567, -82.361102)]: 5.40 meters
[controller-2] [INFO] [1744576554.299491170] [drone_home1.controller]: Bearing: -85.43°
[controller-2] [INFO] [1744576554.300488525] [drone_home1.controller]: Going to [(29.639567, -82.361102)]: 5.40 meters
[controller-2] [INFO] [1744576554.399912258] [drone_home1.controller]: Bearing: -85.43°
[controller-2] [INFO] [1744576554.400967821] [drone_home1.controller]: Going to [(29.639567, -82.361102)]: 5.40 meters
[controller-2] [INFO] [1744576554.499674107] [drone_home1.controller]: Bearing: -85.43°
[controller-2] [INFO] [1744576554.500694854] [drone_home1.controller]: Going to [(29.639567, -82.361102)]: 5.40 meters
[controller-2] [INFO] [1744576554.599586741] [drone_home1.controller]: Bearing: -85.43°
[controller-2] [INFO] [1744576554.600555392] [drone_home1.controller]: Going to [(29.639567, -82.361102)]: 5.40 meters
[controller-2] [INFO] [1744576554.699537552] [drone_home1.controller]: Bearing: -85.43°
[controller-2] [INFO] [1744576554.700545179] [drone_home1.controller]: Going to [(29.639567, -82.361102)]: 5.40 meters
[controller-2] [INFO] [1744576554.800446614] [drone_home1.controller]: Bearing: -85.43°
[controller-2] [INFO] [1744576554.802082791] [drone_home1.controller]: Going to [(29.639567, -82.361102)]: 5.40 meters
[controller-2] [INFO] [1744576554.900328240] [drone_home1.controller]: Bearing: -85.43°
[controller-2] [INFO] [1744576554.901903553] [drone_home1.controller]: Going to [(29.639567, -82.361102)]: 5.40 meters
[controller-2] [INFO] [1744576555.000527053] [drone_home1.controller]: Bearing: -85.43°
[controller-2] [INFO] [1744576555.002182975] [drone_home1.controller]: Going to [(29.639567, -82.361102)]: 5.40 meters
[controller-2] [INFO] [1744576555.100556784] [drone_home1.controller]: Bearing: -85.94°
[controller-2] [INFO] [1744576555.102121633] [drone_home1.controller]: Going to [(29.639567, -82.361102)]: 5.34 meters
[controller-2] [INFO] [1744576555.200900726] [drone_home1.controller]: Bearing: -85.76°
[controller-2] [INFO] [1744576555.202552104] [drone_home1.controller]: Going to [(29.639567, -82.361102)]: 5.13 meters
[controller-2] [INFO] [1744576555.299778636] [drone_home1.controller]: Bearing: -85.76°
[controller-2] [INFO] [1744576555.300787607] [drone_home1.controller]: Going to [(29.639567, -82.361102)]: 5.13 meters
[controller-2] [INFO] [1744576555.400663064] [drone_home1.controller]: Bearing: -85.76°
[controller-2] [INFO] [1744576555.402288105] [drone_home1.controller]: Going to [(29.639567, -82.361102)]: 5.13 meters
[controller-2] [INFO] [1744576555.500576697] [drone_home1.controller]: Bearing: -85.76°
[controller-2] [INFO] [1744576555.502366477] [drone_home1.controller]: Going to [(29.639567, -82.361102)]: 5.13 meters
[controller-2] [INFO] [1744576555.600410874] [drone_home1.controller]: Bearing: -85.76°
[controller-2] [INFO] [1744576555.602051755] [drone_home1.controller]: Going to [(29.639567, -82.361102)]: 5.13 meters
[controller-2] [INFO] [1744576555.699624979] [drone_home1.controller]: Bearing: -85.76°
[controller-2] [INFO] [1744576555.700596862] [drone_home1.controller]: Going to [(29.639567, -82.361102)]: 5.13 meters
[controller-2] [INFO] [1744576555.799371923] [drone_home1.controller]: Bearing: -85.76°
[controller-2] [INFO] [1744576555.800274141] [drone_home1.controller]: Going to [(29.639567, -82.361102)]: 5.13 meters
[controller-2] [INFO] [1744576555.899424790] [drone_home1.controller]: Bearing: -85.76°
[controller-2] [INFO] [1744576555.900407456] [drone_home1.controller]: Going to [(29.639567, -82.361102)]: 5.13 meters
[controller-2] [INFO] [1744576555.999992670] [drone_home1.controller]: Bearing: -85.76°
[controller-2] [INFO] [1744576556.000954953] [drone_home1.controller]: Going to [(29.639567, -82.361102)]: 5.13 meters
[controller-2] [INFO] [1744576556.099413313] [drone_home1.controller]: Bearing: -86.28°
[controller-2] [INFO] [1744576556.100687055] [drone_home1.controller]: Going to [(29.639567, -82.361102)]: 5.08 meters
[controller-2] [INFO] [1744576556.200311476] [drone_home1.controller]: Bearing: -86.28°
[controller-2] [INFO] [1744576556.202874448] [drone_home1.controller]: Going to [(29.639567, -82.361102)]: 5.08 meters
[controller-2] [INFO] [1744576556.300387901] [drone_home1.controller]: Bearing: -86.28°
[controller-2] [INFO] [1744576556.302269330] [drone_home1.controller]: Going to [(29.639567, -82.361102)]: 5.08 meters
[controller-2] [INFO] [1744576556.399654335] [drone_home1.controller]: Bearing: -86.28°
[controller-2] [INFO] [1744576556.400632521] [drone_home1.controller]: Going to [(29.639567, -82.361102)]: 5.08 meters
[controller-2] [INFO] [1744576556.499552358] [drone_home1.controller]: Bearing: -86.47°
[controller-2] [INFO] [1744576556.500518193] [drone_home1.controller]: Going to [(29.639567, -82.361102)]: 4.94 meters
[controller-2] [INFO] [1744576556.600464154] [drone_home1.controller]: Bearing: -86.47°
[controller-2] [INFO] [1744576556.602042059] [drone_home1.controller]: Going to [(29.639567, -82.361102)]: 4.94 meters
[controller-2] [INFO] [1744576556.699503576] [drone_home1.controller]: Bearing: -86.47°
[controller-2] [INFO] [1744576556.700449027] [drone_home1.controller]: Going to [(29.639567, -82.361102)]: 4.94 meters
[controller-2] [INFO] [1744576556.799529185] [drone_home1.controller]: Bearing: -86.47°
[controller-2] [INFO] [1744576556.800467276] [drone_home1.controller]: Going to [(29.639567, -82.361102)]: 4.94 meters
[controller-2] [INFO] [1744576556.899427721] [drone_home1.controller]: Bearing: -86.47°
[controller-2] [INFO] [1744576556.900376852] [drone_home1.controller]: Going to [(29.639567, -82.361102)]: 4.94 meters
[controller-2] [INFO] [1744576557.000317436] [drone_home1.controller]: Bearing: -86.47°
[controller-2] [INFO] [1744576557.001907214] [drone_home1.controller]: Going to [(29.639567, -82.361102)]: 4.94 meters
[controller-2] [INFO] [1744576557.100293772] [drone_home1.controller]: Bearing: -86.47°
[controller-2] [INFO] [1744576557.101892509] [drone_home1.controller]: Going to [(29.639567, -82.361102)]: 4.94 meters
[controller-2] [INFO] [1744576557.199681749] [drone_home1.controller]: Bearing: -86.47°
[controller-2] [INFO] [1744576557.200959203] [drone_home1.controller]: Going to [(29.639567, -82.361102)]: 4.94 meters
[controller-2] [INFO] [1744576557.300991283] [drone_home1.controller]: Bearing: -86.47°
[controller-2] [INFO] [1744576557.302011582] [drone_home1.controller]: Going to [(29.639567, -82.361102)]: 4.94 meters
[controller-2] [INFO] [1744576557.400515934] [drone_home1.controller]: Bearing: -86.47°
[controller-2] [INFO] [1744576557.402113071] [drone_home1.controller]: Going to [(29.639567, -82.361102)]: 4.94 meters
[controller-2] [INFO] [1744576557.500412429] [drone_home1.controller]: Bearing: -86.47°
[controller-2] [INFO] [1744576557.502006046] [drone_home1.controller]: Going to [(29.639567, -82.361102)]: 4.94 meters
[controller-2] [INFO] [1744576557.599965559] [drone_home1.controller]: Bearing: -86.47°
[controller-2] [INFO] [1744576557.601487272] [drone_home1.controller]: Going to [(29.639567, -82.361102)]: 4.94 meters
[controller-2] [INFO] [1744576557.700806129] [drone_home1.controller]: Bearing: -86.47°
[controller-2] [INFO] [1744576557.702407554] [drone_home1.controller]: Going to [(29.639567, -82.361102)]: 4.94 meters
[controller-2] [INFO] [1744576557.799407089] [drone_home1.controller]: Bearing: -86.47°
[controller-2] [INFO] [1744576557.800343579] [drone_home1.controller]: Going to [(29.639567, -82.361102)]: 4.94 meters
[controller-2] [INFO] [1744576557.900144073] [drone_home1.controller]: Bearing: -86.47°
[controller-2] [INFO] [1744576557.901833948] [drone_home1.controller]: Going to [(29.639567, -82.361102)]: 4.94 meters
[controller-2] [INFO] [1744576558.000571902] [drone_home1.controller]: Bearing: -86.47°
[controller-2] [INFO] [1744576558.002525107] [drone_home1.controller]: Going to [(29.639567, -82.361102)]: 4.94 meters
[controller-2] [INFO] [1744576558.100213744] [drone_home1.controller]: Bearing: -86.47°
[controller-2] [INFO] [1744576558.102418377] [drone_home1.controller]: Going to [(29.639567, -82.361102)]: 4.94 meters
[controller-2] [INFO] [1744576558.199820130] [drone_home1.controller]: Bearing: -86.47°
[controller-2] [INFO] [1744576558.201202130] [drone_home1.controller]: Going to [(29.639567, -82.361102)]: 4.94 meters
[controller-2] [INFO] [1744576558.299534710] [drone_home1.controller]: Bearing: -86.47°
[controller-2] [INFO] [1744576558.300715683] [drone_home1.controller]: Going to [(29.639567, -82.361102)]: 4.94 meters
[controller-2] [INFO] [1744576558.399522060] [drone_home1.controller]: Bearing: -86.55°
[controller-2] [INFO] [1744576558.400451479] [drone_home1.controller]: Going to [(29.639567, -82.361102)]: 5.05 meters
[controller-2] [INFO] [1744576558.499601348] [drone_home1.controller]: Bearing: -86.55°
[controller-2] [INFO] [1744576558.500535950] [drone_home1.controller]: Going to [(29.639567, -82.361102)]: 5.05 meters
[controller-2] [INFO] [1744576558.599625595] [drone_home1.controller]: Bearing: -86.55°
[controller-2] [INFO] [1744576558.600625478] [drone_home1.controller]: Going to [(29.639567, -82.361102)]: 5.05 meters
[controller-2] [INFO] [1744576558.700219864] [drone_home1.controller]: Bearing: -86.47°
[controller-2] [INFO] [1744576558.702267951] [drone_home1.controller]: Going to [(29.639567, -82.361102)]: 4.94 meters
[controller-2] [INFO] [1744576558.800280175] [drone_home1.controller]: Bearing: -86.28°
[controller-2] [INFO] [1744576558.801851041] [drone_home1.controller]: Going to [(29.639567, -82.361102)]: 5.08 meters
[controller-2] [INFO] [1744576558.900170213] [drone_home1.controller]: Bearing: -86.28°
[controller-2] [INFO] [1744576558.902441598] [drone_home1.controller]: Going to [(29.639567, -82.361102)]: 5.08 meters
[controller-2] [INFO] [1744576559.000154715] [drone_home1.controller]: Bearing: -86.28°
[controller-2] [INFO] [1744576559.002317235] [drone_home1.controller]: Going to [(29.639567, -82.361102)]: 5.08 meters
[controller-2] [INFO] [1744576559.100356731] [drone_home1.controller]: Bearing: -86.28°
[controller-2] [INFO] [1744576559.101977549] [drone_home1.controller]: Going to [(29.639567, -82.361102)]: 5.08 meters
[controller-2] [INFO] [1744576559.200724028] [drone_home1.controller]: Bearing: -86.47°
[controller-2] [INFO] [1744576559.202319790] [drone_home1.controller]: Going to [(29.639567, -82.361102)]: 4.94 meters
[controller-2] [INFO] [1744576559.301063741] [drone_home1.controller]: Bearing: -86.47°
[controller-2] [INFO] [1744576559.302908850] [drone_home1.controller]: Going to [(29.639567, -82.361102)]: 4.94 meters
[controller-2] [INFO] [1744576559.399677675] [drone_home1.controller]: Bearing: -86.47°
[controller-2] [INFO] [1744576559.400673430] [drone_home1.controller]: Going to [(29.639567, -82.361102)]: 4.94 meters
[controller-2] [INFO] [1744576559.499445734] [drone_home1.controller]: Bearing: -86.47°
[controller-2] [INFO] [1744576559.500755125] [drone_home1.controller]: Going to [(29.639567, -82.361102)]: 4.94 meters
[controller-2] [INFO] [1744576559.599417891] [drone_home1.controller]: Bearing: -86.47°
[controller-2] [INFO] [1744576559.600698290] [drone_home1.controller]: Going to [(29.639567, -82.361102)]: 4.94 meters
[controller-2] [INFO] [1744576559.699427201] [drone_home1.controller]: Bearing: -86.47°
[controller-2] [INFO] [1744576559.700625902] [drone_home1.controller]: Going to [(29.639567, -82.361102)]: 4.94 meters
[controller-2] [INFO] [1744576559.799427422] [drone_home1.controller]: Bearing: -86.55°
[controller-2] [INFO] [1744576559.800630316] [drone_home1.controller]: Going to [(29.639567, -82.361102)]: 5.05 meters
[controller-2] [INFO] [1744576559.899608350] [drone_home1.controller]: Bearing: -86.47°
[controller-2] [INFO] [1744576559.900586793] [drone_home1.controller]: Going to [(29.639567, -82.361102)]: 4.94 meters
[controller-2] [INFO] [1744576560.000333155] [drone_home1.controller]: Bearing: -86.47°
[controller-2] [INFO] [1744576560.002464379] [drone_home1.controller]: Going to [(29.639567, -82.361102)]: 4.94 meters
[controller-2] [INFO] [1744576560.099861506] [drone_home1.controller]: Bearing: -86.47°
[controller-2] [INFO] [1744576560.100970350] [drone_home1.controller]: Going to [(29.639567, -82.361102)]: 4.94 meters
[controller-2] [INFO] [1744576560.199747909] [drone_home1.controller]: Bearing: -86.47°
[controller-2] [INFO] [1744576560.200800432] [drone_home1.controller]: Going to [(29.639567, -82.361102)]: 4.94 meters
[controller-2] [INFO] [1744576560.300001708] [drone_home1.controller]: Bearing: -86.47°
[controller-2] [INFO] [1744576560.301659390] [drone_home1.controller]: Going to [(29.639567, -82.361102)]: 4.94 meters
[controller-2] [INFO] [1744576560.399471530] [drone_home1.controller]: Bearing: -86.47°
[controller-2] [INFO] [1744576560.400480277] [drone_home1.controller]: Going to [(29.639567, -82.361102)]: 4.94 meters
[controller-2] [INFO] [1744576560.499584143] [drone_home1.controller]: Bearing: -86.47°
[controller-2] [INFO] [1744576560.500722396] [drone_home1.controller]: Going to [(29.639567, -82.361102)]: 4.94 meters
[controller-2] [INFO] [1744576560.600242683] [drone_home1.controller]: Bearing: -86.47°
[controller-2] [INFO] [1744576560.601809356] [drone_home1.controller]: Going to [(29.639567, -82.361102)]: 4.94 meters
[controller-2] [INFO] [1744576560.700424609] [drone_home1.controller]: Bearing: -86.47°
[controller-2] [INFO] [1744576560.702156725] [drone_home1.controller]: Going to [(29.639567, -82.361102)]: 4.94 meters
[controller-2] [INFO] [1744576560.800783145] [drone_home1.controller]: Bearing: -86.47°
[controller-2] [INFO] [1744576560.802857665] [drone_home1.controller]: Going to [(29.639567, -82.361102)]: 4.94 meters
[controller-2] [INFO] [1744576560.900302024] [drone_home1.controller]: Bearing: -86.47°
[controller-2] [INFO] [1744576560.902216029] [drone_home1.controller]: Going to [(29.639567, -82.361102)]: 4.94 meters
[controller-2] [INFO] [1744576561.000292012] [drone_home1.controller]: Bearing: -86.47°
[controller-2] [INFO] [1744576561.001878110] [drone_home1.controller]: Going to [(29.639567, -82.361102)]: 4.94 meters
[controller-2] [INFO] [1744576561.100427608] [drone_home1.controller]: Bearing: -86.47°
[controller-2] [INFO] [1744576561.102050603] [drone_home1.controller]: Going to [(29.639567, -82.361102)]: 4.94 meters
[controller-2] [INFO] [1744576561.199811836] [drone_home1.controller]: Bearing: -86.30°
[controller-2] [INFO] [1744576561.200792935] [drone_home1.controller]: Going to [(29.639567, -82.361102)]: 4.73 meters
[controller-2] [INFO] [1744576561.301089813] [drone_home1.controller]: Bearing: -86.30°
[controller-2] [INFO] [1744576561.302741096] [drone_home1.controller]: Going to [(29.639567, -82.361102)]: 4.73 meters
[controller-2] [INFO] [1744576561.399413293] [drone_home1.controller]: Bearing: -86.87°
[controller-2] [INFO] [1744576561.400364120] [drone_home1.controller]: Going to [(29.639567, -82.361102)]: 4.68 meters
[controller-2] [INFO] [1744576561.500393763] [drone_home1.controller]: Bearing: -86.87°
[controller-2] [INFO] [1744576561.502287129] [drone_home1.controller]: Going to [(29.639567, -82.361102)]: 4.68 meters
[controller-2] [INFO] [1744576561.600276301] [drone_home1.controller]: Bearing: -86.87°
[controller-2] [INFO] [1744576561.601862751] [drone_home1.controller]: Going to [(29.639567, -82.361102)]: 4.68 meters
[controller-2] [INFO] [1744576561.699385870] [drone_home1.controller]: Bearing: -87.01°
[controller-2] [INFO] [1744576561.700303608] [drone_home1.controller]: Going to [(29.639567, -82.361102)]: 4.90 meters
[controller-2] [INFO] [1744576561.800322499] [drone_home1.controller]: Bearing: -87.01°
[controller-2] [INFO] [1744576561.801916693] [drone_home1.controller]: Going to [(29.639567, -82.361102)]: 4.90 meters
[controller-2] [INFO] [1744576561.900316046] [drone_home1.controller]: Bearing: -87.01°
[controller-2] [INFO] [1744576561.902725033] [drone_home1.controller]: Going to [(29.639567, -82.361102)]: 4.90 meters
[controller-2] [INFO] [1744576562.000523067] [drone_home1.controller]: Bearing: -87.01°
[controller-2] [INFO] [1744576562.002291215] [drone_home1.controller]: Going to [(29.639567, -82.361102)]: 4.90 meters
[controller-2] [INFO] [1744576562.100634350] [drone_home1.controller]: Bearing: -87.01°
[controller-2] [INFO] [1744576562.101940989] [drone_home1.controller]: Going to [(29.639567, -82.361102)]: 4.90 meters
[controller-2] [INFO] [1744576562.199590356] [drone_home1.controller]: Bearing: -87.01°
[controller-2] [INFO] [1744576562.201185990] [drone_home1.controller]: Going to [(29.639567, -82.361102)]: 4.90 meters
[controller-2] [INFO] [1744576562.300620881] [drone_home1.controller]: Bearing: -87.01°
[controller-2] [INFO] [1744576562.302198563] [drone_home1.controller]: Going to [(29.639567, -82.361102)]: 4.90 meters
[controller-2] [INFO] [1744576562.400174462] [drone_home1.controller]: Bearing: -87.01°
[controller-2] [INFO] [1744576562.401797904] [drone_home1.controller]: Going to [(29.639567, -82.361102)]: 4.90 meters
[controller-2] [INFO] [1744576562.500512691] [drone_home1.controller]: Bearing: -87.01°
[controller-2] [INFO] [1744576562.502094565] [drone_home1.controller]: Going to [(29.639567, -82.361102)]: 4.90 meters
[controller-2] [INFO] [1744576562.600259586] [drone_home1.controller]: Bearing: -87.01°
[controller-2] [INFO] [1744576562.601848788] [drone_home1.controller]: Going to [(29.639567, -82.361102)]: 4.90 meters
[controller-2] [INFO] [1744576562.700225683] [drone_home1.controller]: Bearing: -87.01°
[controller-2] [INFO] [1744576562.702250602] [drone_home1.controller]: Going to [(29.639567, -82.361102)]: 4.90 meters
[controller-2] [INFO] [1744576562.800287397] [drone_home1.controller]: Bearing: -87.01°
[controller-2] [INFO] [1744576562.801883320] [drone_home1.controller]: Going to [(29.639567, -82.361102)]: 4.90 meters
[controller-2] [INFO] [1744576562.900296471] [drone_home1.controller]: Bearing: -87.01°
[controller-2] [INFO] [1744576562.901247426] [drone_home1.controller]: Going to [(29.639567, -82.361102)]: 4.90 meters
[controller-2] [INFO] [1744576563.000207304] [drone_home1.controller]: Bearing: -87.55°
[controller-2] [INFO] [1744576563.001242004] [drone_home1.controller]: Going to [(29.639567, -82.361102)]: 4.86 meters
[controller-2] [INFO] [1744576563.100197728] [drone_home1.controller]: Bearing: -87.55°
[controller-2] [INFO] [1744576563.101067210] [drone_home1.controller]: Going to [(29.639567, -82.361102)]: 4.86 meters
[controller-2] [INFO] [1744576563.199661490] [drone_home1.controller]: Bearing: -87.55°
[controller-2] [INFO] [1744576563.200744574] [drone_home1.controller]: Going to [(29.639567, -82.361102)]: 4.86 meters
[controller-2] [INFO] [1744576563.300455155] [drone_home1.controller]: Bearing: -87.55°
[controller-2] [INFO] [1744576563.301973925] [drone_home1.controller]: Going to [(29.639567, -82.361102)]: 4.86 meters
[controller-2] [INFO] [1744576563.400364395] [drone_home1.controller]: Bearing: -87.55°
[controller-2] [INFO] [1744576563.401920476] [drone_home1.controller]: Going to [(29.639567, -82.361102)]: 4.86 meters
[controller-2] [INFO] [1744576563.499508697] [drone_home1.controller]: Bearing: -87.55°
[controller-2] [INFO] [1744576563.500446212] [drone_home1.controller]: Going to [(29.639567, -82.361102)]: 4.86 meters
[controller-2] [INFO] [1744576563.599475729] [drone_home1.controller]: Bearing: -87.55°
[controller-2] [INFO] [1744576563.600470364] [drone_home1.controller]: Going to [(29.639567, -82.361102)]: 4.86 meters
[controller-2] [INFO] [1744576563.700459701] [drone_home1.controller]: Bearing: -87.55°
[controller-2] [INFO] [1744576563.701361343] [drone_home1.controller]: Going to [(29.639567, -82.361102)]: 4.86 meters
[controller-2] [INFO] [1744576563.800090953] [drone_home1.controller]: Bearing: -87.55°
[controller-2] [INFO] [1744576563.801416184] [drone_home1.controller]: Going to [(29.639567, -82.361102)]: 4.86 meters
[controller-2] [INFO] [1744576563.899704861] [drone_home1.controller]: Bearing: -87.61°
[controller-2] [INFO] [1744576563.900708776] [drone_home1.controller]: Going to [(29.639567, -82.361102)]: 4.97 meters
[controller-2] [INFO] [1744576563.999615028] [drone_home1.controller]: Bearing: -87.61°
[controller-2] [INFO] [1744576564.000637056] [drone_home1.controller]: Going to [(29.639567, -82.361102)]: 4.97 meters
[controller-2] [INFO] [1744576564.099711476] [drone_home1.controller]: Bearing: -87.08°
[controller-2] [INFO] [1744576564.100683231] [drone_home1.controller]: Going to [(29.639567, -82.361102)]: 5.01 meters
[controller-2] [INFO] [1744576564.199574673] [drone_home1.controller]: Bearing: -87.08°
[controller-2] [INFO] [1744576564.200617693] [drone_home1.controller]: Going to [(29.639567, -82.361102)]: 5.01 meters
[controller-2] [INFO] [1744576564.300580732] [drone_home1.controller]: Bearing: -87.08°
[controller-2] [INFO] [1744576564.302154094] [drone_home1.controller]: Going to [(29.639567, -82.361102)]: 5.01 meters
[controller-2] [INFO] [1744576564.400205079] [drone_home1.controller]: Bearing: -87.08°
[controller-2] [INFO] [1744576564.401789065] [drone_home1.controller]: Going to [(29.639567, -82.361102)]: 5.01 meters
[controller-2] [INFO] [1744576564.500218966] [drone_home1.controller]: Bearing: -87.08°
[controller-2] [INFO] [1744576564.501760456] [drone_home1.controller]: Going to [(29.639567, -82.361102)]: 5.01 meters
[controller-2] [INFO] [1744576564.599468108] [drone_home1.controller]: Bearing: -87.08°
[controller-2] [INFO] [1744576564.600414231] [drone_home1.controller]: Going to [(29.639567, -82.361102)]: 5.01 meters
[controller-2] [INFO] [1744576564.699559820] [drone_home1.controller]: Bearing: -87.08°
[controller-2] [INFO] [1744576564.700866235] [drone_home1.controller]: Going to [(29.639567, -82.361102)]: 5.01 meters
[controller-2] [INFO] [1744576564.799343145] [drone_home1.controller]: Bearing: -87.08°
[controller-2] [INFO] [1744576564.800353268] [drone_home1.controller]: Going to [(29.639567, -82.361102)]: 5.01 meters
[controller-2] [INFO] [1744576564.899785773] [drone_home1.controller]: Bearing: -87.08°
[controller-2] [INFO] [1744576564.900900794] [drone_home1.controller]: Going to [(29.639567, -82.361102)]: 5.01 meters
[controller-2] [INFO] [1744576565.000025871] [drone_home1.controller]: Bearing: -87.08°
[controller-2] [INFO] [1744576565.001241309] [drone_home1.controller]: Going to [(29.639567, -82.361102)]: 5.01 meters
[controller-2] [INFO] [1744576565.099562255] [drone_home1.controller]: Bearing: -87.08°
[controller-2] [INFO] [1744576565.100591835] [drone_home1.controller]: Going to [(29.639567, -82.361102)]: 5.01 meters
[controller-2] [INFO] [1744576565.199558612] [drone_home1.controller]: Bearing: -87.08°
[controller-2] [INFO] [1744576565.200585248] [drone_home1.controller]: Going to [(29.639567, -82.361102)]: 5.01 meters
[controller-2] [INFO] [1744576565.299709820] [drone_home1.controller]: Bearing: -87.08°
[controller-2] [INFO] [1744576565.300794824] [drone_home1.controller]: Going to [(29.639567, -82.361102)]: 5.01 meters
[controller-2] [INFO] [1744576565.400359241] [drone_home1.controller]: Bearing: -87.08°
[controller-2] [INFO] [1744576565.401949308] [drone_home1.controller]: Going to [(29.639567, -82.361102)]: 5.01 meters
[controller-2] [INFO] [1744576565.499549189] [drone_home1.controller]: Bearing: -87.01°
[controller-2] [INFO] [1744576565.500496624] [drone_home1.controller]: Going to [(29.639567, -82.361102)]: 4.90 meters
[controller-2] [INFO] [1744576565.599432010] [drone_home1.controller]: Bearing: -87.01°
[controller-2] [INFO] [1744576565.600343764] [drone_home1.controller]: Going to [(29.639567, -82.361102)]: 4.90 meters
[controller-2] [INFO] [1744576565.699471568] [drone_home1.controller]: Bearing: -87.01°
[controller-2] [INFO] [1744576565.700483004] [drone_home1.controller]: Going to [(29.639567, -82.361102)]: 4.90 meters
[controller-2] [INFO] [1744576565.799445109] [drone_home1.controller]: Bearing: -87.01°
[controller-2] [INFO] [1744576565.800402528] [drone_home1.controller]: Going to [(29.639567, -82.361102)]: 4.90 meters
[controller-2] [INFO] [1744576565.899772991] [drone_home1.controller]: Bearing: -87.01°
[controller-2] [INFO] [1744576565.900745258] [drone_home1.controller]: Going to [(29.639567, -82.361102)]: 4.90 meters
[controller-2] [INFO] [1744576565.999568962] [drone_home1.controller]: Bearing: -87.01°
[controller-2] [INFO] [1744576566.000558190] [drone_home1.controller]: Going to [(29.639567, -82.361102)]: 4.90 meters
[controller-2] [INFO] [1744576566.099687728] [drone_home1.controller]: Bearing: -86.47°
[controller-2] [INFO] [1744576566.100818333] [drone_home1.controller]: Going to [(29.639567, -82.361102)]: 4.94 meters
[controller-2] [INFO] [1744576566.199611355] [drone_home1.controller]: Bearing: -86.47°
[controller-2] [INFO] [1744576566.200676904] [drone_home1.controller]: Going to [(29.639567, -82.361102)]: 4.94 meters
[controller-2] [INFO] [1744576566.300697172] [drone_home1.controller]: Bearing: -86.47°
[controller-2] [INFO] [1744576566.302263942] [drone_home1.controller]: Going to [(29.639567, -82.361102)]: 4.94 meters
[controller-2] [INFO] [1744576566.400308444] [drone_home1.controller]: Bearing: -86.47°
[controller-2] [INFO] [1744576566.402278131] [drone_home1.controller]: Going to [(29.639567, -82.361102)]: 4.94 meters
[controller-2] [INFO] [1744576566.500603596] [drone_home1.controller]: Bearing: -86.47°
[controller-2] [INFO] [1744576566.502227647] [drone_home1.controller]: Going to [(29.639567, -82.361102)]: 4.94 meters
[controller-2] [INFO] [1744576566.599500555] [drone_home1.controller]: Bearing: -86.47°
[controller-2] [INFO] [1744576566.600853499] [drone_home1.controller]: Going to [(29.639567, -82.361102)]: 4.94 meters
[controller-2] [INFO] [1744576566.699427607] [drone_home1.controller]: Bearing: -86.47°
[controller-2] [INFO] [1744576566.700313793] [drone_home1.controller]: Going to [(29.639567, -82.361102)]: 4.94 meters
[controller-2] [INFO] [1744576566.799432771] [drone_home1.controller]: Bearing: -86.47°
[controller-2] [INFO] [1744576566.800694546] [drone_home1.controller]: Going to [(29.639567, -82.361102)]: 4.94 meters
[controller-2] [INFO] [1744576566.899621074] [drone_home1.controller]: Bearing: -86.47°
[controller-2] [INFO] [1744576566.900730207] [drone_home1.controller]: Going to [(29.639567, -82.361102)]: 4.94 meters
[controller-2] [INFO] [1744576566.999804640] [drone_home1.controller]: Bearing: -86.47°
[controller-2] [INFO] [1744576567.000828044] [drone_home1.controller]: Going to [(29.639567, -82.361102)]: 4.94 meters
[controller-2] [INFO] [1744576567.100269625] [drone_home1.controller]: Bearing: -86.47°
[controller-2] [INFO] [1744576567.101865131] [drone_home1.controller]: Going to [(29.639567, -82.361102)]: 4.94 meters
[controller-2] [INFO] [1744576567.199701701] [drone_home1.controller]: Bearing: -86.47°
[controller-2] [INFO] [1744576567.200723953] [drone_home1.controller]: Going to [(29.639567, -82.361102)]: 4.94 meters
[controller-2] [INFO] [1744576567.299560086] [drone_home1.controller]: Bearing: -86.55°
[controller-2] [INFO] [1744576567.300512322] [drone_home1.controller]: Going to [(29.639567, -82.361102)]: 5.05 meters
[controller-2] [INFO] [1744576567.399463368] [drone_home1.controller]: Bearing: -86.55°
[controller-2] [INFO] [1744576567.400417716] [drone_home1.controller]: Going to [(29.639567, -82.361102)]: 5.05 meters
[controller-2] [INFO] [1744576567.500335718] [drone_home1.controller]: Bearing: -86.55°
[controller-2] [INFO] [1744576567.502328733] [drone_home1.controller]: Going to [(29.639567, -82.361102)]: 5.05 meters
[controller-2] [INFO] [1744576567.599499663] [drone_home1.controller]: Bearing: -86.55°
[controller-2] [INFO] [1744576567.600428890] [drone_home1.controller]: Going to [(29.639567, -82.361102)]: 5.05 meters
[controller-2] [INFO] [1744576567.699383361] [drone_home1.controller]: Bearing: -86.55°
[controller-2] [INFO] [1744576567.700295211] [drone_home1.controller]: Going to [(29.639567, -82.361102)]: 5.05 meters
[controller-2] [INFO] [1744576567.799677655] [drone_home1.controller]: Bearing: -86.55°
[controller-2] [INFO] [1744576567.800789156] [drone_home1.controller]: Going to [(29.639567, -82.361102)]: 5.05 meters
[controller-2] [INFO] [1744576567.899621769] [drone_home1.controller]: Bearing: -86.55°
[controller-2] [INFO] [1744576567.900695350] [drone_home1.controller]: Going to [(29.639567, -82.361102)]: 5.05 meters
[controller-2] [INFO] [1744576568.000543495] [drone_home1.controller]: Bearing: -86.55°
[controller-2] [INFO] [1744576568.002162970] [drone_home1.controller]: Going to [(29.639567, -82.361102)]: 5.05 meters
[controller-2] [INFO] [1744576568.100455200] [drone_home1.controller]: Bearing: -86.55°
[controller-2] [INFO] [1744576568.102045650] [drone_home1.controller]: Going to [(29.639567, -82.361102)]: 5.05 meters
[controller-2] [INFO] [1744576568.199519502] [drone_home1.controller]: Bearing: -86.55°
[controller-2] [INFO] [1744576568.201091201] [drone_home1.controller]: Going to [(29.639567, -82.361102)]: 5.05 meters
[controller-2] [INFO] [1744576568.300636693] [drone_home1.controller]: Bearing: -86.70°
[controller-2] [INFO] [1744576568.302653517] [drone_home1.controller]: Going to [(29.639567, -82.361102)]: 5.27 meters
[controller-2] [INFO] [1744576568.400410956] [drone_home1.controller]: Bearing: -86.70°
[controller-2] [INFO] [1744576568.402167457] [drone_home1.controller]: Going to [(29.639567, -82.361102)]: 5.27 meters
[controller-2] [INFO] [1744576568.499456795] [drone_home1.controller]: Bearing: -86.45°
[controller-2] [INFO] [1744576568.500352901] [drone_home1.controller]: Going to [(29.639567, -82.361102)]: 5.29 meters
[controller-2] [INFO] [1744576568.600348607] [drone_home1.controller]: Bearing: -86.45°
[controller-2] [INFO] [1744576568.601930257] [drone_home1.controller]: Going to [(29.639567, -82.361102)]: 5.29 meters
[controller-2] [INFO] [1744576568.700366777] [drone_home1.controller]: Bearing: -86.45°
[controller-2] [INFO] [1744576568.701957355] [drone_home1.controller]: Going to [(29.639567, -82.361102)]: 5.29 meters
[controller-2] [INFO] [1744576568.800734295] [drone_home1.controller]: Bearing: -86.70°
[controller-2] [INFO] [1744576568.802358218] [drone_home1.controller]: Going to [(29.639567, -82.361102)]: 5.27 meters
[controller-2] [INFO] [1744576568.900540878] [drone_home1.controller]: Bearing: -86.55°
[controller-2] [INFO] [1744576568.902162177] [drone_home1.controller]: Going to [(29.639567, -82.361102)]: 5.05 meters
[controller-2] [INFO] [1744576569.000435751] [drone_home1.controller]: Bearing: -86.55°
[controller-2] [INFO] [1744576569.002032921] [drone_home1.controller]: Going to [(29.639567, -82.361102)]: 5.05 meters
[controller-2] [INFO] [1744576569.100654377] [drone_home1.controller]: Bearing: -86.55°
[controller-2] [INFO] [1744576569.102523647] [drone_home1.controller]: Going to [(29.639567, -82.361102)]: 5.05 meters
[controller-2] [INFO] [1744576569.199485212] [drone_home1.controller]: Bearing: -86.55°
[controller-2] [INFO] [1744576569.200466279] [drone_home1.controller]: Going to [(29.639567, -82.361102)]: 5.05 meters
[controller-2] [INFO] [1744576569.299695967] [drone_home1.controller]: Bearing: -86.55°
[controller-2] [INFO] [1744576569.300627402] [drone_home1.controller]: Going to [(29.639567, -82.361102)]: 5.05 meters
[controller-2] [INFO] [1744576569.399455740] [drone_home1.controller]: Bearing: -86.55°
[controller-2] [INFO] [1744576569.400366119] [drone_home1.controller]: Going to [(29.639567, -82.361102)]: 5.05 meters
[controller-2] [INFO] [1744576569.500043043] [drone_home1.controller]: Bearing: -86.55°
[controller-2] [INFO] [1744576569.501813848] [drone_home1.controller]: Going to [(29.639567, -82.361102)]: 5.05 meters
[controller-2] [INFO] [1744576569.600203653] [drone_home1.controller]: Bearing: -86.55°
[controller-2] [INFO] [1744576569.601796952] [drone_home1.controller]: Going to [(29.639567, -82.361102)]: 5.05 meters
[controller-2] [INFO] [1744576569.700212198] [drone_home1.controller]: Bearing: -86.55°
[controller-2] [INFO] [1744576569.702339743] [drone_home1.controller]: Going to [(29.639567, -82.361102)]: 5.05 meters
[controller-2] [INFO] [1744576569.800398888] [drone_home1.controller]: Bearing: -86.47°
[controller-2] [INFO] [1744576569.802658627] [drone_home1.controller]: Going to [(29.639567, -82.361102)]: 4.94 meters
[controller-2] [INFO] [1744576569.900276039] [drone_home1.controller]: Bearing: -86.47°
[controller-2] [INFO] [1744576569.901884602] [drone_home1.controller]: Going to [(29.639567, -82.361102)]: 4.94 meters
[controller-2] [INFO] [1744576570.000350024] [drone_home1.controller]: Bearing: -86.47°
[controller-2] [INFO] [1744576570.002012348] [drone_home1.controller]: Going to [(29.639567, -82.361102)]: 4.94 meters
[controller-2] [INFO] [1744576570.100127980] [drone_home1.controller]: Bearing: -86.47°
[controller-2] [INFO] [1744576570.102242886] [drone_home1.controller]: Going to [(29.639567, -82.361102)]: 4.94 meters
[controller-2] [INFO] [1744576570.200294965] [drone_home1.controller]: Bearing: -86.47°
[controller-2] [INFO] [1744576570.201962025] [drone_home1.controller]: Going to [(29.639567, -82.361102)]: 4.94 meters
[controller-2] [INFO] [1744576570.300205403] [drone_home1.controller]: Bearing: -86.47°
[controller-2] [INFO] [1744576570.302370869] [drone_home1.controller]: Going to [(29.639567, -82.361102)]: 4.94 meters
[controller-2] [INFO] [1744576570.400671752] [drone_home1.controller]: Bearing: -86.47°
[controller-2] [INFO] [1744576570.402217370] [drone_home1.controller]: Going to [(29.639567, -82.361102)]: 4.94 meters
[controller-2] [INFO] [1744576570.500171273] [drone_home1.controller]: Bearing: -86.47°
[controller-2] [INFO] [1744576570.502051103] [drone_home1.controller]: Going to [(29.639567, -82.361102)]: 4.94 meters
[controller-2] [INFO] [1744576570.600220592] [drone_home1.controller]: Bearing: -86.47°
[controller-2] [INFO] [1744576570.602138759] [drone_home1.controller]: Going to [(29.639567, -82.361102)]: 4.94 meters
[controller-2] [INFO] [1744576570.700344569] [drone_home1.controller]: Bearing: -86.47°
[controller-2] [INFO] [1744576570.701978764] [drone_home1.controller]: Going to [(29.639567, -82.361102)]: 4.94 meters
[controller-2] [INFO] [1744576570.800428705] [drone_home1.controller]: Bearing: -86.30°
[controller-2] [INFO] [1744576570.802766108] [drone_home1.controller]: Going to [(29.639567, -82.361102)]: 4.73 meters
[controller-2] [INFO] [1744576570.899617502] [drone_home1.controller]: Bearing: -86.30°
[controller-2] [INFO] [1744576570.900818476] [drone_home1.controller]: Going to [(29.639567, -82.361102)]: 4.73 meters
[controller-2] [INFO] [1744576570.999594276] [drone_home1.controller]: Bearing: -86.30°
[controller-2] [INFO] [1744576571.000598768] [drone_home1.controller]: Going to [(29.639567, -82.361102)]: 4.73 meters
[controller-2] [INFO] [1744576571.099608818] [drone_home1.controller]: Bearing: -86.30°
[controller-2] [INFO] [1744576571.100736063] [drone_home1.controller]: Going to [(29.639567, -82.361102)]: 4.73 meters
[controller-2] [INFO] [1744576571.199718977] [drone_home1.controller]: Bearing: -86.30°
[controller-2] [INFO] [1744576571.201416501] [drone_home1.controller]: Going to [(29.639567, -82.361102)]: 4.73 meters
[controller-2] [INFO] [1744576571.299492332] [drone_home1.controller]: Bearing: -86.30°
[controller-2] [INFO] [1744576571.300406807] [drone_home1.controller]: Going to [(29.639567, -82.361102)]: 4.73 meters
[controller-2] [INFO] [1744576571.400213602] [drone_home1.controller]: Bearing: -86.30°
[controller-2] [INFO] [1744576571.401785397] [drone_home1.controller]: Going to [(29.639567, -82.361102)]: 4.73 meters
[controller-2] [INFO] [1744576571.499435014] [drone_home1.controller]: Bearing: -86.30°
[controller-2] [INFO] [1744576571.500382289] [drone_home1.controller]: Going to [(29.639567, -82.361102)]: 4.73 meters
[controller-2] [INFO] [1744576571.600288894] [drone_home1.controller]: Bearing: -86.11°
[controller-2] [INFO] [1744576571.601900273] [drone_home1.controller]: Going to [(29.639567, -82.361102)]: 4.51 meters
[controller-2] [INFO] [1744576571.700388716] [drone_home1.controller]: Bearing: -86.11°
[controller-2] [INFO] [1744576571.702374212] [drone_home1.controller]: Going to [(29.639567, -82.361102)]: 4.51 meters
[controller-2] [INFO] [1744576571.800177111] [drone_home1.controller]: Bearing: -86.11°
[controller-2] [INFO] [1744576571.801131491] [drone_home1.controller]: Going to [(29.639567, -82.361102)]: 4.51 meters
[controller-2] [INFO] [1744576571.900255174] [drone_home1.controller]: Bearing: -86.11°
[controller-2] [INFO] [1744576571.901849817] [drone_home1.controller]: Going to [(29.639567, -82.361102)]: 4.51 meters
[controller-2] [INFO] [1744576572.000319956] [drone_home1.controller]: Bearing: -86.30°
[controller-2] [INFO] [1744576572.002281388] [drone_home1.controller]: Going to [(29.639567, -82.361102)]: 4.73 meters
[controller-2] [INFO] [1744576572.100240551] [drone_home1.controller]: Bearing: -86.30°
[controller-2] [INFO] [1744576572.101647032] [drone_home1.controller]: Going to [(29.639567, -82.361102)]: 4.73 meters
[controller-2] [INFO] [1744576572.200032697] [drone_home1.controller]: Bearing: -86.30°
[controller-2] [INFO] [1744576572.201639468] [drone_home1.controller]: Going to [(29.639567, -82.361102)]: 4.73 meters
[controller-2] [INFO] [1744576572.300009421] [drone_home1.controller]: Bearing: -86.30°
[controller-2] [INFO] [1744576572.301573792] [drone_home1.controller]: Going to [(29.639567, -82.361102)]: 4.73 meters
[controller-2] [INFO] [1744576572.399334713] [drone_home1.controller]: Bearing: -86.30°
[controller-2] [INFO] [1744576572.400285156] [drone_home1.controller]: Going to [(29.639567, -82.361102)]: 4.73 meters
[controller-2] [INFO] [1744576572.500459866] [drone_home1.controller]: Bearing: -86.30°
[controller-2] [INFO] [1744576572.502060814] [drone_home1.controller]: Going to [(29.639567, -82.361102)]: 4.73 meters
[controller-2] [INFO] [1744576572.599891240] [drone_home1.controller]: Bearing: -86.87°
[controller-2] [INFO] [1744576572.602458407] [drone_home1.controller]: Going to [(29.639567, -82.361102)]: 4.68 meters
[controller-2] [INFO] [1744576572.699523799] [drone_home1.controller]: Bearing: -86.87°
[controller-2] [INFO] [1744576572.700512387] [drone_home1.controller]: Going to [(29.639567, -82.361102)]: 4.68 meters
[controller-2] [INFO] [1744576572.799753262] [drone_home1.controller]: Bearing: -86.87°
[controller-2] [INFO] [1744576572.800704986] [drone_home1.controller]: Going to [(29.639567, -82.361102)]: 4.68 meters
[controller-2] [INFO] [1744576572.899485471] [drone_home1.controller]: Bearing: -86.87°
[controller-2] [INFO] [1744576572.900494667] [drone_home1.controller]: Going to [(29.639567, -82.361102)]: 4.68 meters
[controller-2] [INFO] [1744576572.999588948] [drone_home1.controller]: Bearing: -86.71°
[controller-2] [INFO] [1744576573.000580928] [drone_home1.controller]: Going to [(29.639567, -82.361102)]: 4.47 meters
[controller-2] [INFO] [1744576573.099535726] [drone_home1.controller]: Bearing: -86.71°
[controller-2] [INFO] [1744576573.100506650] [drone_home1.controller]: Going to [(29.639567, -82.361102)]: 4.47 meters
[controller-2] [INFO] [1744576573.200414324] [drone_home1.controller]: Bearing: -86.71°
[controller-2] [INFO] [1744576573.201399904] [drone_home1.controller]: Going to [(29.639567, -82.361102)]: 4.47 meters
[controller-2] [INFO] [1744576573.299926536] [drone_home1.controller]: Bearing: -86.71°
[controller-2] [INFO] [1744576573.301153367] [drone_home1.controller]: Going to [(29.639567, -82.361102)]: 4.47 meters
[controller-2] [INFO] [1744576573.400135302] [drone_home1.controller]: Bearing: -86.71°
[controller-2] [INFO] [1744576573.401020784] [drone_home1.controller]: Going to [(29.639567, -82.361102)]: 4.47 meters
[controller-2] [INFO] [1744576573.500529477] [drone_home1.controller]: Bearing: -86.71°
[controller-2] [INFO] [1744576573.502194137] [drone_home1.controller]: Going to [(29.639567, -82.361102)]: 4.47 meters
[controller-2] [INFO] [1744576573.599731990] [drone_home1.controller]: Bearing: -86.71°
[controller-2] [INFO] [1744576573.600715106] [drone_home1.controller]: Going to [(29.639567, -82.361102)]: 4.47 meters
[controller-2] [INFO] [1744576573.700402777] [drone_home1.controller]: Bearing: -86.71°
[controller-2] [INFO] [1744576573.702023021] [drone_home1.controller]: Going to [(29.639567, -82.361102)]: 4.47 meters
[controller-2] [INFO] [1744576573.799676747] [drone_home1.controller]: Bearing: -86.71°
[controller-2] [INFO] [1744576573.800612566] [drone_home1.controller]: Going to [(29.639567, -82.361102)]: 4.47 meters
[controller-2] [INFO] [1744576573.899519428] [drone_home1.controller]: Bearing: -86.71°
[controller-2] [INFO] [1744576573.900486063] [drone_home1.controller]: Going to [(29.639567, -82.361102)]: 4.47 meters
[controller-2] [INFO] [1744576573.999484254] [drone_home1.controller]: Bearing: -86.71°
[controller-2] [INFO] [1744576574.000400745] [drone_home1.controller]: Going to [(29.639567, -82.361102)]: 4.47 meters
[controller-2] [INFO] [1744576574.099574816] [drone_home1.controller]: Bearing: -86.71°
[controller-2] [INFO] [1744576574.100646829] [drone_home1.controller]: Going to [(29.639567, -82.361102)]: 4.47 meters
[controller-2] [INFO] [1744576574.200326955] [drone_home1.controller]: Bearing: -86.71°
[controller-2] [INFO] [1744576574.201996511] [drone_home1.controller]: Going to [(29.639567, -82.361102)]: 4.47 meters
[controller-2] [INFO] [1744576574.300204426] [drone_home1.controller]: Bearing: -86.71°
[controller-2] [INFO] [1744576574.301873375] [drone_home1.controller]: Going to [(29.639567, -82.361102)]: 4.47 meters
[controller-2] [INFO] [1744576574.400166891] [drone_home1.controller]: Bearing: -86.71°
[controller-2] [INFO] [1744576574.401776447] [drone_home1.controller]: Going to [(29.639567, -82.361102)]: 4.47 meters
[controller-2] [INFO] [1744576574.500755380] [drone_home1.controller]: Bearing: -86.71°
[controller-2] [INFO] [1744576574.502322503] [drone_home1.controller]: Going to [(29.639567, -82.361102)]: 4.47 meters
[controller-2] [INFO] [1744576574.600493650] [drone_home1.controller]: Bearing: -86.71°
[controller-2] [INFO] [1744576574.602504586] [drone_home1.controller]: Going to [(29.639567, -82.361102)]: 4.47 meters
[controller-2] [INFO] [1744576574.700326353] [drone_home1.controller]: Bearing: -86.71°
[controller-2] [INFO] [1744576574.701912228] [drone_home1.controller]: Going to [(29.639567, -82.361102)]: 4.47 meters
[controller-2] [INFO] [1744576574.800356915] [drone_home1.controller]: Bearing: -86.71°
[controller-2] [INFO] [1744576574.801967174] [drone_home1.controller]: Going to [(29.639567, -82.361102)]: 4.47 meters
[controller-2] [INFO] [1744576574.900404372] [drone_home1.controller]: Bearing: -86.71°
[controller-2] [INFO] [1744576574.901975880] [drone_home1.controller]: Going to [(29.639567, -82.361102)]: 4.47 meters
[controller-2] [INFO] [1744576575.000801819] [drone_home1.controller]: Bearing: -87.23°
[controller-2] [INFO] [1744576575.002872724] [drone_home1.controller]: Going to [(29.639567, -82.361102)]: 4.31 meters
[controller-2] [INFO] [1744576575.100314556] [drone_home1.controller]: Bearing: -87.23°
[controller-2] [INFO] [1744576575.101876623] [drone_home1.controller]: Going to [(29.639567, -82.361102)]: 4.31 meters
[controller-2] [INFO] [1744576575.200388133] [drone_home1.controller]: Bearing: -87.23°
[controller-2] [INFO] [1744576575.201970488] [drone_home1.controller]: Going to [(29.639567, -82.361102)]: 4.31 meters
[controller-2] [INFO] [1744576575.300426253] [drone_home1.controller]: Bearing: -87.23°
[controller-2] [INFO] [1744576575.302024289] [drone_home1.controller]: Going to [(29.639567, -82.361102)]: 4.31 meters
[controller-2] [INFO] [1744576575.400984284] [drone_home1.controller]: Bearing: -87.23°
[controller-2] [INFO] [1744576575.402607888] [drone_home1.controller]: Going to [(29.639567, -82.361102)]: 4.31 meters
[controller-2] [INFO] [1744576575.500366140] [drone_home1.controller]: Bearing: -86.62°
[controller-2] [INFO] [1744576575.501935951] [drone_home1.controller]: Going to [(29.639567, -82.361102)]: 4.36 meters
[controller-2] [INFO] [1744576575.599521818] [drone_home1.controller]: Bearing: -86.62°
[controller-2] [INFO] [1744576575.600501638] [drone_home1.controller]: Going to [(29.639567, -82.361102)]: 4.36 meters
[controller-2] [INFO] [1744576575.699553410] [drone_home1.controller]: Bearing: -87.23°
[controller-2] [INFO] [1744576575.700575662] [drone_home1.controller]: Going to [(29.639567, -82.361102)]: 4.31 meters
[controller-2] [INFO] [1744576575.799674091] [drone_home1.controller]: Bearing: -87.23°
[controller-2] [INFO] [1744576575.800696856] [drone_home1.controller]: Going to [(29.639567, -82.361102)]: 4.31 meters
[controller-2] [INFO] [1744576575.899596306] [drone_home1.controller]: Bearing: -87.23°
[controller-2] [INFO] [1744576575.900555390] [drone_home1.controller]: Going to [(29.639567, -82.361102)]: 4.31 meters
[controller-2] [INFO] [1744576575.999359543] [drone_home1.controller]: Bearing: -87.23°
[controller-2] [INFO] [1744576576.000253506] [drone_home1.controller]: Going to [(29.639567, -82.361102)]: 4.31 meters
[controller-2] [INFO] [1744576576.099700393] [drone_home1.controller]: Bearing: -87.23°
[controller-2] [INFO] [1744576576.100785975] [drone_home1.controller]: Going to [(29.639567, -82.361102)]: 4.31 meters
[controller-2] [INFO] [1744576576.200148765] [drone_home1.controller]: Bearing: -87.23°
[controller-2] [INFO] [1744576576.202142230] [drone_home1.controller]: Going to [(29.639567, -82.361102)]: 4.31 meters
[controller-2] [INFO] [1744576576.300480656] [drone_home1.controller]: Bearing: -87.08°
[controller-2] [INFO] [1744576576.302413927] [drone_home1.controller]: Going to [(29.639567, -82.361102)]: 4.10 meters
[controller-2] [INFO] [1744576576.400249819] [drone_home1.controller]: Bearing: -87.08°
[controller-2] [INFO] [1744576576.402300564] [drone_home1.controller]: Going to [(29.639567, -82.361102)]: 4.10 meters
[controller-2] [INFO] [1744576576.499609218] [drone_home1.controller]: Bearing: -87.08°
[controller-2] [INFO] [1744576576.500580686] [drone_home1.controller]: Going to [(29.639567, -82.361102)]: 4.10 meters
[controller-2] [INFO] [1744576576.599658801] [drone_home1.controller]: Bearing: -87.08°
[controller-2] [INFO] [1744576576.600605692] [drone_home1.controller]: Going to [(29.639567, -82.361102)]: 4.10 meters
[controller-2] [INFO] [1744576576.700475305] [drone_home1.controller]: Bearing: -87.08°
[controller-2] [INFO] [1744576576.702026300] [drone_home1.controller]: Going to [(29.639567, -82.361102)]: 4.10 meters
[controller-2] [INFO] [1744576576.800385526] [drone_home1.controller]: Bearing: -87.08°
[controller-2] [INFO] [1744576576.801942665] [drone_home1.controller]: Going to [(29.639567, -82.361102)]: 4.10 meters
[controller-2] [INFO] [1744576576.900128385] [drone_home1.controller]: Bearing: -87.08°
[controller-2] [INFO] [1744576576.902154874] [drone_home1.controller]: Going to [(29.639567, -82.361102)]: 4.10 meters
[controller-2] [INFO] [1744576576.999576969] [drone_home1.controller]: Bearing: -86.91°
[controller-2] [INFO] [1744576577.000623478] [drone_home1.controller]: Going to [(29.639567, -82.361102)]: 3.88 meters
[controller-2] [INFO] [1744576577.100342087] [drone_home1.controller]: Bearing: -86.91°
[controller-2] [INFO] [1744576577.101446837] [drone_home1.controller]: Going to [(29.639567, -82.361102)]: 3.88 meters
[controller-2] [INFO] [1744576577.199876886] [drone_home1.controller]: Bearing: -86.91°
[controller-2] [INFO] [1744576577.200855202] [drone_home1.controller]: Going to [(29.639567, -82.361102)]: 3.88 meters
[controller-2] [INFO] [1744576577.300479955] [drone_home1.controller]: Bearing: -86.91°
[controller-2] [INFO] [1744576577.301808003] [drone_home1.controller]: Going to [(29.639567, -82.361102)]: 3.88 meters
[controller-2] [INFO] [1744576577.399793887] [drone_home1.controller]: Bearing: -86.91°
[controller-2] [INFO] [1744576577.400749515] [drone_home1.controller]: Going to [(29.639567, -82.361102)]: 3.88 meters
[controller-2] [INFO] [1744576577.499714675] [drone_home1.controller]: Bearing: -86.91°
[controller-2] [INFO] [1744576577.500823745] [drone_home1.controller]: Going to [(29.639567, -82.361102)]: 3.88 meters
[controller-2] [INFO] [1744576577.600257103] [drone_home1.controller]: Bearing: -86.91°
[controller-2] [INFO] [1744576577.601871203] [drone_home1.controller]: Going to [(29.639567, -82.361102)]: 3.88 meters
[controller-2] [INFO] [1744576577.699523770] [drone_home1.controller]: Bearing: -86.91°
[controller-2] [INFO] [1744576577.701169807] [drone_home1.controller]: Going to [(29.639567, -82.361102)]: 3.88 meters
[controller-2] [INFO] [1744576577.800401306] [drone_home1.controller]: Bearing: -86.91°
[controller-2] [INFO] [1744576577.802465396] [drone_home1.controller]: Going to [(29.639567, -82.361102)]: 3.88 meters
[controller-2] [INFO] [1744576577.900304302] [drone_home1.controller]: Bearing: -86.91°
[controller-2] [INFO] [1744576577.901874209] [drone_home1.controller]: Going to [(29.639567, -82.361102)]: 3.88 meters
[controller-2] [INFO] [1744576578.000332067] [drone_home1.controller]: Bearing: -86.91°
[controller-2] [INFO] [1744576578.002224762] [drone_home1.controller]: Going to [(29.639567, -82.361102)]: 3.88 meters
[controller-2] [INFO] [1744576578.099763351] [drone_home1.controller]: Bearing: -86.91°
[controller-2] [INFO] [1744576578.100861893] [drone_home1.controller]: Going to [(29.639567, -82.361102)]: 3.88 meters
[controller-2] [INFO] [1744576578.199795283] [drone_home1.controller]: Bearing: -86.91°
[controller-2] [INFO] [1744576578.200739903] [drone_home1.controller]: Going to [(29.639567, -82.361102)]: 3.88 meters
[controller-2] [INFO] [1744576578.299387561] [drone_home1.controller]: Bearing: -86.81°
[controller-2] [INFO] [1744576578.300670521] [drone_home1.controller]: Going to [(29.639567, -82.361102)]: 3.77 meters
[controller-2] [INFO] [1744576578.400163374] [drone_home1.controller]: Bearing: -86.81°
[controller-2] [INFO] [1744576578.401869284] [drone_home1.controller]: Going to [(29.639567, -82.361102)]: 3.77 meters
[controller-2] [INFO] [1744576578.499596131] [drone_home1.controller]: Bearing: -86.81°
[controller-2] [INFO] [1744576578.500907667] [drone_home1.controller]: Going to [(29.639567, -82.361102)]: 3.77 meters
[controller-2] [INFO] [1744576578.600787053] [drone_home1.controller]: Bearing: -86.81°
[controller-2] [INFO] [1744576578.602862087] [drone_home1.controller]: Going to [(29.639567, -82.361102)]: 3.77 meters
[controller-2] [INFO] [1744576578.699618010] [drone_home1.controller]: Bearing: -86.11°
[controller-2] [INFO] [1744576578.700841289] [drone_home1.controller]: Going to [(29.639567, -82.361102)]: 3.82 meters
[controller-2] [INFO] [1744576578.799570133] [drone_home1.controller]: Bearing: -86.11°
[controller-2] [INFO] [1744576578.800583457] [drone_home1.controller]: Going to [(29.639567, -82.361102)]: 3.82 meters
[controller-2] [INFO] [1744576578.899653329] [drone_home1.controller]: Bearing: -86.11°
[controller-2] [INFO] [1744576578.900645949] [drone_home1.controller]: Going to [(29.639567, -82.361102)]: 3.82 meters
[controller-2] [INFO] [1744576579.000840379] [drone_home1.controller]: Bearing: -86.11°
[controller-2] [INFO] [1744576579.002782771] [drone_home1.controller]: Going to [(29.639567, -82.361102)]: 3.82 meters
[controller-2] [INFO] [1744576579.100236181] [drone_home1.controller]: Bearing: -86.11°
[controller-2] [INFO] [1744576579.102760437] [drone_home1.controller]: Going to [(29.639567, -82.361102)]: 3.82 meters
[controller-2] [INFO] [1744576579.200501435] [drone_home1.controller]: Bearing: -86.11°
[controller-2] [INFO] [1744576579.202088751] [drone_home1.controller]: Going to [(29.639567, -82.361102)]: 3.82 meters
[controller-2] [INFO] [1744576579.299386671] [drone_home1.controller]: Bearing: -86.11°
[controller-2] [INFO] [1744576579.300292026] [drone_home1.controller]: Going to [(29.639567, -82.361102)]: 3.82 meters
[controller-2] [INFO] [1744576579.399539763] [drone_home1.controller]: Bearing: -86.11°
[controller-2] [INFO] [1744576579.400573439] [drone_home1.controller]: Going to [(29.639567, -82.361102)]: 3.82 meters
[controller-2] [INFO] [1744576579.499582101] [drone_home1.controller]: Bearing: -86.11°
[controller-2] [INFO] [1744576579.500784324] [drone_home1.controller]: Going to [(29.639567, -82.361102)]: 3.82 meters
[controller-2] [INFO] [1744576579.599633560] [drone_home1.controller]: Bearing: -86.11°
[controller-2] [INFO] [1744576579.600629924] [drone_home1.controller]: Going to [(29.639567, -82.361102)]: 3.82 meters
[controller-2] [INFO] [1744576579.700410563] [drone_home1.controller]: Bearing: -86.11°
[controller-2] [INFO] [1744576579.702397532] [drone_home1.controller]: Going to [(29.639567, -82.361102)]: 3.82 meters
[controller-2] [INFO] [1744576579.799462617] [drone_home1.controller]: Bearing: -86.11°
[controller-2] [INFO] [1744576579.800731913] [drone_home1.controller]: Going to [(29.639567, -82.361102)]: 3.82 meters
[controller-2] [INFO] [1744576579.899486427] [drone_home1.controller]: Bearing: -85.86°
[controller-2] [INFO] [1744576579.900743243] [drone_home1.controller]: Going to [(29.639567, -82.361102)]: 3.61 meters
[controller-2] [INFO] [1744576579.999516990] [drone_home1.controller]: Bearing: -85.86°
[controller-2] [INFO] [1744576580.000443177] [drone_home1.controller]: Going to [(29.639567, -82.361102)]: 3.61 meters
[controller-2] [INFO] [1744576580.099418053] [drone_home1.controller]: Bearing: -85.86°
[controller-2] [INFO] [1744576580.100345328] [drone_home1.controller]: Going to [(29.639567, -82.361102)]: 3.61 meters
[controller-2] [INFO] [1744576580.199892243] [drone_home1.controller]: Bearing: -85.86°
[controller-2] [INFO] [1744576580.201012705] [drone_home1.controller]: Going to [(29.639567, -82.361102)]: 3.61 meters
[controller-2] [INFO] [1744576580.300458210] [drone_home1.controller]: Bearing: -85.86°
[controller-2] [INFO] [1744576580.302058199] [drone_home1.controller]: Going to [(29.639567, -82.361102)]: 3.61 meters
[controller-2] [INFO] [1744576580.399458302] [drone_home1.controller]: Bearing: -85.86°
[controller-2] [INFO] [1744576580.400527820] [drone_home1.controller]: Going to [(29.639567, -82.361102)]: 3.61 meters
[controller-2] [INFO] [1744576580.499705258] [drone_home1.controller]: Bearing: -85.86°
[controller-2] [INFO] [1744576580.500809016] [drone_home1.controller]: Going to [(29.639567, -82.361102)]: 3.61 meters
[controller-2] [INFO] [1744576580.600275545] [drone_home1.controller]: Bearing: -85.86°
[controller-2] [INFO] [1744576580.601258182] [drone_home1.controller]: Going to [(29.639567, -82.361102)]: 3.61 meters
[controller-2] [INFO] [1744576580.699511224] [drone_home1.controller]: Bearing: -85.86°
[controller-2] [INFO] [1744576580.700503685] [drone_home1.controller]: Going to [(29.639567, -82.361102)]: 3.61 meters
[controller-2] [INFO] [1744576580.799444064] [drone_home1.controller]: Bearing: -85.86°
[controller-2] [INFO] [1744576580.800790257] [drone_home1.controller]: Going to [(29.639567, -82.361102)]: 3.61 meters
[controller-2] [INFO] [1744576580.900328051] [drone_home1.controller]: Bearing: -85.86°
[controller-2] [INFO] [1744576580.902313900] [drone_home1.controller]: Going to [(29.639567, -82.361102)]: 3.61 meters
[controller-2] [INFO] [1744576581.000657792] [drone_home1.controller]: Bearing: -85.86°
[controller-2] [INFO] [1744576581.002658713] [drone_home1.controller]: Going to [(29.639567, -82.361102)]: 3.61 meters
[controller-2] [INFO] [1744576581.099306013] [drone_home1.controller]: Bearing: -85.86°
[controller-2] [INFO] [1744576581.100253065] [drone_home1.controller]: Going to [(29.639567, -82.361102)]: 3.61 meters
[controller-2] [INFO] [1744576581.199337517] [drone_home1.controller]: Bearing: -86.11°
[controller-2] [INFO] [1744576581.200680606] [drone_home1.controller]: Going to [(29.639567, -82.361102)]: 3.82 meters
[controller-2] [INFO] [1744576581.299383004] [drone_home1.controller]: Bearing: -86.11°
[controller-2] [INFO] [1744576581.300304136] [drone_home1.controller]: Going to [(29.639567, -82.361102)]: 3.82 meters
[controller-2] [INFO] [1744576581.399620494] [drone_home1.controller]: Bearing: -86.11°
[controller-2] [INFO] [1744576581.400621499] [drone_home1.controller]: Going to [(29.639567, -82.361102)]: 3.82 meters
[controller-2] [INFO] [1744576581.500035778] [drone_home1.controller]: Bearing: -86.11°
[controller-2] [INFO] [1744576581.501646039] [drone_home1.controller]: Going to [(29.639567, -82.361102)]: 3.82 meters
[controller-2] [INFO] [1744576581.600521879] [drone_home1.controller]: Bearing: -86.11°
[controller-2] [INFO] [1744576581.602132236] [drone_home1.controller]: Going to [(29.639567, -82.361102)]: 3.82 meters
[controller-2] [INFO] [1744576581.700190178] [drone_home1.controller]: Bearing: -86.11°
[controller-2] [INFO] [1744576581.701833751] [drone_home1.controller]: Going to [(29.639567, -82.361102)]: 3.82 meters
[controller-2] [INFO] [1744576581.800320946] [drone_home1.controller]: Bearing: -86.11°
[controller-2] [INFO] [1744576581.802348748] [drone_home1.controller]: Going to [(29.639567, -82.361102)]: 3.82 meters
[controller-2] [INFO] [1744576581.900365730] [drone_home1.controller]: Bearing: -86.11°
[controller-2] [INFO] [1744576581.902257466] [drone_home1.controller]: Going to [(29.639567, -82.361102)]: 3.82 meters
[controller-2] [INFO] [1744576582.001098298] [drone_home1.controller]: Bearing: -86.11°
[controller-2] [INFO] [1744576582.002851760] [drone_home1.controller]: Going to [(29.639567, -82.361102)]: 3.82 meters
[controller-2] [INFO] [1744576582.099694173] [drone_home1.controller]: Bearing: -86.11°
[controller-2] [INFO] [1744576582.100785803] [drone_home1.controller]: Going to [(29.639567, -82.361102)]: 3.82 meters
[controller-2] [INFO] [1744576582.200331771] [drone_home1.controller]: Bearing: -86.11°
[controller-2] [INFO] [1744576582.202838139] [drone_home1.controller]: Going to [(29.639567, -82.361102)]: 3.82 meters
[controller-2] [INFO] [1744576582.301596512] [drone_home1.controller]: Bearing: -86.11°
[controller-2] [INFO] [1744576582.303768412] [drone_home1.controller]: Going to [(29.639567, -82.361102)]: 3.82 meters
[controller-2] [INFO] [1744576582.400955789] [drone_home1.controller]: Bearing: -86.11°
[controller-2] [INFO] [1744576582.402560770] [drone_home1.controller]: Going to [(29.639567, -82.361102)]: 3.82 meters
[controller-2] [INFO] [1744576582.500513341] [drone_home1.controller]: Bearing: -86.11°
[controller-2] [INFO] [1744576582.502124306] [drone_home1.controller]: Going to [(29.639567, -82.361102)]: 3.82 meters
[controller-2] [INFO] [1744576582.599647848] [drone_home1.controller]: Bearing: -86.11°
[controller-2] [INFO] [1744576582.600660276] [drone_home1.controller]: Going to [(29.639567, -82.361102)]: 3.82 meters
[controller-2] [INFO] [1744576582.699514587] [drone_home1.controller]: Bearing: -86.11°
[controller-2] [INFO] [1744576582.700498088] [drone_home1.controller]: Going to [(29.639567, -82.361102)]: 3.82 meters
[controller-2] [INFO] [1744576582.800206073] [drone_home1.controller]: Bearing: -86.11°
[controller-2] [INFO] [1744576582.801802446] [drone_home1.controller]: Going to [(29.639567, -82.361102)]: 3.82 meters
[controller-2] [INFO] [1744576582.900211855] [drone_home1.controller]: Bearing: -86.22°
[controller-2] [INFO] [1744576582.901772387] [drone_home1.controller]: Going to [(29.639567, -82.361102)]: 3.93 meters
[controller-2] [INFO] [1744576583.000213828] [drone_home1.controller]: Bearing: -86.22°
[controller-2] [INFO] [1744576583.001831353] [drone_home1.controller]: Going to [(29.639567, -82.361102)]: 3.93 meters
[controller-2] [INFO] [1744576583.100797287] [drone_home1.controller]: Bearing: -86.22°
[controller-2] [INFO] [1744576583.102407804] [drone_home1.controller]: Going to [(29.639567, -82.361102)]: 3.93 meters
[controller-2] [INFO] [1744576583.200239932] [drone_home1.controller]: Bearing: -86.22°
[controller-2] [INFO] [1744576583.202373527] [drone_home1.controller]: Going to [(29.639567, -82.361102)]: 3.93 meters
[controller-2] [INFO] [1744576583.300351193] [drone_home1.controller]: Bearing: -86.22°
[controller-2] [INFO] [1744576583.302149904] [drone_home1.controller]: Going to [(29.639567, -82.361102)]: 3.93 meters
[controller-2] [INFO] [1744576583.400004880] [drone_home1.controller]: Bearing: -86.22°
[controller-2] [INFO] [1744576583.401030621] [drone_home1.controller]: Going to [(29.639567, -82.361102)]: 3.93 meters
[controller-2] [INFO] [1744576583.499589031] [drone_home1.controller]: Bearing: -86.22°
[controller-2] [INFO] [1744576583.500545907] [drone_home1.controller]: Going to [(29.639567, -82.361102)]: 3.93 meters
[controller-2] [INFO] [1744576583.599802149] [drone_home1.controller]: Bearing: -86.22°
[controller-2] [INFO] [1744576583.601009685] [drone_home1.controller]: Going to [(29.639567, -82.361102)]: 3.93 meters
[controller-2] [INFO] [1744576583.699555998] [drone_home1.controller]: Bearing: -86.22°
[controller-2] [INFO] [1744576583.700583403] [drone_home1.controller]: Going to [(29.639567, -82.361102)]: 3.93 meters
[controller-2] [INFO] [1744576583.800180194] [drone_home1.controller]: Bearing: -86.22°
[controller-2] [INFO] [1744576583.802300509] [drone_home1.controller]: Going to [(29.639567, -82.361102)]: 3.93 meters
[controller-2] [INFO] [1744576583.899459956] [drone_home1.controller]: Bearing: -86.43°
[controller-2] [INFO] [1744576583.900458337] [drone_home1.controller]: Going to [(29.639567, -82.361102)]: 4.14 meters
[controller-2] [INFO] [1744576584.000122457] [drone_home1.controller]: Bearing: -86.43°
[controller-2] [INFO] [1744576584.001704749] [drone_home1.controller]: Going to [(29.639567, -82.361102)]: 4.14 meters
[controller-2] [INFO] [1744576584.100216316] [drone_home1.controller]: Bearing: -86.43°
[controller-2] [INFO] [1744576584.101800944] [drone_home1.controller]: Going to [(29.639567, -82.361102)]: 4.14 meters
[controller-2] [INFO] [1744576584.200399905] [drone_home1.controller]: Bearing: -86.43°
[controller-2] [INFO] [1744576584.201976917] [drone_home1.controller]: Going to [(29.639567, -82.361102)]: 4.14 meters
[controller-2] [INFO] [1744576584.300314402] [drone_home1.controller]: Bearing: -86.43°
[controller-2] [INFO] [1744576584.302367484] [drone_home1.controller]: Going to [(29.639567, -82.361102)]: 4.14 meters
[controller-2] [INFO] [1744576584.400574439] [drone_home1.controller]: Bearing: -86.43°
[controller-2] [INFO] [1744576584.402208892] [drone_home1.controller]: Going to [(29.639567, -82.361102)]: 4.14 meters
[controller-2] [INFO] [1744576584.499585277] [drone_home1.controller]: Bearing: -86.43°
[controller-2] [INFO] [1744576584.500529865] [drone_home1.controller]: Going to [(29.639567, -82.361102)]: 4.14 meters
[controller-2] [INFO] [1744576584.599535806] [drone_home1.controller]: Bearing: -86.43°
[controller-2] [INFO] [1744576584.600804591] [drone_home1.controller]: Going to [(29.639567, -82.361102)]: 4.14 meters
[controller-2] [INFO] [1744576584.699500544] [drone_home1.controller]: Bearing: -86.43°
[controller-2] [INFO] [1744576584.701111893] [drone_home1.controller]: Going to [(29.639567, -82.361102)]: 4.14 meters
[controller-2] [INFO] [1744576584.800252620] [drone_home1.controller]: Bearing: -86.43°
[controller-2] [INFO] [1744576584.801822720] [drone_home1.controller]: Going to [(29.639567, -82.361102)]: 4.14 meters
[controller-2] [INFO] [1744576584.899952266] [drone_home1.controller]: Bearing: -86.43°
[controller-2] [INFO] [1744576584.900973880] [drone_home1.controller]: Going to [(29.639567, -82.361102)]: 4.14 meters
[controller-2] [INFO] [1744576584.999386277] [drone_home1.controller]: Bearing: -86.43°
[controller-2] [INFO] [1744576585.000325745] [drone_home1.controller]: Going to [(29.639567, -82.361102)]: 4.14 meters
[controller-2] [INFO] [1744576585.099619665] [drone_home1.controller]: Bearing: -86.43°
[controller-2] [INFO] [1744576585.101925007] [drone_home1.controller]: Going to [(29.639567, -82.361102)]: 4.14 meters
[controller-2] [INFO] [1744576585.201145965] [drone_home1.controller]: Bearing: -86.43°
[controller-2] [INFO] [1744576585.202728002] [drone_home1.controller]: Going to [(29.639567, -82.361102)]: 4.14 meters
[controller-2] [INFO] [1744576585.299619842] [drone_home1.controller]: Bearing: -86.22°
[controller-2] [INFO] [1744576585.300676592] [drone_home1.controller]: Going to [(29.639567, -82.361102)]: 3.93 meters
[controller-2] [INFO] [1744576585.399702412] [drone_home1.controller]: Bearing: -86.22°
[controller-2] [INFO] [1744576585.401057853] [drone_home1.controller]: Going to [(29.639567, -82.361102)]: 3.93 meters
[controller-2] [INFO] [1744576585.500501887] [drone_home1.controller]: Bearing: -86.22°
[controller-2] [INFO] [1744576585.502134996] [drone_home1.controller]: Going to [(29.639567, -82.361102)]: 3.93 meters
[controller-2] [INFO] [1744576585.599552091] [drone_home1.controller]: Bearing: -86.22°
[controller-2] [INFO] [1744576585.600645801] [drone_home1.controller]: Going to [(29.639567, -82.361102)]: 3.93 meters
[controller-2] [INFO] [1744576585.700079019] [drone_home1.controller]: Bearing: -86.43°
[controller-2] [INFO] [1744576585.701010935] [drone_home1.controller]: Going to [(29.639567, -82.361102)]: 4.14 meters
[controller-2] [INFO] [1744576585.799429195] [drone_home1.controller]: Bearing: -86.43°
[controller-2] [INFO] [1744576585.800384087] [drone_home1.controller]: Going to [(29.639567, -82.361102)]: 4.14 meters
[controller-2] [INFO] [1744576585.899496341] [drone_home1.controller]: Bearing: -86.43°
[controller-2] [INFO] [1744576585.900450273] [drone_home1.controller]: Going to [(29.639567, -82.361102)]: 4.14 meters
[controller-2] [INFO] [1744576585.999821889] [drone_home1.controller]: Bearing: -86.43°
[controller-2] [INFO] [1744576586.000905743] [drone_home1.controller]: Going to [(29.639567, -82.361102)]: 4.14 meters
[controller-2] [INFO] [1744576586.100319543] [drone_home1.controller]: Bearing: -86.43°
[controller-2] [INFO] [1744576586.102325457] [drone_home1.controller]: Going to [(29.639567, -82.361102)]: 4.14 meters
[controller-2] [INFO] [1744576586.200329094] [drone_home1.controller]: Bearing: -86.43°
[controller-2] [INFO] [1744576586.201895290] [drone_home1.controller]: Going to [(29.639567, -82.361102)]: 4.14 meters
[controller-2] [INFO] [1744576586.300397334] [drone_home1.controller]: Bearing: -86.62°
[controller-2] [INFO] [1744576586.302682931] [drone_home1.controller]: Going to [(29.639567, -82.361102)]: 4.36 meters
[controller-2] [INFO] [1744576586.400535239] [drone_home1.controller]: Bearing: -86.62°
[controller-2] [INFO] [1744576586.402609058] [drone_home1.controller]: Going to [(29.639567, -82.361102)]: 4.36 meters
[controller-2] [INFO] [1744576586.500336851] [drone_home1.controller]: Bearing: -86.62°
[controller-2] [INFO] [1744576586.502588816] [drone_home1.controller]: Going to [(29.639567, -82.361102)]: 4.36 meters
[controller-2] [INFO] [1744576586.600278050] [drone_home1.controller]: Bearing: -86.62°
[controller-2] [INFO] [1744576586.601951991] [drone_home1.controller]: Going to [(29.639567, -82.361102)]: 4.36 meters
[controller-2] [INFO] [1744576586.700299441] [drone_home1.controller]: Bearing: -86.62°
[controller-2] [INFO] [1744576586.702542446] [drone_home1.controller]: Going to [(29.639567, -82.361102)]: 4.36 meters
[controller-2] [INFO] [1744576586.799400468] [drone_home1.controller]: Bearing: -86.62°
[controller-2] [INFO] [1744576586.800301632] [drone_home1.controller]: Going to [(29.639567, -82.361102)]: 4.36 meters
[controller-2] [INFO] [1744576586.899388963] [drone_home1.controller]: Bearing: -86.62°
[controller-2] [INFO] [1744576586.900406000] [drone_home1.controller]: Going to [(29.639567, -82.361102)]: 4.36 meters
[controller-2] [INFO] [1744576586.999411443] [drone_home1.controller]: Bearing: -86.62°
[controller-2] [INFO] [1744576587.000311646] [drone_home1.controller]: Going to [(29.639567, -82.361102)]: 4.36 meters
[controller-2] [INFO] [1744576587.099621931] [drone_home1.controller]: Bearing: -86.62°
[controller-2] [INFO] [1744576587.100633176] [drone_home1.controller]: Going to [(29.639567, -82.361102)]: 4.36 meters
[controller-2] [INFO] [1744576587.200266120] [drone_home1.controller]: Bearing: -86.62°
[controller-2] [INFO] [1744576587.202138241] [drone_home1.controller]: Going to [(29.639567, -82.361102)]: 4.36 meters
[controller-2] [INFO] [1744576587.300209949] [drone_home1.controller]: Bearing: -86.62°
[controller-2] [INFO] [1744576587.302460859] [drone_home1.controller]: Going to [(29.639567, -82.361102)]: 4.36 meters
[controller-2] [INFO] [1744576587.400186610] [drone_home1.controller]: Bearing: -87.23°
[controller-2] [INFO] [1744576587.402216813] [drone_home1.controller]: Going to [(29.639567, -82.361102)]: 4.31 meters
[controller-2] [INFO] [1744576587.499471135] [drone_home1.controller]: Bearing: -87.23°
[controller-2] [INFO] [1744576587.500500076] [drone_home1.controller]: Going to [(29.639567, -82.361102)]: 4.31 meters
[controller-2] [INFO] [1744576587.599998747] [drone_home1.controller]: Bearing: -87.23°
[controller-2] [INFO] [1744576587.600966312] [drone_home1.controller]: Going to [(29.639567, -82.361102)]: 4.31 meters
[controller-2] [INFO] [1744576587.699393193] [drone_home1.controller]: Bearing: -87.08°
[controller-2] [INFO] [1744576587.700307956] [drone_home1.controller]: Going to [(29.639567, -82.361102)]: 4.10 meters
[controller-2] [INFO] [1744576587.800348618] [drone_home1.controller]: Bearing: -87.08°
[controller-2] [INFO] [1744576587.801987712] [drone_home1.controller]: Going to [(29.639567, -82.361102)]: 4.10 meters
[controller-2] [INFO] [1744576587.899392820] [drone_home1.controller]: Bearing: -87.08°
[controller-2] [INFO] [1744576587.900412737] [drone_home1.controller]: Going to [(29.639567, -82.361102)]: 4.10 meters
[controller-2] [INFO] [1744576588.000641465] [drone_home1.controller]: Bearing: -87.08°
[controller-2] [INFO] [1744576588.001670279] [drone_home1.controller]: Going to [(29.639567, -82.361102)]: 4.10 meters
[controller-2] [INFO] [1744576588.100331889] [drone_home1.controller]: Bearing: -87.08°
[controller-2] [INFO] [1744576588.101425215] [drone_home1.controller]: Going to [(29.639567, -82.361102)]: 4.10 meters
[controller-2] [INFO] [1744576588.199655876] [drone_home1.controller]: Bearing: -87.08°
[controller-2] [INFO] [1744576588.201438267] [drone_home1.controller]: Going to [(29.639567, -82.361102)]: 4.10 meters
[controller-2] [INFO] [1744576588.300134406] [drone_home1.controller]: Bearing: -87.08°
[controller-2] [INFO] [1744576588.301864477] [drone_home1.controller]: Going to [(29.639567, -82.361102)]: 4.10 meters
[controller-2] [INFO] [1744576588.400067361] [drone_home1.controller]: Bearing: -87.08°
[controller-2] [INFO] [1744576588.401342386] [drone_home1.controller]: Going to [(29.639567, -82.361102)]: 4.10 meters
[controller-2] [INFO] [1744576588.499610519] [drone_home1.controller]: Bearing: -87.08°
[controller-2] [INFO] [1744576588.500566307] [drone_home1.controller]: Going to [(29.639567, -82.361102)]: 4.10 meters
[controller-2] [INFO] [1744576588.599347311] [drone_home1.controller]: Bearing: -87.08°
[controller-2] [INFO] [1744576588.600316476] [drone_home1.controller]: Going to [(29.639567, -82.361102)]: 4.10 meters
[controller-2] [INFO] [1744576588.699493965] [drone_home1.controller]: Bearing: -87.08°
[controller-2] [INFO] [1744576588.700632220] [drone_home1.controller]: Going to [(29.639567, -82.361102)]: 4.10 meters
[controller-2] [INFO] [1744576588.799511913] [drone_home1.controller]: Bearing: -87.08°
[controller-2] [INFO] [1744576588.800522102] [drone_home1.controller]: Going to [(29.639567, -82.361102)]: 4.10 meters
[controller-2] [INFO] [1744576588.900396337] [drone_home1.controller]: Bearing: -87.08°
[controller-2] [INFO] [1744576588.902479692] [drone_home1.controller]: Going to [(29.639567, -82.361102)]: 4.10 meters
[controller-2] [INFO] [1744576589.001181303] [drone_home1.controller]: Bearing: -87.08°
[controller-2] [INFO] [1744576589.003344883] [drone_home1.controller]: Going to [(29.639567, -82.361102)]: 4.10 meters
[controller-2] [INFO] [1744576589.100389294] [drone_home1.controller]: Bearing: -87.08°
[controller-2] [INFO] [1744576589.102154726] [drone_home1.controller]: Going to [(29.639567, -82.361102)]: 4.10 meters
[controller-2] [INFO] [1744576589.200244495] [drone_home1.controller]: Bearing: -87.08°
[controller-2] [INFO] [1744576589.202066247] [drone_home1.controller]: Going to [(29.639567, -82.361102)]: 4.10 meters
[controller-2] [INFO] [1744576589.300358451] [drone_home1.controller]: Bearing: -87.08°
[controller-2] [INFO] [1744576589.302106570] [drone_home1.controller]: Going to [(29.639567, -82.361102)]: 4.10 meters
[controller-2] [INFO] [1744576589.400237267] [drone_home1.controller]: Bearing: -87.08°
[controller-2] [INFO] [1744576589.401842760] [drone_home1.controller]: Going to [(29.639567, -82.361102)]: 4.10 meters
[controller-2] [INFO] [1744576589.500182709] [drone_home1.controller]: Bearing: -87.08°
[controller-2] [INFO] [1744576589.501743017] [drone_home1.controller]: Going to [(29.639567, -82.361102)]: 4.10 meters
[controller-2] [INFO] [1744576589.600152311] [drone_home1.controller]: Bearing: -87.08°
[controller-2] [INFO] [1744576589.601728555] [drone_home1.controller]: Going to [(29.639567, -82.361102)]: 4.10 meters
[controller-2] [INFO] [1744576589.699598866] [drone_home1.controller]: Bearing: -87.08°
[controller-2] [INFO] [1744576589.700644959] [drone_home1.controller]: Going to [(29.639567, -82.361102)]: 4.10 meters
[controller-2] [INFO] [1744576589.800240444] [drone_home1.controller]: Bearing: -87.08°
[controller-2] [INFO] [1744576589.801812497] [drone_home1.controller]: Going to [(29.639567, -82.361102)]: 4.10 meters
[controller-2] [INFO] [1744576589.900476674] [drone_home1.controller]: Bearing: -87.08°
[controller-2] [INFO] [1744576589.902950978] [drone_home1.controller]: Going to [(29.639567, -82.361102)]: 4.10 meters
[controller-2] [INFO] [1744576590.000408643] [drone_home1.controller]: Bearing: -87.08°
[controller-2] [INFO] [1744576590.002185466] [drone_home1.controller]: Going to [(29.639567, -82.361102)]: 4.10 meters
[controller-2] [INFO] [1744576590.099777283] [drone_home1.controller]: Bearing: -87.08°
[controller-2] [INFO] [1744576590.100756496] [drone_home1.controller]: Going to [(29.639567, -82.361102)]: 4.10 meters
[controller-2] [INFO] [1744576590.200422452] [drone_home1.controller]: Bearing: -87.08°
[controller-2] [INFO] [1744576590.201585540] [drone_home1.controller]: Going to [(29.639567, -82.361102)]: 4.10 meters
[controller-2] [INFO] [1744576590.299617362] [drone_home1.controller]: Bearing: -87.08°
[controller-2] [INFO] [1744576590.300603327] [drone_home1.controller]: Going to [(29.639567, -82.361102)]: 4.10 meters
[controller-2] [INFO] [1744576590.400418245] [drone_home1.controller]: Bearing: -87.08°
[controller-2] [INFO] [1744576590.402051355] [drone_home1.controller]: Going to [(29.639567, -82.361102)]: 4.10 meters
[controller-2] [INFO] [1744576590.500055177] [drone_home1.controller]: Bearing: -87.08°
[controller-2] [INFO] [1744576590.500985109] [drone_home1.controller]: Going to [(29.639567, -82.361102)]: 4.10 meters
[controller-2] [INFO] [1744576590.599583948] [drone_home1.controller]: Bearing: -87.08°
[controller-2] [INFO] [1744576590.600542520] [drone_home1.controller]: Going to [(29.639567, -82.361102)]: 4.10 meters
[controller-2] [INFO] [1744576590.700338526] [drone_home1.controller]: Bearing: -87.08°
[controller-2] [INFO] [1744576590.701922867] [drone_home1.controller]: Going to [(29.639567, -82.361102)]: 4.10 meters
[controller-2] [INFO] [1744576590.800311206] [drone_home1.controller]: Bearing: -86.43°
[controller-2] [INFO] [1744576590.802038397] [drone_home1.controller]: Going to [(29.639567, -82.361102)]: 4.14 meters
[controller-2] [INFO] [1744576590.900651828] [drone_home1.controller]: Bearing: -86.43°
[controller-2] [INFO] [1744576590.902755311] [drone_home1.controller]: Going to [(29.639567, -82.361102)]: 4.14 meters
[controller-2] [INFO] [1744576590.999871218] [drone_home1.controller]: Bearing: -86.62°
[controller-2] [INFO] [1744576591.000878559] [drone_home1.controller]: Going to [(29.639567, -82.361102)]: 4.36 meters
[controller-2] [INFO] [1744576591.099657150] [drone_home1.controller]: Bearing: -86.62°
[controller-2] [INFO] [1744576591.100624011] [drone_home1.controller]: Going to [(29.639567, -82.361102)]: 4.36 meters
[controller-2] [INFO] [1744576591.200373142] [drone_home1.controller]: Bearing: -86.62°
[controller-2] [INFO] [1744576591.202534387] [drone_home1.controller]: Going to [(29.639567, -82.361102)]: 4.36 meters
[controller-2] [INFO] [1744576591.300105858] [drone_home1.controller]: Bearing: -86.62°
[controller-2] [INFO] [1744576591.301683031] [drone_home1.controller]: Going to [(29.639567, -82.361102)]: 4.36 meters
[controller-2] [INFO] [1744576591.400417621] [drone_home1.controller]: Bearing: -86.62°
[controller-2] [INFO] [1744576591.402478064] [drone_home1.controller]: Going to [(29.639567, -82.361102)]: 4.36 meters
[controller-2] [INFO] [1744576591.500306818] [drone_home1.controller]: Bearing: -86.62°
[controller-2] [INFO] [1744576591.502176315] [drone_home1.controller]: Going to [(29.639567, -82.361102)]: 4.36 meters
[controller-2] [INFO] [1744576591.600379026] [drone_home1.controller]: Bearing: -86.62°
[controller-2] [INFO] [1744576591.602056648] [drone_home1.controller]: Going to [(29.639567, -82.361102)]: 4.36 meters
[controller-2] [INFO] [1744576591.699866234] [drone_home1.controller]: Bearing: -86.62°
[controller-2] [INFO] [1744576591.700752934] [drone_home1.controller]: Going to [(29.639567, -82.361102)]: 4.36 meters
[controller-2] [INFO] [1744576591.800445969] [drone_home1.controller]: Bearing: -86.62°
[controller-2] [INFO] [1744576591.802090919] [drone_home1.controller]: Going to [(29.639567, -82.361102)]: 4.36 meters
[controller-2] [INFO] [1744576591.900421856] [drone_home1.controller]: Bearing: -86.71°
[controller-2] [INFO] [1744576591.902043573] [drone_home1.controller]: Going to [(29.639567, -82.361102)]: 4.47 meters
[controller-2] [INFO] [1744576592.000568081] [drone_home1.controller]: Bearing: -86.71°
[controller-2] [INFO] [1744576592.002190182] [drone_home1.controller]: Going to [(29.639567, -82.361102)]: 4.47 meters
[controller-2] [INFO] [1744576592.100279554] [drone_home1.controller]: Bearing: -86.71°
[controller-2] [INFO] [1744576592.101865495] [drone_home1.controller]: Going to [(29.639567, -82.361102)]: 4.47 meters
[controller-2] [INFO] [1744576592.200227926] [drone_home1.controller]: Bearing: -86.71°
[controller-2] [INFO] [1744576592.201813484] [drone_home1.controller]: Going to [(29.639567, -82.361102)]: 4.47 meters
[controller-2] [INFO] [1744576592.300490863] [drone_home1.controller]: Bearing: -86.71°
[controller-2] [INFO] [1744576592.302078244] [drone_home1.controller]: Going to [(29.639567, -82.361102)]: 4.47 meters
[controller-2] [INFO] [1744576592.399501047] [drone_home1.controller]: Bearing: -86.71°
[controller-2] [INFO] [1744576592.400824969] [drone_home1.controller]: Going to [(29.639567, -82.361102)]: 4.47 meters
[controller-2] [INFO] [1744576592.499411787] [drone_home1.controller]: Bearing: -86.71°
[controller-2] [INFO] [1744576592.500420793] [drone_home1.controller]: Going to [(29.639567, -82.361102)]: 4.47 meters
[controller-2] [INFO] [1744576592.599708837] [drone_home1.controller]: Bearing: -86.71°
[controller-2] [INFO] [1744576592.600595184] [drone_home1.controller]: Going to [(29.639567, -82.361102)]: 4.47 meters
[controller-2] [INFO] [1744576592.699439286] [drone_home1.controller]: Bearing: -86.71°
[controller-2] [INFO] [1744576592.700356323] [drone_home1.controller]: Going to [(29.639567, -82.361102)]: 4.47 meters
[controller-2] [INFO] [1744576592.799779568] [drone_home1.controller]: Bearing: -86.71°
[controller-2] [INFO] [1744576592.800725629] [drone_home1.controller]: Going to [(29.639567, -82.361102)]: 4.47 meters
[controller-2] [INFO] [1744576592.899720421] [drone_home1.controller]: Bearing: -86.87°
[controller-2] [INFO] [1744576592.901293850] [drone_home1.controller]: Going to [(29.639567, -82.361102)]: 4.68 meters
[controller-2] [INFO] [1744576592.999691322] [drone_home1.controller]: Bearing: -86.87°
[controller-2] [INFO] [1744576593.000689319] [drone_home1.controller]: Going to [(29.639567, -82.361102)]: 4.68 meters
[controller-2] [INFO] [1744576593.099507955] [drone_home1.controller]: Bearing: -86.87°
[controller-2] [INFO] [1744576593.100488384] [drone_home1.controller]: Going to [(29.639567, -82.361102)]: 4.68 meters
[controller-2] [INFO] [1744576593.200296761] [drone_home1.controller]: Bearing: -86.87°
[controller-2] [INFO] [1744576593.201906414] [drone_home1.controller]: Going to [(29.639567, -82.361102)]: 4.68 meters
[controller-2] [INFO] [1744576593.300439286] [drone_home1.controller]: Bearing: -86.87°
[controller-2] [INFO] [1744576593.302022572] [drone_home1.controller]: Going to [(29.639567, -82.361102)]: 4.68 meters
[controller-2] [INFO] [1744576593.400257200] [drone_home1.controller]: Bearing: -86.87°
[controller-2] [INFO] [1744576593.401997543] [drone_home1.controller]: Going to [(29.639567, -82.361102)]: 4.68 meters
[controller-2] [INFO] [1744576593.499519777] [drone_home1.controller]: Bearing: -86.87°
[controller-2] [INFO] [1744576593.500473838] [drone_home1.controller]: Going to [(29.639567, -82.361102)]: 4.68 meters
[controller-2] [INFO] [1744576593.599370523] [drone_home1.controller]: Bearing: -86.87°
[controller-2] [INFO] [1744576593.600280743] [drone_home1.controller]: Going to [(29.639567, -82.361102)]: 4.68 meters
[controller-2] [INFO] [1744576593.699616986] [drone_home1.controller]: Bearing: -87.01°
[controller-2] [INFO] [1744576593.700657960] [drone_home1.controller]: Going to [(29.639567, -82.361102)]: 4.90 meters
[controller-2] [INFO] [1744576593.799822456] [drone_home1.controller]: Bearing: -87.01°
[controller-2] [INFO] [1744576593.801944245] [drone_home1.controller]: Going to [(29.639567, -82.361102)]: 4.90 meters
[controller-2] [INFO] [1744576593.899619857] [drone_home1.controller]: Bearing: -87.01°
[controller-2] [INFO] [1744576593.900603614] [drone_home1.controller]: Going to [(29.639567, -82.361102)]: 4.90 meters
[controller-2] [INFO] [1744576593.999590860] [drone_home1.controller]: Bearing: -86.47°
[controller-2] [INFO] [1744576594.000622042] [drone_home1.controller]: Going to [(29.639567, -82.361102)]: 4.94 meters
[controller-2] [INFO] [1744576594.099435692] [drone_home1.controller]: Bearing: -86.47°
[controller-2] [INFO] [1744576594.100390841] [drone_home1.controller]: Going to [(29.639567, -82.361102)]: 4.94 meters
[controller-2] [INFO] [1744576594.200317370] [drone_home1.controller]: Bearing: -86.47°
[controller-2] [INFO] [1744576594.202066097] [drone_home1.controller]: Going to [(29.639567, -82.361102)]: 4.94 meters
[controller-2] [INFO] [1744576594.300241979] [drone_home1.controller]: Bearing: -86.47°
[controller-2] [INFO] [1744576594.301802096] [drone_home1.controller]: Going to [(29.639567, -82.361102)]: 4.94 meters
[controller-2] [INFO] [1744576594.400204476] [drone_home1.controller]: Bearing: -86.47°
[controller-2] [INFO] [1744576594.401805010] [drone_home1.controller]: Going to [(29.639567, -82.361102)]: 4.94 meters
[controller-2] [INFO] [1744576594.500118365] [drone_home1.controller]: Bearing: -86.47°
[controller-2] [INFO] [1744576594.501729043] [drone_home1.controller]: Going to [(29.639567, -82.361102)]: 4.94 meters
[controller-2] [INFO] [1744576594.600045150] [drone_home1.controller]: Bearing: -86.47°
[controller-2] [INFO] [1744576594.601572467] [drone_home1.controller]: Going to [(29.639567, -82.361102)]: 4.94 meters
[controller-2] [INFO] [1744576594.700069568] [drone_home1.controller]: Bearing: -86.47°
[controller-2] [INFO] [1744576594.700985005] [drone_home1.controller]: Going to [(29.639567, -82.361102)]: 4.94 meters
[controller-2] [INFO] [1744576594.800319590] [drone_home1.controller]: Bearing: -86.47°
[controller-2] [INFO] [1744576594.802029437] [drone_home1.controller]: Going to [(29.639567, -82.361102)]: 4.94 meters
[controller-2] [INFO] [1744576594.900225734] [drone_home1.controller]: Bearing: -86.47°
[controller-2] [INFO] [1744576594.901842460] [drone_home1.controller]: Going to [(29.639567, -82.361102)]: 4.94 meters
[controller-2] [INFO] [1744576594.999931364] [drone_home1.controller]: Bearing: -86.47°
[controller-2] [INFO] [1744576595.000958194] [drone_home1.controller]: Going to [(29.639567, -82.361102)]: 4.94 meters
[controller-2] [INFO] [1744576595.100331762] [drone_home1.controller]: Bearing: -86.47°
[controller-2] [INFO] [1744576595.101884615] [drone_home1.controller]: Going to [(29.639567, -82.361102)]: 4.94 meters
[controller-2] [INFO] [1744576595.200135063] [drone_home1.controller]: Bearing: -86.55°
[controller-2] [INFO] [1744576595.201721357] [drone_home1.controller]: Going to [(29.639567, -82.361102)]: 5.05 meters
[controller-2] [INFO] [1744576595.300280449] [drone_home1.controller]: Bearing: -86.55°
[controller-2] [INFO] [1744576595.301868183] [drone_home1.controller]: Going to [(29.639567, -82.361102)]: 5.05 meters
[controller-2] [INFO] [1744576595.400264201] [drone_home1.controller]: Bearing: -86.55°
[controller-2] [INFO] [1744576595.401807006] [drone_home1.controller]: Going to [(29.639567, -82.361102)]: 5.05 meters
[controller-2] [INFO] [1744576595.500159184] [drone_home1.controller]: Bearing: -86.55°
[controller-2] [INFO] [1744576595.501734246] [drone_home1.controller]: Going to [(29.639567, -82.361102)]: 5.05 meters
[controller-2] [INFO] [1744576595.600356315] [drone_home1.controller]: Bearing: -86.55°
[controller-2] [INFO] [1744576595.601985105] [drone_home1.controller]: Going to [(29.639567, -82.361102)]: 5.05 meters
[controller-2] [INFO] [1744576595.700295907] [drone_home1.controller]: Bearing: -86.55°
[controller-2] [INFO] [1744576595.701902040] [drone_home1.controller]: Going to [(29.639567, -82.361102)]: 5.05 meters
[controller-2] [INFO] [1744576595.799690979] [drone_home1.controller]: Bearing: -86.55°
[controller-2] [INFO] [1744576595.800702640] [drone_home1.controller]: Going to [(29.639567, -82.361102)]: 5.05 meters
[controller-2] [INFO] [1744576595.900148721] [drone_home1.controller]: Bearing: -86.55°
[controller-2] [INFO] [1744576595.901733639] [drone_home1.controller]: Going to [(29.639567, -82.361102)]: 5.05 meters
[controller-2] [INFO] [1744576595.999525969] [drone_home1.controller]: Bearing: -86.55°
[controller-2] [INFO] [1744576596.001129383] [drone_home1.controller]: Going to [(29.639567, -82.361102)]: 5.05 meters
[controller-2] [INFO] [1744576596.100378923] [drone_home1.controller]: Bearing: -86.55°
[controller-2] [INFO] [1744576596.102267364] [drone_home1.controller]: Going to [(29.639567, -82.361102)]: 5.05 meters
[controller-2] [INFO] [1744576596.200083605] [drone_home1.controller]: Bearing: -86.70°
[controller-2] [INFO] [1744576596.201629130] [drone_home1.controller]: Going to [(29.639567, -82.361102)]: 5.27 meters
[controller-2] [INFO] [1744576596.300028547] [drone_home1.controller]: Bearing: -86.70°
[controller-2] [INFO] [1744576596.301543896] [drone_home1.controller]: Going to [(29.639567, -82.361102)]: 5.27 meters
[controller-2] [INFO] [1744576596.400161556] [drone_home1.controller]: Bearing: -86.70°
[controller-2] [INFO] [1744576596.401725385] [drone_home1.controller]: Going to [(29.639567, -82.361102)]: 5.27 meters
[controller-2] [INFO] [1744576596.500268355] [drone_home1.controller]: Bearing: -86.70°
[controller-2] [INFO] [1744576596.501899738] [drone_home1.controller]: Going to [(29.639567, -82.361102)]: 5.27 meters
[controller-2] [INFO] [1744576596.600280466] [drone_home1.controller]: Bearing: -86.84°
[controller-2] [INFO] [1744576596.602405231] [drone_home1.controller]: Going to [(29.639567, -82.361102)]: 5.48 meters
[controller-2] [INFO] [1744576596.700442339] [drone_home1.controller]: Bearing: -86.84°
[controller-2] [INFO] [1744576596.701960760] [drone_home1.controller]: Going to [(29.639567, -82.361102)]: 5.48 meters
[controller-2] [INFO] [1744576596.800246607] [drone_home1.controller]: Bearing: -86.84°
[controller-2] [INFO] [1744576596.801807044] [drone_home1.controller]: Going to [(29.639567, -82.361102)]: 5.48 meters
[controller-2] [INFO] [1744576596.900088027] [drone_home1.controller]: Bearing: -86.84°
[controller-2] [INFO] [1744576596.901653520] [drone_home1.controller]: Going to [(29.639567, -82.361102)]: 5.48 meters
[controller-2] [INFO] [1744576597.000190507] [drone_home1.controller]: Bearing: -86.84°
[controller-2] [INFO] [1744576597.001768481] [drone_home1.controller]: Going to [(29.639567, -82.361102)]: 5.48 meters
[controller-2] [INFO] [1744576597.099492534] [drone_home1.controller]: Bearing: -86.84°
[controller-2] [INFO] [1744576597.100566629] [drone_home1.controller]: Going to [(29.639567, -82.361102)]: 5.48 meters
[controller-2] [INFO] [1744576597.200252245] [drone_home1.controller]: Bearing: -86.90°
[controller-2] [INFO] [1744576597.201881100] [drone_home1.controller]: Going to [(29.639567, -82.361102)]: 5.59 meters
[controller-2] [INFO] [1744576597.299987015] [drone_home1.controller]: Bearing: -87.38°
[controller-2] [INFO] [1744576597.301218647] [drone_home1.controller]: Going to [(29.639567, -82.361102)]: 5.55 meters
[controller-2] [INFO] [1744576597.400382977] [drone_home1.controller]: Bearing: -87.38°
[controller-2] [INFO] [1744576597.403044325] [drone_home1.controller]: Going to [(29.639567, -82.361102)]: 5.55 meters
[controller-2] [INFO] [1744576597.500066065] [drone_home1.controller]: Bearing: -87.38°
[controller-2] [INFO] [1744576597.501043231] [drone_home1.controller]: Going to [(29.639567, -82.361102)]: 5.55 meters
[controller-2] [INFO] [1744576597.599763202] [drone_home1.controller]: Bearing: -87.38°
[controller-2] [INFO] [1744576597.601084116] [drone_home1.controller]: Going to [(29.639567, -82.361102)]: 5.55 meters
[controller-2] [INFO] [1744576597.700983527] [drone_home1.controller]: Bearing: -87.48°
[controller-2] [INFO] [1744576597.702508316] [drone_home1.controller]: Going to [(29.639567, -82.361102)]: 5.77 meters
[controller-2] [INFO] [1744576597.799587689] [drone_home1.controller]: Bearing: -87.48°
[controller-2] [INFO] [1744576597.800562999] [drone_home1.controller]: Going to [(29.639567, -82.361102)]: 5.77 meters
[controller-2] [INFO] [1744576597.900378473] [drone_home1.controller]: Bearing: -87.48°
[controller-2] [INFO] [1744576597.902298051] [drone_home1.controller]: Going to [(29.639567, -82.361102)]: 5.77 meters
[controller-2] [INFO] [1744576597.999529458] [drone_home1.controller]: Bearing: -87.48°
[controller-2] [INFO] [1744576598.000515744] [drone_home1.controller]: Going to [(29.639567, -82.361102)]: 5.77 meters
[controller-2] [INFO] [1744576598.099358475] [drone_home1.controller]: Bearing: -87.48°
[controller-2] [INFO] [1744576598.100264119] [drone_home1.controller]: Going to [(29.639567, -82.361102)]: 5.77 meters
[controller-2] [INFO] [1744576598.199441223] [drone_home1.controller]: Bearing: -87.48°
[controller-2] [INFO] [1744576598.200332499] [drone_home1.controller]: Going to [(29.639567, -82.361102)]: 5.77 meters
[controller-2] [INFO] [1744576598.299461730] [drone_home1.controller]: Bearing: -87.48°
[controller-2] [INFO] [1744576598.300435952] [drone_home1.controller]: Going to [(29.639567, -82.361102)]: 5.77 meters
[controller-2] [INFO] [1744576598.400322889] [drone_home1.controller]: Bearing: -87.57°
[controller-2] [INFO] [1744576598.401914047] [drone_home1.controller]: Going to [(29.639567, -82.361102)]: 5.99 meters
[controller-2] [INFO] [1744576598.500564583] [drone_home1.controller]: Bearing: -87.57°
[controller-2] [INFO] [1744576598.502689381] [drone_home1.controller]: Going to [(29.639567, -82.361102)]: 5.99 meters
[controller-2] [INFO] [1744576598.600881479] [drone_home1.controller]: Bearing: -87.57°
[controller-2] [INFO] [1744576598.602476285] [drone_home1.controller]: Going to [(29.639567, -82.361102)]: 5.99 meters
[controller-2] [INFO] [1744576598.700499325] [drone_home1.controller]: Bearing: -87.57°
[controller-2] [INFO] [1744576598.702625050] [drone_home1.controller]: Going to [(29.639567, -82.361102)]: 5.99 meters
[controller-2] [INFO] [1744576598.800412727] [drone_home1.controller]: Bearing: -87.57°
[controller-2] [INFO] [1744576598.801993836] [drone_home1.controller]: Going to [(29.639567, -82.361102)]: 5.99 meters
[controller-2] [INFO] [1744576598.900266704] [drone_home1.controller]: Bearing: -87.57°
[controller-2] [INFO] [1744576598.902328908] [drone_home1.controller]: Going to [(29.639567, -82.361102)]: 5.99 meters
[controller-2] [INFO] [1744576599.000311179] [drone_home1.controller]: Bearing: -87.57°
[controller-2] [INFO] [1744576599.001874241] [drone_home1.controller]: Going to [(29.639567, -82.361102)]: 5.99 meters
[controller-2] [INFO] [1744576599.099582466] [drone_home1.controller]: Bearing: -87.57°
[controller-2] [INFO] [1744576599.100542064] [drone_home1.controller]: Going to [(29.639567, -82.361102)]: 5.99 meters
[controller-2] [INFO] [1744576599.199634021] [drone_home1.controller]: Bearing: -87.62°
[controller-2] [INFO] [1744576599.200760052] [drone_home1.controller]: Going to [(29.639567, -82.361102)]: 6.10 meters
[controller-2] [INFO] [1744576599.300254254] [drone_home1.controller]: Bearing: -87.62°
[controller-2] [INFO] [1744576599.302005607] [drone_home1.controller]: Going to [(29.639567, -82.361102)]: 6.10 meters
[controller-2] [INFO] [1744576599.400565748] [drone_home1.controller]: Bearing: -87.62°
[controller-2] [INFO] [1744576599.402259691] [drone_home1.controller]: Going to [(29.639567, -82.361102)]: 6.10 meters
[controller-2] [INFO] [1744576599.500396243] [drone_home1.controller]: Bearing: -87.62°
[controller-2] [INFO] [1744576599.501991913] [drone_home1.controller]: Going to [(29.639567, -82.361102)]: 6.10 meters
[controller-2] [INFO] [1744576599.600122193] [drone_home1.controller]: Bearing: -87.62°
[controller-2] [INFO] [1744576599.601625093] [drone_home1.controller]: Going to [(29.639567, -82.361102)]: 6.10 meters
[controller-2] [INFO] [1744576599.699479209] [drone_home1.controller]: Bearing: -87.62°
[controller-2] [INFO] [1744576599.700708058] [drone_home1.controller]: Going to [(29.639567, -82.361102)]: 6.10 meters
[controller-2] [INFO] [1744576599.799485803] [drone_home1.controller]: Bearing: -87.62°
[controller-2] [INFO] [1744576599.800427672] [drone_home1.controller]: Going to [(29.639567, -82.361102)]: 6.10 meters
[controller-2] [INFO] [1744576599.900403961] [drone_home1.controller]: Bearing: -87.62°
[controller-2] [INFO] [1744576599.901988110] [drone_home1.controller]: Going to [(29.639567, -82.361102)]: 6.10 meters
[controller-2] [INFO] [1744576599.999386764] [drone_home1.controller]: Bearing: -87.62°
[controller-2] [INFO] [1744576600.000321657] [drone_home1.controller]: Going to [(29.639567, -82.361102)]: 6.10 meters
[controller-2] [INFO] [1744576600.099662871] [drone_home1.controller]: Bearing: -87.62°
[controller-2] [INFO] [1744576600.100719110] [drone_home1.controller]: Going to [(29.639567, -82.361102)]: 6.10 meters
[controller-2] [INFO] [1744576600.199650494] [drone_home1.controller]: Bearing: -87.62°
[controller-2] [INFO] [1744576600.200556939] [drone_home1.controller]: Going to [(29.639567, -82.361102)]: 6.10 meters
[controller-2] [INFO] [1744576600.300184749] [drone_home1.controller]: Bearing: -87.70°
[controller-2] [INFO] [1744576600.301458367] [drone_home1.controller]: Going to [(29.639567, -82.361102)]: 6.32 meters
[controller-2] [INFO] [1744576600.399791503] [drone_home1.controller]: Bearing: -88.12°
[controller-2] [INFO] [1744576600.401092161] [drone_home1.controller]: Going to [(29.639567, -82.361102)]: 6.29 meters
[controller-2] [INFO] [1744576600.500367391] [drone_home1.controller]: Bearing: -88.12°
[controller-2] [INFO] [1744576600.501975925] [drone_home1.controller]: Going to [(29.639567, -82.361102)]: 6.29 meters
[controller-2] [INFO] [1744576600.600407655] [drone_home1.controller]: Bearing: -88.12°
[controller-2] [INFO] [1744576600.602043934] [drone_home1.controller]: Going to [(29.639567, -82.361102)]: 6.29 meters
[controller-2] [INFO] [1744576600.700386190] [drone_home1.controller]: Bearing: -88.12°
[controller-2] [INFO] [1744576600.701999525] [drone_home1.controller]: Going to [(29.639567, -82.361102)]: 6.29 meters
[controller-2] [INFO] [1744576600.799504906] [drone_home1.controller]: Bearing: -88.12°
[controller-2] [INFO] [1744576600.800758523] [drone_home1.controller]: Going to [(29.639567, -82.361102)]: 6.29 meters
[controller-2] [INFO] [1744576600.899495985] [drone_home1.controller]: Bearing: -88.12°
[controller-2] [INFO] [1744576600.902227767] [drone_home1.controller]: Going to [(29.639567, -82.361102)]: 6.29 meters
[controller-2] [INFO] [1744576600.999511737] [drone_home1.controller]: Bearing: -88.12°
[controller-2] [INFO] [1744576601.000438886] [drone_home1.controller]: Going to [(29.639567, -82.361102)]: 6.29 meters
[controller-2] [INFO] [1744576601.100763192] [drone_home1.controller]: Bearing: -88.12°
[controller-2] [INFO] [1744576601.102326670] [drone_home1.controller]: Going to [(29.639567, -82.361102)]: 6.29 meters
[controller-2] [INFO] [1744576601.200291711] [drone_home1.controller]: Bearing: -88.12°
[controller-2] [INFO] [1744576601.202046936] [drone_home1.controller]: Going to [(29.639567, -82.361102)]: 6.29 meters
[controller-2] [INFO] [1744576601.299398465] [drone_home1.controller]: Bearing: -88.19°
[controller-2] [INFO] [1744576601.300753972] [drone_home1.controller]: Going to [(29.639567, -82.361102)]: 6.51 meters
[controller-2] [INFO] [1744576601.399585329] [drone_home1.controller]: Bearing: -88.19°
[controller-2] [INFO] [1744576601.400618303] [drone_home1.controller]: Going to [(29.639567, -82.361102)]: 6.51 meters
[controller-2] [INFO] [1744576601.499649920] [drone_home1.controller]: Bearing: -88.19°
[controller-2] [INFO] [1744576601.500655406] [drone_home1.controller]: Going to [(29.639567, -82.361102)]: 6.51 meters
[controller-2] [INFO] [1744576601.599562060] [drone_home1.controller]: Bearing: -88.19°
[controller-2] [INFO] [1744576601.600541946] [drone_home1.controller]: Going to [(29.639567, -82.361102)]: 6.51 meters
[controller-2] [INFO] [1744576601.699549882] [drone_home1.controller]: Bearing: -88.19°
[controller-2] [INFO] [1744576601.700647113] [drone_home1.controller]: Going to [(29.639567, -82.361102)]: 6.51 meters
[controller-2] [INFO] [1744576601.800420532] [drone_home1.controller]: Bearing: -88.19°
[controller-2] [INFO] [1744576601.802361039] [drone_home1.controller]: Going to [(29.639567, -82.361102)]: 6.51 meters
[controller-2] [INFO] [1744576601.900294496] [drone_home1.controller]: Bearing: -88.19°
[controller-2] [INFO] [1744576601.901894486] [drone_home1.controller]: Going to [(29.639567, -82.361102)]: 6.51 meters
[controller-2] [INFO] [1744576601.999776935] [drone_home1.controller]: Bearing: -88.39°
[controller-2] [INFO] [1744576602.000730772] [drone_home1.controller]: Going to [(29.639567, -82.361102)]: 6.50 meters
[controller-2] [INFO] [1744576602.099585048] [drone_home1.controller]: Bearing: -88.39°
[controller-2] [INFO] [1744576602.101094765] [drone_home1.controller]: Going to [(29.639567, -82.361102)]: 6.50 meters
[controller-2] [INFO] [1744576602.199456266] [drone_home1.controller]: Bearing: -88.39°
[controller-2] [INFO] [1744576602.200428279] [drone_home1.controller]: Going to [(29.639567, -82.361102)]: 6.50 meters
[controller-2] [INFO] [1744576602.300465260] [drone_home1.controller]: Bearing: -88.39°
[controller-2] [INFO] [1744576602.305293071] [drone_home1.controller]: Going to [(29.639567, -82.361102)]: 6.50 meters
[controller-2] [INFO] [1744576602.400553889] [drone_home1.controller]: Bearing: -88.39°
[controller-2] [INFO] [1744576602.402146136] [drone_home1.controller]: Going to [(29.639567, -82.361102)]: 6.50 meters
[controller-2] [INFO] [1744576602.499595112] [drone_home1.controller]: Bearing: -88.39°
[controller-2] [INFO] [1744576602.500624566] [drone_home1.controller]: Going to [(29.639567, -82.361102)]: 6.50 meters
[controller-2] [INFO] [1744576602.599588924] [drone_home1.controller]: Bearing: -88.39°
[controller-2] [INFO] [1744576602.600570346] [drone_home1.controller]: Going to [(29.639567, -82.361102)]: 6.50 meters
[controller-2] [INFO] [1744576602.699451406] [drone_home1.controller]: Bearing: -88.41°
[controller-2] [INFO] [1744576602.700417851] [drone_home1.controller]: Going to [(29.639567, -82.361102)]: 6.61 meters
[controller-2] [INFO] [1744576602.799634309] [drone_home1.controller]: Bearing: -88.41°
[controller-2] [INFO] [1744576602.800618866] [drone_home1.controller]: Going to [(29.639567, -82.361102)]: 6.61 meters
[controller-2] [INFO] [1744576602.899430230] [drone_home1.controller]: Bearing: -88.39°
[controller-2] [INFO] [1744576602.900363299] [drone_home1.controller]: Going to [(29.639567, -82.361102)]: 6.50 meters
[controller-2] [INFO] [1744576602.999526187] [drone_home1.controller]: Bearing: -88.41°
[controller-2] [INFO] [1744576603.000520633] [drone_home1.controller]: Going to [(29.639567, -82.361102)]: 6.61 meters
[controller-2] [INFO] [1744576603.100293040] [drone_home1.controller]: Bearing: -88.41°
[controller-2] [INFO] [1744576603.101853158] [drone_home1.controller]: Going to [(29.639567, -82.361102)]: 6.61 meters
[controller-2] [INFO] [1744576603.199499167] [drone_home1.controller]: Bearing: -88.41°
[controller-2] [INFO] [1744576603.200444940] [drone_home1.controller]: Going to [(29.639567, -82.361102)]: 6.61 meters
[controller-2] [INFO] [1744576603.300228547] [drone_home1.controller]: Bearing: -88.41°
[controller-2] [INFO] [1744576603.301798553] [drone_home1.controller]: Going to [(29.639567, -82.361102)]: 6.61 meters
[controller-2] [INFO] [1744576603.400276830] [drone_home1.controller]: Bearing: -88.41°
[controller-2] [INFO] [1744576603.401901013] [drone_home1.controller]: Going to [(29.639567, -82.361102)]: 6.61 meters
[controller-2] [INFO] [1744576603.499911443] [drone_home1.controller]: Bearing: -88.41°
[controller-2] [INFO] [1744576603.500980194] [drone_home1.controller]: Going to [(29.639567, -82.361102)]: 6.61 meters
[controller-2] [INFO] [1744576603.600217618] [drone_home1.controller]: Bearing: -88.41°
[controller-2] [INFO] [1744576603.602308783] [drone_home1.controller]: Going to [(29.639567, -82.361102)]: 6.61 meters
[controller-2] [INFO] [1744576603.700420367] [drone_home1.controller]: Bearing: -88.41°
[controller-2] [INFO] [1744576603.702572301] [drone_home1.controller]: Going to [(29.639567, -82.361102)]: 6.61 meters
[controller-2] [INFO] [1744576603.800144837] [drone_home1.controller]: Bearing: -88.41°
[controller-2] [INFO] [1744576603.801700059] [drone_home1.controller]: Going to [(29.639567, -82.361102)]: 6.61 meters
[controller-2] [INFO] [1744576603.900242081] [drone_home1.controller]: Bearing: -88.41°
[controller-2] [INFO] [1744576603.902754116] [drone_home1.controller]: Going to [(29.639567, -82.361102)]: 6.61 meters
[controller-2] [INFO] [1744576603.999304142] [drone_home1.controller]: Bearing: -88.47°
[controller-2] [INFO] [1744576604.000790947] [drone_home1.controller]: Going to [(29.639567, -82.361102)]: 6.83 meters
[controller-2] [INFO] [1744576604.099421264] [drone_home1.controller]: Bearing: -88.47°
[controller-2] [INFO] [1744576604.100324829] [drone_home1.controller]: Going to [(29.639567, -82.361102)]: 6.83 meters
[controller-2] [INFO] [1744576604.200428638] [drone_home1.controller]: Bearing: -88.47°
[controller-2] [INFO] [1744576604.202134198] [drone_home1.controller]: Going to [(29.639567, -82.361102)]: 6.83 meters
[controller-2] [INFO] [1744576604.299764181] [drone_home1.controller]: Bearing: -88.47°
[controller-2] [INFO] [1744576604.300856165] [drone_home1.controller]: Going to [(29.639567, -82.361102)]: 6.83 meters
[controller-2] [INFO] [1744576604.400545857] [drone_home1.controller]: Bearing: -88.52°
[controller-2] [INFO] [1744576604.402191672] [drone_home1.controller]: Going to [(29.639567, -82.361102)]: 7.05 meters
[controller-2] [INFO] [1744576604.499520979] [drone_home1.controller]: Bearing: -88.52°
[controller-2] [INFO] [1744576604.500512257] [drone_home1.controller]: Going to [(29.639567, -82.361102)]: 7.05 meters
[controller-2] [INFO] [1744576604.599427666] [drone_home1.controller]: Bearing: -88.52°
[controller-2] [INFO] [1744576604.600394176] [drone_home1.controller]: Going to [(29.639567, -82.361102)]: 7.05 meters
[controller-2] [INFO] [1744576604.699548724] [drone_home1.controller]: Bearing: -88.52°
[controller-2] [INFO] [1744576604.700515554] [drone_home1.controller]: Going to [(29.639567, -82.361102)]: 7.05 meters
[controller-2] [INFO] [1744576604.799496084] [drone_home1.controller]: Bearing: -88.52°
[controller-2] [INFO] [1744576604.800396481] [drone_home1.controller]: Going to [(29.639567, -82.361102)]: 7.05 meters
[controller-2] [INFO] [1744576604.900058268] [drone_home1.controller]: Bearing: -88.52°
[controller-2] [INFO] [1744576604.901628850] [drone_home1.controller]: Going to [(29.639567, -82.361102)]: 7.05 meters
[controller-2] [INFO] [1744576605.000349057] [drone_home1.controller]: Bearing: -88.52°
[controller-2] [INFO] [1744576605.001971800] [drone_home1.controller]: Going to [(29.639567, -82.361102)]: 7.05 meters
[controller-2] [INFO] [1744576605.100321191] [drone_home1.controller]: Bearing: -88.52°
[controller-2] [INFO] [1744576605.101860092] [drone_home1.controller]: Going to [(29.639567, -82.361102)]: 7.05 meters
[controller-2] [INFO] [1744576605.200010377] [drone_home1.controller]: Bearing: -88.52°
[controller-2] [INFO] [1744576605.201057848] [drone_home1.controller]: Going to [(29.639567, -82.361102)]: 7.05 meters
[controller-2] [INFO] [1744576605.299990031] [drone_home1.controller]: Bearing: -88.52°
[controller-2] [INFO] [1744576605.301211841] [drone_home1.controller]: Going to [(29.639567, -82.361102)]: 7.05 meters
[controller-2] [INFO] [1744576605.400507581] [drone_home1.controller]: Bearing: -88.52°
[controller-2] [INFO] [1744576605.402068563] [drone_home1.controller]: Going to [(29.639567, -82.361102)]: 7.05 meters
[controller-2] [INFO] [1744576605.500468067] [drone_home1.controller]: Bearing: -88.52°
[controller-2] [INFO] [1744576605.502639906] [drone_home1.controller]: Going to [(29.639567, -82.361102)]: 7.05 meters
[controller-2] [INFO] [1744576605.600262663] [drone_home1.controller]: Bearing: -88.52°
[controller-2] [INFO] [1744576605.602358213] [drone_home1.controller]: Going to [(29.639567, -82.361102)]: 7.05 meters
[controller-2] [INFO] [1744576605.699539587] [drone_home1.controller]: Bearing: -88.52°
[controller-2] [INFO] [1744576605.700518609] [drone_home1.controller]: Going to [(29.639567, -82.361102)]: 7.05 meters
[controller-2] [INFO] [1744576605.799377096] [drone_home1.controller]: Bearing: -88.54°
[controller-2] [INFO] [1744576605.800299221] [drone_home1.controller]: Going to [(29.639567, -82.361102)]: 7.16 meters
[controller-2] [INFO] [1744576605.900387132] [drone_home1.controller]: Bearing: -88.54°
[controller-2] [INFO] [1744576605.901974483] [drone_home1.controller]: Going to [(29.639567, -82.361102)]: 7.16 meters
[controller-2] [INFO] [1744576606.000409251] [drone_home1.controller]: Bearing: -88.54°
[controller-2] [INFO] [1744576606.002006618] [drone_home1.controller]: Going to [(29.639567, -82.361102)]: 7.16 meters
[controller-2] [INFO] [1744576606.100189613] [drone_home1.controller]: Bearing: -88.54°
[controller-2] [INFO] [1744576606.101745603] [drone_home1.controller]: Going to [(29.639567, -82.361102)]: 7.16 meters
[controller-2] [INFO] [1744576606.200813442] [drone_home1.controller]: Bearing: -88.54°
[controller-2] [INFO] [1744576606.202445050] [drone_home1.controller]: Going to [(29.639567, -82.361102)]: 7.16 meters
[controller-2] [INFO] [1744576606.300322216] [drone_home1.controller]: Bearing: -88.54°
[controller-2] [INFO] [1744576606.302047681] [drone_home1.controller]: Going to [(29.639567, -82.361102)]: 7.16 meters
[controller-2] [INFO] [1744576606.399414664] [drone_home1.controller]: Bearing: -88.54°
[controller-2] [INFO] [1744576606.400387926] [drone_home1.controller]: Going to [(29.639567, -82.361102)]: 7.16 meters
[controller-2] [INFO] [1744576606.500745000] [drone_home1.controller]: Bearing: -88.54°
[controller-2] [INFO] [1744576606.502337246] [drone_home1.controller]: Going to [(29.639567, -82.361102)]: 7.16 meters
[controller-2] [INFO] [1744576606.600222221] [drone_home1.controller]: Bearing: -88.54°
[controller-2] [INFO] [1744576606.601946502] [drone_home1.controller]: Going to [(29.639567, -82.361102)]: 7.16 meters
[controller-2] [INFO] [1744576606.699815924] [drone_home1.controller]: Bearing: -88.54°
[controller-2] [INFO] [1744576606.700780834] [drone_home1.controller]: Going to [(29.639567, -82.361102)]: 7.16 meters
[controller-2] [INFO] [1744576606.799357274] [drone_home1.controller]: Bearing: -88.54°
[controller-2] [INFO] [1744576606.800279208] [drone_home1.controller]: Going to [(29.639567, -82.361102)]: 7.16 meters
[controller-2] [INFO] [1744576606.900453271] [drone_home1.controller]: Bearing: -88.54°
[controller-2] [INFO] [1744576606.901744489] [drone_home1.controller]: Going to [(29.639567, -82.361102)]: 7.16 meters
[controller-2] [INFO] [1744576606.999319155] [drone_home1.controller]: Bearing: -88.54°
[controller-2] [INFO] [1744576607.000248225] [drone_home1.controller]: Going to [(29.639567, -82.361102)]: 7.16 meters
[controller-2] [INFO] [1744576607.100111345] [drone_home1.controller]: Bearing: -88.54°
[controller-2] [INFO] [1744576607.101635463] [drone_home1.controller]: Going to [(29.639567, -82.361102)]: 7.16 meters
[controller-2] [INFO] [1744576607.200511754] [drone_home1.controller]: Bearing: -88.54°
[controller-2] [INFO] [1744576607.202165954] [drone_home1.controller]: Going to [(29.639567, -82.361102)]: 7.16 meters
[controller-2] [INFO] [1744576607.299702193] [drone_home1.controller]: Bearing: -88.54°
[controller-2] [INFO] [1744576607.301394474] [drone_home1.controller]: Going to [(29.639567, -82.361102)]: 7.16 meters
[controller-2] [INFO] [1744576607.399535202] [drone_home1.controller]: Bearing: -88.58°
[controller-2] [INFO] [1744576607.400550800] [drone_home1.controller]: Going to [(29.639567, -82.361102)]: 7.38 meters
[controller-2] [INFO] [1744576607.499623926] [drone_home1.controller]: Bearing: -88.58°
[controller-2] [INFO] [1744576607.500594628] [drone_home1.controller]: Going to [(29.639567, -82.361102)]: 7.38 meters
[controller-2] [INFO] [1744576607.599561000] [drone_home1.controller]: Bearing: -88.58°
[controller-2] [INFO] [1744576607.600518102] [drone_home1.controller]: Going to [(29.639567, -82.361102)]: 7.38 meters
[controller-2] [INFO] [1744576607.700053762] [drone_home1.controller]: Bearing: -88.41°
[controller-2] [INFO] [1744576607.700983439] [drone_home1.controller]: Going to [(29.639567, -82.361102)]: 7.39 meters
[controller-2] [INFO] [1744576607.799441484] [drone_home1.controller]: Bearing: -88.41°
[controller-2] [INFO] [1744576607.800419642] [drone_home1.controller]: Going to [(29.639567, -82.361102)]: 7.39 meters
[controller-2] [INFO] [1744576607.899438687] [drone_home1.controller]: Bearing: -88.41°
[controller-2] [INFO] [1744576607.900378605] [drone_home1.controller]: Going to [(29.639567, -82.361102)]: 7.39 meters
[controller-2] [INFO] [1744576608.000179581] [drone_home1.controller]: Bearing: -88.41°
[controller-2] [INFO] [1744576608.002253114] [drone_home1.controller]: Going to [(29.639567, -82.361102)]: 7.39 meters
[controller-2] [INFO] [1744576608.100472986] [drone_home1.controller]: Bearing: -88.41°
[controller-2] [INFO] [1744576608.102100753] [drone_home1.controller]: Going to [(29.639567, -82.361102)]: 7.39 meters
[controller-2] [INFO] [1744576608.200472531] [drone_home1.controller]: Bearing: -88.45°
[controller-2] [INFO] [1744576608.202108074] [drone_home1.controller]: Going to [(29.639567, -82.361102)]: 7.61 meters
[controller-2] [INFO] [1744576608.300440683] [drone_home1.controller]: Bearing: -88.45°
[controller-2] [INFO] [1744576608.302051426] [drone_home1.controller]: Going to [(29.639567, -82.361102)]: 7.61 meters
[controller-2] [INFO] [1744576608.400193025] [drone_home1.controller]: Bearing: -88.45°
[controller-2] [INFO] [1744576608.402559299] [drone_home1.controller]: Going to [(29.639567, -82.361102)]: 7.61 meters
[controller-2] [INFO] [1744576608.500233530] [drone_home1.controller]: Bearing: -88.45°
[controller-2] [INFO] [1744576608.501784945] [drone_home1.controller]: Going to [(29.639567, -82.361102)]: 7.61 meters
[controller-2] [INFO] [1744576608.600225651] [drone_home1.controller]: Bearing: -88.45°
[controller-2] [INFO] [1744576608.602416083] [drone_home1.controller]: Going to [(29.639567, -82.361102)]: 7.61 meters
[controller-2] [INFO] [1744576608.700135275] [drone_home1.controller]: Bearing: -88.45°
[controller-2] [INFO] [1744576608.702123368] [drone_home1.controller]: Going to [(29.639567, -82.361102)]: 7.61 meters
[controller-2] [INFO] [1744576608.800309671] [drone_home1.controller]: Bearing: -88.45°
[controller-2] [INFO] [1744576608.801902334] [drone_home1.controller]: Going to [(29.639567, -82.361102)]: 7.61 meters
[controller-2] [INFO] [1744576608.900403969] [drone_home1.controller]: Bearing: -88.11°
[controller-2] [INFO] [1744576608.901977752] [drone_home1.controller]: Going to [(29.639567, -82.361102)]: 7.64 meters
[controller-2] [INFO] [1744576608.999751697] [drone_home1.controller]: Bearing: -88.11°
[controller-2] [INFO] [1744576609.001898544] [drone_home1.controller]: Going to [(29.639567, -82.361102)]: 7.64 meters
[controller-2] [INFO] [1744576609.100051220] [drone_home1.controller]: Bearing: -88.11°
[controller-2] [INFO] [1744576609.101136291] [drone_home1.controller]: Going to [(29.639567, -82.361102)]: 7.64 meters
[controller-2] [INFO] [1744576609.199515947] [drone_home1.controller]: Bearing: -88.11°
[controller-2] [INFO] [1744576609.200537818] [drone_home1.controller]: Going to [(29.639567, -82.361102)]: 7.64 meters
[controller-2] [INFO] [1744576609.299807631] [drone_home1.controller]: Bearing: -88.05°
[controller-2] [INFO] [1744576609.301216003] [drone_home1.controller]: Going to [(29.639567, -82.361102)]: 7.42 meters
[controller-2] [INFO] [1744576609.399581547] [drone_home1.controller]: Bearing: -88.05°
[controller-2] [INFO] [1744576609.400611418] [drone_home1.controller]: Going to [(29.639567, -82.361102)]: 7.42 meters
[controller-2] [INFO] [1744576609.499389927] [drone_home1.controller]: Bearing: -88.05°
[controller-2] [INFO] [1744576609.500355157] [drone_home1.controller]: Going to [(29.639567, -82.361102)]: 7.42 meters
[controller-2] [INFO] [1744576609.599606345] [drone_home1.controller]: Bearing: -88.05°
[controller-2] [INFO] [1744576609.600587384] [drone_home1.controller]: Going to [(29.639567, -82.361102)]: 7.42 meters
[controller-2] [INFO] [1744576609.699312868] [drone_home1.controller]: Bearing: -88.05°
[controller-2] [INFO] [1744576609.700260242] [drone_home1.controller]: Going to [(29.639567, -82.361102)]: 7.42 meters
[controller-2] [INFO] [1744576609.799284323] [drone_home1.controller]: Bearing: -88.05°
[controller-2] [INFO] [1744576609.800843418] [drone_home1.controller]: Going to [(29.639567, -82.361102)]: 7.42 meters
[controller-2] [INFO] [1744576609.899534950] [drone_home1.controller]: Bearing: -88.05°
[controller-2] [INFO] [1744576609.900842617] [drone_home1.controller]: Going to [(29.639567, -82.361102)]: 7.42 meters
[controller-2] [INFO] [1744576609.999421668] [drone_home1.controller]: Bearing: -88.05°
[controller-2] [INFO] [1744576610.000544404] [drone_home1.controller]: Going to [(29.639567, -82.361102)]: 7.42 meters
[controller-2] [INFO] [1744576610.100045521] [drone_home1.controller]: Bearing: -88.05°
[controller-2] [INFO] [1744576610.101073920] [drone_home1.controller]: Going to [(29.639567, -82.361102)]: 7.42 meters
[controller-2] [INFO] [1744576610.199686418] [drone_home1.controller]: Bearing: -88.11°
[controller-2] [INFO] [1744576610.200676736] [drone_home1.controller]: Going to [(29.639567, -82.361102)]: 7.64 meters
[controller-2] [INFO] [1744576610.301026186] [drone_home1.controller]: Bearing: -88.11°
[controller-2] [INFO] [1744576610.303236522] [drone_home1.controller]: Going to [(29.639567, -82.361102)]: 7.64 meters
[controller-2] [INFO] [1744576610.400540809] [drone_home1.controller]: Bearing: -88.11°
[controller-2] [INFO] [1744576610.402135424] [drone_home1.controller]: Going to [(29.639567, -82.361102)]: 7.64 meters
[controller-2] [INFO] [1744576610.500402188] [drone_home1.controller]: Bearing: -88.11°
[controller-2] [INFO] [1744576610.501977955] [drone_home1.controller]: Going to [(29.639567, -82.361102)]: 7.64 meters
[controller-2] [INFO] [1744576610.600421170] [drone_home1.controller]: Bearing: -88.11°
[controller-2] [INFO] [1744576610.601995688] [drone_home1.controller]: Going to [(29.639567, -82.361102)]: 7.64 meters
[controller-2] [INFO] [1744576610.699646412] [drone_home1.controller]: Bearing: -88.11°
[controller-2] [INFO] [1744576610.700763420] [drone_home1.controller]: Going to [(29.639567, -82.361102)]: 7.64 meters
[controller-2] [INFO] [1744576610.800340635] [drone_home1.controller]: Bearing: -88.05°
[controller-2] [INFO] [1744576610.801984947] [drone_home1.controller]: Going to [(29.639567, -82.361102)]: 7.42 meters
[controller-2] [INFO] [1744576610.900353313] [drone_home1.controller]: Bearing: -88.05°
[controller-2] [INFO] [1744576610.902076825] [drone_home1.controller]: Going to [(29.639567, -82.361102)]: 7.42 meters
[controller-2] [INFO] [1744576611.000252612] [drone_home1.controller]: Bearing: -88.05°
[controller-2] [INFO] [1744576611.001858908] [drone_home1.controller]: Going to [(29.639567, -82.361102)]: 7.42 meters
[controller-2] [INFO] [1744576611.100277488] [drone_home1.controller]: Bearing: -88.05°
[controller-2] [INFO] [1744576611.101851847] [drone_home1.controller]: Going to [(29.639567, -82.361102)]: 7.42 meters
[controller-2] [INFO] [1744576611.200055672] [drone_home1.controller]: Bearing: -88.05°
[controller-2] [INFO] [1744576611.201542350] [drone_home1.controller]: Going to [(29.639567, -82.361102)]: 7.42 meters
[controller-2] [INFO] [1744576611.300188197] [drone_home1.controller]: Bearing: -88.05°
[controller-2] [INFO] [1744576611.301170484] [drone_home1.controller]: Going to [(29.639567, -82.361102)]: 7.42 meters
[controller-2] [INFO] [1744576611.400235761] [drone_home1.controller]: Bearing: -88.05°
[controller-2] [INFO] [1744576611.401174879] [drone_home1.controller]: Going to [(29.639567, -82.361102)]: 7.42 meters
[controller-2] [INFO] [1744576611.499585427] [drone_home1.controller]: Bearing: -88.05°
[controller-2] [INFO] [1744576611.500936423] [drone_home1.controller]: Going to [(29.639567, -82.361102)]: 7.42 meters
[controller-2] [INFO] [1744576611.599448509] [drone_home1.controller]: Bearing: -88.05°
[controller-2] [INFO] [1744576611.600739856] [drone_home1.controller]: Going to [(29.639567, -82.361102)]: 7.42 meters
[controller-2] [INFO] [1744576611.699540362] [drone_home1.controller]: Bearing: -88.05°
[controller-2] [INFO] [1744576611.700664410] [drone_home1.controller]: Going to [(29.639567, -82.361102)]: 7.42 meters
[controller-2] [INFO] [1744576611.799397587] [drone_home1.controller]: Bearing: -88.05°
[controller-2] [INFO] [1744576611.800683334] [drone_home1.controller]: Going to [(29.639567, -82.361102)]: 7.42 meters
[controller-2] [INFO] [1744576611.899480864] [drone_home1.controller]: Bearing: -88.05°
[controller-2] [INFO] [1744576611.900481774] [drone_home1.controller]: Going to [(29.639567, -82.361102)]: 7.42 meters
[controller-2] [INFO] [1744576611.999724111] [drone_home1.controller]: Bearing: -88.05°
[controller-2] [INFO] [1744576612.000743293] [drone_home1.controller]: Going to [(29.639567, -82.361102)]: 7.42 meters
[controller-2] [INFO] [1744576612.099337850] [drone_home1.controller]: Bearing: -88.05°
[controller-2] [INFO] [1744576612.100272552] [drone_home1.controller]: Going to [(29.639567, -82.361102)]: 7.42 meters
[controller-2] [INFO] [1744576612.200147031] [drone_home1.controller]: Bearing: -88.05°
[controller-2] [INFO] [1744576612.201094757] [drone_home1.controller]: Going to [(29.639567, -82.361102)]: 7.42 meters
[controller-2] [INFO] [1744576612.299636321] [drone_home1.controller]: Bearing: -88.05°
[controller-2] [INFO] [1744576612.300695729] [drone_home1.controller]: Going to [(29.639567, -82.361102)]: 7.42 meters
[controller-2] [INFO] [1744576612.399591602] [drone_home1.controller]: Bearing: -88.05°
[controller-2] [INFO] [1744576612.402388923] [drone_home1.controller]: Going to [(29.639567, -82.361102)]: 7.42 meters
[controller-2] [INFO] [1744576612.499597828] [drone_home1.controller]: Bearing: -88.05°
[controller-2] [INFO] [1744576612.500534930] [drone_home1.controller]: Going to [(29.639567, -82.361102)]: 7.42 meters
[controller-2] [INFO] [1744576612.599507572] [drone_home1.controller]: Bearing: -88.05°
[controller-2] [INFO] [1744576612.600480514] [drone_home1.controller]: Going to [(29.639567, -82.361102)]: 7.42 meters
[controller-2] [INFO] [1744576612.699547078] [drone_home1.controller]: Bearing: -88.05°
[controller-2] [INFO] [1744576612.700471796] [drone_home1.controller]: Going to [(29.639567, -82.361102)]: 7.42 meters
[controller-2] [INFO] [1744576612.799496919] [drone_home1.controller]: Bearing: -88.05°
[controller-2] [INFO] [1744576612.800429221] [drone_home1.controller]: Going to [(29.639567, -82.361102)]: 7.42 meters
[controller-2] [INFO] [1744576612.899804237] [drone_home1.controller]: Bearing: -88.05°
[controller-2] [INFO] [1744576612.900724123] [drone_home1.controller]: Going to [(29.639567, -82.361102)]: 7.42 meters
[controller-2] [INFO] [1744576612.999413625] [drone_home1.controller]: Bearing: -88.05°
[controller-2] [INFO] [1744576613.000505097] [drone_home1.controller]: Going to [(29.639567, -82.361102)]: 7.42 meters
[controller-2] [INFO] [1744576613.100260604] [drone_home1.controller]: Bearing: -87.99°
[controller-2] [INFO] [1744576613.101830771] [drone_home1.controller]: Going to [(29.639567, -82.361102)]: 7.20 meters
[controller-2] [INFO] [1744576613.200509336] [drone_home1.controller]: Bearing: -87.99°
[controller-2] [INFO] [1744576613.202246545] [drone_home1.controller]: Going to [(29.639567, -82.361102)]: 7.20 meters
[controller-2] [INFO] [1744576613.299597314] [drone_home1.controller]: Bearing: -87.99°
[controller-2] [INFO] [1744576613.300589969] [drone_home1.controller]: Going to [(29.639567, -82.361102)]: 7.20 meters
[controller-2] [INFO] [1744576613.399698267] [drone_home1.controller]: Bearing: -88.05°
[controller-2] [INFO] [1744576613.400864588] [drone_home1.controller]: Going to [(29.639567, -82.361102)]: 7.42 meters
[controller-2] [INFO] [1744576613.499613265] [drone_home1.controller]: Bearing: -88.05°
[controller-2] [INFO] [1744576613.500628640] [drone_home1.controller]: Going to [(29.639567, -82.361102)]: 7.42 meters
[controller-2] [INFO] [1744576613.600855483] [drone_home1.controller]: Bearing: -88.05°
[controller-2] [INFO] [1744576613.602429778] [drone_home1.controller]: Going to [(29.639567, -82.361102)]: 7.42 meters
[controller-2] [INFO] [1744576613.699678818] [drone_home1.controller]: Bearing: -88.05°
[controller-2] [INFO] [1744576613.700708657] [drone_home1.controller]: Going to [(29.639567, -82.361102)]: 7.42 meters
[controller-2] [INFO] [1744576613.799500471] [drone_home1.controller]: Bearing: -88.05°
[controller-2] [INFO] [1744576613.800412388] [drone_home1.controller]: Going to [(29.639567, -82.361102)]: 7.42 meters
[controller-2] [INFO] [1744576613.899394509] [drone_home1.controller]: Bearing: -88.05°
[controller-2] [INFO] [1744576613.900336314] [drone_home1.controller]: Going to [(29.639567, -82.361102)]: 7.42 meters
[controller-2] [INFO] [1744576614.000069902] [drone_home1.controller]: Bearing: -88.05°
[controller-2] [INFO] [1744576614.001286080] [drone_home1.controller]: Going to [(29.639567, -82.361102)]: 7.42 meters
[controller-2] [INFO] [1744576614.099432962] [drone_home1.controller]: Bearing: -88.05°
[controller-2] [INFO] [1744576614.100647860] [drone_home1.controller]: Going to [(29.639567, -82.361102)]: 7.42 meters
[controller-2] [INFO] [1744576614.199579394] [drone_home1.controller]: Bearing: -88.05°
[controller-2] [INFO] [1744576614.200646322] [drone_home1.controller]: Going to [(29.639567, -82.361102)]: 7.42 meters
[controller-2] [INFO] [1744576614.299605408] [drone_home1.controller]: Bearing: -88.05°
[controller-2] [INFO] [1744576614.300614511] [drone_home1.controller]: Going to [(29.639567, -82.361102)]: 7.42 meters
[controller-2] [INFO] [1744576614.399601182] [drone_home1.controller]: Bearing: -88.05°
[controller-2] [INFO] [1744576614.400554988] [drone_home1.controller]: Going to [(29.639567, -82.361102)]: 7.42 meters
[controller-2] [INFO] [1744576614.499492250] [drone_home1.controller]: Bearing: -88.05°
[controller-2] [INFO] [1744576614.500454888] [drone_home1.controller]: Going to [(29.639567, -82.361102)]: 7.42 meters
[controller-2] [INFO] [1744576614.599553912] [drone_home1.controller]: Bearing: -88.05°
[controller-2] [INFO] [1744576614.600506694] [drone_home1.controller]: Going to [(29.639567, -82.361102)]: 7.42 meters
[controller-2] [INFO] [1744576614.699641143] [drone_home1.controller]: Bearing: -88.05°
[controller-2] [INFO] [1744576614.700596741] [drone_home1.controller]: Going to [(29.639567, -82.361102)]: 7.42 meters
[controller-2] [INFO] [1744576614.799494739] [drone_home1.controller]: Bearing: -88.05°
[controller-2] [INFO] [1744576614.800412800] [drone_home1.controller]: Going to [(29.639567, -82.361102)]: 7.42 meters
[controller-2] [INFO] [1744576614.899592946] [drone_home1.controller]: Bearing: -88.05°
[controller-2] [INFO] [1744576614.900626145] [drone_home1.controller]: Going to [(29.639567, -82.361102)]: 7.42 meters
[controller-2] [INFO] [1744576614.999454030] [drone_home1.controller]: Bearing: -88.05°
[controller-2] [INFO] [1744576615.000621695] [drone_home1.controller]: Going to [(29.639567, -82.361102)]: 7.42 meters
[controller-2] [INFO] [1744576615.100530081] [drone_home1.controller]: Bearing: -88.05°
[controller-2] [INFO] [1744576615.102136056] [drone_home1.controller]: Going to [(29.639567, -82.361102)]: 7.42 meters
[controller-2] [INFO] [1744576615.200872266] [drone_home1.controller]: Bearing: -88.05°
[controller-2] [INFO] [1744576615.202554114] [drone_home1.controller]: Going to [(29.639567, -82.361102)]: 7.42 meters
[controller-2] [INFO] [1744576615.299653275] [drone_home1.controller]: Bearing: -88.05°
[controller-2] [INFO] [1744576615.301053680] [drone_home1.controller]: Going to [(29.639567, -82.361102)]: 7.42 meters
[controller-2] [INFO] [1744576615.399589950] [drone_home1.controller]: Bearing: -88.05°
[controller-2] [INFO] [1744576615.400570285] [drone_home1.controller]: Going to [(29.639567, -82.361102)]: 7.42 meters
[controller-2] [INFO] [1744576615.499860102] [drone_home1.controller]: Bearing: -88.05°
[controller-2] [INFO] [1744576615.501302555] [drone_home1.controller]: Going to [(29.639567, -82.361102)]: 7.42 meters
[controller-2] [INFO] [1744576615.600479443] [drone_home1.controller]: Bearing: -88.05°
[controller-2] [INFO] [1744576615.602057002] [drone_home1.controller]: Going to [(29.639567, -82.361102)]: 7.42 meters
[controller-2] [INFO] [1744576615.701420516] [drone_home1.controller]: Bearing: -88.05°
[controller-2] [INFO] [1744576615.703067261] [drone_home1.controller]: Going to [(29.639567, -82.361102)]: 7.42 meters
[controller-2] [INFO] [1744576615.800626780] [drone_home1.controller]: Bearing: -88.05°
[controller-2] [INFO] [1744576615.802343094] [drone_home1.controller]: Going to [(29.639567, -82.361102)]: 7.42 meters
[controller-2] [INFO] [1744576615.899907190] [drone_home1.controller]: Bearing: -88.05°
[controller-2] [INFO] [1744576615.900868836] [drone_home1.controller]: Going to [(29.639567, -82.361102)]: 7.42 meters
[controller-2] [INFO] [1744576616.000438145] [drone_home1.controller]: Bearing: -88.05°
[controller-2] [INFO] [1744576616.002045657] [drone_home1.controller]: Going to [(29.639567, -82.361102)]: 7.42 meters
[controller-2] [INFO] [1744576616.100530860] [drone_home1.controller]: Bearing: -88.11°
[controller-2] [INFO] [1744576616.102105539] [drone_home1.controller]: Going to [(29.639567, -82.361102)]: 7.64 meters
[controller-2] [INFO] [1744576616.200157872] [drone_home1.controller]: Bearing: -88.11°
[controller-2] [INFO] [1744576616.201268545] [drone_home1.controller]: Going to [(29.639567, -82.361102)]: 7.64 meters
[controller-2] [INFO] [1744576616.299575857] [drone_home1.controller]: Bearing: -88.11°
[controller-2] [INFO] [1744576616.301036551] [drone_home1.controller]: Going to [(29.639567, -82.361102)]: 7.64 meters
[controller-2] [INFO] [1744576616.400319462] [drone_home1.controller]: Bearing: -88.11°
[controller-2] [INFO] [1744576616.401866269] [drone_home1.controller]: Going to [(29.639567, -82.361102)]: 7.64 meters
[controller-2] [INFO] [1744576616.500316464] [drone_home1.controller]: Bearing: -88.11°
[controller-2] [INFO] [1744576616.501892839] [drone_home1.controller]: Going to [(29.639567, -82.361102)]: 7.64 meters
[controller-2] [INFO] [1744576616.600396315] [drone_home1.controller]: Bearing: -88.11°
[controller-2] [INFO] [1744576616.602024147] [drone_home1.controller]: Going to [(29.639567, -82.361102)]: 7.64 meters
[controller-2] [INFO] [1744576616.700385668] [drone_home1.controller]: Bearing: -88.11°
[controller-2] [INFO] [1744576616.701971324] [drone_home1.controller]: Going to [(29.639567, -82.361102)]: 7.64 meters
[controller-2] [INFO] [1744576616.800257580] [drone_home1.controller]: Bearing: -88.11°
[controller-2] [INFO] [1744576616.801776771] [drone_home1.controller]: Going to [(29.639567, -82.361102)]: 7.64 meters
[controller-2] [INFO] [1744576616.899531083] [drone_home1.controller]: Bearing: -88.11°
[controller-2] [INFO] [1744576616.900588475] [drone_home1.controller]: Going to [(29.639567, -82.361102)]: 7.64 meters
[controller-2] [INFO] [1744576617.000256704] [drone_home1.controller]: Bearing: -88.11°
[controller-2] [INFO] [1744576617.001222926] [drone_home1.controller]: Going to [(29.639567, -82.361102)]: 7.64 meters
[controller-2] [INFO] [1744576617.099761576] [drone_home1.controller]: Bearing: -88.11°
[controller-2] [INFO] [1744576617.100761303] [drone_home1.controller]: Going to [(29.639567, -82.361102)]: 7.64 meters
[controller-2] [INFO] [1744576617.200303488] [drone_home1.controller]: Bearing: -88.11°
[controller-2] [INFO] [1744576617.201552530] [drone_home1.controller]: Going to [(29.639567, -82.361102)]: 7.64 meters
[controller-2] [INFO] [1744576617.300278447] [drone_home1.controller]: Bearing: -88.11°
[controller-2] [INFO] [1744576617.301841031] [drone_home1.controller]: Going to [(29.639567, -82.361102)]: 7.64 meters
[controller-2] [INFO] [1744576617.400659397] [drone_home1.controller]: Bearing: -88.11°
[controller-2] [INFO] [1744576617.401927160] [drone_home1.controller]: Going to [(29.639567, -82.361102)]: 7.64 meters
[controller-2] [INFO] [1744576617.500609524] [drone_home1.controller]: Bearing: -88.11°
[controller-2] [INFO] [1744576617.502269421] [drone_home1.controller]: Going to [(29.639567, -82.361102)]: 7.64 meters
[controller-2] [INFO] [1744576617.599565332] [drone_home1.controller]: Bearing: -88.11°
[controller-2] [INFO] [1744576617.600512450] [drone_home1.controller]: Going to [(29.639567, -82.361102)]: 7.64 meters
[controller-2] [INFO] [1744576617.700329071] [drone_home1.controller]: Bearing: -88.14°
[controller-2] [INFO] [1744576617.701894183] [drone_home1.controller]: Going to [(29.639567, -82.361102)]: 7.75 meters
[controller-2] [INFO] [1744576617.800426593] [drone_home1.controller]: Bearing: -88.14°
[controller-2] [INFO] [1744576617.801424112] [drone_home1.controller]: Going to [(29.639567, -82.361102)]: 7.75 meters
[controller-2] [INFO] [1744576617.900352559] [drone_home1.controller]: Bearing: -87.80°
[controller-2] [INFO] [1744576617.901938311] [drone_home1.controller]: Going to [(29.639567, -82.361102)]: 7.77 meters
[controller-2] [INFO] [1744576618.000691236] [drone_home1.controller]: Bearing: -87.80°
[controller-2] [INFO] [1744576618.002211803] [drone_home1.controller]: Going to [(29.639567, -82.361102)]: 7.77 meters
[controller-2] [INFO] [1744576618.100712666] [drone_home1.controller]: Bearing: -87.80°
[controller-2] [INFO] [1744576618.102345202] [drone_home1.controller]: Going to [(29.639567, -82.361102)]: 7.77 meters
[controller-2] [INFO] [1744576618.200180040] [drone_home1.controller]: Bearing: -87.80°
[controller-2] [INFO] [1744576618.201879873] [drone_home1.controller]: Going to [(29.639567, -82.361102)]: 7.77 meters
[controller-2] [INFO] [1744576618.300374369] [drone_home1.controller]: Bearing: -87.80°
[controller-2] [INFO] [1744576618.302091898] [drone_home1.controller]: Going to [(29.639567, -82.361102)]: 7.77 meters
[controller-2] [INFO] [1744576618.400252117] [drone_home1.controller]: Bearing: -87.80°
[controller-2] [INFO] [1744576618.401357221] [drone_home1.controller]: Going to [(29.639567, -82.361102)]: 7.77 meters
[controller-2] [INFO] [1744576618.499612193] [drone_home1.controller]: Bearing: -87.80°
[controller-2] [INFO] [1744576618.500659025] [drone_home1.controller]: Going to [(29.639567, -82.361102)]: 7.77 meters
[controller-2] [INFO] [1744576618.599532214] [drone_home1.controller]: Bearing: -87.80°
[controller-2] [INFO] [1744576618.600459844] [drone_home1.controller]: Going to [(29.639567, -82.361102)]: 7.77 meters
[controller-2] [INFO] [1744576618.700222998] [drone_home1.controller]: Bearing: -87.80°
[controller-2] [INFO] [1744576618.702245108] [drone_home1.controller]: Going to [(29.639567, -82.361102)]: 7.77 meters
[controller-2] [INFO] [1744576618.800174955] [drone_home1.controller]: Bearing: -87.80°
[controller-2] [INFO] [1744576618.802141672] [drone_home1.controller]: Going to [(29.639567, -82.361102)]: 7.77 meters
[controller-2] [INFO] [1744576618.900295587] [drone_home1.controller]: Bearing: -87.80°
[controller-2] [INFO] [1744576618.901884699] [drone_home1.controller]: Going to [(29.639567, -82.361102)]: 7.77 meters
[controller-2] [INFO] [1744576618.999807857] [drone_home1.controller]: Bearing: -87.86°
[controller-2] [INFO] [1744576619.000853921] [drone_home1.controller]: Going to [(29.639567, -82.361102)]: 7.99 meters
[controller-2] [INFO] [1744576619.099535337] [drone_home1.controller]: Bearing: -87.86°
[controller-2] [INFO] [1744576619.100534264] [drone_home1.controller]: Going to [(29.639567, -82.361102)]: 7.99 meters
[controller-2] [INFO] [1744576619.199415619] [drone_home1.controller]: Bearing: -87.86°
[controller-2] [INFO] [1744576619.200402866] [drone_home1.controller]: Going to [(29.639567, -82.361102)]: 7.99 meters
[controller-2] [INFO] [1744576619.300367789] [drone_home1.controller]: Bearing: -87.86°
[controller-2] [INFO] [1744576619.302451820] [drone_home1.controller]: Going to [(29.639567, -82.361102)]: 7.99 meters
[controller-2] [INFO] [1744576619.400227687] [drone_home1.controller]: Bearing: -87.86°
[controller-2] [INFO] [1744576619.402592554] [drone_home1.controller]: Going to [(29.639567, -82.361102)]: 7.99 meters
[controller-2] [INFO] [1744576619.500179298] [drone_home1.controller]: Bearing: -87.86°
[controller-2] [INFO] [1744576619.501747705] [drone_home1.controller]: Going to [(29.639567, -82.361102)]: 7.99 meters
[controller-2] [INFO] [1744576619.600237407] [drone_home1.controller]: Bearing: -87.86°
[controller-2] [INFO] [1744576619.601848759] [drone_home1.controller]: Going to [(29.639567, -82.361102)]: 7.99 meters
[controller-2] [INFO] [1744576619.700206170] [drone_home1.controller]: Bearing: -87.92°
[controller-2] [INFO] [1744576619.701939412] [drone_home1.controller]: Going to [(29.639567, -82.361102)]: 8.21 meters
[controller-2] [INFO] [1744576619.799658510] [drone_home1.controller]: Bearing: -87.92°
[controller-2] [INFO] [1744576619.802537209] [drone_home1.controller]: Going to [(29.639567, -82.361102)]: 8.21 meters
[controller-2] [INFO] [1744576619.899770283] [drone_home1.controller]: Bearing: -87.92°
[controller-2] [INFO] [1744576619.900821467] [drone_home1.controller]: Going to [(29.639567, -82.361102)]: 8.21 meters
[controller-2] [INFO] [1744576620.000062187] [drone_home1.controller]: Bearing: -87.92°
[controller-2] [INFO] [1744576620.001086491] [drone_home1.controller]: Going to [(29.639567, -82.361102)]: 8.21 meters
[controller-2] [INFO] [1744576620.099597286] [drone_home1.controller]: Bearing: -87.76°
[controller-2] [INFO] [1744576620.100680854] [drone_home1.controller]: Going to [(29.639567, -82.361102)]: 8.23 meters
[controller-2] [INFO] [1744576620.199974894] [drone_home1.controller]: Bearing: -87.76°
[controller-2] [INFO] [1744576620.200885019] [drone_home1.controller]: Going to [(29.639567, -82.361102)]: 8.23 meters
[controller-2] [INFO] [1744576620.300384438] [drone_home1.controller]: Bearing: -87.76°
[controller-2] [INFO] [1744576620.302062767] [drone_home1.controller]: Going to [(29.639567, -82.361102)]: 8.23 meters
[controller-2] [INFO] [1744576620.399770094] [drone_home1.controller]: Bearing: -87.76°
[controller-2] [INFO] [1744576620.400756317] [drone_home1.controller]: Going to [(29.639567, -82.361102)]: 8.23 meters
[controller-2] [INFO] [1744576620.499666095] [drone_home1.controller]: Bearing: -87.76°
[controller-2] [INFO] [1744576620.500721759] [drone_home1.controller]: Going to [(29.639567, -82.361102)]: 8.23 meters
[controller-2] [INFO] [1744576620.599386028] [drone_home1.controller]: Bearing: -87.76°
[controller-2] [INFO] [1744576620.600626399] [drone_home1.controller]: Going to [(29.639567, -82.361102)]: 8.23 meters
[controller-2] [INFO] [1744576620.699576465] [drone_home1.controller]: Bearing: -87.76°
[controller-2] [INFO] [1744576620.700599680] [drone_home1.controller]: Going to [(29.639567, -82.361102)]: 8.23 meters
[controller-2] [INFO] [1744576620.800311998] [drone_home1.controller]: Bearing: -87.76°
[controller-2] [INFO] [1744576620.802338044] [drone_home1.controller]: Going to [(29.639567, -82.361102)]: 8.23 meters
[controller-2] [INFO] [1744576620.900309312] [drone_home1.controller]: Bearing: -87.76°
[controller-2] [INFO] [1744576620.902369407] [drone_home1.controller]: Going to [(29.639567, -82.361102)]: 8.23 meters
[controller-2] [INFO] [1744576620.999534870] [drone_home1.controller]: Bearing: -87.76°
[controller-2] [INFO] [1744576621.000498885] [drone_home1.controller]: Going to [(29.639567, -82.361102)]: 8.23 meters
[controller-2] [INFO] [1744576621.099482013] [drone_home1.controller]: Bearing: -87.76°
[controller-2] [INFO] [1744576621.100666671] [drone_home1.controller]: Going to [(29.639567, -82.361102)]: 8.23 meters
[controller-2] [INFO] [1744576621.200327601] [drone_home1.controller]: Bearing: -87.76°
[controller-2] [INFO] [1744576621.201894697] [drone_home1.controller]: Going to [(29.639567, -82.361102)]: 8.23 meters
[controller-2] [INFO] [1744576621.300258904] [drone_home1.controller]: Bearing: -87.76°
[controller-2] [INFO] [1744576621.301990290] [drone_home1.controller]: Going to [(29.639567, -82.361102)]: 8.23 meters
[controller-2] [INFO] [1744576621.400207199] [drone_home1.controller]: Bearing: -87.76°
[controller-2] [INFO] [1744576621.401810680] [drone_home1.controller]: Going to [(29.639567, -82.361102)]: 8.23 meters
[controller-2] [INFO] [1744576621.500120230] [drone_home1.controller]: Bearing: -87.76°
[controller-2] [INFO] [1744576621.502358760] [drone_home1.controller]: Going to [(29.639567, -82.361102)]: 8.23 meters
[controller-2] [INFO] [1744576621.600472595] [drone_home1.controller]: Bearing: -87.76°
[controller-2] [INFO] [1744576621.602087596] [drone_home1.controller]: Going to [(29.639567, -82.361102)]: 8.23 meters
[controller-2] [INFO] [1744576621.700718239] [drone_home1.controller]: Bearing: -87.76°
[controller-2] [INFO] [1744576621.702392440] [drone_home1.controller]: Going to [(29.639567, -82.361102)]: 8.23 meters
[controller-2] [INFO] [1744576621.799690647] [drone_home1.controller]: Bearing: -87.76°
[controller-2] [INFO] [1744576621.800998539] [drone_home1.controller]: Going to [(29.639567, -82.361102)]: 8.23 meters
[controller-2] [INFO] [1744576621.899604894] [drone_home1.controller]: Bearing: -87.76°
[controller-2] [INFO] [1744576621.900584268] [drone_home1.controller]: Going to [(29.639567, -82.361102)]: 8.23 meters
[controller-2] [INFO] [1744576621.999405858] [drone_home1.controller]: Bearing: -87.76°
[controller-2] [INFO] [1744576622.000358353] [drone_home1.controller]: Going to [(29.639567, -82.361102)]: 8.23 meters
[controller-2] [INFO] [1744576622.099629779] [drone_home1.controller]: Bearing: -87.76°
[controller-2] [INFO] [1744576622.100642659] [drone_home1.controller]: Going to [(29.639567, -82.361102)]: 8.23 meters
[controller-2] [INFO] [1744576622.199425278] [drone_home1.controller]: Bearing: -87.76°
[controller-2] [INFO] [1744576622.200348780] [drone_home1.controller]: Going to [(29.639567, -82.361102)]: 8.23 meters
[controller-2] [INFO] [1744576622.299437292] [drone_home1.controller]: Bearing: -87.76°
[controller-2] [INFO] [1744576622.300432443] [drone_home1.controller]: Going to [(29.639567, -82.361102)]: 8.23 meters
[controller-2] [INFO] [1744576622.399565788] [drone_home1.controller]: Bearing: -87.76°
[controller-2] [INFO] [1744576622.400835247] [drone_home1.controller]: Going to [(29.639567, -82.361102)]: 8.23 meters
[controller-2] [INFO] [1744576622.499357767] [drone_home1.controller]: Bearing: -87.76°
[controller-2] [INFO] [1744576622.500334166] [drone_home1.controller]: Going to [(29.639567, -82.361102)]: 8.23 meters
[controller-2] [INFO] [1744576622.600150337] [drone_home1.controller]: Bearing: -87.76°
[controller-2] [INFO] [1744576622.601929820] [drone_home1.controller]: Going to [(29.639567, -82.361102)]: 8.23 meters
[controller-2] [INFO] [1744576622.699732744] [drone_home1.controller]: Bearing: -87.76°
[controller-2] [INFO] [1744576622.700702679] [drone_home1.controller]: Going to [(29.639567, -82.361102)]: 8.23 meters
[controller-2] [INFO] [1744576622.799529779] [drone_home1.controller]: Bearing: -87.76°
[controller-2] [INFO] [1744576622.800578723] [drone_home1.controller]: Going to [(29.639567, -82.361102)]: 8.23 meters
[controller-2] [INFO] [1744576622.899509216] [drone_home1.controller]: Bearing: -87.76°
[controller-2] [INFO] [1744576622.900489967] [drone_home1.controller]: Going to [(29.639567, -82.361102)]: 8.23 meters
[controller-2] [INFO] [1744576622.999518126] [drone_home1.controller]: Bearing: -87.76°
[controller-2] [INFO] [1744576623.000497181] [drone_home1.controller]: Going to [(29.639567, -82.361102)]: 8.23 meters
[controller-2] [INFO] [1744576623.099519234] [drone_home1.controller]: Bearing: -87.76°
[controller-2] [INFO] [1744576623.100426416] [drone_home1.controller]: Going to [(29.639567, -82.361102)]: 8.23 meters
[controller-2] [INFO] [1744576623.199868187] [drone_home1.controller]: Bearing: -87.76°
[controller-2] [INFO] [1744576623.200804905] [drone_home1.controller]: Going to [(29.639567, -82.361102)]: 8.23 meters
[controller-2] [INFO] [1744576623.299631051] [drone_home1.controller]: Bearing: -87.76°
[controller-2] [INFO] [1744576623.300647259] [drone_home1.controller]: Going to [(29.639567, -82.361102)]: 8.23 meters
[controller-2] [INFO] [1744576623.400313737] [drone_home1.controller]: Bearing: -87.76°
[controller-2] [INFO] [1744576623.401843425] [drone_home1.controller]: Going to [(29.639567, -82.361102)]: 8.23 meters
[controller-2] [INFO] [1744576623.500456991] [drone_home1.controller]: Bearing: -87.76°
[controller-2] [INFO] [1744576623.502096408] [drone_home1.controller]: Going to [(29.639567, -82.361102)]: 8.23 meters
[controller-2] [INFO] [1744576623.600466899] [drone_home1.controller]: Bearing: -87.76°
[controller-2] [INFO] [1744576623.602213774] [drone_home1.controller]: Going to [(29.639567, -82.361102)]: 8.23 meters
[controller-2] [INFO] [1744576623.700543656] [drone_home1.controller]: Bearing: -87.76°
[controller-2] [INFO] [1744576623.702142689] [drone_home1.controller]: Going to [(29.639567, -82.361102)]: 8.23 meters
[controller-2] [INFO] [1744576623.800619997] [drone_home1.controller]: Bearing: -87.76°
[controller-2] [INFO] [1744576623.802410521] [drone_home1.controller]: Going to [(29.639567, -82.361102)]: 8.23 meters
[controller-2] [INFO] [1744576623.900275436] [drone_home1.controller]: Bearing: -87.79°
[controller-2] [INFO] [1744576623.901920613] [drone_home1.controller]: Going to [(29.639567, -82.361102)]: 8.34 meters
[controller-2] [INFO] [1744576624.000526788] [drone_home1.controller]: Bearing: -87.79°
[controller-2] [INFO] [1744576624.002254750] [drone_home1.controller]: Going to [(29.639567, -82.361102)]: 8.34 meters
[controller-2] [INFO] [1744576624.100364123] [drone_home1.controller]: Bearing: -87.47°
[controller-2] [INFO] [1744576624.101938867] [drone_home1.controller]: Going to [(29.639567, -82.361102)]: 8.37 meters
[controller-2] [INFO] [1744576624.199469575] [drone_home1.controller]: Bearing: -87.44°
[controller-2] [INFO] [1744576624.200433686] [drone_home1.controller]: Going to [(29.639567, -82.361102)]: 8.26 meters
[controller-2] [INFO] [1744576624.300114602] [drone_home1.controller]: Bearing: -87.44°
[controller-2] [INFO] [1744576624.301707683] [drone_home1.controller]: Going to [(29.639567, -82.361102)]: 8.26 meters
[controller-2] [INFO] [1744576624.400085284] [drone_home1.controller]: Bearing: -87.44°
[controller-2] [INFO] [1744576624.401669980] [drone_home1.controller]: Going to [(29.639567, -82.361102)]: 8.26 meters
[controller-2] [INFO] [1744576624.500213183] [drone_home1.controller]: Bearing: -87.44°
[controller-2] [INFO] [1744576624.502062972] [drone_home1.controller]: Going to [(29.639567, -82.361102)]: 8.26 meters
[controller-2] [INFO] [1744576624.600155288] [drone_home1.controller]: Bearing: -87.44°
[controller-2] [INFO] [1744576624.602835553] [drone_home1.controller]: Going to [(29.639567, -82.361102)]: 8.26 meters
[controller-2] [INFO] [1744576624.700263156] [drone_home1.controller]: Bearing: -87.76°
[controller-2] [INFO] [1744576624.703015838] [drone_home1.controller]: Going to [(29.639567, -82.361102)]: 8.23 meters
[controller-2] [INFO] [1744576624.799486978] [drone_home1.controller]: Bearing: -87.79°
[controller-2] [INFO] [1744576624.800438480] [drone_home1.controller]: Going to [(29.639567, -82.361102)]: 8.34 meters
[controller-2] [INFO] [1744576624.899493788] [drone_home1.controller]: Bearing: -87.79°
[controller-2] [INFO] [1744576624.900491947] [drone_home1.controller]: Going to [(29.639567, -82.361102)]: 8.34 meters
[controller-2] [INFO] [1744576624.999424436] [drone_home1.controller]: Bearing: -87.79°
[controller-2] [INFO] [1744576625.000299330] [drone_home1.controller]: Going to [(29.639567, -82.361102)]: 8.34 meters
[controller-2] [INFO] [1744576625.099528597] [drone_home1.controller]: Bearing: -87.79°
[controller-2] [INFO] [1744576625.100466340] [drone_home1.controller]: Going to [(29.639567, -82.361102)]: 8.34 meters
[controller-2] [INFO] [1744576625.199533685] [drone_home1.controller]: Bearing: -87.79°
[controller-2] [INFO] [1744576625.200559013] [drone_home1.controller]: Going to [(29.639567, -82.361102)]: 8.34 meters
[controller-2] [INFO] [1744576625.300342657] [drone_home1.controller]: Bearing: -87.79°
[controller-2] [INFO] [1744576625.301938650] [drone_home1.controller]: Going to [(29.639567, -82.361102)]: 8.34 meters
[controller-2] [INFO] [1744576625.399464883] [drone_home1.controller]: Bearing: -87.79°
[controller-2] [INFO] [1744576625.400474115] [drone_home1.controller]: Going to [(29.639567, -82.361102)]: 8.34 meters
[controller-2] [INFO] [1744576625.499600373] [drone_home1.controller]: Bearing: -87.79°
[controller-2] [INFO] [1744576625.500674182] [drone_home1.controller]: Going to [(29.639567, -82.361102)]: 8.34 meters
[controller-2] [INFO] [1744576625.599678582] [drone_home1.controller]: Bearing: -87.79°
[controller-2] [INFO] [1744576625.600728390] [drone_home1.controller]: Going to [(29.639567, -82.361102)]: 8.34 meters
[controller-2] [INFO] [1744576625.699598037] [drone_home1.controller]: Bearing: -87.79°
[controller-2] [INFO] [1744576625.700571300] [drone_home1.controller]: Going to [(29.639567, -82.361102)]: 8.34 meters
[controller-2] [INFO] [1744576625.799371185] [drone_home1.controller]: Bearing: -87.79°
[controller-2] [INFO] [1744576625.800339520] [drone_home1.controller]: Going to [(29.639567, -82.361102)]: 8.34 meters
[controller-2] [INFO] [1744576625.900373248] [drone_home1.controller]: Bearing: -87.79°
[controller-2] [INFO] [1744576625.901962616] [drone_home1.controller]: Going to [(29.639567, -82.361102)]: 8.34 meters
[controller-2] [INFO] [1744576625.999430737] [drone_home1.controller]: Bearing: -87.79°
[controller-2] [INFO] [1744576626.000345855] [drone_home1.controller]: Going to [(29.639567, -82.361102)]: 8.34 meters
[controller-2] [INFO] [1744576626.100086113] [drone_home1.controller]: Bearing: -87.79°
[controller-2] [INFO] [1744576626.101959934] [drone_home1.controller]: Going to [(29.639567, -82.361102)]: 8.34 meters
[controller-2] [INFO] [1744576626.200350122] [drone_home1.controller]: Bearing: -87.79°
[controller-2] [INFO] [1744576626.201949923] [drone_home1.controller]: Going to [(29.639567, -82.361102)]: 8.34 meters
[controller-2] [INFO] [1744576626.299382241] [drone_home1.controller]: Bearing: -87.79°
[controller-2] [INFO] [1744576626.300301199] [drone_home1.controller]: Going to [(29.639567, -82.361102)]: 8.34 meters
[controller-2] [INFO] [1744576626.399924495] [drone_home1.controller]: Bearing: -87.47°
[controller-2] [INFO] [1744576626.400893694] [drone_home1.controller]: Going to [(29.639567, -82.361102)]: 8.37 meters
[controller-2] [INFO] [1744576626.500451453] [drone_home1.controller]: Bearing: -87.54°
[controller-2] [INFO] [1744576626.502053142] [drone_home1.controller]: Going to [(29.639567, -82.361102)]: 8.59 meters
[controller-2] [INFO] [1744576626.600639845] [drone_home1.controller]: Bearing: -87.54°
[controller-2] [INFO] [1744576626.602199997] [drone_home1.controller]: Going to [(29.639567, -82.361102)]: 8.59 meters
[controller-2] [INFO] [1744576626.699449401] [drone_home1.controller]: Bearing: -87.54°
[controller-2] [INFO] [1744576626.700437672] [drone_home1.controller]: Going to [(29.639567, -82.361102)]: 8.59 meters
[controller-2] [INFO] [1744576626.799556928] [drone_home1.controller]: Bearing: -87.54°
[controller-2] [INFO] [1744576626.800536655] [drone_home1.controller]: Going to [(29.639567, -82.361102)]: 8.59 meters
[controller-2] [INFO] [1744576626.899602470] [drone_home1.controller]: Bearing: -87.54°
[controller-2] [INFO] [1744576626.900527285] [drone_home1.controller]: Going to [(29.639567, -82.361102)]: 8.59 meters
[controller-2] [INFO] [1744576626.999592716] [drone_home1.controller]: Bearing: -87.54°
[controller-2] [INFO] [1744576627.000676797] [drone_home1.controller]: Going to [(29.639567, -82.361102)]: 8.59 meters
[controller-2] [INFO] [1744576627.099625272] [drone_home1.controller]: Bearing: -87.54°
[controller-2] [INFO] [1744576627.100571334] [drone_home1.controller]: Going to [(29.639567, -82.361102)]: 8.59 meters
[controller-2] [INFO] [1744576627.199604387] [drone_home1.controller]: Bearing: -87.60°
[controller-2] [INFO] [1744576627.200512913] [drone_home1.controller]: Going to [(29.639567, -82.361102)]: 8.81 meters
[controller-2] [INFO] [1744576627.299697488] [drone_home1.controller]: Bearing: -87.60°
[controller-2] [INFO] [1744576627.300926787] [drone_home1.controller]: Going to [(29.639567, -82.361102)]: 8.81 meters
[controller-2] [INFO] [1744576627.399779837] [drone_home1.controller]: Bearing: -87.60°
[controller-2] [INFO] [1744576627.402579368] [drone_home1.controller]: Going to [(29.639567, -82.361102)]: 8.81 meters
[controller-2] [INFO] [1744576627.499538629] [drone_home1.controller]: Bearing: -87.60°
[controller-2] [INFO] [1744576627.500632598] [drone_home1.controller]: Going to [(29.639567, -82.361102)]: 8.81 meters
[controller-2] [INFO] [1744576627.599816692] [drone_home1.controller]: Bearing: -87.60°
[controller-2] [INFO] [1744576627.600860709] [drone_home1.controller]: Going to [(29.639567, -82.361102)]: 8.81 meters
[controller-2] [INFO] [1744576627.700387273] [drone_home1.controller]: Bearing: -87.60°
[controller-2] [INFO] [1744576627.701983298] [drone_home1.controller]: Going to [(29.639567, -82.361102)]: 8.81 meters
[controller-2] [INFO] [1744576627.800971677] [drone_home1.controller]: Bearing: -87.63°
[controller-2] [INFO] [1744576627.802914460] [drone_home1.controller]: Going to [(29.639567, -82.361102)]: 8.92 meters
[controller-2] [INFO] [1744576627.900562883] [drone_home1.controller]: Bearing: -87.34°
[controller-2] [INFO] [1744576627.902244989] [drone_home1.controller]: Going to [(29.639567, -82.361102)]: 8.95 meters
[controller-2] [INFO] [1744576628.000307754] [drone_home1.controller]: Bearing: -87.34°
[controller-2] [INFO] [1744576628.002190055] [drone_home1.controller]: Going to [(29.639567, -82.361102)]: 8.95 meters
[controller-2] [INFO] [1744576628.100274939] [drone_home1.controller]: Bearing: -87.34°
[controller-2] [INFO] [1744576628.102789250] [drone_home1.controller]: Going to [(29.639567, -82.361102)]: 8.95 meters
[controller-2] [INFO] [1744576628.200366190] [drone_home1.controller]: Bearing: -87.34°
[controller-2] [INFO] [1744576628.201947495] [drone_home1.controller]: Going to [(29.639567, -82.361102)]: 8.95 meters
[controller-2] [INFO] [1744576628.300438049] [drone_home1.controller]: Bearing: -87.34°
[controller-2] [INFO] [1744576628.302062298] [drone_home1.controller]: Going to [(29.639567, -82.361102)]: 8.95 meters
[controller-2] [INFO] [1744576628.399537732] [drone_home1.controller]: Bearing: -87.40°
[controller-2] [INFO] [1744576628.400526355] [drone_home1.controller]: Going to [(29.639567, -82.361102)]: 9.17 meters
[controller-2] [INFO] [1744576628.500398755] [drone_home1.controller]: Bearing: -87.40°
[controller-2] [INFO] [1744576628.502506116] [drone_home1.controller]: Going to [(29.639567, -82.361102)]: 9.17 meters
[controller-2] [INFO] [1744576628.600473430] [drone_home1.controller]: Bearing: -87.40°
[controller-2] [INFO] [1744576628.602716728] [drone_home1.controller]: Going to [(29.639567, -82.361102)]: 9.17 meters
[controller-2] [INFO] [1744576628.700537416] [drone_home1.controller]: Bearing: -87.26°
[controller-2] [INFO] [1744576628.702002591] [drone_home1.controller]: Going to [(29.639567, -82.361102)]: 9.19 meters
[controller-2] [INFO] [1744576628.800265589] [drone_home1.controller]: Bearing: -87.26°
[controller-2] [INFO] [1744576628.801813709] [drone_home1.controller]: Going to [(29.639567, -82.361102)]: 9.19 meters
[controller-2] [INFO] [1744576628.900347624] [drone_home1.controller]: Bearing: -87.26°
[controller-2] [INFO] [1744576628.901329847] [drone_home1.controller]: Going to [(29.639567, -82.361102)]: 9.19 meters
[controller-2] [INFO] [1744576628.999433803] [drone_home1.controller]: Bearing: -87.26°
[controller-2] [INFO] [1744576629.000359898] [drone_home1.controller]: Going to [(29.639567, -82.361102)]: 9.19 meters
[controller-2] [INFO] [1744576629.099659494] [drone_home1.controller]: Bearing: -87.26°
[controller-2] [INFO] [1744576629.100677270] [drone_home1.controller]: Going to [(29.639567, -82.361102)]: 9.19 meters
[controller-2] [INFO] [1744576629.199641117] [drone_home1.controller]: Bearing: -87.26°
[controller-2] [INFO] [1744576629.200681293] [drone_home1.controller]: Going to [(29.639567, -82.361102)]: 9.19 meters
[controller-2] [INFO] [1744576629.299581555] [drone_home1.controller]: Bearing: -87.26°
[controller-2] [INFO] [1744576629.300675428] [drone_home1.controller]: Going to [(29.639567, -82.361102)]: 9.19 meters
[controller-2] [INFO] [1744576629.399482121] [drone_home1.controller]: Bearing: -87.32°
[controller-2] [INFO] [1744576629.400488409] [drone_home1.controller]: Going to [(29.639567, -82.361102)]: 9.41 meters
[controller-2] [INFO] [1744576629.499446752] [drone_home1.controller]: Bearing: -87.32°
[controller-2] [INFO] [1744576629.501273309] [drone_home1.controller]: Going to [(29.639567, -82.361102)]: 9.41 meters
[controller-2] [INFO] [1744576629.599530489] [drone_home1.controller]: Bearing: -87.26°
[controller-2] [INFO] [1744576629.600470631] [drone_home1.controller]: Going to [(29.639567, -82.361102)]: 9.19 meters
[controller-2] [INFO] [1744576629.699445455] [drone_home1.controller]: Bearing: -87.26°
[controller-2] [INFO] [1744576629.700405438] [drone_home1.controller]: Going to [(29.639567, -82.361102)]: 9.19 meters
[controller-2] [INFO] [1744576629.799479687] [drone_home1.controller]: Bearing: -87.32°
[controller-2] [INFO] [1744576629.800393045] [drone_home1.controller]: Going to [(29.639567, -82.361102)]: 9.41 meters
[controller-2] [INFO] [1744576629.899420829] [drone_home1.controller]: Bearing: -87.32°
[controller-2] [INFO] [1744576629.900362924] [drone_home1.controller]: Going to [(29.639567, -82.361102)]: 9.41 meters
[controller-2] [INFO] [1744576629.999527926] [drone_home1.controller]: Bearing: -87.32°
[controller-2] [INFO] [1744576630.000508325] [drone_home1.controller]: Going to [(29.639567, -82.361102)]: 9.41 meters
[controller-2] [INFO] [1744576630.099951898] [drone_home1.controller]: Bearing: -87.32°
[controller-2] [INFO] [1744576630.100913225] [drone_home1.controller]: Going to [(29.639567, -82.361102)]: 9.41 meters
[controller-2] [INFO] [1744576630.200489375] [drone_home1.controller]: Bearing: -87.32°
[controller-2] [INFO] [1744576630.202137017] [drone_home1.controller]: Going to [(29.639567, -82.361102)]: 9.41 meters
[controller-2] [INFO] [1744576630.299677904] [drone_home1.controller]: Bearing: -87.32°
[controller-2] [INFO] [1744576630.300687680] [drone_home1.controller]: Going to [(29.639567, -82.361102)]: 9.41 meters
[controller-2] [INFO] [1744576630.400571067] [drone_home1.controller]: Bearing: -87.32°
[controller-2] [INFO] [1744576630.402227733] [drone_home1.controller]: Going to [(29.639567, -82.361102)]: 9.41 meters
[controller-2] [INFO] [1744576630.499876910] [drone_home1.controller]: Bearing: -87.32°
[controller-2] [INFO] [1744576630.500816380] [drone_home1.controller]: Going to [(29.639567, -82.361102)]: 9.41 meters
[controller-2] [INFO] [1744576630.600419347] [drone_home1.controller]: Bearing: -87.32°
[controller-2] [INFO] [1744576630.601985420] [drone_home1.controller]: Going to [(29.639567, -82.361102)]: 9.41 meters
[controller-2] [INFO] [1744576630.700314831] [drone_home1.controller]: Bearing: -87.32°
[controller-2] [INFO] [1744576630.702040106] [drone_home1.controller]: Going to [(29.639567, -82.361102)]: 9.41 meters
[controller-2] [INFO] [1744576630.799425374] [drone_home1.controller]: Bearing: -87.32°
[controller-2] [INFO] [1744576630.800505935] [drone_home1.controller]: Going to [(29.639567, -82.361102)]: 9.41 meters
[controller-2] [INFO] [1744576630.900267465] [drone_home1.controller]: Bearing: -87.32°
[controller-2] [INFO] [1744576630.902530412] [drone_home1.controller]: Going to [(29.639567, -82.361102)]: 9.41 meters
[controller-2] [INFO] [1744576630.999666301] [drone_home1.controller]: Bearing: -87.32°
[controller-2] [INFO] [1744576631.000632620] [drone_home1.controller]: Going to [(29.639567, -82.361102)]: 9.41 meters
[controller-2] [INFO] [1744576631.099618847] [drone_home1.controller]: Bearing: -87.32°
[controller-2] [INFO] [1744576631.100635151] [drone_home1.controller]: Going to [(29.639567, -82.361102)]: 9.41 meters
[controller-2] [INFO] [1744576631.200385582] [drone_home1.controller]: Bearing: -87.32°
[controller-2] [INFO] [1744576631.202016040] [drone_home1.controller]: Going to [(29.639567, -82.361102)]: 9.41 meters
[controller-2] [INFO] [1744576631.300710646] [drone_home1.controller]: Bearing: -87.32°
[controller-2] [INFO] [1744576631.302825591] [drone_home1.controller]: Going to [(29.639567, -82.361102)]: 9.41 meters
[controller-2] [INFO] [1744576631.399738026] [drone_home1.controller]: Bearing: -87.32°
[controller-2] [INFO] [1744576631.400757530] [drone_home1.controller]: Going to [(29.639567, -82.361102)]: 9.41 meters
[controller-2] [INFO] [1744576631.499450697] [drone_home1.controller]: Bearing: -87.32°
[controller-2] [INFO] [1744576631.500379703] [drone_home1.controller]: Going to [(29.639567, -82.361102)]: 9.41 meters
[controller-2] [INFO] [1744576631.600275129] [drone_home1.controller]: Bearing: -87.32°
[controller-2] [INFO] [1744576631.601992404] [drone_home1.controller]: Going to [(29.639567, -82.361102)]: 9.41 meters
[controller-2] [INFO] [1744576631.700230875] [drone_home1.controller]: Bearing: -87.32°
[controller-2] [INFO] [1744576631.701767539] [drone_home1.controller]: Going to [(29.639567, -82.361102)]: 9.41 meters
[controller-2] [INFO] [1744576631.800328704] [drone_home1.controller]: Bearing: -87.32°
[controller-2] [INFO] [1744576631.801913433] [drone_home1.controller]: Going to [(29.639567, -82.361102)]: 9.41 meters
[controller-2] [INFO] [1744576631.900563431] [drone_home1.controller]: Bearing: -87.26°
[controller-2] [INFO] [1744576631.902154272] [drone_home1.controller]: Going to [(29.639567, -82.361102)]: 9.19 meters
[controller-2] [INFO] [1744576632.000522473] [drone_home1.controller]: Bearing: -87.26°
[controller-2] [INFO] [1744576632.002150371] [drone_home1.controller]: Going to [(29.639567, -82.361102)]: 9.19 meters
[controller-2] [INFO] [1744576632.099725445] [drone_home1.controller]: Bearing: -87.26°
[controller-2] [INFO] [1744576632.101007130] [drone_home1.controller]: Going to [(29.639567, -82.361102)]: 9.19 meters
[controller-2] [INFO] [1744576632.200430810] [drone_home1.controller]: Bearing: -87.26°
[controller-2] [INFO] [1744576632.202640700] [drone_home1.controller]: Going to [(29.639567, -82.361102)]: 9.19 meters
[controller-2] [INFO] [1744576632.300309345] [drone_home1.controller]: Bearing: -87.26°
[controller-2] [INFO] [1744576632.301876153] [drone_home1.controller]: Going to [(29.639567, -82.361102)]: 9.19 meters
[controller-2] [INFO] [1744576632.400441196] [drone_home1.controller]: Bearing: -87.26°
[controller-2] [INFO] [1744576632.402035621] [drone_home1.controller]: Going to [(29.639567, -82.361102)]: 9.19 meters
[controller-2] [INFO] [1744576632.500377428] [drone_home1.controller]: Bearing: -87.26°
[controller-2] [INFO] [1744576632.501979725] [drone_home1.controller]: Going to [(29.639567, -82.361102)]: 9.19 meters
[controller-2] [INFO] [1744576632.599744915] [drone_home1.controller]: Bearing: -87.26°
[controller-2] [INFO] [1744576632.601109192] [drone_home1.controller]: Going to [(29.639567, -82.361102)]: 9.19 meters
[controller-2] [INFO] [1744576632.700373638] [drone_home1.controller]: Bearing: -87.26°
[controller-2] [INFO] [1744576632.702382853] [drone_home1.controller]: Going to [(29.639567, -82.361102)]: 9.19 meters
[controller-2] [INFO] [1744576632.800289165] [drone_home1.controller]: Bearing: -87.26°
[controller-2] [INFO] [1744576632.801851142] [drone_home1.controller]: Going to [(29.639567, -82.361102)]: 9.19 meters
[controller-2] [INFO] [1744576632.900523898] [drone_home1.controller]: Bearing: -87.26°
[controller-2] [INFO] [1744576632.902227733] [drone_home1.controller]: Going to [(29.639567, -82.361102)]: 9.19 meters
[controller-2] [INFO] [1744576633.000339680] [drone_home1.controller]: Bearing: -87.26°
[controller-2] [INFO] [1744576633.001977690] [drone_home1.controller]: Going to [(29.639567, -82.361102)]: 9.19 meters
[controller-2] [INFO] [1744576633.100425264] [drone_home1.controller]: Bearing: -87.26°
[controller-2] [INFO] [1744576633.102022025] [drone_home1.controller]: Going to [(29.639567, -82.361102)]: 9.19 meters
[controller-2] [INFO] [1744576633.200357310] [drone_home1.controller]: Bearing: -87.26°
[controller-2] [INFO] [1744576633.201930615] [drone_home1.controller]: Going to [(29.639567, -82.361102)]: 9.19 meters
[controller-2] [INFO] [1744576633.300335596] [drone_home1.controller]: Bearing: -87.26°
[controller-2] [INFO] [1744576633.301910693] [drone_home1.controller]: Going to [(29.639567, -82.361102)]: 9.19 meters
[controller-2] [INFO] [1744576633.400341979] [drone_home1.controller]: Bearing: -87.26°
[controller-2] [INFO] [1744576633.401921780] [drone_home1.controller]: Going to [(29.639567, -82.361102)]: 9.19 meters
[controller-2] [INFO] [1744576633.499440412] [drone_home1.controller]: Bearing: -87.26°
[controller-2] [INFO] [1744576633.500404715] [drone_home1.controller]: Going to [(29.639567, -82.361102)]: 9.19 meters
[controller-2] [INFO] [1744576633.599639566] [drone_home1.controller]: Bearing: -87.26°
[controller-2] [INFO] [1744576633.600760160] [drone_home1.controller]: Going to [(29.639567, -82.361102)]: 9.19 meters
[controller-2] [INFO] [1744576633.699407161] [drone_home1.controller]: Bearing: -87.26°
[controller-2] [INFO] [1744576633.700767438] [drone_home1.controller]: Going to [(29.639567, -82.361102)]: 9.19 meters
[controller-2] [INFO] [1744576633.799690028] [drone_home1.controller]: Bearing: -87.26°
[controller-2] [INFO] [1744576633.800773597] [drone_home1.controller]: Going to [(29.639567, -82.361102)]: 9.19 meters
[controller-2] [INFO] [1744576633.900052257] [drone_home1.controller]: Bearing: -86.97°
[controller-2] [INFO] [1744576633.901169427] [drone_home1.controller]: Going to [(29.639567, -82.361102)]: 9.23 meters
[controller-2] [INFO] [1744576633.999633481] [drone_home1.controller]: Bearing: -86.97°
[controller-2] [INFO] [1744576634.000571064] [drone_home1.controller]: Going to [(29.639567, -82.361102)]: 9.23 meters
[controller-2] [INFO] [1744576634.099448891] [drone_home1.controller]: Bearing: -86.97°
[controller-2] [INFO] [1744576634.100865489] [drone_home1.controller]: Going to [(29.639567, -82.361102)]: 9.23 meters
[controller-2] [INFO] [1744576634.200323101] [drone_home1.controller]: Bearing: -86.97°
[controller-2] [INFO] [1744576634.202303165] [drone_home1.controller]: Going to [(29.639567, -82.361102)]: 9.23 meters
[controller-2] [INFO] [1744576634.300381171] [drone_home1.controller]: Bearing: -86.97°
[controller-2] [INFO] [1744576634.301957644] [drone_home1.controller]: Going to [(29.639567, -82.361102)]: 9.23 meters
[controller-2] [INFO] [1744576634.400312294] [drone_home1.controller]: Bearing: -86.97°
[controller-2] [INFO] [1744576634.402329798] [drone_home1.controller]: Going to [(29.639567, -82.361102)]: 9.23 meters
[controller-2] [INFO] [1744576634.500399804] [drone_home1.controller]: Bearing: -86.97°
[controller-2] [INFO] [1744576634.502120152] [drone_home1.controller]: Going to [(29.639567, -82.361102)]: 9.23 meters
[controller-2] [INFO] [1744576634.599584932] [drone_home1.controller]: Bearing: -86.97°
[controller-2] [INFO] [1744576634.600817336] [drone_home1.controller]: Going to [(29.639567, -82.361102)]: 9.23 meters
[controller-2] [INFO] [1744576634.699753788] [drone_home1.controller]: Bearing: -87.04°
[controller-2] [INFO] [1744576634.701271732] [drone_home1.controller]: Going to [(29.639567, -82.361102)]: 9.45 meters
[controller-2] [INFO] [1744576634.799931827] [drone_home1.controller]: Bearing: -87.04°
[controller-2] [INFO] [1744576634.800849698] [drone_home1.controller]: Going to [(29.639567, -82.361102)]: 9.45 meters
[controller-2] [INFO] [1744576634.899777221] [drone_home1.controller]: Bearing: -87.04°
[controller-2] [INFO] [1744576634.900766677] [drone_home1.controller]: Going to [(29.639567, -82.361102)]: 9.45 meters
[controller-2] [INFO] [1744576635.000072607] [drone_home1.controller]: Bearing: -87.04°
[controller-2] [INFO] [1744576635.001638552] [drone_home1.controller]: Going to [(29.639567, -82.361102)]: 9.45 meters
[controller-2] [INFO] [1744576635.100073305] [drone_home1.controller]: Bearing: -87.04°
[controller-2] [INFO] [1744576635.101836149] [drone_home1.controller]: Going to [(29.639567, -82.361102)]: 9.45 meters
[controller-2] [INFO] [1744576635.200367448] [drone_home1.controller]: Bearing: -87.04°
[controller-2] [INFO] [1744576635.201988882] [drone_home1.controller]: Going to [(29.639567, -82.361102)]: 9.45 meters
[controller-2] [INFO] [1744576635.300285585] [drone_home1.controller]: Bearing: -87.04°
[controller-2] [INFO] [1744576635.301885995] [drone_home1.controller]: Going to [(29.639567, -82.361102)]: 9.45 meters
[controller-2] [INFO] [1744576635.399498239] [drone_home1.controller]: Bearing: -87.04°
[controller-2] [INFO] [1744576635.400447342] [drone_home1.controller]: Going to [(29.639567, -82.361102)]: 9.45 meters
[controller-2] [INFO] [1744576635.499517338] [drone_home1.controller]: Bearing: -87.04°
[controller-2] [INFO] [1744576635.500555115] [drone_home1.controller]: Going to [(29.639567, -82.361102)]: 9.45 meters
[controller-2] [INFO] [1744576635.599729400] [drone_home1.controller]: Bearing: -87.08°
[controller-2] [INFO] [1744576635.600663335] [drone_home1.controller]: Going to [(29.639567, -82.361102)]: 9.56 meters
[controller-2] [INFO] [1744576635.700099160] [drone_home1.controller]: Bearing: -87.08°
[controller-2] [INFO] [1744576635.701130665] [drone_home1.controller]: Going to [(29.639567, -82.361102)]: 9.56 meters
[controller-2] [INFO] [1744576635.799895536] [drone_home1.controller]: Bearing: -87.08°
[controller-2] [INFO] [1744576635.800817342] [drone_home1.controller]: Going to [(29.639567, -82.361102)]: 9.56 meters
[controller-2] [INFO] [1744576635.899569605] [drone_home1.controller]: Bearing: -87.08°
[controller-2] [INFO] [1744576635.900553653] [drone_home1.controller]: Going to [(29.639567, -82.361102)]: 9.56 meters
[controller-2] [INFO] [1744576636.000098920] [drone_home1.controller]: Bearing: -87.08°
[controller-2] [INFO] [1744576636.001132728] [drone_home1.controller]: Going to [(29.639567, -82.361102)]: 9.56 meters
[controller-2] [INFO] [1744576636.099531551] [drone_home1.controller]: Bearing: -87.08°
[controller-2] [INFO] [1744576636.100507151] [drone_home1.controller]: Going to [(29.639567, -82.361102)]: 9.56 meters
[controller-2] [INFO] [1744576636.199537855] [drone_home1.controller]: Bearing: -87.08°
[controller-2] [INFO] [1744576636.200598288] [drone_home1.controller]: Going to [(29.639567, -82.361102)]: 9.56 meters
[controller-2] [INFO] [1744576636.300061288] [drone_home1.controller]: Bearing: -87.08°
[controller-2] [INFO] [1744576636.302320652] [drone_home1.controller]: Going to [(29.639567, -82.361102)]: 9.56 meters
[controller-2] [INFO] [1744576636.400009480] [drone_home1.controller]: Bearing: -87.08°
[controller-2] [INFO] [1744576636.401542400] [drone_home1.controller]: Going to [(29.639567, -82.361102)]: 9.56 meters
[controller-2] [INFO] [1744576636.499967143] [drone_home1.controller]: Bearing: -87.15°
[controller-2] [INFO] [1744576636.501778084] [drone_home1.controller]: Going to [(29.639567, -82.361102)]: 9.78 meters
[controller-2] [INFO] [1744576636.600017864] [drone_home1.controller]: Bearing: -87.15°
[controller-2] [INFO] [1744576636.601620578] [drone_home1.controller]: Going to [(29.639567, -82.361102)]: 9.78 meters
[controller-2] [INFO] [1744576636.700080810] [drone_home1.controller]: Bearing: -87.15°
[controller-2] [INFO] [1744576636.701710788] [drone_home1.controller]: Going to [(29.639567, -82.361102)]: 9.78 meters
[controller-2] [INFO] [1744576636.799737829] [drone_home1.controller]: Bearing: -87.15°
[controller-2] [INFO] [1744576636.800670292] [drone_home1.controller]: Going to [(29.639567, -82.361102)]: 9.78 meters
[controller-2] [INFO] [1744576636.899439744] [drone_home1.controller]: Bearing: -87.15°
[controller-2] [INFO] [1744576636.900428112] [drone_home1.controller]: Going to [(29.639567, -82.361102)]: 9.78 meters
[controller-2] [INFO] [1744576637.000481457] [drone_home1.controller]: Bearing: -87.15°
[controller-2] [INFO] [1744576637.002167404] [drone_home1.controller]: Going to [(29.639567, -82.361102)]: 9.78 meters
[controller-2] [INFO] [1744576637.100119185] [drone_home1.controller]: Bearing: -87.15°
[controller-2] [INFO] [1744576637.101887822] [drone_home1.controller]: Going to [(29.639567, -82.361102)]: 9.78 meters
[controller-2] [INFO] [1744576637.199379052] [drone_home1.controller]: Bearing: -87.15°
[controller-2] [INFO] [1744576637.200331035] [drone_home1.controller]: Going to [(29.639567, -82.361102)]: 9.78 meters
[controller-2] [INFO] [1744576637.299537236] [drone_home1.controller]: Bearing: -87.15°
[controller-2] [INFO] [1744576637.300608037] [drone_home1.controller]: Going to [(29.639567, -82.361102)]: 9.78 meters
[controller-2] [INFO] [1744576637.399423801] [drone_home1.controller]: Bearing: -87.15°
[controller-2] [INFO] [1744576637.400347207] [drone_home1.controller]: Going to [(29.639567, -82.361102)]: 9.78 meters
[controller-2] [INFO] [1744576637.500170635] [drone_home1.controller]: Bearing: -87.15°
[controller-2] [INFO] [1744576637.501754980] [drone_home1.controller]: Going to [(29.639567, -82.361102)]: 9.78 meters
[controller-2] [INFO] [1744576637.599560711] [drone_home1.controller]: Bearing: -87.15°
[controller-2] [INFO] [1744576637.601530311] [drone_home1.controller]: Going to [(29.639567, -82.361102)]: 9.78 meters
[controller-2] [INFO] [1744576637.700137910] [drone_home1.controller]: Bearing: -87.15°
[controller-2] [INFO] [1744576637.701743536] [drone_home1.controller]: Going to [(29.639567, -82.361102)]: 9.78 meters
[controller-2] [INFO] [1744576637.799497202] [drone_home1.controller]: Bearing: -87.15°
[controller-2] [INFO] [1744576637.800491330] [drone_home1.controller]: Going to [(29.639567, -82.361102)]: 9.78 meters
[controller-2] [INFO] [1744576637.900275781] [drone_home1.controller]: Bearing: -87.15°
[controller-2] [INFO] [1744576637.902414087] [drone_home1.controller]: Going to [(29.639567, -82.361102)]: 9.78 meters
[controller-2] [INFO] [1744576638.000424333] [drone_home1.controller]: Bearing: -87.15°
[controller-2] [INFO] [1744576638.002042791] [drone_home1.controller]: Going to [(29.639567, -82.361102)]: 9.78 meters
[controller-2] [INFO] [1744576638.100295927] [drone_home1.controller]: Bearing: -87.15°
[controller-2] [INFO] [1744576638.102027379] [drone_home1.controller]: Going to [(29.639567, -82.361102)]: 9.78 meters
[controller-2] [INFO] [1744576638.200333092] [drone_home1.controller]: Bearing: -87.21°
[controller-2] [INFO] [1744576638.201943486] [drone_home1.controller]: Going to [(29.639567, -82.361102)]: 9.99 meters
[controller-2] [INFO] [1744576638.300149197] [drone_home1.controller]: Bearing: -87.21°
[controller-2] [INFO] [1744576638.301662053] [drone_home1.controller]: Going to [(29.639567, -82.361102)]: 9.99 meters
[controller-2] [INFO] [1744576638.399425485] [drone_home1.controller]: Bearing: -87.21°
[controller-2] [INFO] [1744576638.400398653] [drone_home1.controller]: Going to [(29.639567, -82.361102)]: 9.99 meters
[controller-2] [INFO] [1744576638.499726078] [drone_home1.controller]: Bearing: -87.21°
[controller-2] [INFO] [1744576638.500803759] [drone_home1.controller]: Going to [(29.639567, -82.361102)]: 9.99 meters
[controller-2] [INFO] [1744576638.599999982] [drone_home1.controller]: Bearing: -87.24°
[controller-2] [INFO] [1744576638.600947197] [drone_home1.controller]: Going to [(29.639567, -82.361102)]: 10.10 meters
[controller-2] [INFO] [1744576638.699788374] [drone_home1.controller]: Bearing: -87.24°
[controller-2] [INFO] [1744576638.700777318] [drone_home1.controller]: Going to [(29.639567, -82.361102)]: 10.10 meters
[controller-2] [INFO] [1744576638.799577823] [drone_home1.controller]: Bearing: -87.24°
[controller-2] [INFO] [1744576638.800540335] [drone_home1.controller]: Going to [(29.639567, -82.361102)]: 10.10 meters
[controller-2] [INFO] [1744576638.900437337] [drone_home1.controller]: Bearing: -87.24°
[controller-2] [INFO] [1744576638.902051347] [drone_home1.controller]: Going to [(29.639567, -82.361102)]: 10.10 meters
[controller-2] [INFO] [1744576639.000499718] [drone_home1.controller]: Bearing: -86.98°
[controller-2] [INFO] [1744576639.002086079] [drone_home1.controller]: Going to [(29.639567, -82.361102)]: 10.14 meters
[controller-2] [INFO] [1744576639.099415398] [drone_home1.controller]: Bearing: -87.24°
[controller-2] [INFO] [1744576639.100367797] [drone_home1.controller]: Going to [(29.639567, -82.361102)]: 10.10 meters
[controller-2] [INFO] [1744576639.200243045] [drone_home1.controller]: Bearing: -87.24°
[controller-2] [INFO] [1744576639.201388599] [drone_home1.controller]: Going to [(29.639567, -82.361102)]: 10.10 meters
[controller-2] [INFO] [1744576639.299384073] [drone_home1.controller]: Bearing: -87.24°
[controller-2] [INFO] [1744576639.300305336] [drone_home1.controller]: Going to [(29.639567, -82.361102)]: 10.10 meters
[controller-2] [INFO] [1744576639.399940419] [drone_home1.controller]: Bearing: -87.24°
[controller-2] [INFO] [1744576639.400868658] [drone_home1.controller]: Going to [(29.639567, -82.361102)]: 10.10 meters
[controller-2] [INFO] [1744576639.499635024] [drone_home1.controller]: Bearing: -87.24°
[controller-2] [INFO] [1744576639.500649505] [drone_home1.controller]: Going to [(29.639567, -82.361102)]: 10.10 meters
[controller-2] [INFO] [1744576639.600279276] [drone_home1.controller]: Bearing: -87.24°
[controller-2] [INFO] [1744576639.601208539] [drone_home1.controller]: Going to [(29.639567, -82.361102)]: 10.10 meters
[controller-2] [INFO] [1744576639.699673652] [drone_home1.controller]: Bearing: -87.24°
[controller-2] [INFO] [1744576639.700635748] [drone_home1.controller]: Going to [(29.639567, -82.361102)]: 10.10 meters
[controller-2] [INFO] [1744576639.800600437] [drone_home1.controller]: Bearing: -87.24°
[controller-2] [INFO] [1744576639.802237327] [drone_home1.controller]: Going to [(29.639567, -82.361102)]: 10.10 meters
[controller-2] [INFO] [1744576639.899523797] [drone_home1.controller]: Bearing: -87.24°
[controller-2] [INFO] [1744576639.900536294] [drone_home1.controller]: Going to [(29.639567, -82.361102)]: 10.10 meters
[controller-2] [INFO] [1744576639.999551751] [drone_home1.controller]: Bearing: -87.24°
[controller-2] [INFO] [1744576640.000503031] [drone_home1.controller]: Going to [(29.639567, -82.361102)]: 10.10 meters
[controller-2] [INFO] [1744576640.099574559] [drone_home1.controller]: Bearing: -87.24°
[controller-2] [INFO] [1744576640.100614512] [drone_home1.controller]: Going to [(29.639567, -82.361102)]: 10.10 meters
[controller-2] [INFO] [1744576640.199401204] [drone_home1.controller]: Bearing: -87.30°
[controller-2] [INFO] [1744576640.200545830] [drone_home1.controller]: Going to [(29.639567, -82.361102)]: 10.32 meters
[controller-2] [INFO] [1744576640.300310746] [drone_home1.controller]: Bearing: -87.30°
[controller-2] [INFO] [1744576640.302388764] [drone_home1.controller]: Going to [(29.639567, -82.361102)]: 10.32 meters
[controller-2] [INFO] [1744576640.400479636] [drone_home1.controller]: Bearing: -87.30°
[controller-2] [INFO] [1744576640.402553270] [drone_home1.controller]: Going to [(29.639567, -82.361102)]: 10.32 meters
[controller-2] [INFO] [1744576640.500570733] [drone_home1.controller]: Bearing: -87.30°
[controller-2] [INFO] [1744576640.502736976] [drone_home1.controller]: Going to [(29.639567, -82.361102)]: 10.32 meters
[controller-2] [INFO] [1744576640.599621813] [drone_home1.controller]: Bearing: -87.30°
[controller-2] [INFO] [1744576640.600610053] [drone_home1.controller]: Going to [(29.639567, -82.361102)]: 10.32 meters
[controller-2] [INFO] [1744576640.699476426] [drone_home1.controller]: Bearing: -87.30°
[controller-2] [INFO] [1744576640.700408281] [drone_home1.controller]: Going to [(29.639567, -82.361102)]: 10.32 meters
[controller-2] [INFO] [1744576640.799644772] [drone_home1.controller]: Bearing: -87.30°
[controller-2] [INFO] [1744576640.800790391] [drone_home1.controller]: Going to [(29.639567, -82.361102)]: 10.32 meters
[controller-2] [INFO] [1744576640.899304726] [drone_home1.controller]: Bearing: -87.36°
[controller-2] [INFO] [1744576640.900252134] [drone_home1.controller]: Going to [(29.639567, -82.361102)]: 10.54 meters
[controller-2] [INFO] [1744576640.999420816] [drone_home1.controller]: Bearing: -87.36°
[controller-2] [INFO] [1744576641.000355039] [drone_home1.controller]: Going to [(29.639567, -82.361102)]: 10.54 meters
[controller-2] [INFO] [1744576641.099441453] [drone_home1.controller]: Bearing: -87.36°
[controller-2] [INFO] [1744576641.100824484] [drone_home1.controller]: Going to [(29.639567, -82.361102)]: 10.54 meters
[controller-2] [INFO] [1744576641.200187703] [drone_home1.controller]: Bearing: -87.36°
[controller-2] [INFO] [1744576641.202206231] [drone_home1.controller]: Going to [(29.639567, -82.361102)]: 10.54 meters
[controller-2] [INFO] [1744576641.300063762] [drone_home1.controller]: Bearing: -87.36°
[controller-2] [INFO] [1744576641.301709549] [drone_home1.controller]: Going to [(29.639567, -82.361102)]: 10.54 meters
[controller-2] [INFO] [1744576641.400398580] [drone_home1.controller]: Bearing: -87.36°
[controller-2] [INFO] [1744576641.401952398] [drone_home1.controller]: Going to [(29.639567, -82.361102)]: 10.54 meters
[controller-2] [INFO] [1744576641.500460723] [drone_home1.controller]: Bearing: -87.36°
[controller-2] [INFO] [1744576641.501673990] [drone_home1.controller]: Going to [(29.639567, -82.361102)]: 10.54 meters
[controller-2] [INFO] [1744576641.599888167] [drone_home1.controller]: Bearing: -87.36°
[controller-2] [INFO] [1744576641.600827926] [drone_home1.controller]: Going to [(29.639567, -82.361102)]: 10.54 meters
[controller-2] [INFO] [1744576641.699654272] [drone_home1.controller]: Bearing: -87.36°
[controller-2] [INFO] [1744576641.700885844] [drone_home1.controller]: Going to [(29.639567, -82.361102)]: 10.54 meters
[controller-2] [INFO] [1744576641.799612541] [drone_home1.controller]: Bearing: -87.36°
[controller-2] [INFO] [1744576641.800668462] [drone_home1.controller]: Going to [(29.639567, -82.361102)]: 10.54 meters
[controller-2] [INFO] [1744576641.900345478] [drone_home1.controller]: Bearing: -87.36°
[controller-2] [INFO] [1744576641.902460424] [drone_home1.controller]: Going to [(29.639567, -82.361102)]: 10.54 meters
[controller-2] [INFO] [1744576642.000381700] [drone_home1.controller]: Bearing: -87.36°
[controller-2] [INFO] [1744576642.002395492] [drone_home1.controller]: Going to [(29.639567, -82.361102)]: 10.54 meters
[controller-2] [INFO] [1744576642.099530232] [drone_home1.controller]: Bearing: -87.36°
[controller-2] [INFO] [1744576642.100523753] [drone_home1.controller]: Going to [(29.639567, -82.361102)]: 10.54 meters
[controller-2] [INFO] [1744576642.199432698] [drone_home1.controller]: Bearing: -87.36°
[controller-2] [INFO] [1744576642.200452363] [drone_home1.controller]: Going to [(29.639567, -82.361102)]: 10.54 meters
[controller-2] [INFO] [1744576642.299513982] [drone_home1.controller]: Bearing: -87.36°
[controller-2] [INFO] [1744576642.300500078] [drone_home1.controller]: Going to [(29.639567, -82.361102)]: 10.54 meters
[controller-2] [INFO] [1744576642.400119723] [drone_home1.controller]: Bearing: -87.36°
[controller-2] [INFO] [1744576642.401846791] [drone_home1.controller]: Going to [(29.639567, -82.361102)]: 10.54 meters
[controller-2] [INFO] [1744576642.500060365] [drone_home1.controller]: Bearing: -87.39°
[controller-2] [INFO] [1744576642.501665767] [drone_home1.controller]: Going to [(29.639567, -82.361102)]: 10.65 meters
[controller-2] [INFO] [1744576642.600358933] [drone_home1.controller]: Bearing: -87.39°
[controller-2] [INFO] [1744576642.602077329] [drone_home1.controller]: Going to [(29.639567, -82.361102)]: 10.65 meters
[controller-2] [INFO] [1744576642.700153717] [drone_home1.controller]: Bearing: -87.39°
[controller-2] [INFO] [1744576642.702430042] [drone_home1.controller]: Going to [(29.639567, -82.361102)]: 10.65 meters
[controller-2] [INFO] [1744576642.800102615] [drone_home1.controller]: Bearing: -87.39°
[controller-2] [INFO] [1744576642.801694513] [drone_home1.controller]: Going to [(29.639567, -82.361102)]: 10.65 meters
[controller-2] [INFO] [1744576642.900077625] [drone_home1.controller]: Bearing: -87.39°
[controller-2] [INFO] [1744576642.901787797] [drone_home1.controller]: Going to [(29.639567, -82.361102)]: 10.65 meters
[controller-2] [INFO] [1744576643.000072124] [drone_home1.controller]: Bearing: -87.11°
[controller-2] [INFO] [1744576643.001681783] [drone_home1.controller]: Going to [(29.639567, -82.361102)]: 10.58 meters
[controller-2] [INFO] [1744576643.100087749] [drone_home1.controller]: Bearing: -87.11°
[controller-2] [INFO] [1744576643.101805057] [drone_home1.controller]: Going to [(29.639567, -82.361102)]: 10.58 meters
[controller-2] [INFO] [1744576643.200034637] [drone_home1.controller]: Bearing: -87.11°
[controller-2] [INFO] [1744576643.202139887] [drone_home1.controller]: Going to [(29.639567, -82.361102)]: 10.58 meters
[controller-2] [INFO] [1744576643.300116343] [drone_home1.controller]: Bearing: -87.11°
[controller-2] [INFO] [1744576643.301790514] [drone_home1.controller]: Going to [(29.639567, -82.361102)]: 10.58 meters
[controller-2] [INFO] [1744576643.400069759] [drone_home1.controller]: Bearing: -87.11°
[controller-2] [INFO] [1744576643.401655161] [drone_home1.controller]: Going to [(29.639567, -82.361102)]: 10.58 meters
[controller-2] [INFO] [1744576643.500294859] [drone_home1.controller]: Bearing: -87.14°
[controller-2] [INFO] [1744576643.501284828] [drone_home1.controller]: Going to [(29.639567, -82.361102)]: 10.69 meters
[controller-2] [INFO] [1744576643.600264756] [drone_home1.controller]: Bearing: -87.11°
[controller-2] [INFO] [1744576643.601964848] [drone_home1.controller]: Going to [(29.639567, -82.361102)]: 10.58 meters
[controller-2] [INFO] [1744576643.700042745] [drone_home1.controller]: Bearing: -87.14°
[controller-2] [INFO] [1744576643.702151195] [drone_home1.controller]: Going to [(29.639567, -82.361102)]: 10.69 meters
[controller-2] [INFO] [1744576643.800282181] [drone_home1.controller]: Bearing: -87.14°
[controller-2] [INFO] [1744576643.802143780] [drone_home1.controller]: Going to [(29.639567, -82.361102)]: 10.69 meters
[controller-2] [INFO] [1744576643.900087595] [drone_home1.controller]: Bearing: -87.14°
[controller-2] [INFO] [1744576643.901867496] [drone_home1.controller]: Going to [(29.639567, -82.361102)]: 10.69 meters
[controller-2] [INFO] [1744576644.000022419] [drone_home1.controller]: Bearing: -87.14°
[controller-2] [INFO] [1744576644.001909042] [drone_home1.controller]: Going to [(29.639567, -82.361102)]: 10.69 meters
[controller-2] [INFO] [1744576644.100110722] [drone_home1.controller]: Bearing: -87.14°
[controller-2] [INFO] [1744576644.101883967] [drone_home1.controller]: Going to [(29.639567, -82.361102)]: 10.69 meters
[controller-2] [INFO] [1744576644.200004655] [drone_home1.controller]: Bearing: -87.14°
[controller-2] [INFO] [1744576644.201613738] [drone_home1.controller]: Going to [(29.639567, -82.361102)]: 10.69 meters
[controller-2] [INFO] [1744576644.300066174] [drone_home1.controller]: Bearing: -87.14°
[controller-2] [INFO] [1744576644.301703065] [drone_home1.controller]: Going to [(29.639567, -82.361102)]: 10.69 meters
[controller-2] [INFO] [1744576644.399637478] [drone_home1.controller]: Bearing: -87.14°
[controller-2] [INFO] [1744576644.400627862] [drone_home1.controller]: Going to [(29.639567, -82.361102)]: 10.69 meters
[controller-2] [INFO] [1744576644.500160349] [drone_home1.controller]: Bearing: -87.02°
[controller-2] [INFO] [1744576644.502368673] [drone_home1.controller]: Going to [(29.639567, -82.361102)]: 10.71 meters
[controller-2] [INFO] [1744576644.600478961] [drone_home1.controller]: Bearing: -87.02°
[controller-2] [INFO] [1744576644.602046154] [drone_home1.controller]: Going to [(29.639567, -82.361102)]: 10.71 meters
[controller-2] [INFO] [1744576644.699601969] [drone_home1.controller]: Bearing: -87.02°
[controller-2] [INFO] [1744576644.700935367] [drone_home1.controller]: Going to [(29.639567, -82.361102)]: 10.71 meters
[controller-2] [INFO] [1744576644.799488541] [drone_home1.controller]: Bearing: -87.02°
[controller-2] [INFO] [1744576644.800399884] [drone_home1.controller]: Going to [(29.639567, -82.361102)]: 10.71 meters
[controller-2] [INFO] [1744576644.899677231] [drone_home1.controller]: Bearing: -87.02°
[controller-2] [INFO] [1744576644.900597470] [drone_home1.controller]: Going to [(29.639567, -82.361102)]: 10.71 meters
[controller-2] [INFO] [1744576644.999348056] [drone_home1.controller]: Bearing: -87.02°
[controller-2] [INFO] [1744576645.001003315] [drone_home1.controller]: Going to [(29.639567, -82.361102)]: 10.71 meters
[controller-2] [INFO] [1744576645.100033367] [drone_home1.controller]: Bearing: -87.14°
[controller-2] [INFO] [1744576645.101589553] [drone_home1.controller]: Going to [(29.639567, -82.361102)]: 10.69 meters
[controller-2] [INFO] [1744576645.200105516] [drone_home1.controller]: Bearing: -87.14°
[controller-2] [INFO] [1744576645.201735783] [drone_home1.controller]: Going to [(29.639567, -82.361102)]: 10.69 meters
[controller-2] [INFO] [1744576645.300188578] [drone_home1.controller]: Bearing: -87.14°
[controller-2] [INFO] [1744576645.301785436] [drone_home1.controller]: Going to [(29.639567, -82.361102)]: 10.69 meters
[controller-2] [INFO] [1744576645.400149686] [drone_home1.controller]: Bearing: -87.14°
[controller-2] [INFO] [1744576645.401744112] [drone_home1.controller]: Going to [(29.639567, -82.361102)]: 10.69 meters
[controller-2] [INFO] [1744576645.499490591] [drone_home1.controller]: Bearing: -87.14°
[controller-2] [INFO] [1744576645.500445199] [drone_home1.controller]: Going to [(29.639567, -82.361102)]: 10.69 meters
[controller-2] [INFO] [1744576645.599410002] [drone_home1.controller]: Bearing: -87.14°
[controller-2] [INFO] [1744576645.600363009] [drone_home1.controller]: Going to [(29.639567, -82.361102)]: 10.69 meters
[controller-2] [INFO] [1744576645.700293236] [drone_home1.controller]: Bearing: -87.14°
[controller-2] [INFO] [1744576645.702241077] [drone_home1.controller]: Going to [(29.639567, -82.361102)]: 10.69 meters
[controller-2] [INFO] [1744576645.800395626] [drone_home1.controller]: Bearing: -87.14°
[controller-2] [INFO] [1744576645.802229353] [drone_home1.controller]: Going to [(29.639567, -82.361102)]: 10.69 meters
[controller-2] [INFO] [1744576645.900205723] [drone_home1.controller]: Bearing: -87.14°
[controller-2] [INFO] [1744576645.901907895] [drone_home1.controller]: Going to [(29.639567, -82.361102)]: 10.69 meters
[controller-2] [INFO] [1744576646.000234576] [drone_home1.controller]: Bearing: -87.14°
[controller-2] [INFO] [1744576646.002282898] [drone_home1.controller]: Going to [(29.639567, -82.361102)]: 10.69 meters
[controller-2] [INFO] [1744576646.100305995] [drone_home1.controller]: Bearing: -87.14°
[controller-2] [INFO] [1744576646.101921094] [drone_home1.controller]: Going to [(29.639567, -82.361102)]: 10.69 meters
[controller-2] [INFO] [1744576646.200396166] [drone_home1.controller]: Bearing: -87.14°
[controller-2] [INFO] [1744576646.201981441] [drone_home1.controller]: Going to [(29.639567, -82.361102)]: 10.69 meters
[controller-2] [INFO] [1744576646.299715509] [drone_home1.controller]: Bearing: -87.14°
[controller-2] [INFO] [1744576646.300662629] [drone_home1.controller]: Going to [(29.639567, -82.361102)]: 10.69 meters
[controller-2] [INFO] [1744576646.400224791] [drone_home1.controller]: Bearing: -87.14°
[controller-2] [INFO] [1744576646.401829842] [drone_home1.controller]: Going to [(29.639567, -82.361102)]: 10.69 meters
[controller-2] [INFO] [1744576646.500064398] [drone_home1.controller]: Bearing: -87.14°
[controller-2] [INFO] [1744576646.501604968] [drone_home1.controller]: Going to [(29.639567, -82.361102)]: 10.69 meters
[controller-2] [INFO] [1744576646.600143562] [drone_home1.controller]: Bearing: -87.14°
[controller-2] [INFO] [1744576646.601767428] [drone_home1.controller]: Going to [(29.639567, -82.361102)]: 10.69 meters
[controller-2] [INFO] [1744576646.700094115] [drone_home1.controller]: Bearing: -87.14°
[controller-2] [INFO] [1744576646.701667645] [drone_home1.controller]: Going to [(29.639567, -82.361102)]: 10.69 meters
[controller-2] [INFO] [1744576646.800060220] [drone_home1.controller]: Bearing: -87.14°
[controller-2] [INFO] [1744576646.801616886] [drone_home1.controller]: Going to [(29.639567, -82.361102)]: 10.69 meters
[controller-2] [INFO] [1744576646.900078902] [drone_home1.controller]: Bearing: -87.14°
[controller-2] [INFO] [1744576646.901644560] [drone_home1.controller]: Going to [(29.639567, -82.361102)]: 10.69 meters
[controller-2] [INFO] [1744576647.000013199] [drone_home1.controller]: Bearing: -87.14°
[controller-2] [INFO] [1744576647.001577417] [drone_home1.controller]: Going to [(29.639567, -82.361102)]: 10.69 meters
[controller-2] [INFO] [1744576647.100567320] [drone_home1.controller]: Bearing: -87.11°
[controller-2] [INFO] [1744576647.102144562] [drone_home1.controller]: Going to [(29.639567, -82.361102)]: 10.58 meters
[controller-2] [INFO] [1744576647.200229265] [drone_home1.controller]: Bearing: -87.11°
[controller-2] [INFO] [1744576647.201805260] [drone_home1.controller]: Going to [(29.639567, -82.361102)]: 10.58 meters
[controller-2] [INFO] [1744576647.300199985] [drone_home1.controller]: Bearing: -87.36°
[controller-2] [INFO] [1744576647.302317236] [drone_home1.controller]: Going to [(29.639567, -82.361102)]: 10.54 meters
[controller-2] [INFO] [1744576647.400070862] [drone_home1.controller]: Bearing: -87.36°
[controller-2] [INFO] [1744576647.401730666] [drone_home1.controller]: Going to [(29.639567, -82.361102)]: 10.54 meters
[controller-2] [INFO] [1744576647.500160623] [drone_home1.controller]: Bearing: -87.36°
[controller-2] [INFO] [1744576647.501746153] [drone_home1.controller]: Going to [(29.639567, -82.361102)]: 10.54 meters
[controller-2] [INFO] [1744576647.600155759] [drone_home1.controller]: Bearing: -87.36°
[controller-2] [INFO] [1744576647.601727753] [drone_home1.controller]: Going to [(29.639567, -82.361102)]: 10.54 meters
[controller-2] [INFO] [1744576647.699330240] [drone_home1.controller]: Bearing: -87.36°
[controller-2] [INFO] [1744576647.700259696] [drone_home1.controller]: Going to [(29.639567, -82.361102)]: 10.54 meters
[controller-2] [INFO] [1744576647.800080876] [drone_home1.controller]: Bearing: -87.30°
[controller-2] [INFO] [1744576647.801794441] [drone_home1.controller]: Going to [(29.639567, -82.361102)]: 10.32 meters
[controller-2] [INFO] [1744576647.900290703] [drone_home1.controller]: Bearing: -87.30°
[controller-2] [INFO] [1744576647.901867306] [drone_home1.controller]: Going to [(29.639567, -82.361102)]: 10.32 meters
[controller-2] [INFO] [1744576647.999584771] [drone_home1.controller]: Bearing: -87.30°
[controller-2] [INFO] [1744576648.000621301] [drone_home1.controller]: Going to [(29.639567, -82.361102)]: 10.32 meters
[controller-2] [INFO] [1744576648.099738187] [drone_home1.controller]: Bearing: -87.30°
[controller-2] [INFO] [1744576648.100715355] [drone_home1.controller]: Going to [(29.639567, -82.361102)]: 10.32 meters
[controller-2] [INFO] [1744576648.200365979] [drone_home1.controller]: Bearing: -87.56°
[controller-2] [INFO] [1744576648.202085399] [drone_home1.controller]: Going to [(29.639567, -82.361102)]: 10.28 meters
[controller-2] [INFO] [1744576648.300203005] [drone_home1.controller]: Bearing: -87.56°
[controller-2] [INFO] [1744576648.302118781] [drone_home1.controller]: Going to [(29.639567, -82.361102)]: 10.28 meters
[controller-2] [INFO] [1744576648.399815964] [drone_home1.controller]: Bearing: -87.56°
[controller-2] [INFO] [1744576648.402577034] [drone_home1.controller]: Going to [(29.639567, -82.361102)]: 10.28 meters
[controller-2] [INFO] [1744576648.499444827] [drone_home1.controller]: Bearing: -87.50°
[controller-2] [INFO] [1744576648.500348394] [drone_home1.controller]: Going to [(29.639567, -82.361102)]: 10.07 meters
[controller-2] [INFO] [1744576648.600228557] [drone_home1.controller]: Bearing: -87.50°
[controller-2] [INFO] [1744576648.602213934] [drone_home1.controller]: Going to [(29.639567, -82.361102)]: 10.07 meters
[controller-2] [INFO] [1744576648.699510247] [drone_home1.controller]: Bearing: -87.50°
[controller-2] [INFO] [1744576648.701360485] [drone_home1.controller]: Going to [(29.639567, -82.361102)]: 10.07 meters
[controller-2] [INFO] [1744576648.800296665] [drone_home1.controller]: Bearing: -87.50°
[controller-2] [INFO] [1744576648.802355003] [drone_home1.controller]: Going to [(29.639567, -82.361102)]: 10.07 meters
[controller-2] [INFO] [1744576648.899912088] [drone_home1.controller]: Bearing: -87.61°
[controller-2] [INFO] [1744576648.900884872] [drone_home1.controller]: Going to [(29.639567, -82.361102)]: 9.94 meters
[controller-2] [INFO] [1744576648.999794203] [drone_home1.controller]: Bearing: -87.61°
[controller-2] [INFO] [1744576649.000798572] [drone_home1.controller]: Going to [(29.639567, -82.361102)]: 9.94 meters
[controller-2] [INFO] [1744576649.100395184] [drone_home1.controller]: Bearing: -87.61°
[controller-2] [INFO] [1744576649.102017387] [drone_home1.controller]: Going to [(29.639567, -82.361102)]: 9.94 meters
[controller-2] [INFO] [1744576649.200316121] [drone_home1.controller]: Bearing: -87.61°
[controller-2] [INFO] [1744576649.201886100] [drone_home1.controller]: Going to [(29.639567, -82.361102)]: 9.94 meters
[controller-2] [INFO] [1744576649.300326085] [drone_home1.controller]: Bearing: -87.61°
[controller-2] [INFO] [1744576649.302513385] [drone_home1.controller]: Going to [(29.639567, -82.361102)]: 9.94 meters
[controller-2] [INFO] [1744576649.399914473] [drone_home1.controller]: Bearing: -87.55°
[controller-2] [INFO] [1744576649.401604325] [drone_home1.controller]: Going to [(29.639567, -82.361102)]: 9.72 meters
[controller-2] [INFO] [1744576649.500210744] [drone_home1.controller]: Bearing: -87.55°
[controller-2] [INFO] [1744576649.501781203] [drone_home1.controller]: Going to [(29.639567, -82.361102)]: 9.72 meters
[controller-2] [INFO] [1744576649.600393478] [drone_home1.controller]: Bearing: -87.55°
[controller-2] [INFO] [1744576649.602020514] [drone_home1.controller]: Going to [(29.639567, -82.361102)]: 9.72 meters
[controller-2] [INFO] [1744576649.700217198] [drone_home1.controller]: Bearing: -87.55°
[controller-2] [INFO] [1744576649.701927499] [drone_home1.controller]: Going to [(29.639567, -82.361102)]: 9.72 meters
[controller-2] [INFO] [1744576649.800671617] [drone_home1.controller]: Bearing: -87.55°
[controller-2] [INFO] [1744576649.803495120] [drone_home1.controller]: Going to [(29.639567, -82.361102)]: 9.72 meters
[controller-2] [INFO] [1744576649.899803901] [drone_home1.controller]: Bearing: -87.55°
[controller-2] [INFO] [1744576649.900836815] [drone_home1.controller]: Going to [(29.639567, -82.361102)]: 9.72 meters
[controller-2] [INFO] [1744576649.999527588] [drone_home1.controller]: Bearing: -87.83°
[controller-2] [INFO] [1744576650.001202816] [drone_home1.controller]: Going to [(29.639567, -82.361102)]: 9.69 meters
[controller-2] [INFO] [1744576650.099536820] [drone_home1.controller]: Bearing: -87.77°
[controller-2] [INFO] [1744576650.100487908] [drone_home1.controller]: Going to [(29.639567, -82.361102)]: 9.47 meters
[controller-2] [INFO] [1744576650.200249617] [drone_home1.controller]: Bearing: -87.77°
[controller-2] [INFO] [1744576650.201789323] [drone_home1.controller]: Going to [(29.639567, -82.361102)]: 9.47 meters
[controller-2] [INFO] [1744576650.300510150] [drone_home1.controller]: Bearing: -87.77°
[controller-2] [INFO] [1744576650.302088352] [drone_home1.controller]: Going to [(29.639567, -82.361102)]: 9.47 meters
[controller-2] [INFO] [1744576650.400238802] [drone_home1.controller]: Bearing: -87.77°
[controller-2] [INFO] [1744576650.401828076] [drone_home1.controller]: Going to [(29.639567, -82.361102)]: 9.47 meters
[controller-2] [INFO] [1744576650.499686969] [drone_home1.controller]: Bearing: -87.77°
[controller-2] [INFO] [1744576650.501004143] [drone_home1.controller]: Going to [(29.639567, -82.361102)]: 9.47 meters
[controller-2] [INFO] [1744576650.599417797] [drone_home1.controller]: Bearing: -87.77°
[controller-2] [INFO] [1744576650.600711707] [drone_home1.controller]: Going to [(29.639567, -82.361102)]: 9.47 meters
[controller-2] [INFO] [1744576650.699770044] [drone_home1.controller]: Bearing: -87.77°
[controller-2] [INFO] [1744576650.700747788] [drone_home1.controller]: Going to [(29.639567, -82.361102)]: 9.47 meters
[controller-2] [INFO] [1744576650.799682827] [drone_home1.controller]: Bearing: -87.75°
[controller-2] [INFO] [1744576650.800676443] [drone_home1.controller]: Going to [(29.639567, -82.361102)]: 9.36 meters
[controller-2] [INFO] [1744576650.899518873] [drone_home1.controller]: Bearing: -87.75°
[controller-2] [INFO] [1744576650.900540618] [drone_home1.controller]: Going to [(29.639567, -82.361102)]: 9.36 meters
[controller-2] [INFO] [1744576650.999422120] [drone_home1.controller]: Bearing: -87.75°
[controller-2] [INFO] [1744576651.001269543] [drone_home1.controller]: Going to [(29.639567, -82.361102)]: 9.36 meters
[controller-2] [INFO] [1744576651.100538384] [drone_home1.controller]: Bearing: -87.75°
[controller-2] [INFO] [1744576651.102183884] [drone_home1.controller]: Going to [(29.639567, -82.361102)]: 9.36 meters
[controller-2] [INFO] [1744576651.200315011] [drone_home1.controller]: Bearing: -87.75°
[controller-2] [INFO] [1744576651.202051168] [drone_home1.controller]: Going to [(29.639567, -82.361102)]: 9.36 meters
[controller-2] [INFO] [1744576651.300291097] [drone_home1.controller]: Bearing: -87.75°
[controller-2] [INFO] [1744576651.302064279] [drone_home1.controller]: Going to [(29.639567, -82.361102)]: 9.36 meters
[controller-2] [INFO] [1744576651.400226926] [drone_home1.controller]: Bearing: -87.75°
[controller-2] [INFO] [1744576651.401934987] [drone_home1.controller]: Going to [(29.639567, -82.361102)]: 9.36 meters
[controller-2] [INFO] [1744576651.500350374] [drone_home1.controller]: Bearing: -87.75°
[controller-2] [INFO] [1744576651.501937057] [drone_home1.controller]: Going to [(29.639567, -82.361102)]: 9.36 meters
[controller-2] [INFO] [1744576651.600601185] [drone_home1.controller]: Bearing: -87.75°
[controller-2] [INFO] [1744576651.602152603] [drone_home1.controller]: Going to [(29.639567, -82.361102)]: 9.36 meters
[controller-2] [INFO] [1744576651.700137743] [drone_home1.controller]: Bearing: -87.75°
[controller-2] [INFO] [1744576651.702277171] [drone_home1.controller]: Going to [(29.639567, -82.361102)]: 9.36 meters
[controller-2] [INFO] [1744576651.800206758] [drone_home1.controller]: Bearing: -87.47°
[controller-2] [INFO] [1744576651.802540174] [drone_home1.controller]: Going to [(29.639567, -82.361102)]: 9.39 meters
[controller-2] [INFO] [1744576651.899369007] [drone_home1.controller]: Bearing: -87.47°
[controller-2] [INFO] [1744576651.900350431] [drone_home1.controller]: Going to [(29.639567, -82.361102)]: 9.39 meters
[controller-2] [INFO] [1744576652.000392182] [drone_home1.controller]: Bearing: -87.47°
[controller-2] [INFO] [1744576652.002052338] [drone_home1.controller]: Going to [(29.639567, -82.361102)]: 9.39 meters
[controller-2] [INFO] [1744576652.100439186] [drone_home1.controller]: Bearing: -87.47°
[controller-2] [INFO] [1744576652.101977740] [drone_home1.controller]: Going to [(29.639567, -82.361102)]: 9.39 meters
[controller-2] [INFO] [1744576652.200130985] [drone_home1.controller]: Bearing: -87.47°
[controller-2] [INFO] [1744576652.201687523] [drone_home1.controller]: Going to [(29.639567, -82.361102)]: 9.39 meters
[controller-2] [INFO] [1744576652.300520172] [drone_home1.controller]: Bearing: -87.47°
[controller-2] [INFO] [1744576652.302609199] [drone_home1.controller]: Going to [(29.639567, -82.361102)]: 9.39 meters
[controller-2] [INFO] [1744576652.399383860] [drone_home1.controller]: Bearing: -87.47°
[controller-2] [INFO] [1744576652.400318212] [drone_home1.controller]: Going to [(29.639567, -82.361102)]: 9.39 meters
[controller-2] [INFO] [1744576652.499658549] [drone_home1.controller]: Bearing: -87.47°
[controller-2] [INFO] [1744576652.500679814] [drone_home1.controller]: Going to [(29.639567, -82.361102)]: 9.39 meters
[controller-2] [INFO] [1744576652.599884852] [drone_home1.controller]: Bearing: -87.47°
[controller-2] [INFO] [1744576652.600955655] [drone_home1.controller]: Going to [(29.639567, -82.361102)]: 9.39 meters
[controller-2] [INFO] [1744576652.699490922] [drone_home1.controller]: Bearing: -87.47°
[controller-2] [INFO] [1744576652.700979587] [drone_home1.controller]: Going to [(29.639567, -82.361102)]: 9.39 meters
[controller-2] [INFO] [1744576652.800383477] [drone_home1.controller]: Bearing: -87.47°
[controller-2] [INFO] [1744576652.802541849] [drone_home1.controller]: Going to [(29.639567, -82.361102)]: 9.39 meters
[controller-2] [INFO] [1744576652.900056651] [drone_home1.controller]: Bearing: -87.47°
[controller-2] [INFO] [1744576652.900986907] [drone_home1.controller]: Going to [(29.639567, -82.361102)]: 9.39 meters
[controller-2] [INFO] [1744576652.999647552] [drone_home1.controller]: Bearing: -87.47°
[controller-2] [INFO] [1744576653.000610352] [drone_home1.controller]: Going to [(29.639567, -82.361102)]: 9.39 meters
[controller-2] [INFO] [1744576653.099398173] [drone_home1.controller]: Bearing: -87.47°
[controller-2] [INFO] [1744576653.100345485] [drone_home1.controller]: Going to [(29.639567, -82.361102)]: 9.39 meters
[controller-2] [INFO] [1744576653.200068298] [drone_home1.controller]: Bearing: -87.47°
[controller-2] [INFO] [1744576653.201660773] [drone_home1.controller]: Going to [(29.639567, -82.361102)]: 9.39 meters
[controller-2] [INFO] [1744576653.300108812] [drone_home1.controller]: Bearing: -87.40°
[controller-2] [INFO] [1744576653.301707719] [drone_home1.controller]: Going to [(29.639567, -82.361102)]: 9.17 meters
[controller-2] [INFO] [1744576653.399550404] [drone_home1.controller]: Bearing: -87.40°
[controller-2] [INFO] [1744576653.400548245] [drone_home1.controller]: Going to [(29.639567, -82.361102)]: 9.17 meters
[controller-2] [INFO] [1744576653.499737897] [drone_home1.controller]: Bearing: -87.40°
[controller-2] [INFO] [1744576653.500771738] [drone_home1.controller]: Going to [(29.639567, -82.361102)]: 9.17 meters
[controller-2] [INFO] [1744576653.600604633] [drone_home1.controller]: Bearing: -87.40°
[controller-2] [INFO] [1744576653.602183156] [drone_home1.controller]: Going to [(29.639567, -82.361102)]: 9.17 meters
[controller-2] [INFO] [1744576653.700474680] [drone_home1.controller]: Bearing: -87.34°
[controller-2] [INFO] [1744576653.702045011] [drone_home1.controller]: Going to [(29.639567, -82.361102)]: 8.95 meters
[controller-2] [INFO] [1744576653.800264470] [drone_home1.controller]: Bearing: -87.34°
[controller-2] [INFO] [1744576653.801913810] [drone_home1.controller]: Going to [(29.639567, -82.361102)]: 8.95 meters
[controller-2] [INFO] [1744576653.899573900] [drone_home1.controller]: Bearing: -87.34°
[controller-2] [INFO] [1744576653.900536860] [drone_home1.controller]: Going to [(29.639567, -82.361102)]: 8.95 meters
[controller-2] [INFO] [1744576653.999745552] [drone_home1.controller]: Bearing: -87.34°
[controller-2] [INFO] [1744576654.000761890] [drone_home1.controller]: Going to [(29.639567, -82.361102)]: 8.95 meters
[controller-2] [INFO] [1744576654.100168990] [drone_home1.controller]: Bearing: -87.34°
[controller-2] [INFO] [1744576654.102322915] [drone_home1.controller]: Going to [(29.639567, -82.361102)]: 8.95 meters
[controller-2] [INFO] [1744576654.200310888] [drone_home1.controller]: Bearing: -87.63°
[controller-2] [INFO] [1744576654.201882883] [drone_home1.controller]: Going to [(29.639567, -82.361102)]: 8.92 meters
[controller-2] [INFO] [1744576654.300169645] [drone_home1.controller]: Bearing: -87.63°
[controller-2] [INFO] [1744576654.302092557] [drone_home1.controller]: Going to [(29.639567, -82.361102)]: 8.92 meters
[controller-2] [INFO] [1744576654.400380951] [drone_home1.controller]: Bearing: -87.60°
[controller-2] [INFO] [1744576654.402250231] [drone_home1.controller]: Going to [(29.639567, -82.361102)]: 8.81 meters
[controller-2] [INFO] [1744576654.500262909] [drone_home1.controller]: Bearing: -87.60°
[controller-2] [INFO] [1744576654.502262431] [drone_home1.controller]: Going to [(29.639567, -82.361102)]: 8.81 meters
[controller-2] [INFO] [1744576654.599685146] [drone_home1.controller]: Bearing: -87.60°
[controller-2] [INFO] [1744576654.600649386] [drone_home1.controller]: Going to [(29.639567, -82.361102)]: 8.81 meters
[controller-2] [INFO] [1744576654.699518238] [drone_home1.controller]: Bearing: -87.60°
[controller-2] [INFO] [1744576654.700461678] [drone_home1.controller]: Going to [(29.639567, -82.361102)]: 8.81 meters
[controller-2] [INFO] [1744576654.799501349] [drone_home1.controller]: Bearing: -87.60°
[controller-2] [INFO] [1744576654.800495830] [drone_home1.controller]: Going to [(29.639567, -82.361102)]: 8.81 meters
[controller-2] [INFO] [1744576654.900316090] [drone_home1.controller]: Bearing: -87.60°
[controller-2] [INFO] [1744576654.902451550] [drone_home1.controller]: Going to [(29.639567, -82.361102)]: 8.81 meters
[controller-2] [INFO] [1744576655.000747880] [drone_home1.controller]: Bearing: -87.54°
[controller-2] [INFO] [1744576655.002805803] [drone_home1.controller]: Going to [(29.639567, -82.361102)]: 8.59 meters
[controller-2] [INFO] [1744576655.100366734] [drone_home1.controller]: Bearing: -87.54°
[controller-2] [INFO] [1744576655.102758391] [drone_home1.controller]: Going to [(29.639567, -82.361102)]: 8.59 meters
[controller-2] [INFO] [1744576655.200147351] [drone_home1.controller]: Bearing: -87.54°
[controller-2] [INFO] [1744576655.202571009] [drone_home1.controller]: Going to [(29.639567, -82.361102)]: 8.59 meters
[controller-2] [INFO] [1744576655.300165444] [drone_home1.controller]: Bearing: -87.54°
[controller-2] [INFO] [1744576655.302111654] [drone_home1.controller]: Going to [(29.639567, -82.361102)]: 8.59 meters
[controller-2] [INFO] [1744576655.400225362] [drone_home1.controller]: Bearing: -87.85°
[controller-2] [INFO] [1744576655.401190371] [drone_home1.controller]: Going to [(29.639567, -82.361102)]: 8.56 meters
[controller-2] [INFO] [1744576655.499618132] [drone_home1.controller]: Bearing: -87.85°
[controller-2] [INFO] [1744576655.500684647] [drone_home1.controller]: Going to [(29.639567, -82.361102)]: 8.56 meters
[controller-2] [INFO] [1744576655.599478175] [drone_home1.controller]: Bearing: -87.79°
[controller-2] [INFO] [1744576655.600731956] [drone_home1.controller]: Going to [(29.639567, -82.361102)]: 8.34 meters
[controller-2] [INFO] [1744576655.700170039] [drone_home1.controller]: Bearing: -87.79°
[controller-2] [INFO] [1744576655.702007543] [drone_home1.controller]: Going to [(29.639567, -82.361102)]: 8.34 meters
[controller-2] [INFO] [1744576655.800154212] [drone_home1.controller]: Bearing: -87.79°
[controller-2] [INFO] [1744576655.802271496] [drone_home1.controller]: Going to [(29.639567, -82.361102)]: 8.34 meters
[controller-2] [INFO] [1744576655.900141552] [drone_home1.controller]: Bearing: -87.79°
[controller-2] [INFO] [1744576655.901703499] [drone_home1.controller]: Going to [(29.639567, -82.361102)]: 8.34 meters
[controller-2] [INFO] [1744576655.999428817] [drone_home1.controller]: Bearing: -87.79°
[controller-2] [INFO] [1744576656.000842921] [drone_home1.controller]: Going to [(29.639567, -82.361102)]: 8.34 meters
[controller-2] [INFO] [1744576656.100316594] [drone_home1.controller]: Bearing: -87.76°
[controller-2] [INFO] [1744576656.102439575] [drone_home1.controller]: Going to [(29.639567, -82.361102)]: 8.23 meters
[controller-2] [INFO] [1744576656.200545032] [drone_home1.controller]: Bearing: -87.76°
[controller-2] [INFO] [1744576656.202158628] [drone_home1.controller]: Going to [(29.639567, -82.361102)]: 8.23 meters
[controller-2] [INFO] [1744576656.300372632] [drone_home1.controller]: Bearing: -87.76°
[controller-2] [INFO] [1744576656.302466684] [drone_home1.controller]: Going to [(29.639567, -82.361102)]: 8.23 meters
[controller-2] [INFO] [1744576656.399681598] [drone_home1.controller]: Bearing: -87.76°
[controller-2] [INFO] [1744576656.400924211] [drone_home1.controller]: Going to [(29.639567, -82.361102)]: 8.23 meters
[controller-2] [INFO] [1744576656.500084311] [drone_home1.controller]: Bearing: -87.76°
[controller-2] [INFO] [1744576656.501693971] [drone_home1.controller]: Going to [(29.639567, -82.361102)]: 8.23 meters
[controller-2] [INFO] [1744576656.599546496] [drone_home1.controller]: Bearing: -87.76°
[controller-2] [INFO] [1744576656.600519025] [drone_home1.controller]: Going to [(29.639567, -82.361102)]: 8.23 meters
[controller-2] [INFO] [1744576656.700332000] [drone_home1.controller]: Bearing: -87.76°
[controller-2] [INFO] [1744576656.702066206] [drone_home1.controller]: Going to [(29.639567, -82.361102)]: 8.23 meters
[controller-2] [INFO] [1744576656.800411700] [drone_home1.controller]: Bearing: -87.76°
[controller-2] [INFO] [1744576656.802083953] [drone_home1.controller]: Going to [(29.639567, -82.361102)]: 8.23 meters
[controller-2] [INFO] [1744576656.900221603] [drone_home1.controller]: Bearing: -87.76°
[controller-2] [INFO] [1744576656.901961025] [drone_home1.controller]: Going to [(29.639567, -82.361102)]: 8.23 meters
[controller-2] [INFO] [1744576657.000225333] [drone_home1.controller]: Bearing: -87.76°
[controller-2] [INFO] [1744576657.001781776] [drone_home1.controller]: Going to [(29.639567, -82.361102)]: 8.23 meters
[controller-2] [INFO] [1744576657.099709732] [drone_home1.controller]: Bearing: -87.76°
[controller-2] [INFO] [1744576657.100666069] [drone_home1.controller]: Going to [(29.639567, -82.361102)]: 8.23 meters
[controller-2] [INFO] [1744576657.200416584] [drone_home1.controller]: Bearing: -87.76°
[controller-2] [INFO] [1744576657.202070053] [drone_home1.controller]: Going to [(29.639567, -82.361102)]: 8.23 meters
[controller-2] [INFO] [1744576657.300408352] [drone_home1.controller]: Bearing: -87.92°
[controller-2] [INFO] [1744576657.301967579] [drone_home1.controller]: Going to [(29.639567, -82.361102)]: 8.21 meters
[controller-2] [INFO] [1744576657.400386744] [drone_home1.controller]: Bearing: -87.92°
[controller-2] [INFO] [1744576657.402140758] [drone_home1.controller]: Going to [(29.639567, -82.361102)]: 8.21 meters
[controller-2] [INFO] [1744576657.500181612] [drone_home1.controller]: Bearing: -87.86°
[controller-2] [INFO] [1744576657.501748391] [drone_home1.controller]: Going to [(29.639567, -82.361102)]: 7.99 meters
[controller-2] [INFO] [1744576657.600612459] [drone_home1.controller]: Bearing: -87.86°
[controller-2] [INFO] [1744576657.602196678] [drone_home1.controller]: Going to [(29.639567, -82.361102)]: 7.99 meters
[controller-2] [INFO] [1744576657.699508528] [drone_home1.controller]: Bearing: -87.86°
[controller-2] [INFO] [1744576657.700493505] [drone_home1.controller]: Going to [(29.639567, -82.361102)]: 7.99 meters
[controller-2] [INFO] [1744576657.800671388] [drone_home1.controller]: Bearing: -87.86°
[controller-2] [INFO] [1744576657.801607148] [drone_home1.controller]: Going to [(29.639567, -82.361102)]: 7.99 meters
[controller-2] [INFO] [1744576657.900244845] [drone_home1.controller]: Bearing: -87.86°
[controller-2] [INFO] [1744576657.901839688] [drone_home1.controller]: Going to [(29.639567, -82.361102)]: 7.99 meters
[controller-2] [INFO] [1744576658.000090050] [drone_home1.controller]: Bearing: -87.86°
[controller-2] [INFO] [1744576658.001627516] [drone_home1.controller]: Going to [(29.639567, -82.361102)]: 7.99 meters
[controller-2] [INFO] [1744576658.100606664] [drone_home1.controller]: Bearing: -87.86°
[controller-2] [INFO] [1744576658.102228580] [drone_home1.controller]: Going to [(29.639567, -82.361102)]: 7.99 meters
[controller-2] [INFO] [1744576658.199705014] [drone_home1.controller]: Bearing: -87.86°
[controller-2] [INFO] [1744576658.200768456] [drone_home1.controller]: Going to [(29.639567, -82.361102)]: 7.99 meters
[controller-2] [INFO] [1744576658.299780917] [drone_home1.controller]: Bearing: -87.80°
[controller-2] [INFO] [1744576658.300809830] [drone_home1.controller]: Going to [(29.639567, -82.361102)]: 7.77 meters
[controller-2] [INFO] [1744576658.399556206] [drone_home1.controller]: Bearing: -87.80°
[controller-2] [INFO] [1744576658.400521567] [drone_home1.controller]: Going to [(29.639567, -82.361102)]: 7.77 meters
[controller-2] [INFO] [1744576658.499486923] [drone_home1.controller]: Bearing: -87.80°
[controller-2] [INFO] [1744576658.500448763] [drone_home1.controller]: Going to [(29.639567, -82.361102)]: 7.77 meters
[controller-2] [INFO] [1744576658.599450503] [drone_home1.controller]: Bearing: -87.80°
[controller-2] [INFO] [1744576658.600444697] [drone_home1.controller]: Going to [(29.639567, -82.361102)]: 7.77 meters
[controller-2] [INFO] [1744576658.699508774] [drone_home1.controller]: Bearing: -87.80°
[controller-2] [INFO] [1744576658.700412757] [drone_home1.controller]: Going to [(29.639567, -82.361102)]: 7.77 meters
[controller-2] [INFO] [1744576658.799471107] [drone_home1.controller]: Bearing: -87.86°
[controller-2] [INFO] [1744576658.800365138] [drone_home1.controller]: Going to [(29.639567, -82.361102)]: 7.99 meters
[controller-2] [INFO] [1744576658.899460128] [drone_home1.controller]: Bearing: -87.86°
[controller-2] [INFO] [1744576658.900930233] [drone_home1.controller]: Going to [(29.639567, -82.361102)]: 7.99 meters
[controller-2] [INFO] [1744576658.999925637] [drone_home1.controller]: Bearing: -87.86°
[controller-2] [INFO] [1744576659.001103706] [drone_home1.controller]: Going to [(29.639567, -82.361102)]: 7.99 meters
[controller-2] [INFO] [1744576659.099530241] [drone_home1.controller]: Bearing: -88.19°
[controller-2] [INFO] [1744576659.100612724] [drone_home1.controller]: Going to [(29.639567, -82.361102)]: 7.97 meters
[controller-2] [INFO] [1744576659.200087982] [drone_home1.controller]: Bearing: -88.19°
[controller-2] [INFO] [1744576659.201257922] [drone_home1.controller]: Going to [(29.639567, -82.361102)]: 7.97 meters
[controller-2] [INFO] [1744576659.299772620] [drone_home1.controller]: Bearing: -88.19°
[controller-2] [INFO] [1744576659.302220278] [drone_home1.controller]: Going to [(29.639567, -82.361102)]: 7.97 meters
[controller-2] [INFO] [1744576659.399532043] [drone_home1.controller]: Bearing: -88.19°
[controller-2] [INFO] [1744576659.400556188] [drone_home1.controller]: Going to [(29.639567, -82.361102)]: 7.97 meters
[controller-2] [INFO] [1744576659.499474253] [drone_home1.controller]: Bearing: -88.19°
[controller-2] [INFO] [1744576659.500402269] [drone_home1.controller]: Going to [(29.639567, -82.361102)]: 7.97 meters
[controller-2] [INFO] [1744576659.599512400] [drone_home1.controller]: Bearing: -88.19°
[controller-2] [INFO] [1744576659.600573795] [drone_home1.controller]: Going to [(29.639567, -82.361102)]: 7.97 meters
[controller-2] [INFO] [1744576659.699344048] [drone_home1.controller]: Bearing: -88.19°
[controller-2] [INFO] [1744576659.700249600] [drone_home1.controller]: Going to [(29.639567, -82.361102)]: 7.97 meters
[controller-2] [INFO] [1744576659.799393076] [drone_home1.controller]: Bearing: -88.14°
[controller-2] [INFO] [1744576659.800335397] [drone_home1.controller]: Going to [(29.639567, -82.361102)]: 7.75 meters
[controller-2] [INFO] [1744576659.899410424] [drone_home1.controller]: Bearing: -88.14°
[controller-2] [INFO] [1744576659.900412553] [drone_home1.controller]: Going to [(29.639567, -82.361102)]: 7.75 meters
[controller-2] [INFO] [1744576660.000261577] [drone_home1.controller]: Bearing: -88.14°
[controller-2] [INFO] [1744576660.001848773] [drone_home1.controller]: Going to [(29.639567, -82.361102)]: 7.75 meters
[controller-2] [INFO] [1744576660.100214481] [drone_home1.controller]: Bearing: -88.14°
[controller-2] [INFO] [1744576660.101744972] [drone_home1.controller]: Going to [(29.639567, -82.361102)]: 7.75 meters
[controller-2] [INFO] [1744576660.200524607] [drone_home1.controller]: Bearing: -88.14°
[controller-2] [INFO] [1744576660.202072922] [drone_home1.controller]: Going to [(29.639567, -82.361102)]: 7.75 meters
[controller-2] [INFO] [1744576660.300478919] [drone_home1.controller]: Bearing: -88.14°
[controller-2] [INFO] [1744576660.302053218] [drone_home1.controller]: Going to [(29.639567, -82.361102)]: 7.75 meters
[controller-2] [INFO] [1744576660.400193162] [drone_home1.controller]: Bearing: -88.14°
[controller-2] [INFO] [1744576660.403348769] [drone_home1.controller]: Going to [(29.639567, -82.361102)]: 7.75 meters
[controller-2] [INFO] [1744576660.499462630] [drone_home1.controller]: Bearing: -88.14°
[controller-2] [INFO] [1744576660.500417175] [drone_home1.controller]: Going to [(29.639567, -82.361102)]: 7.75 meters
[controller-2] [INFO] [1744576660.600377535] [drone_home1.controller]: Bearing: -88.11°
[controller-2] [INFO] [1744576660.601915833] [drone_home1.controller]: Going to [(29.639567, -82.361102)]: 7.64 meters
[controller-2] [INFO] [1744576660.700488521] [drone_home1.controller]: Bearing: -88.11°
[controller-2] [INFO] [1744576660.702577389] [drone_home1.controller]: Going to [(29.639567, -82.361102)]: 7.64 meters
[controller-2] [INFO] [1744576660.800229549] [drone_home1.controller]: Bearing: -88.11°
[controller-2] [INFO] [1744576660.801989292] [drone_home1.controller]: Going to [(29.639567, -82.361102)]: 7.64 meters
[controller-2] [INFO] [1744576660.900357336] [drone_home1.controller]: Bearing: -88.11°
[controller-2] [INFO] [1744576660.901932019] [drone_home1.controller]: Going to [(29.639567, -82.361102)]: 7.64 meters
[controller-2] [INFO] [1744576661.000429250] [drone_home1.controller]: Bearing: -88.45°
[controller-2] [INFO] [1744576661.002031518] [drone_home1.controller]: Going to [(29.639567, -82.361102)]: 7.61 meters
[controller-2] [INFO] [1744576661.099516320] [drone_home1.controller]: Bearing: -88.45°
[controller-2] [INFO] [1744576661.101015514] [drone_home1.controller]: Going to [(29.639567, -82.361102)]: 7.61 meters
[controller-2] [INFO] [1744576661.199799411] [drone_home1.controller]: Bearing: -88.45°
[controller-2] [INFO] [1744576661.200825477] [drone_home1.controller]: Going to [(29.639567, -82.361102)]: 7.61 meters
[controller-2] [INFO] [1744576661.299728640] [drone_home1.controller]: Bearing: -88.45°
[controller-2] [INFO] [1744576661.300690033] [drone_home1.controller]: Going to [(29.639567, -82.361102)]: 7.61 meters
[controller-2] [INFO] [1744576661.400649310] [drone_home1.controller]: Bearing: -88.45°
[controller-2] [INFO] [1744576661.402977671] [drone_home1.controller]: Going to [(29.639567, -82.361102)]: 7.61 meters
[controller-2] [INFO] [1744576661.500291654] [drone_home1.controller]: Bearing: -88.45°
[controller-2] [INFO] [1744576661.501910594] [drone_home1.controller]: Going to [(29.639567, -82.361102)]: 7.61 meters
[controller-2] [INFO] [1744576661.599457125] [drone_home1.controller]: Bearing: -88.45°
[controller-2] [INFO] [1744576661.600365717] [drone_home1.controller]: Going to [(29.639567, -82.361102)]: 7.61 meters
[controller-2] [INFO] [1744576661.700286498] [drone_home1.controller]: Bearing: -88.14°
[controller-2] [INFO] [1744576661.701812349] [drone_home1.controller]: Going to [(29.639567, -82.361102)]: 7.75 meters
[controller-2] [INFO] [1744576661.800375762] [drone_home1.controller]: Bearing: -88.14°
[controller-2] [INFO] [1744576661.801991886] [drone_home1.controller]: Going to [(29.639567, -82.361102)]: 7.75 meters
[controller-2] [INFO] [1744576661.900262110] [drone_home1.controller]: Bearing: -88.47°
[controller-2] [INFO] [1744576661.901786488] [drone_home1.controller]: Going to [(29.639567, -82.361102)]: 7.72 meters
[controller-2] [INFO] [1744576661.999444830] [drone_home1.controller]: Bearing: -88.47°
[controller-2] [INFO] [1744576662.000709492] [drone_home1.controller]: Going to [(29.639567, -82.361102)]: 7.72 meters
[controller-2] [INFO] [1744576662.099619092] [drone_home1.controller]: Bearing: -88.47°
[controller-2] [INFO] [1744576662.100633862] [drone_home1.controller]: Going to [(29.639567, -82.361102)]: 7.72 meters
[controller-2] [INFO] [1744576662.199708521] [drone_home1.controller]: Bearing: -88.47°
[controller-2] [INFO] [1744576662.200717595] [drone_home1.controller]: Going to [(29.639567, -82.361102)]: 7.72 meters
[controller-2] [INFO] [1744576662.300175525] [drone_home1.controller]: Bearing: -88.47°
[controller-2] [INFO] [1744576662.301807618] [drone_home1.controller]: Going to [(29.639567, -82.361102)]: 7.72 meters
[controller-2] [INFO] [1744576662.399550286] [drone_home1.controller]: Bearing: -88.47°
[controller-2] [INFO] [1744576662.400840197] [drone_home1.controller]: Going to [(29.639567, -82.361102)]: 7.72 meters
[controller-2] [INFO] [1744576662.499447552] [drone_home1.controller]: Bearing: -88.47°
[controller-2] [INFO] [1744576662.500424465] [drone_home1.controller]: Going to [(29.639567, -82.361102)]: 7.72 meters
[controller-2] [INFO] [1744576662.599620215] [drone_home1.controller]: Bearing: -88.47°
[controller-2] [INFO] [1744576662.600577895] [drone_home1.controller]: Going to [(29.639567, -82.361102)]: 7.72 meters
[controller-2] [INFO] [1744576662.700506650] [drone_home1.controller]: Bearing: -88.47°
[controller-2] [INFO] [1744576662.702058165] [drone_home1.controller]: Going to [(29.639567, -82.361102)]: 7.72 meters
[controller-2] [INFO] [1744576662.800243273] [drone_home1.controller]: Bearing: -88.47°
[controller-2] [INFO] [1744576662.802561329] [drone_home1.controller]: Going to [(29.639567, -82.361102)]: 7.72 meters
[controller-2] [INFO] [1744576662.900106810] [drone_home1.controller]: Bearing: -88.47°
[controller-2] [INFO] [1744576662.902699911] [drone_home1.controller]: Going to [(29.639567, -82.361102)]: 7.72 meters
[controller-2] [INFO] [1744576663.000728504] [drone_home1.controller]: Bearing: -88.47°
[controller-2] [INFO] [1744576663.002779932] [drone_home1.controller]: Going to [(29.639567, -82.361102)]: 7.72 meters
[controller-2] [INFO] [1744576663.099748960] [drone_home1.controller]: Bearing: -88.47°
[controller-2] [INFO] [1744576663.100762706] [drone_home1.controller]: Going to [(29.639567, -82.361102)]: 7.72 meters
[controller-2] [INFO] [1744576663.200149216] [drone_home1.controller]: Bearing: -88.47°
[controller-2] [INFO] [1744576663.202264646] [drone_home1.controller]: Going to [(29.639567, -82.361102)]: 7.72 meters
[controller-2] [INFO] [1744576663.299593392] [drone_home1.controller]: Bearing: -88.47°
[controller-2] [INFO] [1744576663.300566273] [drone_home1.controller]: Going to [(29.639567, -82.361102)]: 7.72 meters
[controller-2] [INFO] [1744576663.400376055] [drone_home1.controller]: Bearing: -88.47°
[controller-2] [INFO] [1744576663.401944338] [drone_home1.controller]: Going to [(29.639567, -82.361102)]: 7.72 meters
[controller-2] [INFO] [1744576663.499512417] [drone_home1.controller]: Bearing: -88.47°
[controller-2] [INFO] [1744576663.500434801] [drone_home1.controller]: Going to [(29.639567, -82.361102)]: 7.72 meters
[controller-2] [INFO] [1744576663.599610140] [drone_home1.controller]: Bearing: -88.47°
[controller-2] [INFO] [1744576663.600606509] [drone_home1.controller]: Going to [(29.639567, -82.361102)]: 7.72 meters
[controller-2] [INFO] [1744576663.699414161] [drone_home1.controller]: Bearing: -88.47°
[controller-2] [INFO] [1744576663.700406051] [drone_home1.controller]: Going to [(29.639567, -82.361102)]: 7.72 meters
[controller-2] [INFO] [1744576663.800166008] [drone_home1.controller]: Bearing: -88.47°
[controller-2] [INFO] [1744576663.801730739] [drone_home1.controller]: Going to [(29.639567, -82.361102)]: 7.72 meters
[controller-2] [INFO] [1744576663.900670874] [drone_home1.controller]: Bearing: -88.47°
[controller-2] [INFO] [1744576663.902705245] [drone_home1.controller]: Going to [(29.639567, -82.361102)]: 7.72 meters
[controller-2] [INFO] [1744576664.000688883] [drone_home1.controller]: Bearing: -88.47°
[controller-2] [INFO] [1744576664.002271087] [drone_home1.controller]: Going to [(29.639567, -82.361102)]: 7.72 meters
[controller-2] [INFO] [1744576664.099989605] [drone_home1.controller]: Bearing: -88.47°
[controller-2] [INFO] [1744576664.101417567] [drone_home1.controller]: Going to [(29.639567, -82.361102)]: 7.72 meters
[controller-2] [INFO] [1744576664.199701567] [drone_home1.controller]: Bearing: -88.47°
[controller-2] [INFO] [1744576664.200992854] [drone_home1.controller]: Going to [(29.639567, -82.361102)]: 7.72 meters
[controller-2] [INFO] [1744576664.299536699] [drone_home1.controller]: Bearing: -88.47°
[controller-2] [INFO] [1744576664.300497644] [drone_home1.controller]: Going to [(29.639567, -82.361102)]: 7.72 meters
[controller-2] [INFO] [1744576664.399494681] [drone_home1.controller]: Bearing: -88.47°
[controller-2] [INFO] [1744576664.400483626] [drone_home1.controller]: Going to [(29.639567, -82.361102)]: 7.72 meters
[controller-2] [INFO] [1744576664.499456919] [drone_home1.controller]: Bearing: -88.47°
[controller-2] [INFO] [1744576664.500410824] [drone_home1.controller]: Going to [(29.639567, -82.361102)]: 7.72 meters
[controller-2] [INFO] [1744576664.599407061] [drone_home1.controller]: Bearing: -88.47°
[controller-2] [INFO] [1744576664.600722604] [drone_home1.controller]: Going to [(29.639567, -82.361102)]: 7.72 meters
[controller-2] [INFO] [1744576664.699678296] [drone_home1.controller]: Bearing: -88.47°
[controller-2] [INFO] [1744576664.700687562] [drone_home1.controller]: Going to [(29.639567, -82.361102)]: 7.72 meters
[controller-2] [INFO] [1744576664.799395218] [drone_home1.controller]: Bearing: -88.47°
[controller-2] [INFO] [1744576664.800363075] [drone_home1.controller]: Going to [(29.639567, -82.361102)]: 7.72 meters
[controller-2] [INFO] [1744576664.900255840] [drone_home1.controller]: Bearing: -88.47°
[controller-2] [INFO] [1744576664.901878652] [drone_home1.controller]: Going to [(29.639567, -82.361102)]: 7.72 meters
[controller-2] [INFO] [1744576665.000285087] [drone_home1.controller]: Bearing: -88.47°
[controller-2] [INFO] [1744576665.001908251] [drone_home1.controller]: Going to [(29.639567, -82.361102)]: 7.72 meters
[controller-2] [INFO] [1744576665.100181089] [drone_home1.controller]: Bearing: -88.47°
[controller-2] [INFO] [1744576665.102108611] [drone_home1.controller]: Going to [(29.639567, -82.361102)]: 7.72 meters
[controller-2] [INFO] [1744576665.200153221] [drone_home1.controller]: Bearing: -88.47°
[controller-2] [INFO] [1744576665.202611344] [drone_home1.controller]: Going to [(29.639567, -82.361102)]: 7.72 meters
[controller-2] [INFO] [1744576665.300312108] [drone_home1.controller]: Bearing: -88.45°
[controller-2] [INFO] [1744576665.302028394] [drone_home1.controller]: Going to [(29.639567, -82.361102)]: 7.61 meters
[controller-2] [INFO] [1744576665.400141357] [drone_home1.controller]: Bearing: -88.45°
[controller-2] [INFO] [1744576665.401887340] [drone_home1.controller]: Going to [(29.639567, -82.361102)]: 7.61 meters
[controller-2] [INFO] [1744576665.500219858] [drone_home1.controller]: Bearing: -88.45°
[controller-2] [INFO] [1744576665.501797326] [drone_home1.controller]: Going to [(29.639567, -82.361102)]: 7.61 meters
[controller-2] [INFO] [1744576665.600100852] [drone_home1.controller]: Bearing: -88.45°
[controller-2] [INFO] [1744576665.602270939] [drone_home1.controller]: Going to [(29.639567, -82.361102)]: 7.61 meters
[controller-2] [INFO] [1744576665.700176218] [drone_home1.controller]: Bearing: -88.45°
[controller-2] [INFO] [1744576665.702221374] [drone_home1.controller]: Going to [(29.639567, -82.361102)]: 7.61 meters
[controller-2] [INFO] [1744576665.800188638] [drone_home1.controller]: Bearing: -88.45°
[controller-2] [INFO] [1744576665.802372901] [drone_home1.controller]: Going to [(29.639567, -82.361102)]: 7.61 meters
[controller-2] [INFO] [1744576665.900384838] [drone_home1.controller]: Bearing: -88.41°
[controller-2] [INFO] [1744576665.902188614] [drone_home1.controller]: Going to [(29.639567, -82.361102)]: 7.39 meters
[controller-2] [INFO] [1744576666.000230055] [drone_home1.controller]: Bearing: -88.41°
[controller-2] [INFO] [1744576666.002579953] [drone_home1.controller]: Going to [(29.639567, -82.361102)]: 7.39 meters
[controller-2] [INFO] [1744576666.100562743] [drone_home1.controller]: Bearing: -88.05°
[controller-2] [INFO] [1744576666.102852767] [drone_home1.controller]: Going to [(29.639567, -82.361102)]: 7.42 meters
[controller-2] [INFO] [1744576666.200268571] [drone_home1.controller]: Bearing: -88.05°
[controller-2] [INFO] [1744576666.202392737] [drone_home1.controller]: Going to [(29.639567, -82.361102)]: 7.42 meters
[controller-2] [INFO] [1744576666.300136322] [drone_home1.controller]: Bearing: -88.05°
[controller-2] [INFO] [1744576666.302199175] [drone_home1.controller]: Going to [(29.639567, -82.361102)]: 7.42 meters
[controller-2] [INFO] [1744576666.400257102] [drone_home1.controller]: Bearing: -88.05°
[controller-2] [INFO] [1744576666.402752794] [drone_home1.controller]: Going to [(29.639567, -82.361102)]: 7.42 meters
[controller-2] [INFO] [1744576666.500287512] [drone_home1.controller]: Bearing: -88.05°
[controller-2] [INFO] [1744576666.501881749] [drone_home1.controller]: Going to [(29.639567, -82.361102)]: 7.42 meters
[controller-2] [INFO] [1744576666.600540135] [drone_home1.controller]: Bearing: -88.05°
[controller-2] [INFO] [1744576666.602110114] [drone_home1.controller]: Going to [(29.639567, -82.361102)]: 7.42 meters
[controller-2] [INFO] [1744576666.700402446] [drone_home1.controller]: Bearing: -88.05°
[controller-2] [INFO] [1744576666.702421521] [drone_home1.controller]: Going to [(29.639567, -82.361102)]: 7.42 meters
[controller-2] [INFO] [1744576666.800276597] [drone_home1.controller]: Bearing: -88.05°
[controller-2] [INFO] [1744576666.802549341] [drone_home1.controller]: Going to [(29.639567, -82.361102)]: 7.42 meters
[controller-2] [INFO] [1744576666.900427938] [drone_home1.controller]: Bearing: -88.05°
[controller-2] [INFO] [1744576666.902304291] [drone_home1.controller]: Going to [(29.639567, -82.361102)]: 7.42 meters
[controller-2] [INFO] [1744576667.000135782] [drone_home1.controller]: Bearing: -88.05°
[controller-2] [INFO] [1744576667.001938790] [drone_home1.controller]: Going to [(29.639567, -82.361102)]: 7.42 meters
[controller-2] [INFO] [1744576667.100495387] [drone_home1.controller]: Bearing: -88.05°
[controller-2] [INFO] [1744576667.102362684] [drone_home1.controller]: Going to [(29.639567, -82.361102)]: 7.42 meters
[controller-2] [INFO] [1744576667.200197541] [drone_home1.controller]: Bearing: -88.05°
[controller-2] [INFO] [1744576667.201777505] [drone_home1.controller]: Going to [(29.639567, -82.361102)]: 7.42 meters
[controller-2] [INFO] [1744576667.300381528] [drone_home1.controller]: Bearing: -88.05°
[controller-2] [INFO] [1744576667.302334874] [drone_home1.controller]: Going to [(29.639567, -82.361102)]: 7.42 meters
[controller-2] [INFO] [1744576667.399729275] [drone_home1.controller]: Bearing: -88.05°
[controller-2] [INFO] [1744576667.400936753] [drone_home1.controller]: Going to [(29.639567, -82.361102)]: 7.42 meters
[controller-2] [INFO] [1744576667.499379012] [drone_home1.controller]: Bearing: -88.05°
[controller-2] [INFO] [1744576667.500352565] [drone_home1.controller]: Going to [(29.639567, -82.361102)]: 7.42 meters
[controller-2] [INFO] [1744576667.599778874] [drone_home1.controller]: Bearing: -88.05°
[controller-2] [INFO] [1744576667.602351144] [drone_home1.controller]: Going to [(29.639567, -82.361102)]: 7.42 meters
[controller-2] [INFO] [1744576667.700486422] [drone_home1.controller]: Bearing: -88.11°
[controller-2] [INFO] [1744576667.702105587] [drone_home1.controller]: Going to [(29.639567, -82.361102)]: 7.64 meters
[controller-2] [INFO] [1744576667.800346435] [drone_home1.controller]: Bearing: -88.11°
[controller-2] [INFO] [1744576667.801947487] [drone_home1.controller]: Going to [(29.639567, -82.361102)]: 7.64 meters
[controller-2] [INFO] [1744576667.900406451] [drone_home1.controller]: Bearing: -88.11°
[controller-2] [INFO] [1744576667.901956014] [drone_home1.controller]: Going to [(29.639567, -82.361102)]: 7.64 meters
[controller-2] [INFO] [1744576668.000319072] [drone_home1.controller]: Bearing: -88.11°
[controller-2] [INFO] [1744576668.001998270] [drone_home1.controller]: Going to [(29.639567, -82.361102)]: 7.64 meters
[controller-2] [INFO] [1744576668.100758813] [drone_home1.controller]: Bearing: -88.11°
[controller-2] [INFO] [1744576668.102453435] [drone_home1.controller]: Going to [(29.639567, -82.361102)]: 7.64 meters
[controller-2] [INFO] [1744576668.200144422] [drone_home1.controller]: Bearing: -88.11°
[controller-2] [INFO] [1744576668.201898629] [drone_home1.controller]: Going to [(29.639567, -82.361102)]: 7.64 meters
[controller-2] [INFO] [1744576668.299627058] [drone_home1.controller]: Bearing: -88.05°
[controller-2] [INFO] [1744576668.300760070] [drone_home1.controller]: Going to [(29.639567, -82.361102)]: 7.42 meters
[controller-2] [INFO] [1744576668.399704616] [drone_home1.controller]: Bearing: -88.05°
[controller-2] [INFO] [1744576668.402027953] [drone_home1.controller]: Going to [(29.639567, -82.361102)]: 7.42 meters
[controller-2] [INFO] [1744576668.500042946] [drone_home1.controller]: Bearing: -87.70°
[controller-2] [INFO] [1744576668.502123079] [drone_home1.controller]: Going to [(29.639567, -82.361102)]: 7.45 meters
[controller-2] [INFO] [1744576668.600371517] [drone_home1.controller]: Bearing: -88.05°
[controller-2] [INFO] [1744576668.601997306] [drone_home1.controller]: Going to [(29.639567, -82.361102)]: 7.42 meters
[controller-2] [INFO] [1744576668.699713318] [drone_home1.controller]: Bearing: -88.05°
[controller-2] [INFO] [1744576668.700703479] [drone_home1.controller]: Going to [(29.639567, -82.361102)]: 7.42 meters
[controller-2] [INFO] [1744576668.800254020] [drone_home1.controller]: Bearing: -88.05°
[controller-2] [INFO] [1744576668.801829216] [drone_home1.controller]: Going to [(29.639567, -82.361102)]: 7.42 meters
[controller-2] [INFO] [1744576668.899707279] [drone_home1.controller]: Bearing: -88.05°
[controller-2] [INFO] [1744576668.900665216] [drone_home1.controller]: Going to [(29.639567, -82.361102)]: 7.42 meters
[controller-2] [INFO] [1744576668.999578977] [drone_home1.controller]: Bearing: -88.11°
[controller-2] [INFO] [1744576669.000496817] [drone_home1.controller]: Going to [(29.639567, -82.361102)]: 7.64 meters
[controller-2] [INFO] [1744576669.100091716] [drone_home1.controller]: Bearing: -88.11°
[controller-2] [INFO] [1744576669.101178679] [drone_home1.controller]: Going to [(29.639567, -82.361102)]: 7.64 meters
[controller-2] [INFO] [1744576669.199449363] [drone_home1.controller]: Bearing: -88.11°
[controller-2] [INFO] [1744576669.200700745] [drone_home1.controller]: Going to [(29.639567, -82.361102)]: 7.64 meters
[controller-2] [INFO] [1744576669.300247419] [drone_home1.controller]: Bearing: -88.05°
[controller-2] [INFO] [1744576669.301830519] [drone_home1.controller]: Going to [(29.639567, -82.361102)]: 7.42 meters
[controller-2] [INFO] [1744576669.400466105] [drone_home1.controller]: Bearing: -87.70°
[controller-2] [INFO] [1744576669.402049365] [drone_home1.controller]: Going to [(29.639567, -82.361102)]: 7.45 meters
[controller-2] [INFO] [1744576669.500221934] [drone_home1.controller]: Bearing: -87.70°
[controller-2] [INFO] [1744576669.501801259] [drone_home1.controller]: Going to [(29.639567, -82.361102)]: 7.45 meters
[controller-2] [INFO] [1744576669.600611119] [drone_home1.controller]: Bearing: -87.70°
[controller-2] [INFO] [1744576669.602257549] [drone_home1.controller]: Going to [(29.639567, -82.361102)]: 7.45 meters
[controller-2] [INFO] [1744576669.700645354] [drone_home1.controller]: Bearing: -87.70°
[controller-2] [INFO] [1744576669.702216870] [drone_home1.controller]: Going to [(29.639567, -82.361102)]: 7.45 meters
[controller-2] [INFO] [1744576669.800347967] [drone_home1.controller]: Bearing: -87.70°
[controller-2] [INFO] [1744576669.801965372] [drone_home1.controller]: Going to [(29.639567, -82.361102)]: 7.45 meters
[controller-2] [INFO] [1744576669.899640716] [drone_home1.controller]: Bearing: -87.70°
[controller-2] [INFO] [1744576669.901158183] [drone_home1.controller]: Going to [(29.639567, -82.361102)]: 7.45 meters
[controller-2] [INFO] [1744576669.999528708] [drone_home1.controller]: Bearing: -87.70°
[controller-2] [INFO] [1744576670.000582711] [drone_home1.controller]: Going to [(29.639567, -82.361102)]: 7.45 meters
[controller-2] [INFO] [1744576670.099550724] [drone_home1.controller]: Bearing: -87.70°
[controller-2] [INFO] [1744576670.100495861] [drone_home1.controller]: Going to [(29.639567, -82.361102)]: 7.45 meters
[controller-2] [INFO] [1744576670.200163854] [drone_home1.controller]: Bearing: -87.70°
[controller-2] [INFO] [1744576670.201748363] [drone_home1.controller]: Going to [(29.639567, -82.361102)]: 7.45 meters
[controller-2] [INFO] [1744576670.299376800] [drone_home1.controller]: Bearing: -87.70°
[controller-2] [INFO] [1744576670.300289200] [drone_home1.controller]: Going to [(29.639567, -82.361102)]: 7.45 meters
[controller-2] [INFO] [1744576670.399546146] [drone_home1.controller]: Bearing: -88.05°
[controller-2] [INFO] [1744576670.400499923] [drone_home1.controller]: Going to [(29.639567, -82.361102)]: 7.42 meters
[controller-2] [INFO] [1744576670.499992490] [drone_home1.controller]: Bearing: -88.05°
[controller-2] [INFO] [1744576670.501339042] [drone_home1.controller]: Going to [(29.639567, -82.361102)]: 7.42 meters
[controller-2] [INFO] [1744576670.600054858] [drone_home1.controller]: Bearing: -87.99°
[controller-2] [INFO] [1744576670.601103133] [drone_home1.controller]: Going to [(29.639567, -82.361102)]: 7.20 meters
[controller-2] [INFO] [1744576670.699520416] [drone_home1.controller]: Bearing: -88.05°
[controller-2] [INFO] [1744576670.700551251] [drone_home1.controller]: Going to [(29.639567, -82.361102)]: 7.42 meters
[controller-2] [INFO] [1744576670.799610050] [drone_home1.controller]: Bearing: -87.99°
[controller-2] [INFO] [1744576670.800565203] [drone_home1.controller]: Going to [(29.639567, -82.361102)]: 7.20 meters
[controller-2] [INFO] [1744576670.899422526] [drone_home1.controller]: Bearing: -87.99°
[controller-2] [INFO] [1744576670.900404559] [drone_home1.controller]: Going to [(29.639567, -82.361102)]: 7.20 meters
[controller-2] [INFO] [1744576670.999591584] [drone_home1.controller]: Bearing: -87.99°
[controller-2] [INFO] [1744576671.000570738] [drone_home1.controller]: Going to [(29.639567, -82.361102)]: 7.20 meters
[controller-2] [INFO] [1744576671.099572005] [drone_home1.controller]: Bearing: -88.05°
[controller-2] [INFO] [1744576671.100566486] [drone_home1.controller]: Going to [(29.639567, -82.361102)]: 7.42 meters
[controller-2] [INFO] [1744576671.199420871] [drone_home1.controller]: Bearing: -88.05°
[controller-2] [INFO] [1744576671.200572027] [drone_home1.controller]: Going to [(29.639567, -82.361102)]: 7.42 meters
[controller-2] [INFO] [1744576671.299583343] [drone_home1.controller]: Bearing: -88.05°
[controller-2] [INFO] [1744576671.300578656] [drone_home1.controller]: Going to [(29.639567, -82.361102)]: 7.42 meters
[controller-2] [INFO] [1744576671.399568883] [drone_home1.controller]: Bearing: -88.05°
[controller-2] [INFO] [1744576671.400486276] [drone_home1.controller]: Going to [(29.639567, -82.361102)]: 7.42 meters
[controller-2] [INFO] [1744576671.499872382] [drone_home1.controller]: Bearing: -88.05°
[controller-2] [INFO] [1744576671.500830735] [drone_home1.controller]: Going to [(29.639567, -82.361102)]: 7.42 meters
[controller-2] [INFO] [1744576671.599802753] [drone_home1.controller]: Bearing: -88.05°
[controller-2] [INFO] [1744576671.600804563] [drone_home1.controller]: Going to [(29.639567, -82.361102)]: 7.42 meters
[controller-2] [INFO] [1744576671.699580290] [drone_home1.controller]: Bearing: -88.05°
[controller-2] [INFO] [1744576671.700539507] [drone_home1.controller]: Going to [(29.639567, -82.361102)]: 7.42 meters
[controller-2] [INFO] [1744576671.799469253] [drone_home1.controller]: Bearing: -88.05°
[controller-2] [INFO] [1744576671.800413494] [drone_home1.controller]: Going to [(29.639567, -82.361102)]: 7.42 meters
[controller-2] [INFO] [1744576671.899478282] [drone_home1.controller]: Bearing: -88.05°
[controller-2] [INFO] [1744576671.900454300] [drone_home1.controller]: Going to [(29.639567, -82.361102)]: 7.42 meters
[controller-2] [INFO] [1744576671.999706835] [drone_home1.controller]: Bearing: -88.05°
[controller-2] [INFO] [1744576672.000656804] [drone_home1.controller]: Going to [(29.639567, -82.361102)]: 7.42 meters
[controller-2] [INFO] [1744576672.099592635] [drone_home1.controller]: Bearing: -88.05°
[controller-2] [INFO] [1744576672.100512396] [drone_home1.controller]: Going to [(29.639567, -82.361102)]: 7.42 meters
[controller-2] [INFO] [1744576672.199598406] [drone_home1.controller]: Bearing: -88.05°
[controller-2] [INFO] [1744576672.200789915] [drone_home1.controller]: Going to [(29.639567, -82.361102)]: 7.42 meters
[controller-2] [INFO] [1744576672.300609634] [drone_home1.controller]: Bearing: -88.05°
[controller-2] [INFO] [1744576672.302394819] [drone_home1.controller]: Going to [(29.639567, -82.361102)]: 7.42 meters
[controller-2] [INFO] [1744576672.400595180] [drone_home1.controller]: Bearing: -88.05°
[controller-2] [INFO] [1744576672.402194217] [drone_home1.controller]: Going to [(29.639567, -82.361102)]: 7.42 meters
[controller-2] [INFO] [1744576672.500614871] [drone_home1.controller]: Bearing: -88.05°
[controller-2] [INFO] [1744576672.502436216] [drone_home1.controller]: Going to [(29.639567, -82.361102)]: 7.42 meters
[controller-2] [INFO] [1744576672.600110968] [drone_home1.controller]: Bearing: -88.45°
[controller-2] [INFO] [1744576672.601407472] [drone_home1.controller]: Going to [(29.639567, -82.361102)]: 7.61 meters
[controller-2] [INFO] [1744576672.699373685] [drone_home1.controller]: Bearing: -88.45°
[controller-2] [INFO] [1744576672.700397000] [drone_home1.controller]: Going to [(29.639567, -82.361102)]: 7.61 meters
[controller-2] [INFO] [1744576672.799511842] [drone_home1.controller]: Bearing: -88.45°
[controller-2] [INFO] [1744576672.800467508] [drone_home1.controller]: Going to [(29.639567, -82.361102)]: 7.61 meters
[controller-2] [INFO] [1744576672.899599310] [drone_home1.controller]: Bearing: -88.45°
[controller-2] [INFO] [1744576672.900569824] [drone_home1.controller]: Going to [(29.639567, -82.361102)]: 7.61 meters
[controller-2] [INFO] [1744576672.999764796] [drone_home1.controller]: Bearing: -88.45°
[controller-2] [INFO] [1744576673.000697484] [drone_home1.controller]: Going to [(29.639567, -82.361102)]: 7.61 meters
[controller-2] [INFO] [1744576673.099944078] [drone_home1.controller]: Bearing: -88.47°
[controller-2] [INFO] [1744576673.101063555] [drone_home1.controller]: Going to [(29.639567, -82.361102)]: 7.72 meters
[controller-2] [INFO] [1744576673.200077728] [drone_home1.controller]: Bearing: -88.47°
[controller-2] [INFO] [1744576673.201646269] [drone_home1.controller]: Going to [(29.639567, -82.361102)]: 7.72 meters
[controller-2] [INFO] [1744576673.300353845] [drone_home1.controller]: Bearing: -88.47°
[controller-2] [INFO] [1744576673.301988563] [drone_home1.controller]: Going to [(29.639567, -82.361102)]: 7.72 meters
[controller-2] [INFO] [1744576673.400552809] [drone_home1.controller]: Bearing: -88.47°
[controller-2] [INFO] [1744576673.403012597] [drone_home1.controller]: Going to [(29.639567, -82.361102)]: 7.72 meters
[controller-2] [INFO] [1744576673.500540024] [drone_home1.controller]: Bearing: -88.47°
[controller-2] [INFO] [1744576673.502168502] [drone_home1.controller]: Going to [(29.639567, -82.361102)]: 7.72 meters
[controller-2] [INFO] [1744576673.600469447] [drone_home1.controller]: Bearing: -88.47°
[controller-2] [INFO] [1744576673.602101444] [drone_home1.controller]: Going to [(29.639567, -82.361102)]: 7.72 meters
[controller-2] [INFO] [1744576673.700442070] [drone_home1.controller]: Bearing: -88.47°
[controller-2] [INFO] [1744576673.702032595] [drone_home1.controller]: Going to [(29.639567, -82.361102)]: 7.72 meters
[controller-2] [INFO] [1744576673.800502855] [drone_home1.controller]: Bearing: -88.47°
[controller-2] [INFO] [1744576673.802306471] [drone_home1.controller]: Going to [(29.639567, -82.361102)]: 7.72 meters
[controller-2] [INFO] [1744576673.899556197] [drone_home1.controller]: Bearing: -88.14°
[controller-2] [INFO] [1744576673.900485334] [drone_home1.controller]: Going to [(29.639567, -82.361102)]: 7.75 meters
                                                                                                                                                                                                                                                                                                                                                                                                                                                                                                                                                                                                                                                                                                                                                                                                                                                                                    