[INFO] [launch]: All log files can be found below /root/.ros/log/2025-04-13-19-42-31-748622-drone-home-326
[INFO] [launch]: Default logging verbosity is set to INFO
[INFO] [cv_controller-1]: process started with pid [328]
[INFO] [controller-2]: process started with pid [330]
[INFO] [pwm_publisher-3]: process started with pid [332]
[INFO] [gps_publisher-4]: process started with pid [334]
[INFO] [imu_publisher-5]: process started with pid [336]
[INFO] [drive_hardware-6]: process started with pid [338]
[cv_controller-1] [INFO] [1744587753.724241395] [drone_home1.sim]: CV Controller running
[controller-2] [INFO] [1744587754.036822131] [drone_home1.controller]: Controller running
[gps_publisher-4] [INFO] [1744587754.117736243] [drone_home1.gps_publisher]: Connected GPS on /dev/ttyUSB0
[gps_publisher-4] [INFO] [1744587754.119028691] [drone_home1.gps_publisher]: GPS Initialized
[imu_publisher-5] [INFO] [1744587755.449705491] [drone_home1.imu_publisher]: Calibration status: (True, 'Calibration (sys:0, gyro:0, accel:3, mag:0)')
[controller-2] [INFO] [1744587755.576885203] [drone_home1.controller]: Bearing: 262.54°
[controller-2] [INFO] [1744587755.577822803] [drone_home1.controller]: Going to [(29.639661, -82.361216)]: 9269829.02 meters
[controller-2] [INFO] [1744587755.677727443] [drone_home1.controller]: Bearing: 262.54°
[controller-2] [INFO] [1744587755.679126323] [drone_home1.controller]: Going to [(29.639661, -82.361216)]: 9269829.02 meters
[controller-2] [INFO] [1744587755.778728499] [drone_home1.controller]: Bearing: 262.54°
[controller-2] [INFO] [1744587755.779611507] [drone_home1.controller]: Going to [(29.639661, -82.361216)]: 9269829.02 meters
[controller-2] [INFO] [1744587755.877406451] [drone_home1.controller]: Bearing: 262.54°
[controller-2] [INFO] [1744587755.878333491] [drone_home1.controller]: Going to [(29.639661, -82.361216)]: 9269829.02 meters
[controller-2] [INFO] [1744587755.982070387] [drone_home1.controller]: Bearing: 262.54°
[controller-2] [INFO] [1744587755.992828499] [drone_home1.controller]: Going to [(29.639661, -82.361216)]: 9269829.02 meters
[controller-2] [INFO] [1744587756.083717747] [drone_home1.controller]: Bearing: 262.54°
[controller-2] [INFO] [1744587756.086791507] [drone_home1.controller]: Going to [(29.639661, -82.361216)]: 9269829.02 meters
[controller-2] [INFO] [1744587756.179480531] [drone_home1.controller]: Bearing: 262.54°
[controller-2] [INFO] [1744587756.180422483] [drone_home1.controller]: Going to [(29.639661, -82.361216)]: 9269829.02 meters
[controller-2] [INFO] [1744587756.277890771] [drone_home1.controller]: Bearing: 262.54°
[controller-2] [INFO] [1744587756.278945363] [drone_home1.controller]: Going to [(29.639661, -82.361216)]: 9269829.02 meters
[controller-2] [INFO] [1744587756.376910099] [drone_home1.controller]: Bearing: 262.54°
[controller-2] [INFO] [1744587756.377990995] [drone_home1.controller]: Going to [(29.639661, -82.361216)]: 9269829.02 meters
[controller-2] [INFO] [1744587756.476922803] [drone_home1.controller]: Bearing: 262.54°
[controller-2] [INFO] [1744587756.478205491] [drone_home1.controller]: Going to [(29.639661, -82.361216)]: 9269829.02 meters
[controller-2] [INFO] [1744587756.586815891] [drone_home1.controller]: Bearing: 262.54°
[controller-2] [INFO] [1744587756.587921427] [drone_home1.controller]: Going to [(29.639661, -82.361216)]: 9269829.02 meters
[controller-2] [INFO] [1744587756.677454515] [drone_home1.controller]: Bearing: 262.54°
[controller-2] [INFO] [1744587756.678380531] [drone_home1.controller]: Going to [(29.639661, -82.361216)]: 9269829.02 meters
[controller-2] [INFO] [1744587756.780815635] [drone_home1.controller]: Bearing: 262.54°
[controller-2] [INFO] [1744587756.781846771] [drone_home1.controller]: Going to [(29.639661, -82.361216)]: 9269829.02 meters
[controller-2] [INFO] [1744587756.877768819] [drone_home1.controller]: Bearing: 262.54°
[controller-2] [INFO] [1744587756.878792499] [drone_home1.controller]: Going to [(29.639661, -82.361216)]: 9269829.02 meters
[controller-2] [INFO] [1744587756.978938131] [drone_home1.controller]: Bearing: 262.54°
[controller-2] [INFO] [1744587756.979804595] [drone_home1.controller]: Going to [(29.639661, -82.361216)]: 9269829.02 meters
[controller-2] [INFO] [1744587757.078900851] [drone_home1.controller]: Bearing: 262.54°
[controller-2] [INFO] [1744587757.080897267] [drone_home1.controller]: Going to [(29.639661, -82.361216)]: 9269829.02 meters
[controller-2] [INFO] [1744587757.176837747] [drone_home1.controller]: Bearing: 262.54°
[controller-2] [INFO] [1744587757.182022835] [drone_home1.controller]: Going to [(29.639661, -82.361216)]: 9269829.02 meters
[controller-2] [INFO] [1744587757.282686451] [drone_home1.controller]: Bearing: 262.54°
[controller-2] [INFO] [1744587757.283618451] [drone_home1.controller]: Going to [(29.639661, -82.361216)]: 9269829.02 meters
[controller-2] [INFO] [1744587757.376591315] [drone_home1.controller]: Bearing: 262.54°
[controller-2] [INFO] [1744587757.377527667] [drone_home1.controller]: Going to [(29.639661, -82.361216)]: 9269829.02 meters
[controller-2] [INFO] [1744587757.481100467] [drone_home1.controller]: Bearing: 262.54°
[controller-2] [INFO] [1744587757.491151507] [drone_home1.controller]: Going to [(29.639661, -82.361216)]: 9269829.02 meters
[controller-2] [INFO] [1744587757.580072787] [drone_home1.controller]: Bearing: 262.54°
[controller-2] [INFO] [1744587757.581079891] [drone_home1.controller]: Going to [(29.639661, -82.361216)]: 9269829.02 meters
[controller-2] [INFO] [1744587757.677087635] [drone_home1.controller]: Bearing: 262.54°
[controller-2] [INFO] [1744587757.677965203] [drone_home1.controller]: Going to [(29.639661, -82.361216)]: 9269829.02 meters
[controller-2] [INFO] [1744587757.776976499] [drone_home1.controller]: Bearing: 262.54°
[controller-2] [INFO] [1744587757.777945747] [drone_home1.controller]: Going to [(29.639661, -82.361216)]: 9269829.02 meters
[controller-2] [INFO] [1744587757.877014099] [drone_home1.controller]: Bearing: 262.54°
[controller-2] [INFO] [1744587757.877987027] [drone_home1.controller]: Going to [(29.639661, -82.361216)]: 9269829.02 meters
[controller-2] [INFO] [1744587757.978879443] [drone_home1.controller]: Bearing: 262.54°
[controller-2] [INFO] [1744587757.979809779] [drone_home1.controller]: Going to [(29.639661, -82.361216)]: 9269829.02 meters
[controller-2] [INFO] [1744587758.079183763] [drone_home1.controller]: Bearing: 262.54°
[controller-2] [INFO] [1744587758.080102451] [drone_home1.controller]: Going to [(29.639661, -82.361216)]: 9269829.02 meters
[controller-2] [INFO] [1744587758.178720947] [drone_home1.controller]: Bearing: 262.54°
[controller-2] [INFO] [1744587758.179600723] [drone_home1.controller]: Going to [(29.639661, -82.361216)]: 9269829.02 meters
[controller-2] [INFO] [1744587758.278895411] [drone_home1.controller]: Bearing: 262.54°
[controller-2] [INFO] [1744587758.281229683] [drone_home1.controller]: Going to [(29.639661, -82.361216)]: 9269829.02 meters
[controller-2] [INFO] [1744587758.378803411] [drone_home1.controller]: Bearing: 262.54°
[controller-2] [INFO] [1744587758.379859219] [drone_home1.controller]: Going to [(29.639661, -82.361216)]: 9269829.02 meters
[controller-2] [INFO] [1744587758.477535283] [drone_home1.controller]: Bearing: 262.54°
[controller-2] [INFO] [1744587758.478452851] [drone_home1.controller]: Going to [(29.639661, -82.361216)]: 9269829.02 meters
[controller-2] [INFO] [1744587758.590568275] [drone_home1.controller]: Bearing: 262.54°
[controller-2] [INFO] [1744587758.591570163] [drone_home1.controller]: Going to [(29.639661, -82.361216)]: 9269829.02 meters
[controller-2] [INFO] [1744587758.680271347] [drone_home1.controller]: Bearing: 262.54°
[controller-2] [INFO] [1744587758.681233779] [drone_home1.controller]: Going to [(29.639661, -82.361216)]: 9269829.02 meters
[controller-2] [INFO] [1744587758.782177075] [drone_home1.controller]: Bearing: 262.54°
[controller-2] [INFO] [1744587758.783168019] [drone_home1.controller]: Going to [(29.639661, -82.361216)]: 9269829.02 meters
[controller-2] [INFO] [1744587758.885210003] [drone_home1.controller]: Bearing: 262.54°
[controller-2] [INFO] [1744587758.893671891] [drone_home1.controller]: Going to [(29.639661, -82.361216)]: 9269829.02 meters
[controller-2] [INFO] [1744587758.979696499] [drone_home1.controller]: Bearing: 262.54°
[controller-2] [INFO] [1744587758.980620531] [drone_home1.controller]: Going to [(29.639661, -82.361216)]: 9269829.02 meters
[controller-2] [INFO] [1744587759.076523571] [drone_home1.controller]: Bearing: 262.54°
[controller-2] [INFO] [1744587759.078201843] [drone_home1.controller]: Going to [(29.639661, -82.361216)]: 9269829.02 meters
[controller-2] [INFO] [1744587759.176956243] [drone_home1.controller]: Bearing: 262.54°
[controller-2] [INFO] [1744587759.177918643] [drone_home1.controller]: Going to [(29.639661, -82.361216)]: 9269829.02 meters
[controller-2] [INFO] [1744587759.279511443] [drone_home1.controller]: Bearing: 262.54°
[controller-2] [INFO] [1744587759.280405331] [drone_home1.controller]: Going to [(29.639661, -82.361216)]: 9269829.02 meters
[controller-2] [INFO] [1744587759.377659443] [drone_home1.controller]: Bearing: 262.54°
[controller-2] [INFO] [1744587759.390444659] [drone_home1.controller]: Going to [(29.639661, -82.361216)]: 9269829.02 meters
[controller-2] [INFO] [1744587759.476926611] [drone_home1.controller]: Bearing: 262.54°
[controller-2] [INFO] [1744587759.477860051] [drone_home1.controller]: Going to [(29.639661, -82.361216)]: 9269829.02 meters
[controller-2] [INFO] [1744587759.579205011] [drone_home1.controller]: Bearing: 262.54°
[controller-2] [INFO] [1744587759.580085427] [drone_home1.controller]: Going to [(29.639661, -82.361216)]: 9269829.02 meters
[controller-2] [INFO] [1744587759.677407027] [drone_home1.controller]: Bearing: 262.54°
[controller-2] [INFO] [1744587759.695814291] [drone_home1.controller]: Going to [(29.639661, -82.361216)]: 9269829.02 meters
[controller-2] [INFO] [1744587759.779234419] [drone_home1.controller]: Bearing: 262.54°
[controller-2] [INFO] [1744587759.780159603] [drone_home1.controller]: Going to [(29.639661, -82.361216)]: 9269829.02 meters
[controller-2] [INFO] [1744587759.878281875] [drone_home1.controller]: Bearing: 262.54°
[controller-2] [INFO] [1744587759.879308371] [drone_home1.controller]: Going to [(29.639661, -82.361216)]: 9269829.02 meters
[controller-2] [INFO] [1744587759.977458003] [drone_home1.controller]: Bearing: 262.54°
[controller-2] [INFO] [1744587759.984456627] [drone_home1.controller]: Going to [(29.639661, -82.361216)]: 9269829.02 meters
[controller-2] [INFO] [1744587760.078838803] [drone_home1.controller]: Bearing: 262.54°
[controller-2] [INFO] [1744587760.079758899] [drone_home1.controller]: Going to [(29.639661, -82.361216)]: 9269829.02 meters
[controller-2] [INFO] [1744587760.183958355] [drone_home1.controller]: Bearing: 262.54°
[controller-2] [INFO] [1744587760.184902227] [drone_home1.controller]: Going to [(29.639661, -82.361216)]: 9269829.02 meters
[controller-2] [INFO] [1744587760.287401683] [drone_home1.controller]: Bearing: 262.54°
[controller-2] [INFO] [1744587760.288317075] [drone_home1.controller]: Going to [(29.639661, -82.361216)]: 9269829.02 meters
[controller-2] [INFO] [1744587760.380849555] [drone_home1.controller]: Bearing: 262.54°
[controller-2] [INFO] [1744587760.383907891] [drone_home1.controller]: Going to [(29.639661, -82.361216)]: 9269829.02 meters
[controller-2] [INFO] [1744587760.476758483] [drone_home1.controller]: Bearing: 262.54°
[controller-2] [INFO] [1744587760.477757075] [drone_home1.controller]: Going to [(29.639661, -82.361216)]: 9269829.02 meters
[controller-2] [INFO] [1744587760.577113267] [drone_home1.controller]: Bearing: 262.54°
[controller-2] [INFO] [1744587760.578093171] [drone_home1.controller]: Going to [(29.639661, -82.361216)]: 9269829.02 meters
[controller-2] [INFO] [1744587760.676777651] [drone_home1.controller]: Bearing: 262.54°
[controller-2] [INFO] [1744587760.677746291] [drone_home1.controller]: Going to [(29.639661, -82.361216)]: 9269829.02 meters
[controller-2] [INFO] [1744587760.784603891] [drone_home1.controller]: Bearing: 262.54°
[controller-2] [INFO] [1744587760.785697427] [drone_home1.controller]: Going to [(29.639661, -82.361216)]: 9269829.02 meters
[controller-2] [INFO] [1744587760.880587699] [drone_home1.controller]: Bearing: 262.54°
[controller-2] [INFO] [1744587760.881638803] [drone_home1.controller]: Going to [(29.639661, -82.361216)]: 9269829.02 meters
[controller-2] [INFO] [1744587760.977212115] [drone_home1.controller]: Bearing: 262.54°
[controller-2] [INFO] [1744587760.985193907] [drone_home1.controller]: Going to [(29.639661, -82.361216)]: 9269829.02 meters
[controller-2] [INFO] [1744587761.076521427] [drone_home1.controller]: Bearing: 262.54°
[controller-2] [INFO] [1744587761.077574099] [drone_home1.controller]: Going to [(29.639661, -82.361216)]: 9269829.02 meters
[controller-2] [INFO] [1744587761.176653331] [drone_home1.controller]: Bearing: 262.54°
[controller-2] [INFO] [1744587761.177593459] [drone_home1.controller]: Going to [(29.639661, -82.361216)]: 9269829.02 meters
[controller-2] [INFO] [1744587761.276802771] [drone_home1.controller]: Bearing: 262.54°
[controller-2] [INFO] [1744587761.277740371] [drone_home1.controller]: Going to [(29.639661, -82.361216)]: 9269829.02 meters
[controller-2] [INFO] [1744587761.376708275] [drone_home1.controller]: Bearing: 262.54°
[controller-2] [INFO] [1744587761.379930387] [drone_home1.controller]: Going to [(29.639661, -82.361216)]: 9269829.02 meters
[controller-2] [INFO] [1744587761.476868275] [drone_home1.controller]: Bearing: 262.54°
[controller-2] [INFO] [1744587761.477866451] [drone_home1.controller]: Going to [(29.639661, -82.361216)]: 9269829.02 meters
[controller-2] [INFO] [1744587761.576707699] [drone_home1.controller]: Bearing: 262.54°
[controller-2] [INFO] [1744587761.579530515] [drone_home1.controller]: Going to [(29.639661, -82.361216)]: 9269829.02 meters
[controller-2] [INFO] [1744587761.679927155] [drone_home1.controller]: Bearing: 262.54°
[controller-2] [INFO] [1744587761.680901011] [drone_home1.controller]: Going to [(29.639661, -82.361216)]: 9269829.02 meters
[controller-2] [INFO] [1744587761.780159187] [drone_home1.controller]: Bearing: 262.54°
[controller-2] [INFO] [1744587761.781356147] [drone_home1.controller]: Going to [(29.639661, -82.361216)]: 9269829.02 meters
[controller-2] [INFO] [1744587761.880326611] [drone_home1.controller]: Bearing: 262.54°
[controller-2] [INFO] [1744587761.881381139] [drone_home1.controller]: Going to [(29.639661, -82.361216)]: 9269829.02 meters
[controller-2] [INFO] [1744587761.978981683] [drone_home1.controller]: Bearing: 262.54°
[controller-2] [INFO] [1744587761.980183923] [drone_home1.controller]: Going to [(29.639661, -82.361216)]: 9269829.02 meters
[controller-2] [INFO] [1744587762.080168819] [drone_home1.controller]: Bearing: 262.54°
[controller-2] [INFO] [1744587762.081237523] [drone_home1.controller]: Going to [(29.639661, -82.361216)]: 9269829.02 meters
[controller-2] [INFO] [1744587762.180351155] [drone_home1.controller]: Bearing: 262.54°
[controller-2] [INFO] [1744587762.181507859] [drone_home1.controller]: Going to [(29.639661, -82.361216)]: 9269829.02 meters
[controller-2] [INFO] [1744587762.277681139] [drone_home1.controller]: Bearing: 262.54°
[controller-2] [INFO] [1744587762.278652915] [drone_home1.controller]: Going to [(29.639661, -82.361216)]: 9269829.02 meters
[controller-2] [INFO] [1744587762.376867859] [drone_home1.controller]: Bearing: 262.54°
[controller-2] [INFO] [1744587762.379925811] [drone_home1.controller]: Going to [(29.639661, -82.361216)]: 9269829.02 meters
[controller-2] [INFO] [1744587762.476825107] [drone_home1.controller]: Bearing: 262.54°
[controller-2] [INFO] [1744587762.477838579] [drone_home1.controller]: Going to [(29.639661, -82.361216)]: 9269829.02 meters
[controller-2] [INFO] [1744587762.577155059] [drone_home1.controller]: Bearing: 262.54°
[controller-2] [INFO] [1744587762.579888467] [drone_home1.controller]: Going to [(29.639661, -82.361216)]: 9269829.02 meters
[controller-2] [INFO] [1744587762.676798867] [drone_home1.controller]: Bearing: 262.54°
[controller-2] [INFO] [1744587762.679597555] [drone_home1.controller]: Going to [(29.639661, -82.361216)]: 9269829.02 meters
[controller-2] [INFO] [1744587762.782782131] [drone_home1.controller]: Bearing: 262.54°
[controller-2] [INFO] [1744587762.783934835] [drone_home1.controller]: Going to [(29.639661, -82.361216)]: 9269829.02 meters
[controller-2] [INFO] [1744587762.879784083] [drone_home1.controller]: Bearing: 262.54°
[controller-2] [INFO] [1744587762.880791827] [drone_home1.controller]: Going to [(29.639661, -82.361216)]: 9269829.02 meters
[controller-2] [INFO] [1744587762.976771251] [drone_home1.controller]: Bearing: 262.54°
[controller-2] [INFO] [1744587762.977780851] [drone_home1.controller]: Going to [(29.639661, -82.361216)]: 9269829.02 meters
[controller-2] [INFO] [1744587763.076811603] [drone_home1.controller]: Bearing: 262.54°
[controller-2] [INFO] [1744587763.077803955] [drone_home1.controller]: Going to [(29.639661, -82.361216)]: 9269829.02 meters
[controller-2] [INFO] [1744587763.176557747] [drone_home1.controller]: Bearing: 262.54°
[controller-2] [INFO] [1744587763.179506867] [drone_home1.controller]: Going to [(29.639661, -82.361216)]: 9269829.02 meters
[controller-2] [INFO] [1744587763.276716115] [drone_home1.controller]: Bearing: 262.54°
[controller-2] [INFO] [1744587763.277711763] [drone_home1.controller]: Going to [(29.639661, -82.361216)]: 9269829.02 meters
[controller-2] [INFO] [1744587763.377148435] [drone_home1.controller]: Bearing: 262.54°
[controller-2] [INFO] [1744587763.378049075] [drone_home1.controller]: Going to [(29.639661, -82.361216)]: 9269829.02 meters
[controller-2] [INFO] [1744587763.476847187] [drone_home1.controller]: Bearing: 262.54°
[controller-2] [INFO] [1744587763.477797491] [drone_home1.controller]: Going to [(29.639661, -82.361216)]: 9269829.02 meters
[controller-2] [INFO] [1744587763.576897779] [drone_home1.controller]: Bearing: 262.54°
[controller-2] [INFO] [1744587763.580029715] [drone_home1.controller]: Going to [(29.639661, -82.361216)]: 9269829.02 meters
[controller-2] [INFO] [1744587763.685653523] [drone_home1.controller]: Bearing: 262.54°
[controller-2] [INFO] [1744587763.686791699] [drone_home1.controller]: Going to [(29.639661, -82.361216)]: 9269829.02 meters
[controller-2] [INFO] [1744587763.695599411] [drone_home1.controller]: Service request to change coordinate custom_messages.srv.SetCoordinate_Request(new_coordinate=sensor_msgs.msg.NavSatFix(header=std_msgs.msg.Header(stamp=builtin_interfaces.msg.Time(sec=0, nanosec=0), frame_id=''), status=sensor_msgs.msg.NavSatStatus(status=0, service=0), latitude=29.639567, longitude=-82.361102, altitude=0.0, position_covariance=array([0., 0., 0., 0., 0., 0., 0., 0., 0.]), position_covariance_type=0))
[controller-2] [INFO] [1744587763.697269043] [drone_home1.controller]: Waypoints now: [(29.639567, -82.361102)]
[controller-2] [INFO] [1744587763.780231443] [drone_home1.controller]: Bearing: 262.53°
[controller-2] [INFO] [1744587763.781166067] [drone_home1.controller]: Going to [(29.639567, -82.361102)]: 9269817.34 meters
[controller-2] [INFO] [1744587763.879929843] [drone_home1.controller]: Bearing: 262.53°
[controller-2] [INFO] [1744587763.881019059] [drone_home1.controller]: Going to [(29.639567, -82.361102)]: 9269817.34 meters
[drive_hardware-6] [INFO] [1744587763.899370259] [drone_home1.drive_hardware]: Service request to change drive mode custom_messages.srv.SetMode_Request(mode='automatic')
[drive_hardware-6] [INFO] [1744587763.900360851] [drone_home1.drive_hardware]: Drive mode now: automatic
[controller-2] [INFO] [1744587763.991794579] [drone_home1.controller]: Bearing: 262.53°
[controller-2] [INFO] [1744587763.992950067] [drone_home1.controller]: Going to [(29.639567, -82.361102)]: 9269817.34 meters
[controller-2] [INFO] [1744587764.094532179] [drone_home1.controller]: Bearing: 262.53°
[controller-2] [INFO] [1744587764.097683283] [drone_home1.controller]: Going to [(29.639567, -82.361102)]: 9269817.34 meters
[controller-2] [INFO] [1744587764.182645139] [drone_home1.controller]: Bearing: 262.53°
[controller-2] [INFO] [1744587764.184434067] [drone_home1.controller]: Going to [(29.639567, -82.361102)]: 9269817.34 meters
[controller-2] [INFO] [1744587764.284978355] [drone_home1.controller]: Bearing: 262.53°
[controller-2] [INFO] [1744587764.286031187] [drone_home1.controller]: Going to [(29.639567, -82.361102)]: 9269817.34 meters
[controller-2] [INFO] [1744587764.378444499] [drone_home1.controller]: Bearing: 262.53°
[controller-2] [INFO] [1744587764.379412915] [drone_home1.controller]: Going to [(29.639567, -82.361102)]: 9269817.34 meters
[controller-2] [INFO] [1744587764.478788211] [drone_home1.controller]: Bearing: 262.53°
[controller-2] [INFO] [1744587764.479946675] [drone_home1.controller]: Going to [(29.639567, -82.361102)]: 9269817.34 meters
[controller-2] [INFO] [1744587764.577784179] [drone_home1.controller]: Bearing: 262.53°
[controller-2] [INFO] [1744587764.578731155] [drone_home1.controller]: Going to [(29.639567, -82.361102)]: 9269817.34 meters
[controller-2] [INFO] [1744587764.676846323] [drone_home1.controller]: Bearing: 262.53°
[controller-2] [INFO] [1744587764.677799059] [drone_home1.controller]: Going to [(29.639567, -82.361102)]: 9269817.34 meters
[controller-2] [INFO] [1744587764.778811219] [drone_home1.controller]: Bearing: 262.53°
[controller-2] [INFO] [1744587764.779732435] [drone_home1.controller]: Going to [(29.639567, -82.361102)]: 9269817.34 meters
[controller-2] [INFO] [1744587764.876998323] [drone_home1.controller]: Bearing: 262.53°
[controller-2] [INFO] [1744587764.894121811] [drone_home1.controller]: Going to [(29.639567, -82.361102)]: 9269817.34 meters
[controller-2] [INFO] [1744587764.978510227] [drone_home1.controller]: Bearing: 262.53°
[controller-2] [INFO] [1744587764.983973075] [drone_home1.controller]: Going to [(29.639567, -82.361102)]: 9269817.34 meters
[controller-2] [INFO] [1744587765.077365808] [drone_home1.controller]: Bearing: 262.53°
[controller-2] [INFO] [1744587765.079229996] [drone_home1.controller]: Going to [(29.639567, -82.361102)]: 9269817.34 meters
[controller-2] [INFO] [1744587765.177415427] [drone_home1.controller]: Bearing: 262.53°
[controller-2] [INFO] [1744587765.178359554] [drone_home1.controller]: Going to [(29.639567, -82.361102)]: 9269817.34 meters
[controller-2] [INFO] [1744587765.276937633] [drone_home1.controller]: Bearing: 262.53°
[controller-2] [INFO] [1744587765.277994923] [drone_home1.controller]: Going to [(29.639567, -82.361102)]: 9269817.34 meters
[controller-2] [INFO] [1744587765.376792512] [drone_home1.controller]: Bearing: 262.53°
[controller-2] [INFO] [1744587765.377749184] [drone_home1.controller]: Going to [(29.639567, -82.361102)]: 9269817.34 meters
[controller-2] [INFO] [1744587765.478783254] [drone_home1.controller]: Bearing: 262.53°
[controller-2] [INFO] [1744587765.479705363] [drone_home1.controller]: Going to [(29.639567, -82.361102)]: 9269817.34 meters
[controller-2] [INFO] [1744587765.576760920] [drone_home1.controller]: Bearing: 262.53°
[controller-2] [INFO] [1744587765.578421471] [drone_home1.controller]: Going to [(29.639567, -82.361102)]: 9269817.34 meters
[controller-2] [INFO] [1744587765.676795369] [drone_home1.controller]: Bearing: 262.53°
[controller-2] [INFO] [1744587765.677799855] [drone_home1.controller]: Going to [(29.639567, -82.361102)]: 9269817.34 meters
[controller-2] [INFO] [1744587765.781367907] [drone_home1.controller]: Bearing: 262.53°
[controller-2] [INFO] [1744587765.782411436] [drone_home1.controller]: Going to [(29.639567, -82.361102)]: 9269817.34 meters
[controller-2] [INFO] [1744587765.877043230] [drone_home1.controller]: Bearing: 262.53°
[controller-2] [INFO] [1744587765.879765200] [drone_home1.controller]: Going to [(29.639567, -82.361102)]: 9269817.34 meters
[controller-2] [INFO] [1744587765.976712202] [drone_home1.controller]: Bearing: 262.53°
[controller-2] [INFO] [1744587765.977805944] [drone_home1.controller]: Going to [(29.639567, -82.361102)]: 9269817.34 meters
[controller-2] [INFO] [1744587766.076565679] [drone_home1.controller]: Bearing: 262.53°
[controller-2] [INFO] [1744587766.077506375] [drone_home1.controller]: Going to [(29.639567, -82.361102)]: 9269817.34 meters
[controller-2] [INFO] [1744587766.176712469] [drone_home1.controller]: Bearing: 262.53°
[controller-2] [INFO] [1744587766.177672816] [drone_home1.controller]: Going to [(29.639567, -82.361102)]: 9269817.34 meters
[controller-2] [INFO] [1744587766.284475755] [drone_home1.controller]: Bearing: 262.53°
[controller-2] [INFO] [1744587766.288420991] [drone_home1.controller]: Going to [(29.639567, -82.361102)]: 9269817.34 meters
[controller-2] [INFO] [1744587766.379161966] [drone_home1.controller]: Bearing: 262.53°
[controller-2] [INFO] [1744587766.380874704] [drone_home1.controller]: Going to [(29.639567, -82.361102)]: 9269817.34 meters
[controller-2] [INFO] [1744587766.476764069] [drone_home1.controller]: Bearing: 262.53°
[controller-2] [INFO] [1744587766.479524873] [drone_home1.controller]: Going to [(29.639567, -82.361102)]: 9269817.34 meters
[controller-2] [INFO] [1744587766.576580397] [drone_home1.controller]: Bearing: 262.53°
[controller-2] [INFO] [1744587766.579458748] [drone_home1.controller]: Going to [(29.639567, -82.361102)]: 9269817.34 meters
[controller-2] [INFO] [1744587766.676931815] [drone_home1.controller]: Bearing: 262.53°
[controller-2] [INFO] [1744587766.695716051] [drone_home1.controller]: Going to [(29.639567, -82.361102)]: 9269817.34 meters
[controller-2] [INFO] [1744587766.778803792] [drone_home1.controller]: Bearing: 262.53°
[controller-2] [INFO] [1744587766.779672674] [drone_home1.controller]: Going to [(29.639567, -82.361102)]: 9269817.34 meters
[controller-2] [INFO] [1744587766.876783947] [drone_home1.controller]: Bearing: 262.53°
[controller-2] [INFO] [1744587766.877724995] [drone_home1.controller]: Going to [(29.639567, -82.361102)]: 9269817.34 meters
[controller-2] [INFO] [1744587766.976904911] [drone_home1.controller]: Bearing: 262.53°
[controller-2] [INFO] [1744587766.977915182] [drone_home1.controller]: Going to [(29.639567, -82.361102)]: 9269817.34 meters
[controller-2] [INFO] [1744587767.076769789] [drone_home1.controller]: Bearing: 262.53°
[controller-2] [INFO] [1744587767.077707696] [drone_home1.controller]: Going to [(29.639567, -82.361102)]: 9269817.34 meters
[controller-2] [INFO] [1744587767.176847215] [drone_home1.controller]: Bearing: 262.53°
[controller-2] [INFO] [1744587767.177822981] [drone_home1.controller]: Going to [(29.639567, -82.361102)]: 9269817.34 meters
[controller-2] [INFO] [1744587767.278675036] [drone_home1.controller]: Bearing: 262.53°
[controller-2] [INFO] [1744587767.279556682] [drone_home1.controller]: Going to [(29.639567, -82.361102)]: 9269817.34 meters
[controller-2] [INFO] [1744587767.378485911] [drone_home1.controller]: Bearing: 262.53°
[controller-2] [INFO] [1744587767.379438603] [drone_home1.controller]: Going to [(29.639567, -82.361102)]: 9269817.34 meters
[controller-2] [INFO] [1744587767.477207601] [drone_home1.controller]: Bearing: 262.53°
[controller-2] [INFO] [1744587767.486406111] [drone_home1.controller]: Going to [(29.639567, -82.361102)]: 9269817.34 meters
[controller-2] [INFO] [1744587767.576602311] [drone_home1.controller]: Bearing: 262.53°
[controller-2] [INFO] [1744587767.577538810] [drone_home1.controller]: Going to [(29.639567, -82.361102)]: 9269817.34 meters
[controller-2] [INFO] [1744587767.676596114] [drone_home1.controller]: Bearing: 262.53°
[controller-2] [INFO] [1744587767.677816990] [drone_home1.controller]: Going to [(29.639567, -82.361102)]: 9269817.34 meters
[controller-2] [INFO] [1744587767.776861621] [drone_home1.controller]: Bearing: 262.53°
[controller-2] [INFO] [1744587767.777842988] [drone_home1.controller]: Going to [(29.639567, -82.361102)]: 9269817.34 meters
[controller-2] [INFO] [1744587767.876867745] [drone_home1.controller]: Bearing: 262.53°
[controller-2] [INFO] [1744587767.877915454] [drone_home1.controller]: Going to [(29.639567, -82.361102)]: 9269817.34 meters
[controller-2] [INFO] [1744587767.976876045] [drone_home1.controller]: Bearing: 262.53°
[controller-2] [INFO] [1744587767.977986191] [drone_home1.controller]: Going to [(29.639567, -82.361102)]: 9269817.34 meters
[controller-2] [INFO] [1744587768.076922393] [drone_home1.controller]: Bearing: 262.53°
[controller-2] [INFO] [1744587768.077974033] [drone_home1.controller]: Going to [(29.639567, -82.361102)]: 9269817.34 meters
[controller-2] [INFO] [1744587768.176886521] [drone_home1.controller]: Bearing: 262.53°
[controller-2] [INFO] [1744587768.177916367] [drone_home1.controller]: Going to [(29.639567, -82.361102)]: 9269817.34 meters
[controller-2] [INFO] [1744587768.277375236] [drone_home1.controller]: Bearing: 262.53°
[controller-2] [INFO] [1744587768.278299793] [drone_home1.controller]: Going to [(29.639567, -82.361102)]: 9269817.34 meters
[controller-2] [INFO] [1744587768.376847099] [drone_home1.controller]: Bearing: 262.53°
[controller-2] [INFO] [1744587768.377786185] [drone_home1.controller]: Going to [(29.639567, -82.361102)]: 9269817.34 meters
[controller-2] [INFO] [1744587768.476693105] [drone_home1.controller]: Bearing: 262.53°
[controller-2] [INFO] [1744587768.477682563] [drone_home1.controller]: Going to [(29.639567, -82.361102)]: 9269817.34 meters
[controller-2] [INFO] [1744587768.576751705] [drone_home1.controller]: Bearing: 262.53°
[controller-2] [INFO] [1744587768.577761069] [drone_home1.controller]: Going to [(29.639567, -82.361102)]: 9269817.34 meters
[controller-2] [INFO] [1744587768.676872774] [drone_home1.controller]: Bearing: 262.53°
[controller-2] [INFO] [1744587768.677838550] [drone_home1.controller]: Going to [(29.639567, -82.361102)]: 9269817.34 meters
[controller-2] [INFO] [1744587768.776727997] [drone_home1.controller]: Bearing: 262.53°
[controller-2] [INFO] [1744587768.777670923] [drone_home1.controller]: Going to [(29.639567, -82.361102)]: 9269817.34 meters
[controller-2] [INFO] [1744587768.876783588] [drone_home1.controller]: Bearing: 262.53°
[controller-2] [INFO] [1744587768.877774838] [drone_home1.controller]: Going to [(29.639567, -82.361102)]: 9269817.34 meters
[controller-2] [INFO] [1744587768.976658428] [drone_home1.controller]: Bearing: 262.53°
[controller-2] [INFO] [1744587768.977616780] [drone_home1.controller]: Going to [(29.639567, -82.361102)]: 9269817.34 meters
[controller-2] [INFO] [1744587769.077983987] [drone_home1.controller]: Bearing: 262.53°
[controller-2] [INFO] [1744587769.078903835] [drone_home1.controller]: Going to [(29.639567, -82.361102)]: 9269817.34 meters
[controller-2] [INFO] [1744587769.177384641] [drone_home1.controller]: Bearing: 262.53°
[controller-2] [INFO] [1744587769.178616897] [drone_home1.controller]: Going to [(29.639567, -82.361102)]: 9269817.34 meters
[controller-2] [INFO] [1744587769.277020002] [drone_home1.controller]: Bearing: 262.53°
[controller-2] [INFO] [1744587769.277969995] [drone_home1.controller]: Going to [(29.639567, -82.361102)]: 9269817.34 meters
[controller-2] [INFO] [1744587769.376924951] [drone_home1.controller]: Bearing: 262.53°
[controller-2] [INFO] [1744587769.377906051] [drone_home1.controller]: Going to [(29.639567, -82.361102)]: 9269817.34 meters
[controller-2] [INFO] [1744587769.476731300] [drone_home1.controller]: Bearing: 262.53°
[controller-2] [INFO] [1744587769.477852764] [drone_home1.controller]: Going to [(29.639567, -82.361102)]: 9269817.34 meters
[controller-2] [INFO] [1744587769.576800134] [drone_home1.controller]: Bearing: 262.53°
[controller-2] [INFO] [1744587769.579629698] [drone_home1.controller]: Going to [(29.639567, -82.361102)]: 9269817.34 meters
[controller-2] [INFO] [1744587769.676545871] [drone_home1.controller]: Bearing: 262.53°
[controller-2] [INFO] [1744587769.678086151] [drone_home1.controller]: Going to [(29.639567, -82.361102)]: 9269817.34 meters
[controller-2] [INFO] [1744587769.776768253] [drone_home1.controller]: Bearing: 262.53°
[controller-2] [INFO] [1744587769.777819887] [drone_home1.controller]: Going to [(29.639567, -82.361102)]: 9269817.34 meters
[controller-2] [INFO] [1744587769.876628431] [drone_home1.controller]: Bearing: 262.53°
[controller-2] [INFO] [1744587769.877554647] [drone_home1.controller]: Going to [(29.639567, -82.361102)]: 9269817.34 meters
[controller-2] [INFO] [1744587769.977429354] [drone_home1.controller]: Bearing: 262.53°
[controller-2] [INFO] [1744587769.978410038] [drone_home1.controller]: Going to [(29.639567, -82.361102)]: 9269817.34 meters
[controller-2] [INFO] [1744587770.076920226] [drone_home1.controller]: Bearing: 262.53°
[controller-2] [INFO] [1744587770.077911946] [drone_home1.controller]: Going to [(29.639567, -82.361102)]: 9269817.34 meters
[controller-2] [INFO] [1744587770.176859348] [drone_home1.controller]: Bearing: 262.53°
[controller-2] [INFO] [1744587770.177855869] [drone_home1.controller]: Going to [(29.639567, -82.361102)]: 9269817.34 meters
[controller-2] [INFO] [1744587770.276781797] [drone_home1.controller]: Bearing: 262.53°
[controller-2] [INFO] [1744587770.277753644] [drone_home1.controller]: Going to [(29.639567, -82.361102)]: 9269817.34 meters
[controller-2] [INFO] [1744587770.376525994] [drone_home1.controller]: Bearing: 262.53°
[controller-2] [INFO] [1744587770.377466478] [drone_home1.controller]: Going to [(29.639567, -82.361102)]: 9269817.34 meters
[controller-2] [INFO] [1744587770.478162360] [drone_home1.controller]: Bearing: 262.53°
[controller-2] [INFO] [1744587770.479026871] [drone_home1.controller]: Going to [(29.639567, -82.361102)]: 9269817.34 meters
[controller-2] [INFO] [1744587770.576724646] [drone_home1.controller]: Bearing: 262.53°
[controller-2] [INFO] [1744587770.578224851] [drone_home1.controller]: Going to [(29.639567, -82.361102)]: 9269817.34 meters
[controller-2] [INFO] [1744587770.678219722] [drone_home1.controller]: Bearing: 262.53°
[controller-2] [INFO] [1744587770.679084745] [drone_home1.controller]: Going to [(29.639567, -82.361102)]: 9269817.34 meters
[controller-2] [INFO] [1744587770.776543142] [drone_home1.controller]: Bearing: 262.53°
[controller-2] [INFO] [1744587770.779864504] [drone_home1.controller]: Going to [(29.639567, -82.361102)]: 9269817.34 meters
[controller-2] [INFO] [1744587770.876848628] [drone_home1.controller]: Bearing: 262.53°
[controller-2] [INFO] [1744587770.877804409] [drone_home1.controller]: Going to [(29.639567, -82.361102)]: 9269817.34 meters
[controller-2] [INFO] [1744587770.976786022] [drone_home1.controller]: Bearing: 262.53°
[controller-2] [INFO] [1744587770.977749964] [drone_home1.controller]: Going to [(29.639567, -82.361102)]: 9269817.34 meters
[controller-2] [INFO] [1744587771.076780374] [drone_home1.controller]: Bearing: 262.53°
[controller-2] [INFO] [1744587771.077724118] [drone_home1.controller]: Going to [(29.639567, -82.361102)]: 9269817.34 meters
[controller-2] [INFO] [1744587771.176986899] [drone_home1.controller]: Bearing: 262.53°
[controller-2] [INFO] [1744587771.178172868] [drone_home1.controller]: Going to [(29.639567, -82.361102)]: 9269817.34 meters
[controller-2] [INFO] [1744587771.277319738] [drone_home1.controller]: Bearing: 262.53°
[controller-2] [INFO] [1744587771.278775101] [drone_home1.controller]: Going to [(29.639567, -82.361102)]: 9269817.34 meters
[controller-2] [INFO] [1744587771.376784996] [drone_home1.controller]: Bearing: 262.53°
[controller-2] [INFO] [1744587771.377777832] [drone_home1.controller]: Going to [(29.639567, -82.361102)]: 9269817.34 meters
[controller-2] [INFO] [1744587771.477659696] [drone_home1.controller]: Bearing: 262.53°
[controller-2] [INFO] [1744587771.478833376] [drone_home1.controller]: Going to [(29.639567, -82.361102)]: 9269817.34 meters
[controller-2] [INFO] [1744587771.577263332] [drone_home1.controller]: Bearing: 262.53°
[controller-2] [INFO] [1744587771.578222406] [drone_home1.controller]: Going to [(29.639567, -82.361102)]: 9269817.34 meters
[controller-2] [INFO] [1744587771.676870873] [drone_home1.controller]: Bearing: 262.53°
[controller-2] [INFO] [1744587771.677826682] [drone_home1.controller]: Going to [(29.639567, -82.361102)]: 9269817.34 meters
[controller-2] [INFO] [1744587771.776814724] [drone_home1.controller]: Bearing: 262.53°
[controller-2] [INFO] [1744587771.777810440] [drone_home1.controller]: Going to [(29.639567, -82.361102)]: 9269817.34 meters
[controller-2] [INFO] [1744587771.876795635] [drone_home1.controller]: Bearing: 262.53°
[controller-2] [INFO] [1744587771.877759860] [drone_home1.controller]: Going to [(29.639567, -82.361102)]: 9269817.34 meters
[controller-2] [INFO] [1744587771.978273511] [drone_home1.controller]: Bearing: 262.53°
[controller-2] [INFO] [1744587771.980082723] [drone_home1.controller]: Going to [(29.639567, -82.361102)]: 9269817.34 meters
[controller-2] [INFO] [1744587772.076765501] [drone_home1.controller]: Bearing: 262.53°
[controller-2] [INFO] [1744587772.077735931] [drone_home1.controller]: Going to [(29.639567, -82.361102)]: 9269817.34 meters
[controller-2] [INFO] [1744587772.177666108] [drone_home1.controller]: Bearing: 262.53°
[controller-2] [INFO] [1744587772.178620025] [drone_home1.controller]: Going to [(29.639567, -82.361102)]: 9269817.34 meters
[controller-2] [INFO] [1744587772.282805993] [drone_home1.controller]: Bearing: 262.53°
[controller-2] [INFO] [1744587772.283759910] [drone_home1.controller]: Going to [(29.639567, -82.361102)]: 9269817.34 meters
[controller-2] [INFO] [1744587772.376804877] [drone_home1.controller]: Bearing: 262.53°
[controller-2] [INFO] [1744587772.377770059] [drone_home1.controller]: Going to [(29.639567, -82.361102)]: 9269817.34 meters
[controller-2] [INFO] [1744587772.476798130] [drone_home1.controller]: Bearing: 262.53°
[controller-2] [INFO] [1744587772.477751759] [drone_home1.controller]: Going to [(29.639567, -82.361102)]: 9269817.34 meters
[controller-2] [INFO] [1744587772.576833304] [drone_home1.controller]: Bearing: 262.53°
[controller-2] [INFO] [1744587772.580249587] [drone_home1.controller]: Going to [(29.639567, -82.361102)]: 9269817.34 meters
[controller-2] [INFO] [1744587772.678532298] [drone_home1.controller]: Bearing: 262.53°
[controller-2] [INFO] [1744587772.681305659] [drone_home1.controller]: Going to [(29.639567, -82.361102)]: 9269817.34 meters
[controller-2] [INFO] [1744587772.776813600] [drone_home1.controller]: Bearing: 262.53°
[controller-2] [INFO] [1744587772.779775166] [drone_home1.controller]: Going to [(29.639567, -82.361102)]: 9269817.34 meters
[controller-2] [INFO] [1744587772.876815013] [drone_home1.controller]: Bearing: 262.53°
[controller-2] [INFO] [1744587772.880114648] [drone_home1.controller]: Going to [(29.639567, -82.361102)]: 9269817.34 meters
[controller-2] [INFO] [1744587772.978551897] [drone_home1.controller]: Bearing: 262.53°
[controller-2] [INFO] [1744587772.980525719] [drone_home1.controller]: Going to [(29.639567, -82.361102)]: 9269817.34 meters
[controller-2] [INFO] [1744587773.079637432] [drone_home1.controller]: Bearing: 262.53°
[controller-2] [INFO] [1744587773.081630576] [drone_home1.controller]: Going to [(29.639567, -82.361102)]: 9269817.34 meters
[controller-2] [INFO] [1744587773.178896480] [drone_home1.controller]: Bearing: 262.53°
[controller-2] [INFO] [1744587773.180937242] [drone_home1.controller]: Going to [(29.639567, -82.361102)]: 9269817.34 meters
[controller-2] [INFO] [1744587773.279453782] [drone_home1.controller]: Bearing: 262.53°
[controller-2] [INFO] [1744587773.280431728] [drone_home1.controller]: Going to [(29.639567, -82.361102)]: 9269817.34 meters
[controller-2] [INFO] [1744587773.376850926] [drone_home1.controller]: Bearing: 262.53°
[controller-2] [INFO] [1744587773.378421004] [drone_home1.controller]: Going to [(29.639567, -82.361102)]: 9269817.34 meters
[controller-2] [INFO] [1744587773.476782622] [drone_home1.controller]: Bearing: 262.53°
[controller-2] [INFO] [1744587773.477762585] [drone_home1.controller]: Going to [(29.639567, -82.361102)]: 9269817.34 meters
[controller-2] [INFO] [1744587773.576860151] [drone_home1.controller]: Bearing: 262.53°
[controller-2] [INFO] [1744587773.578262539] [drone_home1.controller]: Going to [(29.639567, -82.361102)]: 9269817.34 meters
[controller-2] [INFO] [1744587773.679650675] [drone_home1.controller]: Bearing: 262.53°
[controller-2] [INFO] [1744587773.681400028] [drone_home1.controller]: Going to [(29.639567, -82.361102)]: 9269817.34 meters
[controller-2] [INFO] [1744587773.778725743] [drone_home1.controller]: Bearing: 262.53°
[controller-2] [INFO] [1744587773.779691433] [drone_home1.controller]: Going to [(29.639567, -82.361102)]: 9269817.34 meters
[controller-2] [INFO] [1744587773.879380459] [drone_home1.controller]: Bearing: 262.53°
[controller-2] [INFO] [1744587773.880305666] [drone_home1.controller]: Going to [(29.639567, -82.361102)]: 9269817.34 meters
[controller-2] [INFO] [1744587773.976855528] [drone_home1.controller]: Bearing: 262.53°
[controller-2] [INFO] [1744587773.977811809] [drone_home1.controller]: Going to [(29.639567, -82.361102)]: 9269817.34 meters
[controller-2] [INFO] [1744587774.079066443] [drone_home1.controller]: Bearing: 262.53°
[controller-2] [INFO] [1744587774.079965886] [drone_home1.controller]: Going to [(29.639567, -82.361102)]: 9269817.34 meters
[controller-2] [INFO] [1744587774.176675297] [drone_home1.controller]: Bearing: 262.53°
[controller-2] [INFO] [1744587774.177736701] [drone_home1.controller]: Going to [(29.639567, -82.361102)]: 9269817.34 meters
[controller-2] [INFO] [1744587774.276792069] [drone_home1.controller]: Bearing: 262.53°
[controller-2] [INFO] [1744587774.277898371] [drone_home1.controller]: Going to [(29.639567, -82.361102)]: 9269817.34 meters
[controller-2] [INFO] [1744587774.376856134] [drone_home1.controller]: Bearing: 262.53°
[controller-2] [INFO] [1744587774.377964516] [drone_home1.controller]: Going to [(29.639567, -82.361102)]: 9269817.34 meters
[controller-2] [INFO] [1744587774.476834689] [drone_home1.controller]: Bearing: 262.53°
[controller-2] [INFO] [1744587774.478305556] [drone_home1.controller]: Going to [(29.639567, -82.361102)]: 9269817.34 meters
[controller-2] [INFO] [1744587774.576860992] [drone_home1.controller]: Bearing: 262.53°
[controller-2] [INFO] [1744587774.577995520] [drone_home1.controller]: Going to [(29.639567, -82.361102)]: 9269817.34 meters
[controller-2] [INFO] [1744587774.679014262] [drone_home1.controller]: Bearing: 262.53°
[controller-2] [INFO] [1744587774.680015823] [drone_home1.controller]: Going to [(29.639567, -82.361102)]: 9269817.34 meters
[controller-2] [INFO] [1744587774.782365136] [drone_home1.controller]: Bearing: 262.53°
[controller-2] [INFO] [1744587774.784022061] [drone_home1.controller]: Going to [(29.639567, -82.361102)]: 9269817.34 meters
[controller-2] [INFO] [1744587774.880533478] [drone_home1.controller]: Bearing: 262.53°
[controller-2] [INFO] [1744587774.881686759] [drone_home1.controller]: Going to [(29.639567, -82.361102)]: 9269817.34 meters
[controller-2] [INFO] [1744587774.981372562] [drone_home1.controller]: Bearing: 262.53°
[controller-2] [INFO] [1744587774.982384427] [drone_home1.controller]: Going to [(29.639567, -82.361102)]: 9269817.34 meters
[controller-2] [INFO] [1744587775.078811227] [drone_home1.controller]: Bearing: 262.53°
[controller-2] [INFO] [1744587775.082121578] [drone_home1.controller]: Going to [(29.639567, -82.361102)]: 9269817.34 meters
[controller-2] [INFO] [1744587775.177017530] [drone_home1.controller]: Bearing: 262.53°
[controller-2] [INFO] [1744587775.178171575] [drone_home1.controller]: Going to [(29.639567, -82.361102)]: 9269817.34 meters
[controller-2] [INFO] [1744587775.276888528] [drone_home1.controller]: Bearing: 262.53°
[controller-2] [INFO] [1744587775.278050446] [drone_home1.controller]: Going to [(29.639567, -82.361102)]: 9269817.34 meters
[controller-2] [INFO] [1744587775.379952623] [drone_home1.controller]: Bearing: 262.53°
[controller-2] [INFO] [1744587775.382439411] [drone_home1.controller]: Going to [(29.639567, -82.361102)]: 9269817.34 meters
[controller-2] [INFO] [1744587775.483731764] [drone_home1.controller]: Bearing: 262.53°
[controller-2] [INFO] [1744587775.486857785] [drone_home1.controller]: Going to [(29.639567, -82.361102)]: 9269817.34 meters
[controller-2] [INFO] [1744587775.576797219] [drone_home1.controller]: Bearing: 262.53°
[controller-2] [INFO] [1744587775.577792504] [drone_home1.controller]: Going to [(29.639567, -82.361102)]: 9269817.34 meters
[controller-2] [INFO] [1744587775.676865092] [drone_home1.controller]: Bearing: 262.53°
[controller-2] [INFO] [1744587775.677852248] [drone_home1.controller]: Going to [(29.639567, -82.361102)]: 9269817.34 meters
[controller-2] [INFO] [1744587775.777111566] [drone_home1.controller]: Bearing: 262.53°
[controller-2] [INFO] [1744587775.778266987] [drone_home1.controller]: Going to [(29.639567, -82.361102)]: 9269817.34 meters
[controller-2] [INFO] [1744587775.876808060] [drone_home1.controller]: Bearing: 262.53°
[controller-2] [INFO] [1744587775.877805872] [drone_home1.controller]: Going to [(29.639567, -82.361102)]: 9269817.34 meters
[controller-2] [INFO] [1744587775.977201102] [drone_home1.controller]: Bearing: 262.53°
[controller-2] [INFO] [1744587775.978237380] [drone_home1.controller]: Going to [(29.639567, -82.361102)]: 9269817.34 meters
[controller-2] [INFO] [1744587776.077288961] [drone_home1.controller]: Bearing: 262.53°
[controller-2] [INFO] [1744587776.078305043] [drone_home1.controller]: Going to [(29.639567, -82.361102)]: 9269817.34 meters
[controller-2] [INFO] [1744587776.177181487] [drone_home1.controller]: Bearing: 262.53°
[controller-2] [INFO] [1744587776.181848374] [drone_home1.controller]: Going to [(29.639567, -82.361102)]: 9269817.34 meters
[controller-2] [INFO] [1744587776.276866995] [drone_home1.controller]: Bearing: 262.53°
[controller-2] [INFO] [1744587776.279761378] [drone_home1.controller]: Going to [(29.639567, -82.361102)]: 9269817.34 meters
[controller-2] [INFO] [1744587776.380426775] [drone_home1.controller]: Bearing: 262.53°
[controller-2] [INFO] [1744587776.385035259] [drone_home1.controller]: Going to [(29.639567, -82.361102)]: 9269817.34 meters
[controller-2] [INFO] [1744587776.476846521] [drone_home1.controller]: Bearing: 262.53°
[controller-2] [INFO] [1744587776.477799720] [drone_home1.controller]: Going to [(29.639567, -82.361102)]: 9269817.34 meters
[controller-2] [INFO] [1744587776.576708582] [drone_home1.controller]: Bearing: 262.53°
[controller-2] [INFO] [1744587776.577893856] [drone_home1.controller]: Going to [(29.639567, -82.361102)]: 9269817.34 meters
[controller-2] [INFO] [1744587776.676853664] [drone_home1.controller]: Bearing: 262.53°
[controller-2] [INFO] [1744587776.677812944] [drone_home1.controller]: Going to [(29.639567, -82.361102)]: 9269817.34 meters
[controller-2] [INFO] [1744587776.776736334] [drone_home1.controller]: Bearing: 262.53°
[controller-2] [INFO] [1744587776.777713054] [drone_home1.controller]: Going to [(29.639567, -82.361102)]: 9269817.34 meters
[controller-2] [INFO] [1744587776.877445540] [drone_home1.controller]: Bearing: 262.53°
[controller-2] [INFO] [1744587776.878655264] [drone_home1.controller]: Going to [(29.639567, -82.361102)]: 9269817.34 meters
[controller-2] [INFO] [1744587776.977478009] [drone_home1.controller]: Bearing: 262.53°
[controller-2] [INFO] [1744587776.978748984] [drone_home1.controller]: Going to [(29.639567, -82.361102)]: 9269817.34 meters
[controller-2] [INFO] [1744587777.079514347] [drone_home1.controller]: Bearing: 262.53°
[controller-2] [INFO] [1744587777.080399668] [drone_home1.controller]: Going to [(29.639567, -82.361102)]: 9269817.34 meters
[controller-2] [INFO] [1744587777.177429865] [drone_home1.controller]: Bearing: 262.53°
[controller-2] [INFO] [1744587777.178300625] [drone_home1.controller]: Going to [(29.639567, -82.361102)]: 9269817.34 meters
[controller-2] [INFO] [1744587777.278637951] [drone_home1.controller]: Bearing: 262.53°
[controller-2] [INFO] [1744587777.279900730] [drone_home1.controller]: Going to [(29.639567, -82.361102)]: 9269817.34 meters
[controller-2] [INFO] [1744587777.376666338] [drone_home1.controller]: Bearing: 262.53°
[controller-2] [INFO] [1744587777.377662512] [drone_home1.controller]: Going to [(29.639567, -82.361102)]: 9269817.34 meters
[controller-2] [INFO] [1744587777.476803783] [drone_home1.controller]: Bearing: 262.53°
[controller-2] [INFO] [1744587777.477857015] [drone_home1.controller]: Going to [(29.639567, -82.361102)]: 9269817.34 meters
[controller-2] [INFO] [1744587777.576524088] [drone_home1.controller]: Bearing: 262.53°
[controller-2] [INFO] [1744587777.582532878] [drone_home1.controller]: Going to [(29.639567, -82.361102)]: 9269817.34 meters
[controller-2] [INFO] [1744587777.687343756] [drone_home1.controller]: Bearing: 262.53°
[controller-2] [INFO] [1744587777.691569808] [drone_home1.controller]: Going to [(29.639567, -82.361102)]: 9269817.34 meters
[controller-2] [INFO] [1744587777.777388252] [drone_home1.controller]: Bearing: 262.53°
[controller-2] [INFO] [1744587777.778267845] [drone_home1.controller]: Going to [(29.639567, -82.361102)]: 9269817.34 meters
[controller-2] [INFO] [1744587777.879060520] [drone_home1.controller]: Bearing: 262.53°
[controller-2] [INFO] [1744587777.880089464] [drone_home1.controller]: Going to [(29.639567, -82.361102)]: 9269817.34 meters
[controller-2] [INFO] [1744587777.977713736] [drone_home1.controller]: Bearing: 262.53°
[controller-2] [INFO] [1744587777.979082311] [drone_home1.controller]: Going to [(29.639567, -82.361102)]: 9269817.34 meters
[controller-2] [INFO] [1744587778.082765999] [drone_home1.controller]: Bearing: 262.53°
[controller-2] [INFO] [1744587778.083783675] [drone_home1.controller]: Going to [(29.639567, -82.361102)]: 9269817.34 meters
[controller-2] [INFO] [1744587778.178874786] [drone_home1.controller]: Bearing: 262.53°
[controller-2] [INFO] [1744587778.180238558] [drone_home1.controller]: Going to [(29.639567, -82.361102)]: 9269817.34 meters
[controller-2] [INFO] [1744587778.277514083] [drone_home1.controller]: Bearing: 262.53°
[controller-2] [INFO] [1744587778.278722680] [drone_home1.controller]: Going to [(29.639567, -82.361102)]: 9269817.34 meters
[controller-2] [INFO] [1744587778.378497387] [drone_home1.controller]: Bearing: 262.53°
[controller-2] [INFO] [1744587778.379436563] [drone_home1.controller]: Going to [(29.639567, -82.361102)]: 9269817.34 meters
[controller-2] [INFO] [1744587778.477184590] [drone_home1.controller]: Bearing: 262.53°
[controller-2] [INFO] [1744587778.478059572] [drone_home1.controller]: Going to [(29.639567, -82.361102)]: 9269817.34 meters
[controller-2] [INFO] [1744587778.578174165] [drone_home1.controller]: Bearing: 262.53°
[controller-2] [INFO] [1744587778.579332488] [drone_home1.controller]: Going to [(29.639567, -82.361102)]: 9269817.34 meters
[controller-2] [INFO] [1744587778.676755668] [drone_home1.controller]: Bearing: 262.53°
[controller-2] [INFO] [1744587778.677712926] [drone_home1.controller]: Going to [(29.639567, -82.361102)]: 9269817.34 meters
[controller-2] [INFO] [1744587778.776935320] [drone_home1.controller]: Bearing: 262.53°
[controller-2] [INFO] [1744587778.779954651] [drone_home1.controller]: Going to [(29.639567, -82.361102)]: 9269817.34 meters
[controller-2] [INFO] [1744587778.876628615] [drone_home1.controller]: Bearing: 262.53°
[controller-2] [INFO] [1744587778.877635827] [drone_home1.controller]: Going to [(29.639567, -82.361102)]: 9269817.34 meters
[controller-2] [INFO] [1744587778.979607141] [drone_home1.controller]: Bearing: 262.53°
[controller-2] [INFO] [1744587778.980666611] [drone_home1.controller]: Going to [(29.639567, -82.361102)]: 9269817.34 meters
[controller-2] [INFO] [1744587779.079548660] [drone_home1.controller]: Bearing: 262.53°
[controller-2] [INFO] [1744587779.080534396] [drone_home1.controller]: Going to [(29.639567, -82.361102)]: 9269817.34 meters
[controller-2] [INFO] [1744587779.178108550] [drone_home1.controller]: Bearing: 262.53°
[controller-2] [INFO] [1744587779.179218483] [drone_home1.controller]: Going to [(29.639567, -82.361102)]: 9269817.34 meters
[controller-2] [INFO] [1744587779.276557332] [drone_home1.controller]: Bearing: 262.53°
[controller-2] [INFO] [1744587779.280613657] [drone_home1.controller]: Going to [(29.639567, -82.361102)]: 9269817.34 meters
[controller-2] [INFO] [1744587779.377034804] [drone_home1.controller]: Bearing: 262.53°
[controller-2] [INFO] [1744587779.378305255] [drone_home1.controller]: Going to [(29.639567, -82.361102)]: 9269817.34 meters
[controller-2] [INFO] [1744587779.477196999] [drone_home1.controller]: Bearing: 262.53°
[controller-2] [INFO] [1744587779.478290771] [drone_home1.controller]: Going to [(29.639567, -82.361102)]: 9269817.34 meters
[controller-2] [INFO] [1744587779.576648029] [drone_home1.controller]: Bearing: 262.53°
[controller-2] [INFO] [1744587779.579783293] [drone_home1.controller]: Going to [(29.639567, -82.361102)]: 9269817.34 meters
[controller-2] [INFO] [1744587779.676650346] [drone_home1.controller]: Bearing: 262.53°
[controller-2] [INFO] [1744587779.679710470] [drone_home1.controller]: Going to [(29.639567, -82.361102)]: 9269817.34 meters
[controller-2] [INFO] [1744587779.776542162] [drone_home1.controller]: Bearing: 262.53°
[controller-2] [INFO] [1744587779.778050255] [drone_home1.controller]: Going to [(29.639567, -82.361102)]: 9269817.34 meters
[controller-2] [INFO] [1744587779.876894957] [drone_home1.controller]: Bearing: 262.53°
[controller-2] [INFO] [1744587779.878222211] [drone_home1.controller]: Going to [(29.639567, -82.361102)]: 9269817.34 meters
[controller-2] [INFO] [1744587779.977817727] [drone_home1.controller]: Bearing: 262.53°
[controller-2] [INFO] [1744587779.979585159] [drone_home1.controller]: Going to [(29.639567, -82.361102)]: 9269817.34 meters
[controller-2] [INFO] [1744587780.077032148] [drone_home1.controller]: Bearing: 262.53°
[controller-2] [INFO] [1744587780.077968248] [drone_home1.controller]: Going to [(29.639567, -82.361102)]: 9269817.34 meters
[controller-2] [INFO] [1744587780.176839131] [drone_home1.controller]: Bearing: 262.53°
[controller-2] [INFO] [1744587780.178081098] [drone_home1.controller]: Going to [(29.639567, -82.361102)]: 9269817.34 meters
[controller-2] [INFO] [1744587780.277463360] [drone_home1.controller]: Bearing: 262.53°
[controller-2] [INFO] [1744587780.278389604] [drone_home1.controller]: Going to [(29.639567, -82.361102)]: 9269817.34 meters
[controller-2] [INFO] [1744587780.376852599] [drone_home1.controller]: Bearing: 262.53°
[controller-2] [INFO] [1744587780.377775002] [drone_home1.controller]: Going to [(29.639567, -82.361102)]: 9269817.34 meters
[controller-2] [INFO] [1744587780.481699806] [drone_home1.controller]: Bearing: 262.53°
[controller-2] [INFO] [1744587780.482665315] [drone_home1.controller]: Going to [(29.639567, -82.361102)]: 9269817.34 meters
[controller-2] [INFO] [1744587780.576880243] [drone_home1.controller]: Bearing: 262.53°
[controller-2] [INFO] [1744587780.577922587] [drone_home1.controller]: Going to [(29.639567, -82.361102)]: 9269817.34 meters
[controller-2] [INFO] [1744587780.676759997] [drone_home1.controller]: Bearing: 262.53°
[controller-2] [INFO] [1744587780.677913065] [drone_home1.controller]: Going to [(29.639567, -82.361102)]: 9269817.34 meters
[controller-2] [INFO] [1744587780.776779915] [drone_home1.controller]: Bearing: 262.53°
[controller-2] [INFO] [1744587780.777912407] [drone_home1.controller]: Going to [(29.639567, -82.361102)]: 9269817.34 meters
[controller-2] [INFO] [1744587780.879149972] [drone_home1.controller]: Bearing: 262.53°
[controller-2] [INFO] [1744587780.882505620] [drone_home1.controller]: Going to [(29.639567, -82.361102)]: 9269817.34 meters
[controller-2] [INFO] [1744587780.981704099] [drone_home1.controller]: Bearing: 262.53°
[controller-2] [INFO] [1744587780.984170785] [drone_home1.controller]: Going to [(29.639567, -82.361102)]: 9269817.34 meters
[controller-2] [INFO] [1744587781.081046018] [drone_home1.controller]: Bearing: 262.53°
[controller-2] [INFO] [1744587781.084032877] [drone_home1.controller]: Going to [(29.639567, -82.361102)]: 9269817.34 meters
[controller-2] [INFO] [1744587781.182637530] [drone_home1.controller]: Bearing: 262.53°
[controller-2] [INFO] [1744587781.183536730] [drone_home1.controller]: Going to [(29.639567, -82.361102)]: 9269817.34 meters
[controller-2] [INFO] [1744587781.277339291] [drone_home1.controller]: Bearing: 262.53°
[controller-2] [INFO] [1744587781.278251036] [drone_home1.controller]: Going to [(29.639567, -82.361102)]: 9269817.34 meters
[controller-2] [INFO] [1744587781.377180853] [drone_home1.controller]: Bearing: 262.53°
[controller-2] [INFO] [1744587781.381330665] [drone_home1.controller]: Going to [(29.639567, -82.361102)]: 9269817.34 meters
[controller-2] [INFO] [1744587781.477643588] [drone_home1.controller]: Bearing: 262.53°
[controller-2] [INFO] [1744587781.479685005] [drone_home1.controller]: Going to [(29.639567, -82.361102)]: 9269817.34 meters
[controller-2] [INFO] [1744587781.576870567] [drone_home1.controller]: Bearing: 262.53°
[controller-2] [INFO] [1744587781.578224984] [drone_home1.controller]: Going to [(29.639567, -82.361102)]: 9269817.34 meters
[controller-2] [INFO] [1744587781.677188242] [drone_home1.controller]: Bearing: 262.53°
[controller-2] [INFO] [1744587781.678319418] [drone_home1.controller]: Going to [(29.639567, -82.361102)]: 9269817.34 meters
[controller-2] [INFO] [1744587781.777816839] [drone_home1.controller]: Bearing: 262.53°
[controller-2] [INFO] [1744587781.779393056] [drone_home1.controller]: Going to [(29.639567, -82.361102)]: 9269817.34 meters
[controller-2] [INFO] [1744587781.876740032] [drone_home1.controller]: Bearing: 262.53°
[controller-2] [INFO] [1744587781.877976972] [drone_home1.controller]: Going to [(29.639567, -82.361102)]: 9269817.34 meters
[controller-2] [INFO] [1744587781.976731262] [drone_home1.controller]: Bearing: 262.53°
[controller-2] [INFO] [1744587781.977859943] [drone_home1.controller]: Going to [(29.639567, -82.361102)]: 9269817.34 meters
[controller-2] [INFO] [1744587782.076693211] [drone_home1.controller]: Bearing: 262.53°
[controller-2] [INFO] [1744587782.077710398] [drone_home1.controller]: Going to [(29.639567, -82.361102)]: 9269817.34 meters
[controller-2] [INFO] [1744587782.177279470] [drone_home1.controller]: Bearing: 262.53°
[controller-2] [INFO] [1744587782.179714528] [drone_home1.controller]: Going to [(29.639567, -82.361102)]: 9269817.34 meters
[controller-2] [INFO] [1744587782.276951938] [drone_home1.controller]: Bearing: 262.53°
[controller-2] [INFO] [1744587782.278506230] [drone_home1.controller]: Going to [(29.639567, -82.361102)]: 9269817.34 meters
[controller-2] [INFO] [1744587782.377611479] [drone_home1.controller]: Bearing: 262.53°
[controller-2] [INFO] [1744587782.378667931] [drone_home1.controller]: Going to [(29.639567, -82.361102)]: 9269817.34 meters
[controller-2] [INFO] [1744587782.477662872] [drone_home1.controller]: Bearing: 262.53°
[controller-2] [INFO] [1744587782.478613912] [drone_home1.controller]: Going to [(29.639567, -82.361102)]: 9269817.34 meters
[controller-2] [INFO] [1744587782.576563442] [drone_home1.controller]: Bearing: 262.53°
[controller-2] [INFO] [1744587782.577830429] [drone_home1.controller]: Going to [(29.639567, -82.361102)]: 9269817.34 meters
[controller-2] [INFO] [1744587782.678592277] [drone_home1.controller]: Bearing: 262.53°
[controller-2] [INFO] [1744587782.679499892] [drone_home1.controller]: Going to [(29.639567, -82.361102)]: 9269817.34 meters
[controller-2] [INFO] [1744587782.780064518] [drone_home1.controller]: Bearing: 262.53°
[controller-2] [INFO] [1744587782.783116300] [drone_home1.controller]: Going to [(29.639567, -82.361102)]: 9269817.34 meters
[controller-2] [INFO] [1744587782.877215077] [drone_home1.controller]: Bearing: 262.53°
[controller-2] [INFO] [1744587782.878602772] [drone_home1.controller]: Going to [(29.639567, -82.361102)]: 9269817.34 meters
[controller-2] [INFO] [1744587782.978477231] [drone_home1.controller]: Bearing: 262.53°
[controller-2] [INFO] [1744587782.979529682] [drone_home1.controller]: Going to [(29.639567, -82.361102)]: 9269817.34 meters
[controller-2] [INFO] [1744587783.079088359] [drone_home1.controller]: Bearing: 262.53°
[controller-2] [INFO] [1744587783.080244747] [drone_home1.controller]: Going to [(29.639567, -82.361102)]: 9269817.34 meters
[controller-2] [INFO] [1744587783.176785579] [drone_home1.controller]: Bearing: 262.53°
[controller-2] [INFO] [1744587783.180288474] [drone_home1.controller]: Going to [(29.639567, -82.361102)]: 9269817.34 meters
[controller-2] [INFO] [1744587783.277040800] [drone_home1.controller]: Bearing: 262.53°
[controller-2] [INFO] [1744587783.280335848] [drone_home1.controller]: Going to [(29.639567, -82.361102)]: 9269817.34 meters
[controller-2] [INFO] [1744587783.377551134] [drone_home1.controller]: Bearing: 262.53°
[controller-2] [INFO] [1744587783.378695362] [drone_home1.controller]: Going to [(29.639567, -82.361102)]: 9269817.34 meters
[controller-2] [INFO] [1744587783.476925783] [drone_home1.controller]: Bearing: 262.53°
[controller-2] [INFO] [1744587783.478156158] [drone_home1.controller]: Going to [(29.639567, -82.361102)]: 9269817.34 meters
[controller-2] [INFO] [1744587783.576902691] [drone_home1.controller]: Bearing: 262.53°
[controller-2] [INFO] [1744587783.580571127] [drone_home1.controller]: Going to [(29.639567, -82.361102)]: 9269817.34 meters
[controller-2] [INFO] [1744587783.677038517] [drone_home1.controller]: Bearing: 262.53°
[controller-2] [INFO] [1744587783.678010675] [drone_home1.controller]: Going to [(29.639567, -82.361102)]: 9269817.34 meters
[controller-2] [INFO] [1744587783.779055201] [drone_home1.controller]: Bearing: 262.53°
[controller-2] [INFO] [1744587783.780152548] [drone_home1.controller]: Going to [(29.639567, -82.361102)]: 9269817.34 meters
[controller-2] [INFO] [1744587783.877233717] [drone_home1.controller]: Bearing: 262.53°
[controller-2] [INFO] [1744587783.878144242] [drone_home1.controller]: Going to [(29.639567, -82.361102)]: 9269817.34 meters
[controller-2] [INFO] [1744587783.977429672] [drone_home1.controller]: Bearing: 262.53°
[controller-2] [INFO] [1744587783.978780755] [drone_home1.controller]: Going to [(29.639567, -82.361102)]: 9269817.34 meters
[controller-2] [INFO] [1744587784.077164351] [drone_home1.controller]: Bearing: 262.53°
[controller-2] [INFO] [1744587784.078868114] [drone_home1.controller]: Going to [(29.639567, -82.361102)]: 9269817.34 meters
[controller-2] [INFO] [1744587784.176760924] [drone_home1.controller]: Bearing: 262.53°
[controller-2] [INFO] [1744587784.177724856] [drone_home1.controller]: Going to [(29.639567, -82.361102)]: 9269817.34 meters
[controller-2] [INFO] [1744587784.276798053] [drone_home1.controller]: Bearing: 262.53°
[controller-2] [INFO] [1744587784.278374068] [drone_home1.controller]: Going to [(29.639567, -82.361102)]: 9269817.34 meters
[controller-2] [INFO] [1744587784.377303548] [drone_home1.controller]: Bearing: 262.53°
[controller-2] [INFO] [1744587784.378304186] [drone_home1.controller]: Going to [(29.639567, -82.361102)]: 9269817.34 meters
[controller-2] [INFO] [1744587784.479656746] [drone_home1.controller]: Bearing: 262.53°
[controller-2] [INFO] [1744587784.481465535] [drone_home1.controller]: Going to [(29.639567, -82.361102)]: 9269817.34 meters
[controller-2] [INFO] [1744587784.576907137] [drone_home1.controller]: Bearing: 262.53°
[controller-2] [INFO] [1744587784.578809529] [drone_home1.controller]: Going to [(29.639567, -82.361102)]: 9269817.34 meters
[controller-2] [INFO] [1744587784.678083084] [drone_home1.controller]: Bearing: 262.53°
[controller-2] [INFO] [1744587784.680351151] [drone_home1.controller]: Going to [(29.639567, -82.361102)]: 9269817.34 meters
[controller-2] [INFO] [1744587784.776785102] [drone_home1.controller]: Bearing: 262.53°
[controller-2] [INFO] [1744587784.777873934] [drone_home1.controller]: Going to [(29.639567, -82.361102)]: 9269817.34 meters
[controller-2] [INFO] [1744587784.876708212] [drone_home1.controller]: Bearing: 262.53°
[controller-2] [INFO] [1744587784.877680785] [drone_home1.controller]: Going to [(29.639567, -82.361102)]: 9269817.34 meters
[controller-2] [INFO] [1744587784.976994437] [drone_home1.controller]: Bearing: 262.53°
[controller-2] [INFO] [1744587784.979653651] [drone_home1.controller]: Going to [(29.639567, -82.361102)]: 9269817.34 meters
[controller-2] [INFO] [1744587785.078322861] [drone_home1.controller]: Bearing: 262.53°
[controller-2] [INFO] [1744587785.079203077] [drone_home1.controller]: Going to [(29.639567, -82.361102)]: 9269817.34 meters
[controller-2] [INFO] [1744587785.176758642] [drone_home1.controller]: Bearing: 262.53°
[controller-2] [INFO] [1744587785.177776782] [drone_home1.controller]: Going to [(29.639567, -82.361102)]: 9269817.34 meters
[controller-2] [INFO] [1744587785.278362542] [drone_home1.controller]: Bearing: 262.53°
[controller-2] [INFO] [1744587785.279271975] [drone_home1.controller]: Going to [(29.639567, -82.361102)]: 9269817.34 meters
[controller-2] [INFO] [1744587785.376625485] [drone_home1.controller]: Bearing: 262.53°
[controller-2] [INFO] [1744587785.378683494] [drone_home1.controller]: Going to [(29.639567, -82.361102)]: 9269817.34 meters
[controller-2] [INFO] [1744587785.478981086] [drone_home1.controller]: Bearing: 262.53°
[controller-2] [INFO] [1744587785.480610731] [drone_home1.controller]: Going to [(29.639567, -82.361102)]: 9269817.34 meters
[controller-2] [INFO] [1744587785.576852243] [drone_home1.controller]: Bearing: 262.53°
[controller-2] [INFO] [1744587785.577893552] [drone_home1.controller]: Going to [(29.639567, -82.361102)]: 9269817.34 meters
[controller-2] [INFO] [1744587785.679359400] [drone_home1.controller]: Bearing: 262.53°
[controller-2] [INFO] [1744587785.680336867] [drone_home1.controller]: Going to [(29.639567, -82.361102)]: 9269817.34 meters
[controller-2] [INFO] [1744587785.777000567] [drone_home1.controller]: Bearing: 262.53°
[controller-2] [INFO] [1744587785.778821769] [drone_home1.controller]: Going to [(29.639567, -82.361102)]: 9269817.34 meters
[controller-2] [INFO] [1744587785.877307759] [drone_home1.controller]: Bearing: 262.53°
[controller-2] [INFO] [1744587785.878688437] [drone_home1.controller]: Going to [(29.639567, -82.361102)]: 9269817.34 meters
[controller-2] [INFO] [1744587785.976928724] [drone_home1.controller]: Bearing: 262.53°
[controller-2] [INFO] [1744587785.978122101] [drone_home1.controller]: Going to [(29.639567, -82.361102)]: 9269817.34 meters
[controller-2] [INFO] [1744587786.077328690] [drone_home1.controller]: Bearing: 262.53°
[controller-2] [INFO] [1744587786.080940624] [drone_home1.controller]: Going to [(29.639567, -82.361102)]: 9269817.34 meters
[controller-2] [INFO] [1744587786.177246579] [drone_home1.controller]: Bearing: 262.53°
[controller-2] [INFO] [1744587786.179913336] [drone_home1.controller]: Going to [(29.639567, -82.361102)]: 9269817.34 meters
[controller-2] [INFO] [1744587786.276685767] [drone_home1.controller]: Bearing: 262.53°
[controller-2] [INFO] [1744587786.277734754] [drone_home1.controller]: Going to [(29.639567, -82.361102)]: 9269817.34 meters
[controller-2] [INFO] [1744587786.378730431] [drone_home1.controller]: Bearing: 262.53°
[controller-2] [INFO] [1744587786.379715897] [drone_home1.controller]: Going to [(29.639567, -82.361102)]: 9269817.34 meters
[controller-2] [INFO] [1744587786.476602187] [drone_home1.controller]: Bearing: 262.53°
[controller-2] [INFO] [1744587786.477857899] [drone_home1.controller]: Going to [(29.639567, -82.361102)]: 9269817.34 meters
[controller-2] [INFO] [1744587786.577912399] [drone_home1.controller]: Bearing: 262.53°
[controller-2] [INFO] [1744587786.578791654] [drone_home1.controller]: Going to [(29.639567, -82.361102)]: 9269817.34 meters
[controller-2] [INFO] [1744587786.677301506] [drone_home1.controller]: Bearing: 262.53°
[controller-2] [INFO] [1744587786.678253275] [drone_home1.controller]: Going to [(29.639567, -82.361102)]: 9269817.34 meters
[controller-2] [INFO] [1744587786.777277796] [drone_home1.controller]: Bearing: 262.53°
[controller-2] [INFO] [1744587786.779391067] [drone_home1.controller]: Going to [(29.639567, -82.361102)]: 9269817.34 meters
[controller-2] [INFO] [1744587786.877155876] [drone_home1.controller]: Bearing: 262.53°
[controller-2] [INFO] [1744587786.878124349] [drone_home1.controller]: Going to [(29.639567, -82.361102)]: 9269817.34 meters
[controller-2] [INFO] [1744587786.978365510] [drone_home1.controller]: Bearing: 262.53°
[controller-2] [INFO] [1744587786.979566021] [drone_home1.controller]: Going to [(29.639567, -82.361102)]: 9269817.34 meters
[controller-2] [INFO] [1744587787.079760532] [drone_home1.controller]: Bearing: 262.53°
[controller-2] [INFO] [1744587787.081309658] [drone_home1.controller]: Going to [(29.639567, -82.361102)]: 9269817.34 meters
[controller-2] [INFO] [1744587787.176738379] [drone_home1.controller]: Bearing: 262.53°
[controller-2] [INFO] [1744587787.178054763] [drone_home1.controller]: Going to [(29.639567, -82.361102)]: 9269817.34 meters
[controller-2] [INFO] [1744587787.276717099] [drone_home1.controller]: Bearing: 262.53°
[controller-2] [INFO] [1744587787.277798886] [drone_home1.controller]: Going to [(29.639567, -82.361102)]: 9269817.34 meters
[controller-2] [INFO] [1744587787.376994611] [drone_home1.controller]: Bearing: 262.53°
[controller-2] [INFO] [1744587787.381207961] [drone_home1.controller]: Going to [(29.639567, -82.361102)]: 9269817.34 meters
[controller-2] [INFO] [1744587787.479068550] [drone_home1.controller]: Bearing: 262.53°
[controller-2] [INFO] [1744587787.480996949] [drone_home1.controller]: Going to [(29.639567, -82.361102)]: 9269817.34 meters
[controller-2] [INFO] [1744587787.576718605] [drone_home1.controller]: Bearing: 262.53°
[controller-2] [INFO] [1744587787.579282764] [drone_home1.controller]: Going to [(29.639567, -82.361102)]: 9269817.34 meters
[controller-2] [INFO] [1744587787.676783023] [drone_home1.controller]: Bearing: 262.53°
[controller-2] [INFO] [1744587787.679942812] [drone_home1.controller]: Going to [(29.639567, -82.361102)]: 9269817.34 meters
[controller-2] [INFO] [1744587787.776608844] [drone_home1.controller]: Bearing: 262.53°
[controller-2] [INFO] [1744587787.779179658] [drone_home1.controller]: Going to [(29.639567, -82.361102)]: 9269817.34 meters
[controller-2] [INFO] [1744587787.876862163] [drone_home1.controller]: Bearing: 262.53°
[controller-2] [INFO] [1744587787.877835754] [drone_home1.controller]: Going to [(29.639567, -82.361102)]: 9269817.34 meters
[controller-2] [INFO] [1744587787.979480979] [drone_home1.controller]: Bearing: 262.53°
[controller-2] [INFO] [1744587787.980369609] [drone_home1.controller]: Going to [(29.639567, -82.361102)]: 9269817.34 meters
[controller-2] [INFO] [1744587788.080572059] [drone_home1.controller]: Bearing: 262.53°
[controller-2] [INFO] [1744587788.083172407] [drone_home1.controller]: Going to [(29.639567, -82.361102)]: 9269817.34 meters
[controller-2] [INFO] [1744587788.184468253] [drone_home1.controller]: Bearing: 262.53°
[controller-2] [INFO] [1744587788.185451987] [drone_home1.controller]: Going to [(29.639567, -82.361102)]: 9269817.34 meters
[controller-2] [INFO] [1744587788.278086452] [drone_home1.controller]: Bearing: 262.53°
[controller-2] [INFO] [1744587788.279299247] [drone_home1.controller]: Going to [(29.639567, -82.361102)]: 9269817.34 meters
[controller-2] [INFO] [1744587788.376545625] [drone_home1.controller]: Bearing: 262.53°
[controller-2] [INFO] [1744587788.377486639] [drone_home1.controller]: Going to [(29.639567, -82.361102)]: 9269817.34 meters
[controller-2] [INFO] [1744587788.476559682] [drone_home1.controller]: Bearing: 262.53°
[controller-2] [INFO] [1744587788.477550553] [drone_home1.controller]: Going to [(29.639567, -82.361102)]: 9269817.34 meters
[controller-2] [INFO] [1744587788.577010133] [drone_home1.controller]: Bearing: 262.53°
[controller-2] [INFO] [1744587788.578122606] [drone_home1.controller]: Going to [(29.639567, -82.361102)]: 9269817.34 meters
[controller-2] [INFO] [1744587788.676759480] [drone_home1.controller]: Bearing: 262.53°
[controller-2] [INFO] [1744587788.677712206] [drone_home1.controller]: Going to [(29.639567, -82.361102)]: 9269817.34 meters
[controller-2] [INFO] [1744587788.780579032] [drone_home1.controller]: Bearing: 262.53°
[controller-2] [INFO] [1744587788.785769902] [drone_home1.controller]: Going to [(29.639567, -82.361102)]: 9269817.34 meters
[controller-2] [INFO] [1744587788.876863243] [drone_home1.controller]: Bearing: 262.53°
[controller-2] [INFO] [1744587788.880663074] [drone_home1.controller]: Going to [(29.639567, -82.361102)]: 9269817.34 meters
[controller-2] [INFO] [1744587788.991678630] [drone_home1.controller]: Bearing: 262.53°
[controller-2] [INFO] [1744587788.992631548] [drone_home1.controller]: Going to [(29.639567, -82.361102)]: 9269817.34 meters
[controller-2] [INFO] [1744587789.076602705] [drone_home1.controller]: Bearing: 262.53°
[controller-2] [INFO] [1744587789.078788991] [drone_home1.controller]: Going to [(29.639567, -82.361102)]: 9269817.34 meters
[controller-2] [INFO] [1744587789.176676908] [drone_home1.controller]: Bearing: 262.53°
[controller-2] [INFO] [1744587789.183708323] [drone_home1.controller]: Going to [(29.639567, -82.361102)]: 9269817.34 meters
[controller-2] [INFO] [1744587789.279086042] [drone_home1.controller]: Bearing: 262.53°
[controller-2] [INFO] [1744587789.280009998] [drone_home1.controller]: Going to [(29.639567, -82.361102)]: 9269817.34 meters
[controller-2] [INFO] [1744587789.377023144] [drone_home1.controller]: Bearing: 262.53°
[controller-2] [INFO] [1744587789.377992156] [drone_home1.controller]: Going to [(29.639567, -82.361102)]: 9269817.34 meters
[controller-2] [INFO] [1744587789.477825747] [drone_home1.controller]: Bearing: 262.53°
[controller-2] [INFO] [1744587789.478933035] [drone_home1.controller]: Going to [(29.639567, -82.361102)]: 9269817.34 meters
[controller-2] [INFO] [1744587789.577478630] [drone_home1.controller]: Bearing: 262.53°
[controller-2] [INFO] [1744587789.578385369] [drone_home1.controller]: Going to [(29.639567, -82.361102)]: 9269817.34 meters
[controller-2] [INFO] [1744587789.676556012] [drone_home1.controller]: Bearing: 262.53°
[controller-2] [INFO] [1744587789.677524129] [drone_home1.controller]: Going to [(29.639567, -82.361102)]: 9269817.34 meters
[controller-2] [INFO] [1744587789.777237045] [drone_home1.controller]: Bearing: 262.53°
[controller-2] [INFO] [1744587789.780411928] [drone_home1.controller]: Going to [(29.639567, -82.361102)]: 9269817.34 meters
[controller-2] [INFO] [1744587789.880400274] [drone_home1.controller]: Bearing: 262.53°
[controller-2] [INFO] [1744587789.887344999] [drone_home1.controller]: Going to [(29.639567, -82.361102)]: 9269817.34 meters
[controller-2] [INFO] [1744587789.981785834] [drone_home1.controller]: Bearing: 262.53°
[controller-2] [INFO] [1744587789.989310251] [drone_home1.controller]: Going to [(29.639567, -82.361102)]: 9269817.34 meters
[controller-2] [INFO] [1744587790.077175937] [drone_home1.controller]: Bearing: 262.53°
[controller-2] [INFO] [1744587790.078334840] [drone_home1.controller]: Going to [(29.639567, -82.361102)]: 9269817.34 meters
[controller-2] [INFO] [1744587790.179175614] [drone_home1.controller]: Bearing: 262.53°
[controller-2] [INFO] [1744587790.180086672] [drone_home1.controller]: Going to [(29.639567, -82.361102)]: 9269817.34 meters
[controller-2] [INFO] [1744587790.277206314] [drone_home1.controller]: Bearing: 262.53°
[controller-2] [INFO] [1744587790.278567654] [drone_home1.controller]: Going to [(29.639567, -82.361102)]: 9269817.34 meters
[controller-2] [INFO] [1744587790.377034395] [drone_home1.controller]: Bearing: 262.53°
[controller-2] [INFO] [1744587790.379798835] [drone_home1.controller]: Going to [(29.639567, -82.361102)]: 9269817.34 meters
[controller-2] [INFO] [1744587790.476879085] [drone_home1.controller]: Bearing: 262.53°
[controller-2] [INFO] [1744587790.478264649] [drone_home1.controller]: Going to [(29.639567, -82.361102)]: 9269817.34 meters
[controller-2] [INFO] [1744587790.576748447] [drone_home1.controller]: Bearing: 262.53°
[controller-2] [INFO] [1744587790.580454985] [drone_home1.controller]: Going to [(29.639567, -82.361102)]: 9269817.34 meters
[controller-2] [INFO] [1744587790.680200312] [drone_home1.controller]: Bearing: 262.53°
[controller-2] [INFO] [1744587790.681213036] [drone_home1.controller]: Going to [(29.639567, -82.361102)]: 9269817.34 meters
[controller-2] [INFO] [1744587790.780449458] [drone_home1.controller]: Bearing: 262.53°
[controller-2] [INFO] [1744587790.782626205] [drone_home1.controller]: Going to [(29.639567, -82.361102)]: 9269817.34 meters
[controller-2] [INFO] [1744587790.879954172] [drone_home1.controller]: Bearing: 262.53°
[controller-2] [INFO] [1744587790.880896399] [drone_home1.controller]: Going to [(29.639567, -82.361102)]: 9269817.34 meters
[controller-2] [INFO] [1744587790.988161077] [drone_home1.controller]: Bearing: 262.53°
[controller-2] [INFO] [1744587790.990796618] [drone_home1.controller]: Going to [(29.639567, -82.361102)]: 9269817.34 meters
[controller-2] [INFO] [1744587791.077717693] [drone_home1.controller]: Bearing: 262.53°
[controller-2] [INFO] [1744587791.078607598] [drone_home1.controller]: Going to [(29.639567, -82.361102)]: 9269817.34 meters
[controller-2] [INFO] [1744587791.184281264] [drone_home1.controller]: Bearing: 262.53°
[controller-2] [INFO] [1744587791.185376804] [drone_home1.controller]: Going to [(29.639567, -82.361102)]: 9269817.34 meters
[controller-2] [INFO] [1744587791.276569558] [drone_home1.controller]: Bearing: 262.53°
[controller-2] [INFO] [1744587791.278224053] [drone_home1.controller]: Going to [(29.639567, -82.361102)]: 9269817.34 meters
[controller-2] [INFO] [1744587791.377297051] [drone_home1.controller]: Bearing: 262.53°
[controller-2] [INFO] [1744587791.378292717] [drone_home1.controller]: Going to [(29.639567, -82.361102)]: 9269817.34 meters
[controller-2] [INFO] [1744587791.476959883] [drone_home1.controller]: Bearing: 262.53°
[controller-2] [INFO] [1744587791.478145794] [drone_home1.controller]: Going to [(29.639567, -82.361102)]: 9269817.34 meters
[controller-2] [INFO] [1744587791.576552059] [drone_home1.controller]: Bearing: 262.53°
[controller-2] [INFO] [1744587791.579697878] [drone_home1.controller]: Going to [(29.639567, -82.361102)]: 9269817.34 meters
[controller-2] [INFO] [1744587791.676751094] [drone_home1.controller]: Bearing: 262.53°
[controller-2] [INFO] [1744587791.678075567] [drone_home1.controller]: Going to [(29.639567, -82.361102)]: 9269817.34 meters
[controller-2] [INFO] [1744587791.778609488] [drone_home1.controller]: Bearing: 262.53°
[controller-2] [INFO] [1744587791.779830215] [drone_home1.controller]: Going to [(29.639567, -82.361102)]: 9269817.34 meters
[controller-2] [INFO] [1744587791.885534985] [drone_home1.controller]: Bearing: 262.53°
[controller-2] [INFO] [1744587791.890063774] [drone_home1.controller]: Going to [(29.639567, -82.361102)]: 9269817.34 meters
[controller-2] [INFO] [1744587791.976731547] [drone_home1.controller]: Bearing: 262.53°
[controller-2] [INFO] [1744587791.977773071] [drone_home1.controller]: Going to [(29.639567, -82.361102)]: 9269817.34 meters
[controller-2] [INFO] [1744587792.079098248] [drone_home1.controller]: Bearing: 262.53°
[controller-2] [INFO] [1744587792.080037784] [drone_home1.controller]: Going to [(29.639567, -82.361102)]: 9269817.34 meters
[controller-2] [INFO] [1744587792.178645889] [drone_home1.controller]: Bearing: 262.53°
[controller-2] [INFO] [1744587792.187866148] [drone_home1.controller]: Going to [(29.639567, -82.361102)]: 9269817.34 meters
[controller-2] [INFO] [1744587792.280101085] [drone_home1.controller]: Bearing: 262.53°
[controller-2] [INFO] [1744587792.281383507] [drone_home1.controller]: Going to [(29.639567, -82.361102)]: 9269817.34 meters
[controller-2] [INFO] [1744587792.377601810] [drone_home1.controller]: Bearing: 262.53°
[controller-2] [INFO] [1744587792.378508994] [drone_home1.controller]: Going to [(29.639567, -82.361102)]: 9269817.34 meters
[controller-2] [INFO] [1744587792.477920986] [drone_home1.controller]: Bearing: 262.53°
[controller-2] [INFO] [1744587792.479598103] [drone_home1.controller]: Going to [(29.639567, -82.361102)]: 9269817.34 meters
[controller-2] [INFO] [1744587792.579224082] [drone_home1.controller]: Bearing: 262.53°
[controller-2] [INFO] [1744587792.580094082] [drone_home1.controller]: Going to [(29.639567, -82.361102)]: 9269817.34 meters
[controller-2] [INFO] [1744587792.679345302] [drone_home1.controller]: Bearing: 262.53°
[controller-2] [INFO] [1744587792.680288903] [drone_home1.controller]: Going to [(29.639567, -82.361102)]: 9269817.34 meters
[controller-2] [INFO] [1744587792.779088627] [drone_home1.controller]: Bearing: 262.53°
[controller-2] [INFO] [1744587792.780150502] [drone_home1.controller]: Going to [(29.639567, -82.361102)]: 9269817.34 meters
[controller-2] [INFO] [1744587792.876780012] [drone_home1.controller]: Bearing: 262.53°
[controller-2] [INFO] [1744587792.879431419] [drone_home1.controller]: Going to [(29.639567, -82.361102)]: 9269817.34 meters
[controller-2] [INFO] [1744587792.977572156] [drone_home1.controller]: Bearing: 262.53°
[controller-2] [INFO] [1744587792.978775537] [drone_home1.controller]: Going to [(29.639567, -82.361102)]: 9269817.34 meters
[controller-2] [INFO] [1744587793.077632975] [drone_home1.controller]: Bearing: 262.53°
[controller-2] [INFO] [1744587793.078569662] [drone_home1.controller]: Going to [(29.639567, -82.361102)]: 9269817.34 meters
[controller-2] [INFO] [1744587793.178506129] [drone_home1.controller]: Bearing: 262.53°
[controller-2] [INFO] [1744587793.179349439] [drone_home1.controller]: Going to [(29.639567, -82.361102)]: 9269817.34 meters
[controller-2] [INFO] [1744587793.277761528] [drone_home1.controller]: Bearing: 262.53°
[controller-2] [INFO] [1744587793.278626023] [drone_home1.controller]: Going to [(29.639567, -82.361102)]: 9269817.34 meters
[controller-2] [INFO] [1744587793.376537656] [drone_home1.controller]: Bearing: 262.53°
[controller-2] [INFO] [1744587793.379477000] [drone_home1.controller]: Going to [(29.639567, -82.361102)]: 9269817.34 meters
[controller-2] [INFO] [1744587793.476530283] [drone_home1.controller]: Bearing: 262.53°
[controller-2] [INFO] [1744587793.478843665] [drone_home1.controller]: Going to [(29.639567, -82.361102)]: 9269817.34 meters
[controller-2] [INFO] [1744587793.578470047] [drone_home1.controller]: Bearing: 262.53°
[controller-2] [INFO] [1744587793.580786949] [drone_home1.controller]: Going to [(29.639567, -82.361102)]: 9269817.34 meters
[controller-2] [INFO] [1744587793.676446385] [drone_home1.controller]: Bearing: 262.53°
[controller-2] [INFO] [1744587793.677400097] [drone_home1.controller]: Going to [(29.639567, -82.361102)]: 9269817.34 meters
[controller-2] [INFO] [1744587793.776699977] [drone_home1.controller]: Bearing: 262.53°
[controller-2] [INFO] [1744587793.779378517] [drone_home1.controller]: Going to [(29.639567, -82.361102)]: 9269817.34 meters
[controller-2] [INFO] [1744587793.876561050] [drone_home1.controller]: Bearing: 262.53°
[controller-2] [INFO] [1744587793.878382552] [drone_home1.controller]: Going to [(29.639567, -82.361102)]: 9269817.34 meters
[controller-2] [INFO] [1744587793.976484172] [drone_home1.controller]: Bearing: 262.53°
[controller-2] [INFO] [1744587793.977733569] [drone_home1.controller]: Going to [(29.639567, -82.361102)]: 9269817.34 meters
[controller-2] [INFO] [1744587794.076803035] [drone_home1.controller]: Bearing: 262.53°
[controller-2] [INFO] [1744587794.078277490] [drone_home1.controller]: Going to [(29.639567, -82.361102)]: 9269817.34 meters
[controller-2] [INFO] [1744587794.176822760] [drone_home1.controller]: Bearing: 262.53°
[controller-2] [INFO] [1744587794.181970008] [drone_home1.controller]: Going to [(29.639567, -82.361102)]: 9269817.34 meters
[controller-2] [INFO] [1744587794.277595008] [drone_home1.controller]: Bearing: 262.53°
[controller-2] [INFO] [1744587794.278952821] [drone_home1.controller]: Going to [(29.639567, -82.361102)]: 9269817.34 meters
[controller-2] [INFO] [1744587794.377011396] [drone_home1.controller]: Bearing: 262.53°
[controller-2] [INFO] [1744587794.380052339] [drone_home1.controller]: Going to [(29.639567, -82.361102)]: 9269817.34 meters
[controller-2] [INFO] [1744587794.476881998] [drone_home1.controller]: Bearing: 262.53°
[controller-2] [INFO] [1744587794.480282851] [drone_home1.controller]: Going to [(29.639567, -82.361102)]: 9269817.34 meters
[controller-2] [INFO] [1744587794.576529749] [drone_home1.controller]: Bearing: 262.53°
[controller-2] [INFO] [1744587794.580204302] [drone_home1.controller]: Going to [(29.639567, -82.361102)]: 9269817.34 meters
[controller-2] [INFO] [1744587794.679506511] [drone_home1.controller]: Bearing: 262.53°
[controller-2] [INFO] [1744587794.680540063] [drone_home1.controller]: Going to [(29.639567, -82.361102)]: 9269817.34 meters
[controller-2] [INFO] [1744587794.778739856] [drone_home1.controller]: Bearing: 262.53°
[controller-2] [INFO] [1744587794.780971538] [drone_home1.controller]: Going to [(29.639567, -82.361102)]: 9269817.34 meters
[controller-2] [INFO] [1744587794.877758093] [drone_home1.controller]: Bearing: 262.53°
[controller-2] [INFO] [1744587794.878970688] [drone_home1.controller]: Going to [(29.639567, -82.361102)]: 9269817.34 meters
[controller-2] [INFO] [1744587794.976603815] [drone_home1.controller]: Bearing: 262.53°
[controller-2] [INFO] [1744587794.977586455] [drone_home1.controller]: Going to [(29.639567, -82.361102)]: 9269817.34 meters
[controller-2] [INFO] [1744587795.076619727] [drone_home1.controller]: Bearing: 262.53°
[controller-2] [INFO] [1744587795.077645950] [drone_home1.controller]: Going to [(29.639567, -82.361102)]: 9269817.34 meters
[controller-2] [INFO] [1744587795.176676411] [drone_home1.controller]: Bearing: 262.53°
[controller-2] [INFO] [1744587795.177875821] [drone_home1.controller]: Going to [(29.639567, -82.361102)]: 9269817.34 meters
[controller-2] [INFO] [1744587795.277789719] [drone_home1.controller]: Bearing: 262.53°
[controller-2] [INFO] [1744587795.279095402] [drone_home1.controller]: Going to [(29.639567, -82.361102)]: 9269817.34 meters
[controller-2] [INFO] [1744587795.376480176] [drone_home1.controller]: Bearing: 262.53°
[controller-2] [INFO] [1744587795.378766065] [drone_home1.controller]: Going to [(29.639567, -82.361102)]: 9269817.34 meters
[controller-2] [INFO] [1744587795.479313828] [drone_home1.controller]: Bearing: 262.53°
[controller-2] [INFO] [1744587795.480883451] [drone_home1.controller]: Going to [(29.639567, -82.361102)]: 9269817.34 meters
[controller-2] [INFO] [1744587795.577003982] [drone_home1.controller]: Bearing: 262.53°
[controller-2] [INFO] [1744587795.578369314] [drone_home1.controller]: Going to [(29.639567, -82.361102)]: 9269817.34 meters
[controller-2] [INFO] [1744587795.676671605] [drone_home1.controller]: Bearing: 262.53°
[controller-2] [INFO] [1744587795.678046441] [drone_home1.controller]: Going to [(29.639567, -82.361102)]: 9269817.34 meters
[controller-2] [INFO] [1744587795.776759970] [drone_home1.controller]: Bearing: 262.53°
[controller-2] [INFO] [1744587795.777825202] [drone_home1.controller]: Going to [(29.639567, -82.361102)]: 9269817.34 meters
[controller-2] [INFO] [1744587795.880688327] [drone_home1.controller]: Bearing: 262.53°
[controller-2] [INFO] [1744587795.883623057] [drone_home1.controller]: Going to [(29.639567, -82.361102)]: 9269817.34 meters
[controller-2] [INFO] [1744587795.978679445] [drone_home1.controller]: Bearing: 262.53°
[controller-2] [INFO] [1744587795.981605088] [drone_home1.controller]: Going to [(29.639567, -82.361102)]: 9269817.34 meters
[controller-2] [INFO] [1744587796.076523137] [drone_home1.controller]: Bearing: 262.53°
[controller-2] [INFO] [1744587796.079180389] [drone_home1.controller]: Going to [(29.639567, -82.361102)]: 9269817.34 meters
[controller-2] [INFO] [1744587796.178667503] [drone_home1.controller]: Bearing: 262.53°
[controller-2] [INFO] [1744587796.181184465] [drone_home1.controller]: Going to [(29.639567, -82.361102)]: 9269817.34 meters
[controller-2] [INFO] [1744587796.277678578] [drone_home1.controller]: Bearing: 262.53°
[controller-2] [INFO] [1744587796.278586751] [drone_home1.controller]: Going to [(29.639567, -82.361102)]: 9269817.34 meters
[controller-2] [INFO] [1744587796.376887256] [drone_home1.controller]: Bearing: 262.53°
[controller-2] [INFO] [1744587796.381046865] [drone_home1.controller]: Going to [(29.639567, -82.361102)]: 9269817.34 meters
[controller-2] [INFO] [1744587796.478102714] [drone_home1.controller]: Bearing: 262.53°
[controller-2] [INFO] [1744587796.478992262] [drone_home1.controller]: Going to [(29.639567, -82.361102)]: 9269817.34 meters
[controller-2] [INFO] [1744587796.576970299] [drone_home1.controller]: Bearing: 262.53°
[controller-2] [INFO] [1744587796.578093482] [drone_home1.controller]: Going to [(29.639567, -82.361102)]: 9269817.34 meters
[controller-2] [INFO] [1744587796.676489542] [drone_home1.controller]: Bearing: 262.53°
[controller-2] [INFO] [1744587796.678623683] [drone_home1.controller]: Going to [(29.639567, -82.361102)]: 9269817.34 meters
[controller-2] [INFO] [1744587796.777898378] [drone_home1.controller]: Bearing: 262.53°
[controller-2] [INFO] [1744587796.778749237] [drone_home1.controller]: Going to [(29.639567, -82.361102)]: 9269817.34 meters
[controller-2] [INFO] [1744587796.878329824] [drone_home1.controller]: Bearing: 262.53°
[controller-2] [INFO] [1744587796.879312686] [drone_home1.controller]: Going to [(29.639567, -82.361102)]: 9269817.34 meters
[controller-2] [INFO] [1744587796.977256131] [drone_home1.controller]: Bearing: 262.53°
[controller-2] [INFO] [1744587796.978202319] [drone_home1.controller]: Going to [(29.639567, -82.361102)]: 9269817.34 meters
[controller-2] [INFO] [1744587797.076761168] [drone_home1.controller]: Bearing: 262.53°
[controller-2] [INFO] [1744587797.078274147] [drone_home1.controller]: Going to [(29.639567, -82.361102)]: 9269817.34 meters
[controller-2] [INFO] [1744587797.176824428] [drone_home1.controller]: Bearing: 262.53°
[controller-2] [INFO] [1744587797.177853882] [drone_home1.controller]: Going to [(29.639567, -82.361102)]: 9269817.34 meters
[controller-2] [INFO] [1744587797.276532709] [drone_home1.controller]: Bearing: 262.53°
[controller-2] [INFO] [1744587797.277505489] [drone_home1.controller]: Going to [(29.639567, -82.361102)]: 9269817.34 meters
[controller-2] [INFO] [1744587797.377481260] [drone_home1.controller]: Bearing: 262.53°
[controller-2] [INFO] [1744587797.379011808] [drone_home1.controller]: Going to [(29.639567, -82.361102)]: 9269817.34 meters
[controller-2] [INFO] [1744587797.476616573] [drone_home1.controller]: Bearing: 262.53°
[controller-2] [INFO] [1744587797.477752364] [drone_home1.controller]: Going to [(29.639567, -82.361102)]: 9269817.34 meters
[controller-2] [INFO] [1744587797.576661498] [drone_home1.controller]: Bearing: 262.53°
[controller-2] [INFO] [1744587797.581137267] [drone_home1.controller]: Going to [(29.639567, -82.361102)]: 9269817.34 meters
[controller-2] [INFO] [1744587797.676750583] [drone_home1.controller]: Bearing: 262.53°
[controller-2] [INFO] [1744587797.679773405] [drone_home1.controller]: Going to [(29.639567, -82.361102)]: 9269817.34 meters
[controller-2] [INFO] [1744587797.776667793] [drone_home1.controller]: Bearing: 262.53°
[controller-2] [INFO] [1744587797.778094372] [drone_home1.controller]: Going to [(29.639567, -82.361102)]: 9269817.34 meters
[controller-2] [INFO] [1744587797.879161645] [drone_home1.controller]: Bearing: 262.53°
[controller-2] [INFO] [1744587797.880792514] [drone_home1.controller]: Going to [(29.639567, -82.361102)]: 9269817.34 meters
[controller-2] [INFO] [1744587797.976810315] [drone_home1.controller]: Bearing: 262.53°
[controller-2] [INFO] [1744587797.977981690] [drone_home1.controller]: Going to [(29.639567, -82.361102)]: 9269817.34 meters
[controller-2] [INFO] [1744587798.077215538] [drone_home1.controller]: Bearing: 262.53°
[controller-2] [INFO] [1744587798.078814629] [drone_home1.controller]: Going to [(29.639567, -82.361102)]: 9269817.34 meters
[controller-2] [INFO] [1744587798.176737881] [drone_home1.controller]: Bearing: 262.53°
[controller-2] [INFO] [1744587798.180407749] [drone_home1.controller]: Going to [(29.639567, -82.361102)]: 9269817.34 meters
[controller-2] [INFO] [1744587798.276796997] [drone_home1.controller]: Bearing: 262.53°
[controller-2] [INFO] [1744587798.277944435] [drone_home1.controller]: Going to [(29.639567, -82.361102)]: 9269817.34 meters
[controller-2] [INFO] [1744587798.376651856] [drone_home1.controller]: Bearing: 262.53°
[controller-2] [INFO] [1744587798.379766581] [drone_home1.controller]: Going to [(29.639567, -82.361102)]: 9269817.34 meters
[controller-2] [INFO] [1744587798.477299300] [drone_home1.controller]: Bearing: 262.53°
[controller-2] [INFO] [1744587798.478297744] [drone_home1.controller]: Going to [(29.639567, -82.361102)]: 9269817.34 meters
[controller-2] [INFO] [1744587798.576645768] [drone_home1.controller]: Bearing: 262.53°
[controller-2] [INFO] [1744587798.577673908] [drone_home1.controller]: Going to [(29.639567, -82.361102)]: 9269817.34 meters
[controller-2] [INFO] [1744587798.676509490] [drone_home1.controller]: Bearing: 262.53°
[controller-2] [INFO] [1744587798.679605591] [drone_home1.controller]: Going to [(29.639567, -82.361102)]: 9269817.34 meters
[controller-2] [INFO] [1744587798.776608672] [drone_home1.controller]: Bearing: 262.53°
[controller-2] [INFO] [1744587798.777571339] [drone_home1.controller]: Going to [(29.639567, -82.361102)]: 9269817.34 meters
[controller-2] [INFO] [1744587798.883210907] [drone_home1.controller]: Bearing: 262.53°
[controller-2] [INFO] [1744587798.884270119] [drone_home1.controller]: Going to [(29.639567, -82.361102)]: 9269817.34 meters
[controller-2] [INFO] [1744587798.976740345] [drone_home1.controller]: Bearing: 262.53°
[controller-2] [INFO] [1744587798.979449178] [drone_home1.controller]: Going to [(29.639567, -82.361102)]: 9269817.34 meters
[controller-2] [INFO] [1744587799.078163616] [drone_home1.controller]: Bearing: 262.53°
[controller-2] [INFO] [1744587799.079177291] [drone_home1.controller]: Going to [(29.639567, -82.361102)]: 9269817.34 meters
[controller-2] [INFO] [1744587799.176531823] [drone_home1.controller]: Bearing: 262.53°
[controller-2] [INFO] [1744587799.177622555] [drone_home1.controller]: Going to [(29.639567, -82.361102)]: 9269817.34 meters
[controller-2] [INFO] [1744587799.276907348] [drone_home1.controller]: Bearing: 262.53°
[controller-2] [INFO] [1744587799.278361701] [drone_home1.controller]: Going to [(29.639567, -82.361102)]: 9269817.34 meters
[controller-2] [INFO] [1744587799.376617011] [drone_home1.controller]: Bearing: 262.53°
[controller-2] [INFO] [1744587799.377858240] [drone_home1.controller]: Going to [(29.639567, -82.361102)]: 9269817.34 meters
[controller-2] [INFO] [1744587799.476988984] [drone_home1.controller]: Bearing: 262.53°
[controller-2] [INFO] [1744587799.479948825] [drone_home1.controller]: Going to [(29.639567, -82.361102)]: 9269817.34 meters
[controller-2] [INFO] [1744587799.576565365] [drone_home1.controller]: Bearing: 262.53°
[controller-2] [INFO] [1744587799.578459274] [drone_home1.controller]: Going to [(29.639567, -82.361102)]: 9269817.34 meters
[controller-2] [INFO] [1744587799.676788504] [drone_home1.controller]: Bearing: 262.53°
[controller-2] [INFO] [1744587799.679789178] [drone_home1.controller]: Going to [(29.639567, -82.361102)]: 9269817.34 meters
[controller-2] [INFO] [1744587799.776796058] [drone_home1.controller]: Bearing: 262.53°
[controller-2] [INFO] [1744587799.779502584] [drone_home1.controller]: Going to [(29.639567, -82.361102)]: 9269817.34 meters
[controller-2] [INFO] [1744587799.876654650] [drone_home1.controller]: Bearing: 262.53°
[controller-2] [INFO] [1744587799.877629573] [drone_home1.controller]: Going to [(29.639567, -82.361102)]: 9269817.34 meters
[controller-2] [INFO] [1744587799.976856925] [drone_home1.controller]: Bearing: 262.53°
[controller-2] [INFO] [1744587799.978072811] [drone_home1.controller]: Going to [(29.639567, -82.361102)]: 9269817.34 meters
[controller-2] [INFO] [1744587800.077203984] [drone_home1.controller]: Bearing: 262.53°
[controller-2] [INFO] [1744587800.078232667] [drone_home1.controller]: Going to [(29.639567, -82.361102)]: 9269817.34 meters
[controller-2] [INFO] [1744587800.176886184] [drone_home1.controller]: Bearing: 262.53°
[controller-2] [INFO] [1744587800.178048308] [drone_home1.controller]: Going to [(29.639567, -82.361102)]: 9269817.34 meters
[controller-2] [INFO] [1744587800.276667361] [drone_home1.controller]: Bearing: 262.53°
[controller-2] [INFO] [1744587800.277723916] [drone_home1.controller]: Going to [(29.639567, -82.361102)]: 9269817.34 meters
[controller-2] [INFO] [1744587800.376479354] [drone_home1.controller]: Bearing: 262.53°
[controller-2] [INFO] [1744587800.377401892] [drone_home1.controller]: Going to [(29.639567, -82.361102)]: 9269817.34 meters
[controller-2] [INFO] [1744587800.476673591] [drone_home1.controller]: Bearing: 262.53°
[controller-2] [INFO] [1744587800.477650658] [drone_home1.controller]: Going to [(29.639567, -82.361102)]: 9269817.34 meters
[controller-2] [INFO] [1744587800.576498321] [drone_home1.controller]: Bearing: 262.53°
[controller-2] [INFO] [1744587800.577552892] [drone_home1.controller]: Going to [(29.639567, -82.361102)]: 9269817.34 meters
[controller-2] [INFO] [1744587800.676921200] [drone_home1.controller]: Bearing: 262.53°
[controller-2] [INFO] [1744587800.677880987] [drone_home1.controller]: Going to [(29.639567, -82.361102)]: 9269817.34 meters
[controller-2] [INFO] [1744587800.776595112] [drone_home1.controller]: Bearing: 262.53°
[controller-2] [INFO] [1744587800.777544114] [drone_home1.controller]: Going to [(29.639567, -82.361102)]: 9269817.34 meters
[controller-2] [INFO] [1744587800.877923217] [drone_home1.controller]: Bearing: 262.53°
[controller-2] [INFO] [1744587800.878843163] [drone_home1.controller]: Going to [(29.639567, -82.361102)]: 9269817.34 meters
[controller-2] [INFO] [1744587800.978986968] [drone_home1.controller]: Bearing: 262.53°
[controller-2] [INFO] [1744587800.980004899] [drone_home1.controller]: Going to [(29.639567, -82.361102)]: 9269817.34 meters
[controller-2] [INFO] [1744587801.077631221] [drone_home1.controller]: Bearing: 262.53°
[controller-2] [INFO] [1744587801.079270021] [drone_home1.controller]: Going to [(29.639567, -82.361102)]: 9269817.34 meters
[controller-2] [INFO] [1744587801.179918341] [drone_home1.controller]: Bearing: 262.53°
[controller-2] [INFO] [1744587801.181088625] [drone_home1.controller]: Going to [(29.639567, -82.361102)]: 9269817.34 meters
[controller-2] [INFO] [1744587801.278570322] [drone_home1.controller]: Bearing: 262.53°
[controller-2] [INFO] [1744587801.279849918] [drone_home1.controller]: Going to [(29.639567, -82.361102)]: 9269817.34 meters
[controller-2] [INFO] [1744587801.379288210] [drone_home1.controller]: Bearing: 262.53°
[controller-2] [INFO] [1744587801.380140699] [drone_home1.controller]: Going to [(29.639567, -82.361102)]: 9269817.34 meters
[controller-2] [INFO] [1744587801.476582385] [drone_home1.controller]: Bearing: 262.53°
[controller-2] [INFO] [1744587801.477726716] [drone_home1.controller]: Going to [(29.639567, -82.361102)]: 9269817.34 meters
[controller-2] [INFO] [1744587801.577306834] [drone_home1.controller]: Bearing: 262.53°
[controller-2] [INFO] [1744587801.578247611] [drone_home1.controller]: Going to [(29.639567, -82.361102)]: 9269817.34 meters
[controller-2] [INFO] [1744587801.680187912] [drone_home1.controller]: Bearing: 262.53°
[controller-2] [INFO] [1744587801.681278834] [drone_home1.controller]: Going to [(29.639567, -82.361102)]: 9269817.34 meters
[controller-2] [INFO] [1744587801.776772384] [drone_home1.controller]: Bearing: 262.53°
[controller-2] [INFO] [1744587801.777759913] [drone_home1.controller]: Going to [(29.639567, -82.361102)]: 9269817.34 meters
[controller-2] [INFO] [1744587801.877596481] [drone_home1.controller]: Bearing: 262.53°
[controller-2] [INFO] [1744587801.879005167] [drone_home1.controller]: Going to [(29.639567, -82.361102)]: 9269817.34 meters
[controller-2] [INFO] [1744587801.982001702] [drone_home1.controller]: Bearing: 262.53°
[controller-2] [INFO] [1744587801.982945360] [drone_home1.controller]: Going to [(29.639567, -82.361102)]: 9269817.34 meters
[controller-2] [INFO] [1744587802.076716384] [drone_home1.controller]: Bearing: 262.53°
[controller-2] [INFO] [1744587802.077987307] [drone_home1.controller]: Going to [(29.639567, -82.361102)]: 9269817.34 meters
[controller-2] [INFO] [1744587802.176878493] [drone_home1.controller]: Bearing: 262.53°
[controller-2] [INFO] [1744587802.179723255] [drone_home1.controller]: Going to [(29.639567, -82.361102)]: 9269817.34 meters
[controller-2] [INFO] [1744587802.279426801] [drone_home1.controller]: Bearing: 262.53°
[controller-2] [INFO] [1744587802.280552155] [drone_home1.controller]: Going to [(29.639567, -82.361102)]: 9269817.34 meters
[controller-2] [INFO] [1744587802.376725908] [drone_home1.controller]: Bearing: 262.53°
[controller-2] [INFO] [1744587802.379526637] [drone_home1.controller]: Going to [(29.639567, -82.361102)]: 9269817.34 meters
[controller-2] [INFO] [1744587802.478068732] [drone_home1.controller]: Bearing: 262.53°
[controller-2] [INFO] [1744587802.479002533] [drone_home1.controller]: Going to [(29.639567, -82.361102)]: 9269817.34 meters
[controller-2] [INFO] [1744587802.578293114] [drone_home1.controller]: Bearing: 262.53°
[controller-2] [INFO] [1744587802.584102384] [drone_home1.controller]: Going to [(29.639567, -82.361102)]: 9269817.34 meters
[controller-2] [INFO] [1744587802.676614278] [drone_home1.controller]: Bearing: 262.53°
[controller-2] [INFO] [1744587802.680821965] [drone_home1.controller]: Going to [(29.639567, -82.361102)]: 9269817.34 meters
[controller-2] [INFO] [1744587802.749163365] [drone_home1.controller]: Service request to change coordinate custom_messages.srv.SetCoordinate_Request(new_coordinate=sensor_msgs.msg.NavSatFix(header=std_msgs.msg.Header(stamp=builtin_interfaces.msg.Time(sec=0, nanosec=0), frame_id=''), status=sensor_msgs.msg.NavSatStatus(status=0, service=0), latitude=29.639567, longitude=-82.361102, altitude=0.0, position_covariance=array([0., 0., 0., 0., 0., 0., 0., 0., 0.]), position_covariance_type=0))
[controller-2] [INFO] [1744587802.750234831] [drone_home1.controller]: Waypoints now: [(29.639567, -82.361102)]
[controller-2] [INFO] [1744587802.776953925] [drone_home1.controller]: Bearing: 262.53°
[controller-2] [INFO] [1744587802.778257233] [drone_home1.controller]: Going to [(29.639567, -82.361102)]: 9269817.34 meters
[drive_hardware-6] [INFO] [1744587802.860544778] [drone_home1.drive_hardware]: Service request to change drive mode custom_messages.srv.SetMode_Request(mode='automatic')
[drive_hardware-6] [INFO] [1744587802.861590739] [drone_home1.drive_hardware]: Drive mode now: automatic
[controller-2] [INFO] [1744587802.880884838] [drone_home1.controller]: Bearing: 262.53°
[controller-2] [INFO] [1744587802.881810926] [drone_home1.controller]: Going to [(29.639567, -82.361102)]: 9269817.34 meters
[controller-2] [INFO] [1744587802.981987916] [drone_home1.controller]: Bearing: 262.53°
[controller-2] [INFO] [1744587802.984405826] [drone_home1.controller]: Going to [(29.639567, -82.361102)]: 9269817.34 meters
[controller-2] [INFO] [1744587803.077298355] [drone_home1.controller]: Bearing: 262.53°
[controller-2] [INFO] [1744587803.078543358] [drone_home1.controller]: Going to [(29.639567, -82.361102)]: 9269817.34 meters
[controller-2] [INFO] [1744587803.176604719] [drone_home1.controller]: Bearing: 262.53°
[controller-2] [INFO] [1744587803.178072284] [drone_home1.controller]: Going to [(29.639567, -82.361102)]: 9269817.34 meters
[controller-2] [INFO] [1744587803.276736178] [drone_home1.controller]: Bearing: 262.53°
[controller-2] [INFO] [1744587803.277719771] [drone_home1.controller]: Going to [(29.639567, -82.361102)]: 9269817.34 meters
[controller-2] [INFO] [1744587803.376719028] [drone_home1.controller]: Bearing: 262.53°
[controller-2] [INFO] [1744587803.378202913] [drone_home1.controller]: Going to [(29.639567, -82.361102)]: 9269817.34 meters
[controller-2] [INFO] [1744587803.477362780] [drone_home1.controller]: Bearing: 262.53°
[controller-2] [INFO] [1744587803.480888603] [drone_home1.controller]: Going to [(29.639567, -82.361102)]: 9269817.34 meters
[controller-2] [INFO] [1744587803.578098437] [drone_home1.controller]: Bearing: 262.53°
[controller-2] [INFO] [1744587803.582030919] [drone_home1.controller]: Going to [(29.639567, -82.361102)]: 9269817.34 meters
[controller-2] [INFO] [1744587803.676965661] [drone_home1.controller]: Bearing: 262.53°
[controller-2] [INFO] [1744587803.678047750] [drone_home1.controller]: Going to [(29.639567, -82.361102)]: 9269817.34 meters
[controller-2] [INFO] [1744587803.777047936] [drone_home1.controller]: Bearing: 262.53°
[controller-2] [INFO] [1744587803.778319531] [drone_home1.controller]: Going to [(29.639567, -82.361102)]: 9269817.34 meters
[controller-2] [INFO] [1744587803.876793952] [drone_home1.controller]: Bearing: 262.53°
[controller-2] [INFO] [1744587803.878093355] [drone_home1.controller]: Going to [(29.639567, -82.361102)]: 9269817.34 meters
[controller-2] [INFO] [1744587803.976767938] [drone_home1.controller]: Bearing: 262.53°
[controller-2] [INFO] [1744587803.978196014] [drone_home1.controller]: Going to [(29.639567, -82.361102)]: 9269817.34 meters
[controller-2] [INFO] [1744587804.077870918] [drone_home1.controller]: Bearing: 262.53°
[controller-2] [INFO] [1744587804.081189665] [drone_home1.controller]: Going to [(29.639567, -82.361102)]: 9269817.34 meters
[controller-2] [INFO] [1744587804.177352462] [drone_home1.controller]: Bearing: 262.53°
[controller-2] [INFO] [1744587804.178262166] [drone_home1.controller]: Going to [(29.639567, -82.361102)]: 9269817.34 meters
[controller-2] [INFO] [1744587804.276578580] [drone_home1.controller]: Bearing: 262.53°
[controller-2] [INFO] [1744587804.277541052] [drone_home1.controller]: Going to [(29.639567, -82.361102)]: 9269817.34 meters
[controller-2] [INFO] [1744587804.377025636] [drone_home1.controller]: Bearing: 262.53°
[controller-2] [INFO] [1744587804.377961163] [drone_home1.controller]: Going to [(29.639567, -82.361102)]: 9269817.34 meters
[controller-2] [INFO] [1744587804.482148569] [drone_home1.controller]: Bearing: 262.53°
[controller-2] [INFO] [1744587804.483126049] [drone_home1.controller]: Going to [(29.639567, -82.361102)]: 9269817.34 meters
[controller-2] [INFO] [1744587804.577841186] [drone_home1.controller]: Bearing: 262.53°
[controller-2] [INFO] [1744587804.579052652] [drone_home1.controller]: Going to [(29.639567, -82.361102)]: 9269817.34 meters
[controller-2] [INFO] [1744587804.677641869] [drone_home1.controller]: Bearing: 262.53°
[controller-2] [INFO] [1744587804.678580885] [drone_home1.controller]: Going to [(29.639567, -82.361102)]: 9269817.34 meters
[controller-2] [INFO] [1744587804.776650929] [drone_home1.controller]: Bearing: 262.53°
[controller-2] [INFO] [1744587804.779665545] [drone_home1.controller]: Going to [(29.639567, -82.361102)]: 9269817.34 meters
[controller-2] [INFO] [1744587804.876695613] [drone_home1.controller]: Bearing: 262.53°
[controller-2] [INFO] [1744587804.877648453] [drone_home1.controller]: Going to [(29.639567, -82.361102)]: 9269817.34 meters
[controller-2] [INFO] [1744587804.976550984] [drone_home1.controller]: Bearing: 262.53°
[controller-2] [INFO] [1744587804.981623473] [drone_home1.controller]: Going to [(29.639567, -82.361102)]: 9269817.34 meters
[controller-2] [INFO] [1744587805.076680369] [drone_home1.controller]: Bearing: 262.53°
[controller-2] [INFO] [1744587805.077687321] [drone_home1.controller]: Going to [(29.639567, -82.361102)]: 9269817.34 meters
[controller-2] [INFO] [1744587805.176605610] [drone_home1.controller]: Bearing: 262.53°
[controller-2] [INFO] [1744587805.177852755] [drone_home1.controller]: Going to [(29.639567, -82.361102)]: 9269817.34 meters
[controller-2] [INFO] [1744587805.277097703] [drone_home1.controller]: Bearing: 262.53°
[controller-2] [INFO] [1744587805.278040718] [drone_home1.controller]: Going to [(29.639567, -82.361102)]: 9269817.34 meters
[controller-2] [INFO] [1744587805.376766110] [drone_home1.controller]: Bearing: 262.53°
[controller-2] [INFO] [1744587805.378313449] [drone_home1.controller]: Going to [(29.639567, -82.361102)]: 9269817.34 meters
[controller-2] [INFO] [1744587805.479650445] [drone_home1.controller]: Bearing: 262.53°
[controller-2] [INFO] [1744587805.480583604] [drone_home1.controller]: Going to [(29.639567, -82.361102)]: 9269817.34 meters
[controller-2] [INFO] [1744587805.577073715] [drone_home1.controller]: Bearing: 262.53°
[controller-2] [INFO] [1744587805.578043706] [drone_home1.controller]: Going to [(29.639567, -82.361102)]: 9269817.34 meters
[controller-2] [INFO] [1744587805.678211669] [drone_home1.controller]: Bearing: 262.53°
[controller-2] [INFO] [1744587805.679188636] [drone_home1.controller]: Going to [(29.639567, -82.361102)]: 9269817.34 meters
[controller-2] [INFO] [1744587805.778962484] [drone_home1.controller]: Bearing: 262.53°
[controller-2] [INFO] [1744587805.779882907] [drone_home1.controller]: Going to [(29.639567, -82.361102)]: 9269817.34 meters
[controller-2] [INFO] [1744587805.876842333] [drone_home1.controller]: Bearing: 262.53°
[controller-2] [INFO] [1744587805.877907621] [drone_home1.controller]: Going to [(29.639567, -82.361102)]: 9269817.34 meters
[controller-2] [INFO] [1744587805.976816598] [drone_home1.controller]: Bearing: 262.53°
[controller-2] [INFO] [1744587805.977863646] [drone_home1.controller]: Going to [(29.639567, -82.361102)]: 9269817.34 meters
[controller-2] [INFO] [1744587806.076943982] [drone_home1.controller]: Bearing: 262.53°
[controller-2] [INFO] [1744587806.078038038] [drone_home1.controller]: Going to [(29.639567, -82.361102)]: 9269817.34 meters
[controller-2] [INFO] [1744587806.176838743] [drone_home1.controller]: Bearing: 262.53°
[controller-2] [INFO] [1744587806.177823230] [drone_home1.controller]: Going to [(29.639567, -82.361102)]: 9269817.34 meters
[controller-2] [INFO] [1744587806.276654687] [drone_home1.controller]: Bearing: 262.53°
[controller-2] [INFO] [1744587806.278416140] [drone_home1.controller]: Going to [(29.639567, -82.361102)]: 9269817.34 meters
[controller-2] [INFO] [1744587806.376899243] [drone_home1.controller]: Bearing: 262.53°
[controller-2] [INFO] [1744587806.377823505] [drone_home1.controller]: Going to [(29.639567, -82.361102)]: 9269817.34 meters
[controller-2] [INFO] [1744587806.476855028] [drone_home1.controller]: Bearing: 262.53°
[controller-2] [INFO] [1744587806.477765755] [drone_home1.controller]: Going to [(29.639567, -82.361102)]: 9269817.34 meters
[controller-2] [INFO] [1744587806.576776189] [drone_home1.controller]: Bearing: 262.53°
[controller-2] [INFO] [1744587806.577704964] [drone_home1.controller]: Going to [(29.639567, -82.361102)]: 9269817.34 meters
[controller-2] [INFO] [1744587806.676669030] [drone_home1.controller]: Bearing: 262.53°
[controller-2] [INFO] [1744587806.677603789] [drone_home1.controller]: Going to [(29.639567, -82.361102)]: 9269817.34 meters
[controller-2] [INFO] [1744587806.777862329] [drone_home1.controller]: Bearing: 262.53°
[controller-2] [INFO] [1744587806.778730527] [drone_home1.controller]: Going to [(29.639567, -82.361102)]: 9269817.34 meters
[controller-2] [INFO] [1744587806.877259806] [drone_home1.controller]: Bearing: 262.53°
[controller-2] [INFO] [1744587806.878350278] [drone_home1.controller]: Going to [(29.639567, -82.361102)]: 9269817.34 meters
[controller-2] [INFO] [1744587806.976969894] [drone_home1.controller]: Bearing: 262.53°
[controller-2] [INFO] [1744587806.978336304] [drone_home1.controller]: Going to [(29.639567, -82.361102)]: 9269817.34 meters
[controller-2] [INFO] [1744587807.077049232] [drone_home1.controller]: Bearing: 262.53°
[controller-2] [INFO] [1744587807.078179576] [drone_home1.controller]: Going to [(29.639567, -82.361102)]: 9269817.34 meters
[controller-2] [INFO] [1744587807.176572554] [drone_home1.controller]: Bearing: 262.53°
[controller-2] [INFO] [1744587807.179964513] [drone_home1.controller]: Going to [(29.639567, -82.361102)]: 9269817.34 meters
[controller-2] [INFO] [1744587807.276731784] [drone_home1.controller]: Bearing: 262.53°
[controller-2] [INFO] [1744587807.277731663] [drone_home1.controller]: Going to [(29.639567, -82.361102)]: 9269817.34 meters
[controller-2] [INFO] [1744587807.376523876] [drone_home1.controller]: Bearing: 262.53°
[controller-2] [INFO] [1744587807.377501610] [drone_home1.controller]: Going to [(29.639567, -82.361102)]: 9269817.34 meters
[controller-2] [INFO] [1744587807.477601480] [drone_home1.controller]: Bearing: 262.53°
[controller-2] [INFO] [1744587807.479229939] [drone_home1.controller]: Going to [(29.639567, -82.361102)]: 9269817.34 meters
[controller-2] [INFO] [1744587807.576562814] [drone_home1.controller]: Bearing: 262.53°
[controller-2] [INFO] [1744587807.577537797] [drone_home1.controller]: Going to [(29.639567, -82.361102)]: 9269817.34 meters
[controller-2] [INFO] [1744587807.678165382] [drone_home1.controller]: Bearing: 262.53°
[controller-2] [INFO] [1744587807.680449173] [drone_home1.controller]: Going to [(29.639567, -82.361102)]: 9269817.34 meters
[controller-2] [INFO] [1744587807.777393822] [drone_home1.controller]: Bearing: 262.53°
[controller-2] [INFO] [1744587807.778308132] [drone_home1.controller]: Going to [(29.639567, -82.361102)]: 9269817.34 meters
[controller-2] [INFO] [1744587807.876813239] [drone_home1.controller]: Bearing: 262.53°
[controller-2] [INFO] [1744587807.877948959] [drone_home1.controller]: Going to [(29.639567, -82.361102)]: 9269817.34 meters
[controller-2] [INFO] [1744587807.977410105] [drone_home1.controller]: Bearing: 262.53°
[controller-2] [INFO] [1744587807.978441311] [drone_home1.controller]: Going to [(29.639567, -82.361102)]: 9269817.34 meters
[controller-2] [INFO] [1744587808.076925236] [drone_home1.controller]: Bearing: 262.53°
[controller-2] [INFO] [1744587808.077946651] [drone_home1.controller]: Going to [(29.639567, -82.361102)]: 9269817.34 meters
[controller-2] [INFO] [1744587808.176777191] [drone_home1.controller]: Bearing: 262.53°
[controller-2] [INFO] [1744587808.177704685] [drone_home1.controller]: Going to [(29.639567, -82.361102)]: 9269817.34 meters
[controller-2] [INFO] [1744587808.277615263] [drone_home1.controller]: Bearing: 262.53°
[controller-2] [INFO] [1744587808.278631110] [drone_home1.controller]: Going to [(29.639567, -82.361102)]: 9269817.34 meters
[controller-2] [INFO] [1744587808.378568281] [drone_home1.controller]: Bearing: 262.53°
[controller-2] [INFO] [1744587808.379586527] [drone_home1.controller]: Going to [(29.639567, -82.361102)]: 9269817.34 meters
[controller-2] [INFO] [1744587808.476700768] [drone_home1.controller]: Bearing: 262.53°
[controller-2] [INFO] [1744587808.478709837] [drone_home1.controller]: Going to [(29.639567, -82.361102)]: 9269817.34 meters
[controller-2] [INFO] [1744587808.577431576] [drone_home1.controller]: Bearing: 262.53°
[controller-2] [INFO] [1744587808.578982466] [drone_home1.controller]: Going to [(29.639567, -82.361102)]: 9269817.34 meters
[controller-2] [INFO] [1744587808.676642790] [drone_home1.controller]: Bearing: 262.53°
[controller-2] [INFO] [1744587808.677590764] [drone_home1.controller]: Going to [(29.639567, -82.361102)]: 9269817.34 meters
[controller-2] [INFO] [1744587808.777177021] [drone_home1.controller]: Bearing: 262.53°
[controller-2] [INFO] [1744587808.778432293] [drone_home1.controller]: Going to [(29.639567, -82.361102)]: 9269817.34 meters
[controller-2] [INFO] [1744587808.876869262] [drone_home1.controller]: Bearing: 262.53°
[controller-2] [INFO] [1744587808.877942869] [drone_home1.controller]: Going to [(29.639567, -82.361102)]: 9269817.34 meters
[controller-2] [INFO] [1744587808.976592032] [drone_home1.controller]: Bearing: 262.53°
[controller-2] [INFO] [1744587808.978102281] [drone_home1.controller]: Going to [(29.639567, -82.361102)]: 9269817.34 meters
[controller-2] [INFO] [1744587809.076714392] [drone_home1.controller]: Bearing: 262.53°
[controller-2] [INFO] [1744587809.079402248] [drone_home1.controller]: Going to [(29.639567, -82.361102)]: 9269817.34 meters
[controller-2] [INFO] [1744587809.176523939] [drone_home1.controller]: Bearing: 262.53°
[controller-2] [INFO] [1744587809.178168237] [drone_home1.controller]: Going to [(29.639567, -82.361102)]: 9269817.34 meters
[controller-2] [INFO] [1744587809.276504303] [drone_home1.controller]: Bearing: 262.53°
[controller-2] [INFO] [1744587809.277464789] [drone_home1.controller]: Going to [(29.639567, -82.361102)]: 9269817.34 meters
[controller-2] [INFO] [1744587809.377192991] [drone_home1.controller]: Bearing: 262.53°
[controller-2] [INFO] [1744587809.378123525] [drone_home1.controller]: Going to [(29.639567, -82.361102)]: 9269817.34 meters
[controller-2] [INFO] [1744587809.476609320] [drone_home1.controller]: Bearing: 262.53°
[controller-2] [INFO] [1744587809.478022768] [drone_home1.controller]: Going to [(29.639567, -82.361102)]: 9269817.34 meters
[controller-2] [INFO] [1744587809.576596212] [drone_home1.controller]: Bearing: 262.53°
[controller-2] [INFO] [1744587809.578194717] [drone_home1.controller]: Going to [(29.639567, -82.361102)]: 9269817.34 meters
[controller-2] [INFO] [1744587809.676858337] [drone_home1.controller]: Bearing: 262.53°
[controller-2] [INFO] [1744587809.677850183] [drone_home1.controller]: Going to [(29.639567, -82.361102)]: 9269817.34 meters
[controller-2] [INFO] [1744587809.777084623] [drone_home1.controller]: Bearing: 262.53°
[controller-2] [INFO] [1744587809.778123189] [drone_home1.controller]: Going to [(29.639567, -82.361102)]: 9269817.34 meters
[controller-2] [INFO] [1744587809.876639384] [drone_home1.controller]: Bearing: 262.53°
[controller-2] [INFO] [1744587809.877642142] [drone_home1.controller]: Going to [(29.639567, -82.361102)]: 9269817.34 meters
[controller-2] [INFO] [1744587809.976631972] [drone_home1.controller]: Bearing: 262.53°
[controller-2] [INFO] [1744587809.977867820] [drone_home1.controller]: Going to [(29.639567, -82.361102)]: 9269817.34 meters
[controller-2] [INFO] [1744587810.078477408] [drone_home1.controller]: Bearing: 262.53°
[controller-2] [INFO] [1744587810.079426566] [drone_home1.controller]: Going to [(29.639567, -82.361102)]: 9269817.34 meters
[controller-2] [INFO] [1744587810.176949183] [drone_home1.controller]: Bearing: 262.53°
[controller-2] [INFO] [1744587810.178481928] [drone_home1.controller]: Going to [(29.639567, -82.361102)]: 9269817.34 meters
[controller-2] [INFO] [1744587810.276795750] [drone_home1.controller]: Bearing: 262.53°
[controller-2] [INFO] [1744587810.277923916] [drone_home1.controller]: Going to [(29.639567, -82.361102)]: 9269817.34 meters
[controller-2] [INFO] [1744587810.378095796] [drone_home1.controller]: Bearing: 262.53°
[controller-2] [INFO] [1744587810.379105210] [drone_home1.controller]: Going to [(29.639567, -82.361102)]: 9269817.34 meters
[controller-2] [INFO] [1744587810.477757274] [drone_home1.controller]: Bearing: 262.53°
[controller-2] [INFO] [1744587810.480758986] [drone_home1.controller]: Going to [(29.639567, -82.361102)]: 9269817.34 meters
[controller-2] [INFO] [1744587810.577898658] [drone_home1.controller]: Bearing: 262.53°
[controller-2] [INFO] [1744587810.579759788] [drone_home1.controller]: Going to [(29.639567, -82.361102)]: 9269817.34 meters
[controller-2] [INFO] [1744587810.676567042] [drone_home1.controller]: Bearing: 262.53°
[controller-2] [INFO] [1744587810.677567207] [drone_home1.controller]: Going to [(29.639567, -82.361102)]: 9269817.34 meters
[controller-2] [INFO] [1744587810.781770438] [drone_home1.controller]: Bearing: 262.53°
[controller-2] [INFO] [1744587810.783294990] [drone_home1.controller]: Going to [(29.639567, -82.361102)]: 9269817.34 meters
[controller-2] [INFO] [1744587810.876659185] [drone_home1.controller]: Bearing: 262.53°
[controller-2] [INFO] [1744587810.877586230] [drone_home1.controller]: Going to [(29.639567, -82.361102)]: 9269817.34 meters
[controller-2] [INFO] [1744587810.976490519] [drone_home1.controller]: Bearing: 262.53°
[controller-2] [INFO] [1744587810.978936229] [drone_home1.controller]: Going to [(29.639567, -82.361102)]: 9269817.34 meters
[controller-2] [INFO] [1744587811.076541318] [drone_home1.controller]: Bearing: 262.53°
[controller-2] [INFO] [1744587811.077744525] [drone_home1.controller]: Going to [(29.639567, -82.361102)]: 9269817.34 meters
[controller-2] [INFO] [1744587811.176647500] [drone_home1.controller]: Bearing: 262.53°
[controller-2] [INFO] [1744587811.177615185] [drone_home1.controller]: Going to [(29.639567, -82.361102)]: 9269817.34 meters
[controller-2] [INFO] [1744587811.276627185] [drone_home1.controller]: Bearing: 262.53°
[controller-2] [INFO] [1744587811.277602934] [drone_home1.controller]: Going to [(29.639567, -82.361102)]: 9269817.34 meters
[controller-2] [INFO] [1744587811.376541269] [drone_home1.controller]: Bearing: 262.53°
[controller-2] [INFO] [1744587811.378127709] [drone_home1.controller]: Going to [(29.639567, -82.361102)]: 9269817.34 meters
[controller-2] [INFO] [1744587811.476547578] [drone_home1.controller]: Bearing: 262.53°
[controller-2] [INFO] [1744587811.477491999] [drone_home1.controller]: Going to [(29.639567, -82.361102)]: 9269817.34 meters
[controller-2] [INFO] [1744587811.578162887] [drone_home1.controller]: Bearing: 262.53°
[controller-2] [INFO] [1744587811.579082476] [drone_home1.controller]: Going to [(29.639567, -82.361102)]: 9269817.34 meters
[controller-2] [INFO] [1744587811.676620388] [drone_home1.controller]: Bearing: 262.53°
[controller-2] [INFO] [1744587811.677537737] [drone_home1.controller]: Going to [(29.639567, -82.361102)]: 9269817.34 meters
[controller-2] [INFO] [1744587811.776703049] [drone_home1.controller]: Bearing: 262.53°
[controller-2] [INFO] [1744587811.777679791] [drone_home1.controller]: Going to [(29.639567, -82.361102)]: 9269817.34 meters
[controller-2] [INFO] [1744587811.879116347] [drone_home1.controller]: Bearing: 262.53°
[controller-2] [INFO] [1744587811.880118304] [drone_home1.controller]: Going to [(29.639567, -82.361102)]: 9269817.34 meters
[controller-2] [INFO] [1744587811.976785588] [drone_home1.controller]: Bearing: 262.53°
[controller-2] [INFO] [1744587811.977906073] [drone_home1.controller]: Going to [(29.639567, -82.361102)]: 9269817.34 meters
[controller-2] [INFO] [1744587812.076745281] [drone_home1.controller]: Bearing: 262.53°
[controller-2] [INFO] [1744587812.078704619] [drone_home1.controller]: Going to [(29.639567, -82.361102)]: 9269817.34 meters
[controller-2] [INFO] [1744587812.176696486] [drone_home1.controller]: Bearing: 262.53°
[controller-2] [INFO] [1744587812.177783595] [drone_home1.controller]: Going to [(29.639567, -82.361102)]: 9269817.34 meters
[controller-2] [INFO] [1744587812.276532649] [drone_home1.controller]: Bearing: 262.53°
[controller-2] [INFO] [1744587812.277699983] [drone_home1.controller]: Going to [(29.639567, -82.361102)]: 9269817.34 meters
[controller-2] [INFO] [1744587812.376582414] [drone_home1.controller]: Bearing: 262.53°
[controller-2] [INFO] [1744587812.377631507] [drone_home1.controller]: Going to [(29.639567, -82.361102)]: 9269817.34 meters
[controller-2] [INFO] [1744587812.476543187] [drone_home1.controller]: Bearing: 262.53°
[controller-2] [INFO] [1744587812.477453655] [drone_home1.controller]: Going to [(29.639567, -82.361102)]: 9269817.34 meters
[controller-2] [INFO] [1744587812.576743128] [drone_home1.controller]: Bearing: 262.53°
[controller-2] [INFO] [1744587812.577712605] [drone_home1.controller]: Going to [(29.639567, -82.361102)]: 9269817.34 meters
[controller-2] [INFO] [1744587812.676693628] [drone_home1.controller]: Bearing: 262.53°
[controller-2] [INFO] [1744587812.678240964] [drone_home1.controller]: Going to [(29.639567, -82.361102)]: 9269817.34 meters
[controller-2] [INFO] [1744587812.776420288] [drone_home1.controller]: Bearing: 262.53°
[controller-2] [INFO] [1744587812.778824907] [drone_home1.controller]: Going to [(29.639567, -82.361102)]: 9269817.34 meters
[controller-2] [INFO] [1744587812.876612389] [drone_home1.controller]: Bearing: 262.53°
[controller-2] [INFO] [1744587812.877660490] [drone_home1.controller]: Going to [(29.639567, -82.361102)]: 9269817.34 meters
[controller-2] [INFO] [1744587812.977283437] [drone_home1.controller]: Bearing: 262.53°
[controller-2] [INFO] [1744587812.978195409] [drone_home1.controller]: Going to [(29.639567, -82.361102)]: 9269817.34 meters
[controller-2] [INFO] [1744587813.077684062] [drone_home1.controller]: Bearing: 262.53°
[controller-2] [INFO] [1744587813.079248325] [drone_home1.controller]: Going to [(29.639567, -82.361102)]: 9269817.34 meters
[controller-2] [INFO] [1744587813.176557631] [drone_home1.controller]: Bearing: 262.53°
[controller-2] [INFO] [1744587813.177524099] [drone_home1.controller]: Going to [(29.639567, -82.361102)]: 9269817.34 meters
[controller-2] [INFO] [1744587813.276737382] [drone_home1.controller]: Bearing: 262.53°
[controller-2] [INFO] [1744587813.277741162] [drone_home1.controller]: Going to [(29.639567, -82.361102)]: 9269817.34 meters
[controller-2] [INFO] [1744587813.376474923] [drone_home1.controller]: Bearing: 262.53°
[controller-2] [INFO] [1744587813.377398159] [drone_home1.controller]: Going to [(29.639567, -82.361102)]: 9269817.34 meters
[controller-2] [INFO] [1744587813.476510641] [drone_home1.controller]: Bearing: 262.53°
[controller-2] [INFO] [1744587813.477689655] [drone_home1.controller]: Going to [(29.639567, -82.361102)]: 9269817.34 meters
[controller-2] [INFO] [1744587813.576827161] [drone_home1.controller]: Bearing: 262.53°
[controller-2] [INFO] [1744587813.577759933] [drone_home1.controller]: Going to [(29.639567, -82.361102)]: 9269817.34 meters
[controller-2] [INFO] [1744587813.676544862] [drone_home1.controller]: Bearing: 262.53°
[controller-2] [INFO] [1744587813.677482626] [drone_home1.controller]: Going to [(29.639567, -82.361102)]: 9269817.34 meters
[controller-2] [INFO] [1744587813.776552164] [drone_home1.controller]: Bearing: 262.53°
[controller-2] [INFO] [1744587813.777471337] [drone_home1.controller]: Going to [(29.639567, -82.361102)]: 9269817.34 meters
[controller-2] [INFO] [1744587813.876503947] [drone_home1.controller]: Bearing: 262.53°
[controller-2] [INFO] [1744587813.877434735] [drone_home1.controller]: Going to [(29.639567, -82.361102)]: 9269817.34 meters
[controller-2] [INFO] [1744587813.976692178] [drone_home1.controller]: Bearing: 262.53°
[controller-2] [INFO] [1744587813.977634710] [drone_home1.controller]: Going to [(29.639567, -82.361102)]: 9269817.34 meters
[controller-2] [INFO] [1744587814.076493411] [drone_home1.controller]: Bearing: 262.53°
[controller-2] [INFO] [1744587814.079054638] [drone_home1.controller]: Going to [(29.639567, -82.361102)]: 9269817.34 meters
[controller-2] [INFO] [1744587814.176553805] [drone_home1.controller]: Bearing: 262.53°
[controller-2] [INFO] [1744587814.177771538] [drone_home1.controller]: Going to [(29.639567, -82.361102)]: 9269817.34 meters
[controller-2] [INFO] [1744587814.276518263] [drone_home1.controller]: Bearing: 262.53°
[controller-2] [INFO] [1744587814.277608763] [drone_home1.controller]: Going to [(29.639567, -82.361102)]: 9269817.34 meters
[controller-2] [INFO] [1744587814.376681825] [drone_home1.controller]: Bearing: 262.53°
[controller-2] [INFO] [1744587814.377658021] [drone_home1.controller]: Going to [(29.639567, -82.361102)]: 9269817.34 meters
[controller-2] [INFO] [1744587814.480030905] [drone_home1.controller]: Bearing: 262.53°
[controller-2] [INFO] [1744587814.480992702] [drone_home1.controller]: Going to [(29.639567, -82.361102)]: 9269817.34 meters
[controller-2] [INFO] [1744587814.578922111] [drone_home1.controller]: Bearing: 262.53°
[controller-2] [INFO] [1744587814.582721135] [drone_home1.controller]: Going to [(29.639567, -82.361102)]: 9269817.34 meters
[controller-2] [INFO] [1744587814.676798335] [drone_home1.controller]: Bearing: 262.53°
[controller-2] [INFO] [1744587814.677762980] [drone_home1.controller]: Going to [(29.639567, -82.361102)]: 9269817.34 meters
[controller-2] [INFO] [1744587814.776710281] [drone_home1.controller]: Bearing: 262.53°
[controller-2] [INFO] [1744587814.778660145] [drone_home1.controller]: Going to [(29.639567, -82.361102)]: 9269817.34 meters
[controller-2] [INFO] [1744587814.876448658] [drone_home1.controller]: Bearing: 262.53°
[controller-2] [INFO] [1744587814.877477366] [drone_home1.controller]: Going to [(29.639567, -82.361102)]: 9269817.34 meters
[controller-2] [INFO] [1744587814.976824893] [drone_home1.controller]: Bearing: 262.53°
[controller-2] [INFO] [1744587814.977971234] [drone_home1.controller]: Going to [(29.639567, -82.361102)]: 9269817.34 meters
[controller-2] [INFO] [1744587815.076719092] [drone_home1.controller]: Bearing: 262.53°
[controller-2] [INFO] [1744587815.078046489] [drone_home1.controller]: Going to [(29.639567, -82.361102)]: 9269817.34 meters
[controller-2] [INFO] [1744587815.178639019] [drone_home1.controller]: Bearing: 262.53°
[controller-2] [INFO] [1744587815.180924980] [drone_home1.controller]: Going to [(29.639567, -82.361102)]: 9269817.34 meters
[controller-2] [INFO] [1744587815.276491697] [drone_home1.controller]: Bearing: 262.53°
[controller-2] [INFO] [1744587815.277433269] [drone_home1.controller]: Going to [(29.639567, -82.361102)]: 9269817.34 meters
[controller-2] [INFO] [1744587815.376631265] [drone_home1.controller]: Bearing: 262.53°
[controller-2] [INFO] [1744587815.377546757] [drone_home1.controller]: Going to [(29.639567, -82.361102)]: 9269817.34 meters
[controller-2] [INFO] [1744587815.476565904] [drone_home1.controller]: Bearing: 262.53°
[controller-2] [INFO] [1744587815.480321887] [drone_home1.controller]: Going to [(29.639567, -82.361102)]: 9269817.34 meters
[controller-2] [INFO] [1744587815.576550399] [drone_home1.controller]: Bearing: 262.53°
[controller-2] [INFO] [1744587815.578369383] [drone_home1.controller]: Going to [(29.639567, -82.361102)]: 9269817.34 meters
[controller-2] [INFO] [1744587815.676468974] [drone_home1.controller]: Bearing: 262.53°
[controller-2] [INFO] [1744587815.677564371] [drone_home1.controller]: Going to [(29.639567, -82.361102)]: 9269817.34 meters
[controller-2] [INFO] [1744587815.776621310] [drone_home1.controller]: Bearing: 262.53°
[controller-2] [INFO] [1744587815.777586082] [drone_home1.controller]: Going to [(29.639567, -82.361102)]: 9269817.34 meters
[controller-2] [INFO] [1744587815.876514445] [drone_home1.controller]: Bearing: 262.53°
[controller-2] [INFO] [1744587815.879336056] [drone_home1.controller]: Going to [(29.639567, -82.361102)]: 9269817.34 meters
[controller-2] [INFO] [1744587815.976535644] [drone_home1.controller]: Bearing: 262.53°
[controller-2] [INFO] [1744587815.979236039] [drone_home1.controller]: Going to [(29.639567, -82.361102)]: 9269817.34 meters
[controller-2] [INFO] [1744587816.076535162] [drone_home1.controller]: Bearing: 262.53°
[controller-2] [INFO] [1744587816.077452541] [drone_home1.controller]: Going to [(29.639567, -82.361102)]: 9269817.34 meters
[controller-2] [INFO] [1744587816.176515440] [drone_home1.controller]: Bearing: 262.53°
[controller-2] [INFO] [1744587816.177429140] [drone_home1.controller]: Going to [(29.639567, -82.361102)]: 9269817.34 meters
[controller-2] [INFO] [1744587816.277483594] [drone_home1.controller]: Bearing: 262.53°
[controller-2] [INFO] [1744587816.279029584] [drone_home1.controller]: Going to [(29.639567, -82.361102)]: 9269817.34 meters
[controller-2] [INFO] [1744587816.377410272] [drone_home1.controller]: Bearing: 262.53°
[controller-2] [INFO] [1744587816.378963846] [drone_home1.controller]: Going to [(29.639567, -82.361102)]: 9269817.34 meters
[controller-2] [INFO] [1744587816.477227478] [drone_home1.controller]: Bearing: 262.53°
[controller-2] [INFO] [1744587816.478108761] [drone_home1.controller]: Going to [(29.639567, -82.361102)]: 9269817.34 meters
[controller-2] [INFO] [1744587816.576495433] [drone_home1.controller]: Bearing: 262.53°
[controller-2] [INFO] [1744587816.577422829] [drone_home1.controller]: Going to [(29.639567, -82.361102)]: 9269817.34 meters
[controller-2] [INFO] [1744587816.676436959] [drone_home1.controller]: Bearing: 262.53°
[controller-2] [INFO] [1744587816.677376995] [drone_home1.controller]: Going to [(29.639567, -82.361102)]: 9269817.34 meters
[controller-2] [INFO] [1744587816.776545750] [drone_home1.controller]: Bearing: 262.53°
[controller-2] [INFO] [1744587816.778208508] [drone_home1.controller]: Going to [(29.639567, -82.361102)]: 9269817.34 meters
[controller-2] [INFO] [1744587816.877382160] [drone_home1.controller]: Bearing: 262.53°
[controller-2] [INFO] [1744587816.878907381] [drone_home1.controller]: Going to [(29.639567, -82.361102)]: 9269817.34 meters
[controller-2] [INFO] [1744587816.976506275] [drone_home1.controller]: Bearing: 262.53°
[controller-2] [INFO] [1744587816.977450086] [drone_home1.controller]: Going to [(29.639567, -82.361102)]: 9269817.34 meters
[controller-2] [INFO] [1744587817.076504968] [drone_home1.controller]: Bearing: 262.53°
[controller-2] [INFO] [1744587817.077440140] [drone_home1.controller]: Going to [(29.639567, -82.361102)]: 9269817.34 meters
[controller-2] [INFO] [1744587817.176618632] [drone_home1.controller]: Bearing: 262.53°
[controller-2] [INFO] [1744587817.177644587] [drone_home1.controller]: Going to [(29.639567, -82.361102)]: 9269817.34 meters
[controller-2] [INFO] [1744587817.276551206] [drone_home1.controller]: Bearing: 262.53°
[controller-2] [INFO] [1744587817.277573130] [drone_home1.controller]: Going to [(29.639567, -82.361102)]: 9269817.34 meters
[controller-2] [INFO] [1744587817.376442853] [drone_home1.controller]: Bearing: 262.53°
[controller-2] [INFO] [1744587817.377392232] [drone_home1.controller]: Going to [(29.639567, -82.361102)]: 9269817.34 meters
[controller-2] [INFO] [1744587817.476576676] [drone_home1.controller]: Bearing: 262.53°
[controller-2] [INFO] [1744587817.477584808] [drone_home1.controller]: Going to [(29.639567, -82.361102)]: 9269817.34 meters
[controller-2] [INFO] [1744587817.576501923] [drone_home1.controller]: Bearing: 262.53°
[controller-2] [INFO] [1744587817.577462470] [drone_home1.controller]: Going to [(29.639567, -82.361102)]: 9269817.34 meters
[controller-2] [INFO] [1744587817.676555266] [drone_home1.controller]: Bearing: 262.53°
[controller-2] [INFO] [1744587817.677737862] [drone_home1.controller]: Going to [(29.639567, -82.361102)]: 9269817.34 meters
[controller-2] [INFO] [1744587817.776576769] [drone_home1.controller]: Bearing: 262.53°
[controller-2] [INFO] [1744587817.777945926] [drone_home1.controller]: Going to [(29.639567, -82.361102)]: 9269817.34 meters
[controller-2] [INFO] [1744587817.876443904] [drone_home1.controller]: Bearing: 262.53°
[controller-2] [INFO] [1744587817.878692039] [drone_home1.controller]: Going to [(29.639567, -82.361102)]: 9269817.34 meters
[controller-2] [INFO] [1744587817.977389346] [drone_home1.controller]: Bearing: 262.53°
[controller-2] [INFO] [1744587817.979643434] [drone_home1.controller]: Going to [(29.639567, -82.361102)]: 9269817.34 meters
[controller-2] [INFO] [1744587818.076709903] [drone_home1.controller]: Bearing: 262.53°
[controller-2] [INFO] [1744587818.078970486] [drone_home1.controller]: Going to [(29.639567, -82.361102)]: 9269817.34 meters
[controller-2] [INFO] [1744587818.177203065] [drone_home1.controller]: Bearing: 262.53°
[controller-2] [INFO] [1744587818.178061660] [drone_home1.controller]: Going to [(29.639567, -82.361102)]: 9269817.34 meters
[controller-2] [INFO] [1744587818.277450115] [drone_home1.controller]: Bearing: 262.53°
[controller-2] [INFO] [1744587818.278328070] [drone_home1.controller]: Going to [(29.639567, -82.361102)]: 9269817.34 meters
[controller-2] [INFO] [1744587818.376451625] [drone_home1.controller]: Bearing: 262.53°
[controller-2] [INFO] [1744587818.377506540] [drone_home1.controller]: Going to [(29.639567, -82.361102)]: 9269817.34 meters
[controller-2] [INFO] [1744587818.476807635] [drone_home1.controller]: Bearing: 262.53°
[controller-2] [INFO] [1744587818.477984183] [drone_home1.controller]: Going to [(29.639567, -82.361102)]: 9269817.34 meters
[controller-2] [INFO] [1744587818.577378366] [drone_home1.controller]: Bearing: 262.53°
[controller-2] [INFO] [1744587818.578264801] [drone_home1.controller]: Going to [(29.639567, -82.361102)]: 9269817.34 meters
[controller-2] [INFO] [1744587818.677088646] [drone_home1.controller]: Bearing: 262.53°
[controller-2] [INFO] [1744587818.679720303] [drone_home1.controller]: Going to [(29.639567, -82.361102)]: 9269817.34 meters
[controller-2] [INFO] [1744587818.777114351] [drone_home1.controller]: Bearing: 262.53°
[controller-2] [INFO] [1744587818.777988626] [drone_home1.controller]: Going to [(29.639567, -82.361102)]: 9269817.34 meters
[controller-2] [INFO] [1744587818.877479577] [drone_home1.controller]: Bearing: 262.53°
[controller-2] [INFO] [1744587818.878345916] [drone_home1.controller]: Going to [(29.639567, -82.361102)]: 9269817.34 meters
[controller-2] [INFO] [1744587818.977162913] [drone_home1.controller]: Bearing: 262.53°
[controller-2] [INFO] [1744587818.978038212] [drone_home1.controller]: Going to [(29.639567, -82.361102)]: 9269817.34 meters
[controller-2] [INFO] [1744587819.076929627] [drone_home1.controller]: Bearing: 262.53°
[controller-2] [INFO] [1744587819.077828541] [drone_home1.controller]: Going to [(29.639567, -82.361102)]: 9269817.34 meters
[controller-2] [INFO] [1744587819.177214256] [drone_home1.controller]: Bearing: 262.53°
[controller-2] [INFO] [1744587819.178075411] [drone_home1.controller]: Going to [(29.639567, -82.361102)]: 9269817.34 meters
[controller-2] [INFO] [1744587819.277125284] [drone_home1.controller]: Bearing: 262.53°
[controller-2] [INFO] [1744587819.278076487] [drone_home1.controller]: Going to [(29.639567, -82.361102)]: 9269817.34 meters
[controller-2] [INFO] [1744587819.376650039] [drone_home1.controller]: Bearing: 262.53°
[controller-2] [INFO] [1744587819.377704218] [drone_home1.controller]: Going to [(29.639567, -82.361102)]: 9269817.34 meters
[controller-2] [INFO] [1744587819.478880146] [drone_home1.controller]: Bearing: 262.53°
[controller-2] [INFO] [1744587819.479819189] [drone_home1.controller]: Going to [(29.639567, -82.361102)]: 9269817.34 meters
[controller-2] [INFO] [1744587819.576395871] [drone_home1.controller]: Bearing: 262.53°
[controller-2] [INFO] [1744587819.577280226] [drone_home1.controller]: Going to [(29.639567, -82.361102)]: 9269817.34 meters
[controller-2] [INFO] [1744587819.676454036] [drone_home1.controller]: Bearing: 262.53°
[controller-2] [INFO] [1744587819.677353046] [drone_home1.controller]: Going to [(29.639567, -82.361102)]: 9269817.34 meters
[controller-2] [INFO] [1744587819.776454504] [drone_home1.controller]: Bearing: 262.53°
[controller-2] [INFO] [1744587819.777412619] [drone_home1.controller]: Going to [(29.639567, -82.361102)]: 9269817.34 meters
[controller-2] [INFO] [1744587819.876511069] [drone_home1.controller]: Bearing: 262.53°
[controller-2] [INFO] [1744587819.877430688] [drone_home1.controller]: Going to [(29.639567, -82.361102)]: 9269817.34 meters
[controller-2] [INFO] [1744587819.976593329] [drone_home1.controller]: Bearing: 262.53°
[controller-2] [INFO] [1744587819.977562452] [drone_home1.controller]: Going to [(29.639567, -82.361102)]: 9269817.34 meters
[controller-2] [INFO] [1744587820.076663800] [drone_home1.controller]: Bearing: 262.53°
[controller-2] [INFO] [1744587820.077862876] [drone_home1.controller]: Going to [(29.639567, -82.361102)]: 9269817.34 meters
[controller-2] [INFO] [1744587820.176783034] [drone_home1.controller]: Bearing: 262.53°
[controller-2] [INFO] [1744587820.177740349] [drone_home1.controller]: Going to [(29.639567, -82.361102)]: 9269817.34 meters
[controller-2] [INFO] [1744587820.276552794] [drone_home1.controller]: Bearing: 262.53°
[controller-2] [INFO] [1744587820.277674398] [drone_home1.controller]: Going to [(29.639567, -82.361102)]: 9269817.34 meters
[controller-2] [INFO] [1744587820.376463739] [drone_home1.controller]: Bearing: 262.53°
[controller-2] [INFO] [1744587820.377635615] [drone_home1.controller]: Going to [(29.639567, -82.361102)]: 9269817.34 meters
[controller-2] [INFO] [1744587820.476511420] [drone_home1.controller]: Bearing: 262.53°
[controller-2] [INFO] [1744587820.477436831] [drone_home1.controller]: Going to [(29.639567, -82.361102)]: 9269817.34 meters
[controller-2] [INFO] [1744587820.576561502] [drone_home1.controller]: Bearing: 262.53°
[controller-2] [INFO] [1744587820.577544769] [drone_home1.controller]: Going to [(29.639567, -82.361102)]: 9269817.34 meters
[controller-2] [INFO] [1744587820.679866697] [drone_home1.controller]: Bearing: 262.53°
[controller-2] [INFO] [1744587820.680986636] [drone_home1.controller]: Going to [(29.639567, -82.361102)]: 9269817.34 meters
[controller-2] [INFO] [1744587820.777034081] [drone_home1.controller]: Bearing: 262.53°
[controller-2] [INFO] [1744587820.777988676] [drone_home1.controller]: Going to [(29.639567, -82.361102)]: 9269817.34 meters
[controller-2] [INFO] [1744587820.876807042] [drone_home1.controller]: Bearing: 262.53°
[controller-2] [INFO] [1744587820.878413927] [drone_home1.controller]: Going to [(29.639567, -82.361102)]: 9269817.34 meters
[controller-2] [INFO] [1744587820.977537381] [drone_home1.controller]: Bearing: 262.53°
[controller-2] [INFO] [1744587820.978404296] [drone_home1.controller]: Going to [(29.639567, -82.361102)]: 9269817.34 meters
[controller-2] [INFO] [1744587821.077114904] [drone_home1.controller]: Bearing: 262.53°
[controller-2] [INFO] [1744587821.078355036] [drone_home1.controller]: Going to [(29.639567, -82.361102)]: 9269817.34 meters
[controller-2] [INFO] [1744587821.179184621] [drone_home1.controller]: Bearing: 262.53°
[controller-2] [INFO] [1744587821.180302672] [drone_home1.controller]: Going to [(29.639567, -82.361102)]: 9269817.34 meters
[controller-2] [INFO] [1744587821.277530615] [drone_home1.controller]: Bearing: 262.53°
[controller-2] [INFO] [1744587821.278399546] [drone_home1.controller]: Going to [(29.639567, -82.361102)]: 9269817.34 meters
[controller-2] [INFO] [1744587821.376716260] [drone_home1.controller]: Bearing: 262.53°
[controller-2] [INFO] [1744587821.377635303] [drone_home1.controller]: Going to [(29.639567, -82.361102)]: 9269817.34 meters
[controller-2] [INFO] [1744587821.481016159] [drone_home1.controller]: Bearing: 262.53°
[controller-2] [INFO] [1744587821.481954274] [drone_home1.controller]: Going to [(29.639567, -82.361102)]: 9269817.34 meters
[controller-2] [INFO] [1744587821.580174796] [drone_home1.controller]: Bearing: 262.53°
[controller-2] [INFO] [1744587821.582761331] [drone_home1.controller]: Going to [(29.639567, -82.361102)]: 9269817.34 meters
[controller-2] [INFO] [1744587821.676595025] [drone_home1.controller]: Bearing: 262.53°
[controller-2] [INFO] [1744587821.679839194] [drone_home1.controller]: Going to [(29.639567, -82.361102)]: 9269817.34 meters
[controller-2] [INFO] [1744587821.779858761] [drone_home1.controller]: Bearing: 262.53°
[controller-2] [INFO] [1744587821.781726670] [drone_home1.controller]: Going to [(29.639567, -82.361102)]: 9269817.34 meters
[controller-2] [INFO] [1744587821.876474447] [drone_home1.controller]: Bearing: 262.53°
[controller-2] [INFO] [1744587821.878893942] [drone_home1.controller]: Going to [(29.639567, -82.361102)]: 9269817.34 meters
[controller-2] [INFO] [1744587821.976476638] [drone_home1.controller]: Bearing: 262.53°
[controller-2] [INFO] [1744587821.979124773] [drone_home1.controller]: Going to [(29.639567, -82.361102)]: 9269817.34 meters
[controller-2] [INFO] [1744587822.076472641] [drone_home1.controller]: Bearing: 262.53°
[controller-2] [INFO] [1744587822.077411268] [drone_home1.controller]: Going to [(29.639567, -82.361102)]: 9269817.34 meters
[controller-2] [INFO] [1744587822.176954401] [drone_home1.controller]: Bearing: 262.53°
[controller-2] [INFO] [1744587822.177808259] [drone_home1.controller]: Going to [(29.639567, -82.361102)]: 9269817.34 meters
[controller-2] [INFO] [1744587822.276867326] [drone_home1.controller]: Bearing: 262.53°
[controller-2] [INFO] [1744587822.277798273] [drone_home1.controller]: Going to [(29.639567, -82.361102)]: 9269817.34 meters
[controller-2] [INFO] [1744587822.379649700] [drone_home1.controller]: Bearing: 262.53°
[controller-2] [INFO] [1744587822.380570438] [drone_home1.controller]: Going to [(29.639567, -82.361102)]: 9269817.34 meters
[controller-2] [INFO] [1744587822.478548127] [drone_home1.controller]: Bearing: 262.53°
[controller-2] [INFO] [1744587822.479466657] [drone_home1.controller]: Going to [(29.639567, -82.361102)]: 9269817.34 meters
[controller-2] [INFO] [1744587822.576764441] [drone_home1.controller]: Bearing: 262.53°
[controller-2] [INFO] [1744587822.577704379] [drone_home1.controller]: Going to [(29.639567, -82.361102)]: 9269817.34 meters
[controller-2] [INFO] [1744587822.676882967] [drone_home1.controller]: Bearing: 262.53°
[controller-2] [INFO] [1744587822.678234235] [drone_home1.controller]: Going to [(29.639567, -82.361102)]: 9269817.34 meters
[controller-2] [INFO] [1744587822.776503508] [drone_home1.controller]: Bearing: 262.53°
[controller-2] [INFO] [1744587822.777433207] [drone_home1.controller]: Going to [(29.639567, -82.361102)]: 9269817.34 meters
[controller-2] [INFO] [1744587822.876477650] [drone_home1.controller]: Bearing: 262.53°
[controller-2] [INFO] [1744587822.877407893] [drone_home1.controller]: Going to [(29.639567, -82.361102)]: 9269817.34 meters
[controller-2] [INFO] [1744587822.976623249] [drone_home1.controller]: Bearing: 262.53°
[controller-2] [INFO] [1744587822.977554355] [drone_home1.controller]: Going to [(29.639567, -82.361102)]: 9269817.34 meters
[controller-2] [INFO] [1744587823.076527459] [drone_home1.controller]: Bearing: 262.53°
[controller-2] [INFO] [1744587823.077483430] [drone_home1.controller]: Going to [(29.639567, -82.361102)]: 9269817.34 meters
[controller-2] [INFO] [1744587823.176693714] [drone_home1.controller]: Bearing: 262.53°
[controller-2] [INFO] [1744587823.177885397] [drone_home1.controller]: Going to [(29.639567, -82.361102)]: 9269817.34 meters
[controller-2] [INFO] [1744587823.280336073] [drone_home1.controller]: Bearing: 262.53°
[controller-2] [INFO] [1744587823.281296555] [drone_home1.controller]: Going to [(29.639567, -82.361102)]: 9269817.34 meters
[controller-2] [INFO] [1744587823.376540110] [drone_home1.controller]: Bearing: 262.53°
[controller-2] [INFO] [1744587823.377448848] [drone_home1.controller]: Going to [(29.639567, -82.361102)]: 9269817.34 meters
[controller-2] [INFO] [1744587823.476461116] [drone_home1.controller]: Bearing: 262.53°
[controller-2] [INFO] [1744587823.477482015] [drone_home1.controller]: Going to [(29.639567, -82.361102)]: 9269817.34 meters
[controller-2] [INFO] [1744587823.576646187] [drone_home1.controller]: Bearing: 262.53°
[controller-2] [INFO] [1744587823.579206417] [drone_home1.controller]: Going to [(29.639567, -82.361102)]: 9269817.34 meters
[controller-2] [INFO] [1744587823.677496123] [drone_home1.controller]: Bearing: 262.53°
[controller-2] [INFO] [1744587823.679057855] [drone_home1.controller]: Going to [(29.639567, -82.361102)]: 9269817.34 meters
[controller-2] [INFO] [1744587823.777416489] [drone_home1.controller]: Bearing: 262.53°
[controller-2] [INFO] [1744587823.778965325] [drone_home1.controller]: Going to [(29.639567, -82.361102)]: 9269817.34 meters
[controller-2] [INFO] [1744587823.877537912] [drone_home1.controller]: Bearing: 262.53°
[controller-2] [INFO] [1744587823.878740027] [drone_home1.controller]: Going to [(29.639567, -82.361102)]: 9269817.34 meters
[controller-2] [INFO] [1744587823.977437318] [drone_home1.controller]: Bearing: 262.53°
[controller-2] [INFO] [1744587823.979006058] [drone_home1.controller]: Going to [(29.639567, -82.361102)]: 9269817.34 meters
[controller-2] [INFO] [1744587824.076616904] [drone_home1.controller]: Bearing: 262.53°
[controller-2] [INFO] [1744587824.077583050] [drone_home1.controller]: Going to [(29.639567, -82.361102)]: 9269817.34 meters
[controller-2] [INFO] [1744587824.176529799] [drone_home1.controller]: Bearing: 262.53°
[controller-2] [INFO] [1744587824.177453897] [drone_home1.controller]: Going to [(29.639567, -82.361102)]: 9269817.34 meters
[controller-2] [INFO] [1744587824.276440646] [drone_home1.controller]: Bearing: 262.53°
[controller-2] [INFO] [1744587824.277358216] [drone_home1.controller]: Going to [(29.639567, -82.361102)]: 9269817.34 meters
[controller-2] [INFO] [1744587824.376818534] [drone_home1.controller]: Bearing: 262.53°
[controller-2] [INFO] [1744587824.378396458] [drone_home1.controller]: Going to [(29.639567, -82.361102)]: 9269817.34 meters
[controller-2] [INFO] [1744587824.476480901] [drone_home1.controller]: Bearing: 262.53°
[controller-2] [INFO] [1744587824.478669482] [drone_home1.controller]: Going to [(29.639567, -82.361102)]: 9269817.34 meters
[controller-2] [INFO] [1744587824.576493828] [drone_home1.controller]: Bearing: 262.53°
[controller-2] [INFO] [1744587824.577549126] [drone_home1.controller]: Going to [(29.639567, -82.361102)]: 9269817.34 meters
[controller-2] [INFO] [1744587824.677565158] [drone_home1.controller]: Bearing: 262.53°
[controller-2] [INFO] [1744587824.679879915] [drone_home1.controller]: Going to [(29.639567, -82.361102)]: 9269817.34 meters
[controller-2] [INFO] [1744587824.777318501] [drone_home1.controller]: Bearing: 262.53°
[controller-2] [INFO] [1744587824.778831080] [drone_home1.controller]: Going to [(29.639567, -82.361102)]: 9269817.34 meters
[controller-2] [INFO] [1744587824.877315268] [drone_home1.controller]: Bearing: 262.53°
[controller-2] [INFO] [1744587824.878908392] [drone_home1.controller]: Going to [(29.639567, -82.361102)]: 9269817.34 meters
[controller-2] [INFO] [1744587824.977349955] [drone_home1.controller]: Bearing: 262.53°
[controller-2] [INFO] [1744587824.978914279] [drone_home1.controller]: Going to [(29.639567, -82.361102)]: 9269817.34 meters
[controller-2] [INFO] [1744587825.077365945] [drone_home1.controller]: Bearing: 262.53°
[controller-2] [INFO] [1744587825.078908732] [drone_home1.controller]: Going to [(29.639567, -82.361102)]: 9269817.34 meters
[controller-2] [INFO] [1744587825.177486122] [drone_home1.controller]: Bearing: 262.53°
[controller-2] [INFO] [1744587825.179066478] [drone_home1.controller]: Going to [(29.639567, -82.361102)]: 9269817.34 meters
[controller-2] [INFO] [1744587825.276837627] [drone_home1.controller]: Bearing: 262.53°
[controller-2] [INFO] [1744587825.277970877] [drone_home1.controller]: Going to [(29.639567, -82.361102)]: 9269817.34 meters
[controller-2] [INFO] [1744587825.376793068] [drone_home1.controller]: Bearing: 262.53°
[controller-2] [INFO] [1744587825.377895758] [drone_home1.controller]: Going to [(29.639567, -82.361102)]: 9269817.34 meters
[controller-2] [INFO] [1744587825.477230174] [drone_home1.controller]: Bearing: 262.53°
[controller-2] [INFO] [1744587825.478110816] [drone_home1.controller]: Going to [(29.639567, -82.361102)]: 9269817.34 meters
[controller-2] [INFO] [1744587825.577225232] [drone_home1.controller]: Bearing: 262.53°
[controller-2] [INFO] [1744587825.578100657] [drone_home1.controller]: Going to [(29.639567, -82.361102)]: 9269817.34 meters
[controller-2] [INFO] [1744587825.677244641] [drone_home1.controller]: Bearing: 262.53°
[controller-2] [INFO] [1744587825.678118659] [drone_home1.controller]: Going to [(29.639567, -82.361102)]: 9269817.34 meters
[controller-2] [INFO] [1744587825.777205810] [drone_home1.controller]: Bearing: 262.53°
[controller-2] [INFO] [1744587825.778092756] [drone_home1.controller]: Going to [(29.639567, -82.361102)]: 9269817.34 meters
[controller-2] [INFO] [1744587825.877473892] [drone_home1.controller]: Bearing: 262.53°
[controller-2] [INFO] [1744587825.878356774] [drone_home1.controller]: Going to [(29.639567, -82.361102)]: 9269817.34 meters
[controller-2] [INFO] [1744587825.976581428] [drone_home1.controller]: Bearing: 262.53°
[controller-2] [INFO] [1744587825.977547222] [drone_home1.controller]: Going to [(29.639567, -82.361102)]: 9269817.34 meters
[controller-2] [INFO] [1744587826.076564764] [drone_home1.controller]: Bearing: 262.53°
[controller-2] [INFO] [1744587826.078070687] [drone_home1.controller]: Going to [(29.639567, -82.361102)]: 9269817.34 meters
[controller-2] [INFO] [1744587826.176938529] [drone_home1.controller]: Bearing: 262.53°
[controller-2] [INFO] [1744587826.177904067] [drone_home1.controller]: Going to [(29.639567, -82.361102)]: 9269817.34 meters
[controller-2] [INFO] [1744587826.277430758] [drone_home1.controller]: Bearing: 262.53°
[controller-2] [INFO] [1744587826.278664265] [drone_home1.controller]: Going to [(29.639567, -82.361102)]: 9269817.34 meters
[controller-2] [INFO] [1744587826.377252810] [drone_home1.controller]: Bearing: 262.53°
[controller-2] [INFO] [1744587826.378129292] [drone_home1.controller]: Going to [(29.639567, -82.361102)]: 9269817.34 meters
[controller-2] [INFO] [1744587826.477206382] [drone_home1.controller]: Bearing: 262.53°
[controller-2] [INFO] [1744587826.478069776] [drone_home1.controller]: Going to [(29.639567, -82.361102)]: 9269817.34 meters
[controller-2] [INFO] [1744587826.576483057] [drone_home1.controller]: Bearing: 262.53°
[controller-2] [INFO] [1744587826.577928692] [drone_home1.controller]: Going to [(29.639567, -82.361102)]: 9269817.34 meters
[controller-2] [INFO] [1744587826.677217943] [drone_home1.controller]: Bearing: 262.53°
[controller-2] [INFO] [1744587826.678081049] [drone_home1.controller]: Going to [(29.639567, -82.361102)]: 9269817.34 meters
[controller-2] [INFO] [1744587826.777219963] [drone_home1.controller]: Bearing: 262.53°
[controller-2] [INFO] [1744587826.778091869] [drone_home1.controller]: Going to [(29.639567, -82.361102)]: 9269817.34 meters
[controller-2] [INFO] [1744587826.877168320] [drone_home1.controller]: Bearing: 262.53°
[controller-2] [INFO] [1744587826.878064417] [drone_home1.controller]: Going to [(29.639567, -82.361102)]: 9269817.34 meters
[controller-2] [INFO] [1744587826.977192708] [drone_home1.controller]: Bearing: 262.53°
[controller-2] [INFO] [1744587826.978077190] [drone_home1.controller]: Going to [(29.639567, -82.361102)]: 9269817.34 meters
[controller-2] [INFO] [1744587827.077150303] [drone_home1.controller]: Bearing: 262.53°
[controller-2] [INFO] [1744587827.078024033] [drone_home1.controller]: Going to [(29.639567, -82.361102)]: 9269817.34 meters
[controller-2] [INFO] [1744587827.176590934] [drone_home1.controller]: Bearing: 262.53°
[controller-2] [INFO] [1744587827.180106397] [drone_home1.controller]: Going to [(29.639567, -82.361102)]: 9269817.34 meters
[controller-2] [INFO] [1744587827.276495534] [drone_home1.controller]: Bearing: 262.53°
[controller-2] [INFO] [1744587827.277416464] [drone_home1.controller]: Going to [(29.639567, -82.361102)]: 9269817.34 meters
[controller-2] [INFO] [1744587827.377561032] [drone_home1.controller]: Bearing: 262.53°
[controller-2] [INFO] [1744587827.378500842] [drone_home1.controller]: Going to [(29.639567, -82.361102)]: 9269817.34 meters
[controller-2] [INFO] [1744587827.480642022] [drone_home1.controller]: Bearing: 262.53°
[controller-2] [INFO] [1744587827.482243849] [drone_home1.controller]: Going to [(29.639567, -82.361102)]: 9269817.34 meters
[controller-2] [INFO] [1744587827.577123032] [drone_home1.controller]: Bearing: 262.53°
[controller-2] [INFO] [1744587827.577966873] [drone_home1.controller]: Going to [(29.639567, -82.361102)]: 9269817.34 meters
[controller-2] [INFO] [1744587827.677200912] [drone_home1.controller]: Bearing: 262.53°
[controller-2] [INFO] [1744587827.678080433] [drone_home1.controller]: Going to [(29.639567, -82.361102)]: 9269817.34 meters
[controller-2] [INFO] [1744587827.777337992] [drone_home1.controller]: Bearing: 262.53°
[controller-2] [INFO] [1744587827.778207754] [drone_home1.controller]: Going to [(29.639567, -82.361102)]: 9269817.34 meters
[controller-2] [INFO] [1744587827.877237152] [drone_home1.controller]: Bearing: 262.53°
[controller-2] [INFO] [1744587827.879506628] [drone_home1.controller]: Going to [(29.639567, -82.361102)]: 9269817.34 meters
[controller-2] [INFO] [1744587827.977293208] [drone_home1.controller]: Bearing: 262.53°
[controller-2] [INFO] [1744587827.978194234] [drone_home1.controller]: Going to [(29.639567, -82.361102)]: 9269817.34 meters
[controller-2] [INFO] [1744587828.077746473] [drone_home1.controller]: Bearing: 262.53°
[controller-2] [INFO] [1744587828.078668554] [drone_home1.controller]: Going to [(29.639567, -82.361102)]: 9269817.34 meters
[controller-2] [INFO] [1744587828.177227764] [drone_home1.controller]: Bearing: 262.53°
[controller-2] [INFO] [1744587828.178112182] [drone_home1.controller]: Going to [(29.639567, -82.361102)]: 9269817.34 meters
[controller-2] [INFO] [1744587828.277408609] [drone_home1.controller]: Bearing: 262.53°
[controller-2] [INFO] [1744587828.279097444] [drone_home1.controller]: Going to [(29.639567, -82.361102)]: 9269817.34 meters
[controller-2] [INFO] [1744587828.380230770] [drone_home1.controller]: Bearing: 262.53°
[controller-2] [INFO] [1744587828.384705306] [drone_home1.controller]: Going to [(29.639567, -82.361102)]: 9269817.34 meters
[controller-2] [INFO] [1744587828.476549561] [drone_home1.controller]: Bearing: 262.53°
[controller-2] [INFO] [1744587828.477479002] [drone_home1.controller]: Going to [(29.639567, -82.361102)]: 9269817.34 meters
[controller-2] [INFO] [1744587828.576979814] [drone_home1.controller]: Bearing: 262.53°
[controller-2] [INFO] [1744587828.578382920] [drone_home1.controller]: Going to [(29.639567, -82.361102)]: 9269817.34 meters
[controller-2] [INFO] [1744587828.676710546] [drone_home1.controller]: Bearing: 262.53°
[controller-2] [INFO] [1744587828.677707732] [drone_home1.controller]: Going to [(29.639567, -82.361102)]: 9269817.34 meters
[controller-2] [INFO] [1744587828.776761055] [drone_home1.controller]: Bearing: 262.53°
[controller-2] [INFO] [1744587828.777761824] [drone_home1.controller]: Going to [(29.639567, -82.361102)]: 9269817.34 meters
[controller-2] [INFO] [1744587828.877009132] [drone_home1.controller]: Bearing: 262.53°
[controller-2] [INFO] [1744587828.878213870] [drone_home1.controller]: Going to [(29.639567, -82.361102)]: 9269817.34 meters
[controller-2] [INFO] [1744587828.977452633] [drone_home1.controller]: Bearing: 262.53°
[controller-2] [INFO] [1744587828.978375035] [drone_home1.controller]: Going to [(29.639567, -82.361102)]: 9269817.34 meters
[controller-2] [INFO] [1744587829.078639904] [drone_home1.controller]: Bearing: 262.53°
[controller-2] [INFO] [1744587829.080126882] [drone_home1.controller]: Going to [(29.639567, -82.361102)]: 9269817.34 meters
[controller-2] [INFO] [1744587829.178828002] [drone_home1.controller]: Bearing: 262.53°
[controller-2] [INFO] [1744587829.182685704] [drone_home1.controller]: Going to [(29.639567, -82.361102)]: 9269817.34 meters
[controller-2] [INFO] [1744587829.279757422] [drone_home1.controller]: Bearing: 262.53°
[controller-2] [INFO] [1744587829.280652029] [drone_home1.controller]: Going to [(29.639567, -82.361102)]: 9269817.34 meters
[controller-2] [INFO] [1744587829.376717916] [drone_home1.controller]: Bearing: 262.53°
[controller-2] [INFO] [1744587829.377712173] [drone_home1.controller]: Going to [(29.639567, -82.361102)]: 9269817.34 meters
[controller-2] [INFO] [1744587829.477870064] [drone_home1.controller]: Bearing: 262.53°
[controller-2] [INFO] [1744587829.479134725] [drone_home1.controller]: Going to [(29.639567, -82.361102)]: 9269817.34 meters
[controller-2] [INFO] [1744587829.576556731] [drone_home1.controller]: Bearing: 262.53°
[controller-2] [INFO] [1744587829.578257495] [drone_home1.controller]: Going to [(29.639567, -82.361102)]: 9269817.34 meters
[controller-2] [INFO] [1744587829.676708798] [drone_home1.controller]: Bearing: 262.53°
[controller-2] [INFO] [1744587829.677729039] [drone_home1.controller]: Going to [(29.639567, -82.361102)]: 9269817.34 meters
[controller-2] [INFO] [1744587829.778724672] [drone_home1.controller]: Bearing: 262.53°
[controller-2] [INFO] [1744587829.780757058] [drone_home1.controller]: Going to [(29.639567, -82.361102)]: 9269817.34 meters
[controller-2] [INFO] [1744587829.876736863] [drone_home1.controller]: Bearing: 262.53°
[controller-2] [INFO] [1744587829.878250712] [drone_home1.controller]: Going to [(29.639567, -82.361102)]: 9269817.34 meters
[controller-2] [INFO] [1744587829.976673343] [drone_home1.controller]: Bearing: 262.53°
[controller-2] [INFO] [1744587829.986324799] [drone_home1.controller]: Going to [(29.639567, -82.361102)]: 9269817.34 meters
[controller-2] [INFO] [1744587830.084566904] [drone_home1.controller]: Bearing: 262.53°
[controller-2] [INFO] [1744587830.086426547] [drone_home1.controller]: Going to [(29.639567, -82.361102)]: 9269817.34 meters
[controller-2] [INFO] [1744587830.182813246] [drone_home1.controller]: Bearing: 262.53°
[controller-2] [INFO] [1744587830.183700438] [drone_home1.controller]: Going to [(29.639567, -82.361102)]: 9269817.34 meters
[controller-2] [INFO] [1744587830.276700790] [drone_home1.controller]: Bearing: 262.53°
[controller-2] [INFO] [1744587830.278235974] [drone_home1.controller]: Going to [(29.639567, -82.361102)]: 9269817.34 meters
[controller-2] [INFO] [1744587830.378153838] [drone_home1.controller]: Bearing: 262.53°
[controller-2] [INFO] [1744587830.379196315] [drone_home1.controller]: Going to [(29.639567, -82.361102)]: 9269817.34 meters
[controller-2] [INFO] [1744587830.477381913] [drone_home1.controller]: Bearing: 262.53°
[controller-2] [INFO] [1744587830.478916680] [drone_home1.controller]: Going to [(29.639567, -82.361102)]: 9269817.34 meters
[controller-2] [INFO] [1744587830.577385773] [drone_home1.controller]: Bearing: 262.53°
[controller-2] [INFO] [1744587830.579040684] [drone_home1.controller]: Going to [(29.639567, -82.361102)]: 9269817.34 meters
[controller-2] [INFO] [1744587830.677375038] [drone_home1.controller]: Bearing: 262.53°
[controller-2] [INFO] [1744587830.678897516] [drone_home1.controller]: Going to [(29.639567, -82.361102)]: 9269817.34 meters
[controller-2] [INFO] [1744587830.777391156] [drone_home1.controller]: Bearing: 262.53°
[controller-2] [INFO] [1744587830.778948966] [drone_home1.controller]: Going to [(29.639567, -82.361102)]: 9269817.34 meters
[controller-2] [INFO] [1744587830.877378693] [drone_home1.controller]: Bearing: 262.53°
[controller-2] [INFO] [1744587830.878919926] [drone_home1.controller]: Going to [(29.639567, -82.361102)]: 9269817.34 meters
[controller-2] [INFO] [1744587830.977140248] [drone_home1.controller]: Bearing: 262.53°
[controller-2] [INFO] [1744587830.977994828] [drone_home1.controller]: Going to [(29.639567, -82.361102)]: 9269817.34 meters
[controller-2] [INFO] [1744587831.077129179] [drone_home1.controller]: Bearing: 262.53°
[controller-2] [INFO] [1744587831.077973578] [drone_home1.controller]: Going to [(29.639567, -82.361102)]: 9269817.34 meters
[controller-2] [INFO] [1744587831.177651964] [drone_home1.controller]: Bearing: 262.53°
[controller-2] [INFO] [1744587831.179395137] [drone_home1.controller]: Going to [(29.639567, -82.361102)]: 9269817.34 meters
[controller-2] [INFO] [1744587831.276839532] [drone_home1.controller]: Bearing: 262.53°
[controller-2] [INFO] [1744587831.277887926] [drone_home1.controller]: Going to [(29.639567, -82.361102)]: 9269817.34 meters
[controller-2] [INFO] [1744587831.377900339] [drone_home1.controller]: Bearing: 262.53°
[controller-2] [INFO] [1744587831.378787720] [drone_home1.controller]: Going to [(29.639567, -82.361102)]: 9269817.34 meters
[controller-2] [INFO] [1744587831.476439151] [drone_home1.controller]: Bearing: 262.53°
[controller-2] [INFO] [1744587831.479080010] [drone_home1.controller]: Going to [(29.639567, -82.361102)]: 9269817.34 meters
[controller-2] [INFO] [1744587831.576576445] [drone_home1.controller]: Bearing: 262.53°
[controller-2] [INFO] [1744587831.577896874] [drone_home1.controller]: Going to [(29.639567, -82.361102)]: 9269817.34 meters
[controller-2] [INFO] [1744587831.677396516] [drone_home1.controller]: Bearing: 262.53°
[controller-2] [INFO] [1744587831.678262294] [drone_home1.controller]: Going to [(29.639567, -82.361102)]: 9269817.34 meters
[controller-2] [INFO] [1744587831.777419203] [drone_home1.controller]: Bearing: 262.53°
[controller-2] [INFO] [1744587831.779018517] [drone_home1.controller]: Going to [(29.639567, -82.361102)]: 9269817.34 meters
[controller-2] [INFO] [1744587831.877151835] [drone_home1.controller]: Bearing: 262.53°
[controller-2] [INFO] [1744587831.877992746] [drone_home1.controller]: Going to [(29.639567, -82.361102)]: 9269817.34 meters
[controller-2] [INFO] [1744587831.977177274] [drone_home1.controller]: Bearing: 262.53°
[controller-2] [INFO] [1744587831.978066767] [drone_home1.controller]: Going to [(29.639567, -82.361102)]: 9269817.34 meters
[controller-2] [INFO] [1744587832.077144107] [drone_home1.controller]: Bearing: 262.53°
[controller-2] [INFO] [1744587832.077984758] [drone_home1.controller]: Going to [(29.639567, -82.361102)]: 9269817.34 meters
[controller-2] [INFO] [1744587832.178502440] [drone_home1.controller]: Bearing: 262.53°
[controller-2] [INFO] [1744587832.179723717] [drone_home1.controller]: Going to [(29.639567, -82.361102)]: 9269817.34 meters
[controller-2] [INFO] [1744587832.277197969] [drone_home1.controller]: Bearing: 262.53°
[controller-2] [INFO] [1744587832.279018426] [drone_home1.controller]: Going to [(29.639567, -82.361102)]: 9269817.34 meters
[controller-2] [INFO] [1744587832.377375544] [drone_home1.controller]: Bearing: 262.53°
[controller-2] [INFO] [1744587832.378222660] [drone_home1.controller]: Going to [(29.639567, -82.361102)]: 9269817.34 meters
[controller-2] [INFO] [1744587832.477465587] [drone_home1.controller]: Bearing: 262.53°
[controller-2] [INFO] [1744587832.479020442] [drone_home1.controller]: Going to [(29.639567, -82.361102)]: 9269817.34 meters
[controller-2] [INFO] [1744587832.577386745] [drone_home1.controller]: Bearing: 262.53°
[controller-2] [INFO] [1744587832.579003303] [drone_home1.controller]: Going to [(29.639567, -82.361102)]: 9269817.34 meters
[controller-2] [INFO] [1744587832.677461394] [drone_home1.controller]: Bearing: 262.53°
[controller-2] [INFO] [1744587832.679059742] [drone_home1.controller]: Going to [(29.639567, -82.361102)]: 9269817.34 meters
[controller-2] [INFO] [1744587832.777490374] [drone_home1.controller]: Bearing: 262.53°
[controller-2] [INFO] [1744587832.779013704] [drone_home1.controller]: Going to [(29.639567, -82.361102)]: 9269817.34 meters
[controller-2] [INFO] [1744587832.876538044] [drone_home1.controller]: Bearing: 262.53°
[controller-2] [INFO] [1744587832.877844131] [drone_home1.controller]: Going to [(29.639567, -82.361102)]: 9269817.34 meters
[controller-2] [INFO] [1744587832.977203424] [drone_home1.controller]: Bearing: 262.53°
[controller-2] [INFO] [1744587832.978054509] [drone_home1.controller]: Going to [(29.639567, -82.361102)]: 9269817.34 meters
[controller-2] [INFO] [1744587833.077233462] [drone_home1.controller]: Bearing: 262.53°
[controller-2] [INFO] [1744587833.078230065] [drone_home1.controller]: Going to [(29.639567, -82.361102)]: 9269817.34 meters
[controller-2] [INFO] [1744587833.178333870] [drone_home1.controller]: Bearing: 262.53°
[controller-2] [INFO] [1744587833.180149711] [drone_home1.controller]: Going to [(29.639567, -82.361102)]: 9269817.34 meters
[controller-2] [INFO] [1744587833.277199792] [drone_home1.controller]: Bearing: 262.53°
[controller-2] [INFO] [1744587833.278701707] [drone_home1.controller]: Going to [(29.639567, -82.361102)]: 9269817.34 meters
[controller-2] [INFO] [1744587833.377223010] [drone_home1.controller]: Bearing: 262.53°
[controller-2] [INFO] [1744587833.378094830] [drone_home1.controller]: Going to [(29.639567, -82.361102)]: 9269817.34 meters
[controller-2] [INFO] [1744587833.477234835] [drone_home1.controller]: Bearing: 262.53°
[controller-2] [INFO] [1744587833.478078204] [drone_home1.controller]: Going to [(29.639567, -82.361102)]: 9269817.34 meters
[controller-2] [INFO] [1744587833.577168922] [drone_home1.controller]: Bearing: 262.53°
[controller-2] [INFO] [1744587833.578026724] [drone_home1.controller]: Going to [(29.639567, -82.361102)]: 9269817.34 meters
[controller-2] [INFO] [1744587833.677131716] [drone_home1.controller]: Bearing: 262.53°
[controller-2] [INFO] [1744587833.677972717] [drone_home1.controller]: Going to [(29.639567, -82.361102)]: 9269817.34 meters
[controller-2] [INFO] [1744587833.777102992] [drone_home1.controller]: Bearing: 262.53°
[controller-2] [INFO] [1744587833.777956762] [drone_home1.controller]: Going to [(29.639567, -82.361102)]: 9269817.34 meters
[controller-2] [INFO] [1744587833.877158054] [drone_home1.controller]: Bearing: 262.53°
[controller-2] [INFO] [1744587833.878021746] [drone_home1.controller]: Going to [(29.639567, -82.361102)]: 9269817.34 meters
[controller-2] [INFO] [1744587833.977219805] [drone_home1.controller]: Bearing: 262.53°
[controller-2] [INFO] [1744587833.978092010] [drone_home1.controller]: Going to [(29.639567, -82.361102)]: 9269817.34 meters
[controller-2] [INFO] [1744587834.077320738] [drone_home1.controller]: Bearing: 262.53°
[controller-2] [INFO] [1744587834.078179978] [drone_home1.controller]: Going to [(29.639567, -82.361102)]: 9269817.34 meters
[controller-2] [INFO] [1744587834.177186092] [drone_home1.controller]: Bearing: 262.53°
[controller-2] [INFO] [1744587834.178025873] [drone_home1.controller]: Going to [(29.639567, -82.361102)]: 9269817.34 meters
[controller-2] [INFO] [1744587834.277110780] [drone_home1.controller]: Bearing: 262.53°
[controller-2] [INFO] [1744587834.277957027] [drone_home1.controller]: Going to [(29.639567, -82.361102)]: 9269817.34 meters
[controller-2] [INFO] [1744587834.377093940] [drone_home1.controller]: Bearing: 262.53°
[controller-2] [INFO] [1744587834.377981503] [drone_home1.controller]: Going to [(29.639567, -82.361102)]: 9269817.34 meters
[controller-2] [INFO] [1744587834.477145940] [drone_home1.controller]: Bearing: 262.53°
[controller-2] [INFO] [1744587834.477997435] [drone_home1.controller]: Going to [(29.639567, -82.361102)]: 9269817.34 meters
[controller-2] [INFO] [1744587834.577436145] [drone_home1.controller]: Bearing: 262.53°
[controller-2] [INFO] [1744587834.578312283] [drone_home1.controller]: Going to [(29.639567, -82.361102)]: 9269817.34 meters
[controller-2] [INFO] [1744587834.677300410] [drone_home1.controller]: Bearing: 262.53°
[controller-2] [INFO] [1744587834.678129471] [drone_home1.controller]: Going to [(29.639567, -82.361102)]: 9269817.34 meters
[controller-2] [INFO] [1744587834.777284178] [drone_home1.controller]: Bearing: 262.53°
[controller-2] [INFO] [1744587834.778134681] [drone_home1.controller]: Going to [(29.639567, -82.361102)]: 9269817.34 meters
[controller-2] [INFO] [1744587834.877360981] [drone_home1.controller]: Bearing: 262.53°
[controller-2] [INFO] [1744587834.878213116] [drone_home1.controller]: Going to [(29.639567, -82.361102)]: 9269817.34 meters
[controller-2] [INFO] [1744587834.977278629] [drone_home1.controller]: Bearing: 262.53°
[controller-2] [INFO] [1744587834.978136493] [drone_home1.controller]: Going to [(29.639567, -82.361102)]: 9269817.34 meters
[controller-2] [INFO] [1744587835.078830086] [drone_home1.controller]: Bearing: 262.53°
[controller-2] [INFO] [1744587835.079796184] [drone_home1.controller]: Going to [(29.639567, -82.361102)]: 9269817.34 meters
[controller-2] [INFO] [1744587835.178212781] [drone_home1.controller]: Bearing: 262.53°
[controller-2] [INFO] [1744587835.179950425] [drone_home1.controller]: Going to [(29.639567, -82.361102)]: 9269817.34 meters
[controller-2] [INFO] [1744587835.277298256] [drone_home1.controller]: Bearing: 262.53°
[controller-2] [INFO] [1744587835.278186105] [drone_home1.controller]: Going to [(29.639567, -82.361102)]: 9269817.34 meters
[controller-2] [INFO] [1744587835.376640818] [drone_home1.controller]: Bearing: 262.53°
[controller-2] [INFO] [1744587835.377563230] [drone_home1.controller]: Going to [(29.639567, -82.361102)]: 9269817.34 meters
[controller-2] [INFO] [1744587835.476453195] [drone_home1.controller]: Bearing: 262.53°
[controller-2] [INFO] [1744587835.477969469] [drone_home1.controller]: Going to [(29.639567, -82.361102)]: 9269817.34 meters
[controller-2] [INFO] [1744587835.576599627] [drone_home1.controller]: Bearing: 262.53°
[controller-2] [INFO] [1744587835.577913349] [drone_home1.controller]: Going to [(29.639567, -82.361102)]: 9269817.34 meters
[controller-2] [INFO] [1744587835.676956836] [drone_home1.controller]: Bearing: 262.53°
[controller-2] [INFO] [1744587835.678582851] [drone_home1.controller]: Going to [(29.639567, -82.361102)]: 9269817.34 meters
[controller-2] [INFO] [1744587835.777846044] [drone_home1.controller]: Bearing: 262.53°
[controller-2] [INFO] [1744587835.779441143] [drone_home1.controller]: Going to [(29.639567, -82.361102)]: 9269817.34 meters
[controller-2] [INFO] [1744587835.877605838] [drone_home1.controller]: Bearing: 262.53°
[controller-2] [INFO] [1744587835.879145187] [drone_home1.controller]: Going to [(29.639567, -82.361102)]: 9269817.34 meters
[controller-2] [INFO] [1744587835.977561656] [drone_home1.controller]: Bearing: 262.53°
[controller-2] [INFO] [1744587835.979151059] [drone_home1.controller]: Going to [(29.639567, -82.361102)]: 9269817.34 meters
[controller-2] [INFO] [1744587836.077996688] [drone_home1.controller]: Bearing: 262.53°
[controller-2] [INFO] [1744587836.079794558] [drone_home1.controller]: Going to [(29.639567, -82.361102)]: 9269817.34 meters
[controller-2] [INFO] [1744587836.177369207] [drone_home1.controller]: Bearing: 262.53°
[controller-2] [INFO] [1744587836.178932266] [drone_home1.controller]: Going to [(29.639567, -82.361102)]: 9269817.34 meters
[controller-2] [INFO] [1744587836.277349891] [drone_home1.controller]: Bearing: 262.53°
[controller-2] [INFO] [1744587836.278891444] [drone_home1.controller]: Going to [(29.639567, -82.361102)]: 9269817.34 meters
[controller-2] [INFO] [1744587836.377393655] [drone_home1.controller]: Bearing: 262.53°
[controller-2] [INFO] [1744587836.378978412] [drone_home1.controller]: Going to [(29.639567, -82.361102)]: 9269817.34 meters
[controller-2] [INFO] [1744587836.477373187] [drone_home1.controller]: Bearing: 262.53°
[controller-2] [INFO] [1744587836.478941078] [drone_home1.controller]: Going to [(29.639567, -82.361102)]: 9269817.34 meters
[controller-2] [INFO] [1744587836.577366097] [drone_home1.controller]: Bearing: 262.53°
[controller-2] [INFO] [1744587836.578900288] [drone_home1.controller]: Going to [(29.639567, -82.361102)]: 9269817.34 meters
[controller-2] [INFO] [1744587836.677404964] [drone_home1.controller]: Bearing: 262.53°
[controller-2] [INFO] [1744587836.678956949] [drone_home1.controller]: Going to [(29.639567, -82.361102)]: 9269817.34 meters
[controller-2] [INFO] [1744587836.777354124] [drone_home1.controller]: Bearing: 262.53°
[controller-2] [INFO] [1744587836.778906622] [drone_home1.controller]: Going to [(29.639567, -82.361102)]: 9269817.34 meters
[controller-2] [INFO] [1744587836.877368861] [drone_home1.controller]: Bearing: 262.53°
[controller-2] [INFO] [1744587836.878929871] [drone_home1.controller]: Going to [(29.639567, -82.361102)]: 9269817.34 meters
[controller-2] [INFO] [1744587836.977313253] [drone_home1.controller]: Bearing: 262.53°
[controller-2] [INFO] [1744587836.978836467] [drone_home1.controller]: Going to [(29.639567, -82.361102)]: 9269817.34 meters
[controller-2] [INFO] [1744587837.077351799] [drone_home1.controller]: Bearing: 262.53°
[controller-2] [INFO] [1744587837.078905444] [drone_home1.controller]: Going to [(29.639567, -82.361102)]: 9269817.34 meters
[controller-2] [INFO] [1744587837.177313771] [drone_home1.controller]: Bearing: 262.53°
[controller-2] [INFO] [1744587837.178834612] [drone_home1.controller]: Going to [(29.639567, -82.361102)]: 9269817.34 meters
[controller-2] [INFO] [1744587837.277418191] [drone_home1.controller]: Bearing: 262.53°
[controller-2] [INFO] [1744587837.278977180] [drone_home1.controller]: Going to [(29.639567, -82.361102)]: 9269817.34 meters
[controller-2] [INFO] [1744587837.377533459] [drone_home1.controller]: Bearing: 262.53°
[controller-2] [INFO] [1744587837.379046140] [drone_home1.controller]: Going to [(29.639567, -82.361102)]: 9269817.34 meters
[controller-2] [INFO] [1744587837.477482950] [drone_home1.controller]: Bearing: 262.53°
[controller-2] [INFO] [1744587837.479013296] [drone_home1.controller]: Going to [(29.639567, -82.361102)]: 9269817.34 meters
[controller-2] [INFO] [1744587837.577293321] [drone_home1.controller]: Bearing: 262.53°
[controller-2] [INFO] [1744587837.578811026] [drone_home1.controller]: Going to [(29.639567, -82.361102)]: 9269817.34 meters
[controller-2] [INFO] [1744587837.677332453] [drone_home1.controller]: Bearing: 262.53°
[controller-2] [INFO] [1744587837.678871953] [drone_home1.controller]: Going to [(29.639567, -82.361102)]: 9269817.34 meters
[controller-2] [INFO] [1744587837.777524051] [drone_home1.controller]: Bearing: 262.53°
[controller-2] [INFO] [1744587837.779037595] [drone_home1.controller]: Going to [(29.639567, -82.361102)]: 9269817.34 meters
[controller-2] [INFO] [1744587837.877491911] [drone_home1.controller]: Bearing: 262.53°
[controller-2] [INFO] [1744587837.879033043] [drone_home1.controller]: Going to [(29.639567, -82.361102)]: 9269817.34 meters
[controller-2] [INFO] [1744587837.977494335] [drone_home1.controller]: Bearing: 262.53°
[controller-2] [INFO] [1744587837.979017033] [drone_home1.controller]: Going to [(29.639567, -82.361102)]: 9269817.34 meters
[controller-2] [INFO] [1744587838.077486205] [drone_home1.controller]: Bearing: 262.53°
[controller-2] [INFO] [1744587838.079028740] [drone_home1.controller]: Going to [(29.639567, -82.361102)]: 9269817.34 meters
[controller-2] [INFO] [1744587838.177579218] [drone_home1.controller]: Bearing: 262.53°
[controller-2] [INFO] [1744587838.179112152] [drone_home1.controller]: Going to [(29.639567, -82.361102)]: 9269817.34 meters
[controller-2] [INFO] [1744587838.277566812] [drone_home1.controller]: Bearing: 262.53°
[controller-2] [INFO] [1744587838.279119332] [drone_home1.controller]: Going to [(29.639567, -82.361102)]: 9269817.34 meters
[controller-2] [INFO] [1744587838.377563655] [drone_home1.controller]: Bearing: 262.53°
[controller-2] [INFO] [1744587838.379153971] [drone_home1.controller]: Going to [(29.639567, -82.361102)]: 9269817.34 meters
[controller-2] [INFO] [1744587838.477508812] [drone_home1.controller]: Bearing: 262.53°
[controller-2] [INFO] [1744587838.479037362] [drone_home1.controller]: Going to [(29.639567, -82.361102)]: 9269817.34 meters
[controller-2] [INFO] [1744587838.577247707] [drone_home1.controller]: Bearing: 262.53°
[controller-2] [INFO] [1744587838.578762751] [drone_home1.controller]: Going to [(29.639567, -82.361102)]: 9269817.34 meters
[controller-2] [INFO] [1744587838.677291179] [drone_home1.controller]: Bearing: 262.53°
[controller-2] [INFO] [1744587838.678843987] [drone_home1.controller]: Going to [(29.639567, -82.361102)]: 9269817.34 meters
[controller-2] [INFO] [1744587838.777299863] [drone_home1.controller]: Bearing: 262.53°
[controller-2] [INFO] [1744587838.778825373] [drone_home1.controller]: Going to [(29.639567, -82.361102)]: 9269817.34 meters
[controller-2] [INFO] [1744587838.877293122] [drone_home1.controller]: Bearing: 262.53°
[controller-2] [INFO] [1744587838.878841450] [drone_home1.controller]: Going to [(29.639567, -82.361102)]: 9269817.34 meters
[controller-2] [INFO] [1744587838.977238759] [drone_home1.controller]: Bearing: 262.53°
[controller-2] [INFO] [1744587838.978760940] [drone_home1.controller]: Going to [(29.639567, -82.361102)]: 9269817.34 meters
[controller-2] [INFO] [1744587839.077256994] [drone_home1.controller]: Bearing: 262.53°
[controller-2] [INFO] [1744587839.078786595] [drone_home1.controller]: Going to [(29.639567, -82.361102)]: 9269817.34 meters
[controller-2] [INFO] [1744587839.177345779] [drone_home1.controller]: Bearing: 262.53°
[controller-2] [INFO] [1744587839.178877685] [drone_home1.controller]: Going to [(29.639567, -82.361102)]: 9269817.34 meters
[controller-2] [INFO] [1744587839.277555793] [drone_home1.controller]: Bearing: 262.53°
[controller-2] [INFO] [1744587839.279105429] [drone_home1.controller]: Going to [(29.639567, -82.361102)]: 9269817.34 meters
[controller-2] [INFO] [1744587839.377346627] [drone_home1.controller]: Bearing: 262.53°
[controller-2] [INFO] [1744587839.378935915] [drone_home1.controller]: Going to [(29.639567, -82.361102)]: 9269817.34 meters
[controller-2] [INFO] [1744587839.477372974] [drone_home1.controller]: Bearing: 262.53°
[controller-2] [INFO] [1744587839.479026716] [drone_home1.controller]: Going to [(29.639567, -82.361102)]: 9269817.34 meters
[controller-2] [INFO] [1744587839.577325137] [drone_home1.controller]: Bearing: 262.53°
[controller-2] [INFO] [1744587839.578846705] [drone_home1.controller]: Going to [(29.639567, -82.361102)]: 9269817.34 meters
[controller-2] [INFO] [1744587839.677391968] [drone_home1.controller]: Bearing: 262.53°
[controller-2] [INFO] [1744587839.678941603] [drone_home1.controller]: Going to [(29.639567, -82.361102)]: 9269817.34 meters
[controller-2] [INFO] [1744587839.777414058] [drone_home1.controller]: Bearing: 262.53°
[controller-2] [INFO] [1744587839.779045046] [drone_home1.controller]: Going to [(29.639567, -82.361102)]: 9269817.34 meters
[controller-2] [INFO] [1744587839.877376142] [drone_home1.controller]: Bearing: 262.53°
[controller-2] [INFO] [1744587839.878994296] [drone_home1.controller]: Going to [(29.639567, -82.361102)]: 9269817.34 meters
[controller-2] [INFO] [1744587839.977530278] [drone_home1.controller]: Bearing: 262.53°
[controller-2] [INFO] [1744587839.979058695] [drone_home1.controller]: Going to [(29.639567, -82.361102)]: 9269817.34 meters
[controller-2] [INFO] [1744587840.077555012] [drone_home1.controller]: Bearing: 262.53°
[controller-2] [INFO] [1744587840.079097282] [drone_home1.controller]: Going to [(29.639567, -82.361102)]: 9269817.34 meters
[controller-2] [INFO] [1744587840.177576340] [drone_home1.controller]: Bearing: 262.53°
[controller-2] [INFO] [1744587840.179123698] [drone_home1.controller]: Going to [(29.639567, -82.361102)]: 9269817.34 meters
[controller-2] [INFO] [1744587840.277615397] [drone_home1.controller]: Bearing: 262.53°
[controller-2] [INFO] [1744587840.279146210] [drone_home1.controller]: Going to [(29.639567, -82.361102)]: 9269817.34 meters
[controller-2] [INFO] [1744587840.377622036] [drone_home1.controller]: Bearing: 262.53°
[controller-2] [INFO] [1744587840.379175923] [drone_home1.controller]: Going to [(29.639567, -82.361102)]: 9269817.34 meters
[controller-2] [INFO] [1744587840.478447670] [drone_home1.controller]: Bearing: 262.53°
[controller-2] [INFO] [1744587840.480130947] [drone_home1.controller]: Going to [(29.639567, -82.361102)]: 9269817.34 meters
[controller-2] [INFO] [1744587840.577214053] [drone_home1.controller]: Bearing: 262.53°
[controller-2] [INFO] [1744587840.578065085] [drone_home1.controller]: Going to [(29.639567, -82.361102)]: 9269817.34 meters
[controller-2] [INFO] [1744587840.677104968] [drone_home1.controller]: Bearing: 262.53°
[controller-2] [INFO] [1744587840.677970112] [drone_home1.controller]: Going to [(29.639567, -82.361102)]: 9269817.34 meters
[controller-2] [INFO] [1744587840.777409429] [drone_home1.controller]: Bearing: 262.53°
[controller-2] [INFO] [1744587840.778970101] [drone_home1.controller]: Going to [(29.639567, -82.361102)]: 9269817.34 meters
[controller-2] [INFO] [1744587840.877238417] [drone_home1.controller]: Bearing: 262.53°
[controller-2] [INFO] [1744587840.878299261] [drone_home1.controller]: Going to [(29.639567, -82.361102)]: 9269817.34 meters
[controller-2] [INFO] [1744587840.977198106] [drone_home1.controller]: Bearing: 262.53°
[controller-2] [INFO] [1744587840.978034928] [drone_home1.controller]: Going to [(29.639567, -82.361102)]: 9269817.34 meters
[controller-2] [INFO] [1744587841.077320623] [drone_home1.controller]: Bearing: 262.53°
[controller-2] [INFO] [1744587841.078177988] [drone_home1.controller]: Going to [(29.639567, -82.361102)]: 9269817.34 meters
[controller-2] [INFO] [1744587841.177237411] [drone_home1.controller]: Bearing: 262.53°
[controller-2] [INFO] [1744587841.178118811] [drone_home1.controller]: Going to [(29.639567, -82.361102)]: 9269817.34 meters
[controller-2] [INFO] [1744587841.277183834] [drone_home1.controller]: Bearing: 262.53°
[controller-2] [INFO] [1744587841.278030318] [drone_home1.controller]: Going to [(29.639567, -82.361102)]: 9269817.34 meters
[controller-2] [INFO] [1744587841.377170004] [drone_home1.controller]: Bearing: 262.53°
[controller-2] [INFO] [1744587841.378036907] [drone_home1.controller]: Going to [(29.639567, -82.361102)]: 9269817.34 meters
[controller-2] [INFO] [1744587841.477180562] [drone_home1.controller]: Bearing: 262.53°
[controller-2] [INFO] [1744587841.478051977] [drone_home1.controller]: Going to [(29.639567, -82.361102)]: 9269817.34 meters
[controller-2] [INFO] [1744587841.577246708] [drone_home1.controller]: Bearing: 262.53°
[controller-2] [INFO] [1744587841.578109291] [drone_home1.controller]: Going to [(29.639567, -82.361102)]: 9269817.34 meters
[controller-2] [INFO] [1744587841.677277460] [drone_home1.controller]: Bearing: 262.53°
[controller-2] [INFO] [1744587841.678133609] [drone_home1.controller]: Going to [(29.639567, -82.361102)]: 9269817.34 meters
[controller-2] [INFO] [1744587841.777492517] [drone_home1.controller]: Bearing: 262.53°
[controller-2] [INFO] [1744587841.778338874] [drone_home1.controller]: Going to [(29.639567, -82.361102)]: 9269817.34 meters
[controller-2] [INFO] [1744587841.877200068] [drone_home1.controller]: Bearing: 262.53°
[controller-2] [INFO] [1744587841.878068219] [drone_home1.controller]: Going to [(29.639567, -82.361102)]: 9269817.34 meters
[controller-2] [INFO] [1744587841.977190784] [drone_home1.controller]: Bearing: 262.53°
[controller-2] [INFO] [1744587841.978058774] [drone_home1.controller]: Going to [(29.639567, -82.361102)]: 9269817.34 meters
[controller-2] [INFO] [1744587842.076600675] [drone_home1.controller]: Bearing: 262.53°
[controller-2] [INFO] [1744587842.077593380] [drone_home1.controller]: Going to [(29.639567, -82.361102)]: 9269817.34 meters
[controller-2] [INFO] [1744587842.177021536] [drone_home1.controller]: Bearing: 262.53°
[controller-2] [INFO] [1744587842.178006847] [drone_home1.controller]: Going to [(29.639567, -82.361102)]: 9269817.34 meters
[controller-2] [INFO] [1744587842.277272555] [drone_home1.controller]: Bearing: 262.53°
[controller-2] [INFO] [1744587842.278114461] [drone_home1.controller]: Going to [(29.639567, -82.361102)]: 9269817.34 meters
[controller-2] [INFO] [1744587842.377165044] [drone_home1.controller]: Bearing: 262.53°
[controller-2] [INFO] [1744587842.377996421] [drone_home1.controller]: Going to [(29.639567, -82.361102)]: 9269817.34 meters
[controller-2] [INFO] [1744587842.477561806] [drone_home1.controller]: Bearing: 262.53°
[controller-2] [INFO] [1744587842.478451685] [drone_home1.controller]: Going to [(29.639567, -82.361102)]: 9269817.34 meters
[controller-2] [INFO] [1744587842.577128023] [drone_home1.controller]: Bearing: 262.53°
[controller-2] [INFO] [1744587842.578623561] [drone_home1.controller]: Going to [(29.639567, -82.361102)]: 9269817.34 meters
[controller-2] [INFO] [1744587842.677684417] [drone_home1.controller]: Bearing: 262.53°
[controller-2] [INFO] [1744587842.678582040] [drone_home1.controller]: Going to [(29.639567, -82.361102)]: 9269817.34 meters
[controller-2] [INFO] [1744587842.777136287] [drone_home1.controller]: Bearing: 262.53°
[controller-2] [INFO] [1744587842.777980017] [drone_home1.controller]: Going to [(29.639567, -82.361102)]: 9269817.34 meters
[controller-2] [INFO] [1744587842.877221466] [drone_home1.controller]: Bearing: 262.53°
[controller-2] [INFO] [1744587842.878060524] [drone_home1.controller]: Going to [(29.639567, -82.361102)]: 9269817.34 meters
[controller-2] [INFO] [1744587842.977776451] [drone_home1.controller]: Bearing: 262.53°
[controller-2] [INFO] [1744587842.978614261] [drone_home1.controller]: Going to [(29.639567, -82.361102)]: 9269817.34 meters
[controller-2] [INFO] [1744587843.076753307] [drone_home1.controller]: Bearing: 262.53°
[controller-2] [INFO] [1744587843.077842178] [drone_home1.controller]: Going to [(29.639567, -82.361102)]: 9269817.34 meters
[controller-2] [INFO] [1744587843.177168565] [drone_home1.controller]: Bearing: 262.53°
[controller-2] [INFO] [1744587843.178232090] [drone_home1.controller]: Going to [(29.639567, -82.361102)]: 9269817.34 meters
[controller-2] [INFO] [1744587843.277263313] [drone_home1.controller]: Bearing: 262.53°
[controller-2] [INFO] [1744587843.278113985] [drone_home1.controller]: Going to [(29.639567, -82.361102)]: 9269817.34 meters
[controller-2] [INFO] [1744587843.376930308] [drone_home1.controller]: Bearing: 262.53°
[controller-2] [INFO] [1744587843.378248353] [drone_home1.controller]: Going to [(29.639567, -82.361102)]: 9269817.34 meters
[controller-2] [INFO] [1744587843.477260950] [drone_home1.controller]: Bearing: 262.53°
[controller-2] [INFO] [1744587843.478119463] [drone_home1.controller]: Going to [(29.639567, -82.361102)]: 9269817.34 meters
[controller-2] [INFO] [1744587843.577261897] [drone_home1.controller]: Bearing: 262.53°
[controller-2] [INFO] [1744587843.578103513] [drone_home1.controller]: Going to [(29.639567, -82.361102)]: 9269817.34 meters
[controller-2] [INFO] [1744587843.677268476] [drone_home1.controller]: Bearing: 262.53°
[controller-2] [INFO] [1744587843.678113420] [drone_home1.controller]: Going to [(29.639567, -82.361102)]: 9269817.34 meters
[controller-2] [INFO] [1744587843.777205929] [drone_home1.controller]: Bearing: 262.53°
[controller-2] [INFO] [1744587843.778035799] [drone_home1.controller]: Going to [(29.639567, -82.361102)]: 9269817.34 meters
[controller-2] [INFO] [1744587843.877369355] [drone_home1.controller]: Bearing: 262.53°
[controller-2] [INFO] [1744587843.878935103] [drone_home1.controller]: Going to [(29.639567, -82.361102)]: 9269817.34 meters
[controller-2] [INFO] [1744587843.977368926] [drone_home1.controller]: Bearing: 262.53°
[controller-2] [INFO] [1744587843.978939922] [drone_home1.controller]: Going to [(29.639567, -82.361102)]: 9269817.34 meters
[controller-2] [INFO] [1744587844.077008924] [drone_home1.controller]: Bearing: 262.53°
[controller-2] [INFO] [1744587844.078497509] [drone_home1.controller]: Going to [(29.639567, -82.361102)]: 9269817.34 meters
[controller-2] [INFO] [1744587844.176629715] [drone_home1.controller]: Bearing: 262.53°
[controller-2] [INFO] [1744587844.177608269] [drone_home1.controller]: Going to [(29.639567, -82.361102)]: 9269817.34 meters
[controller-2] [INFO] [1744587844.277350479] [drone_home1.controller]: Bearing: 262.53°
[controller-2] [INFO] [1744587844.278891709] [drone_home1.controller]: Going to [(29.639567, -82.361102)]: 9269817.34 meters
[controller-2] [INFO] [1744587844.377389165] [drone_home1.controller]: Bearing: 262.53°
[controller-2] [INFO] [1744587844.378945276] [drone_home1.controller]: Going to [(29.639567, -82.361102)]: 9269817.34 meters
[controller-2] [INFO] [1744587844.477363589] [drone_home1.controller]: Bearing: 262.53°
[controller-2] [INFO] [1744587844.478863727] [drone_home1.controller]: Going to [(29.639567, -82.361102)]: 9269817.34 meters
[controller-2] [INFO] [1744587844.577323547] [drone_home1.controller]: Bearing: 262.53°
[controller-2] [INFO] [1744587844.578820549] [drone_home1.controller]: Going to [(29.639567, -82.361102)]: 9269817.34 meters
[controller-2] [INFO] [1744587844.677394107] [drone_home1.controller]: Bearing: 262.53°
[controller-2] [INFO] [1744587844.678935721] [drone_home1.controller]: Going to [(29.639567, -82.361102)]: 9269817.34 meters
[controller-2] [INFO] [1744587844.777659022] [drone_home1.controller]: Bearing: 262.53°
[controller-2] [INFO] [1744587844.779438706] [drone_home1.controller]: Going to [(29.639567, -82.361102)]: 9269817.34 meters
[controller-2] [INFO] [1744587844.877314120] [drone_home1.controller]: Bearing: 262.53°
[controller-2] [INFO] [1744587844.879019461] [drone_home1.controller]: Going to [(29.639567, -82.361102)]: 9269817.34 meters
[controller-2] [INFO] [1744587844.977337445] [drone_home1.controller]: Bearing: 262.53°
[controller-2] [INFO] [1744587844.978867889] [drone_home1.controller]: Going to [(29.639567, -82.361102)]: 9269817.34 meters
[controller-2] [INFO] [1744587845.077344936] [drone_home1.controller]: Bearing: 262.53°
[controller-2] [INFO] [1744587845.078933750] [drone_home1.controller]: Going to [(29.639567, -82.361102)]: 9269817.34 meters
[controller-2] [INFO] [1744587845.177433913] [drone_home1.controller]: Bearing: 262.53°
[controller-2] [INFO] [1744587845.179062347] [drone_home1.controller]: Going to [(29.639567, -82.361102)]: 9269817.34 meters
[controller-2] [INFO] [1744587845.277359387] [drone_home1.controller]: Bearing: 262.53°
[controller-2] [INFO] [1744587845.278915527] [drone_home1.controller]: Going to [(29.639567, -82.361102)]: 9269817.34 meters
[controller-2] [INFO] [1744587845.377468046] [drone_home1.controller]: Bearing: 262.53°
[controller-2] [INFO] [1744587845.379003032] [drone_home1.controller]: Going to [(29.639567, -82.361102)]: 9269817.34 meters
[controller-2] [INFO] [1744587845.477371823] [drone_home1.controller]: Bearing: 262.53°
[controller-2] [INFO] [1744587845.478923994] [drone_home1.controller]: Going to [(29.639567, -82.361102)]: 9269817.34 meters
[controller-2] [INFO] [1744587845.577275056] [drone_home1.controller]: Bearing: 262.53°
[controller-2] [INFO] [1744587845.578753556] [drone_home1.controller]: Going to [(29.639567, -82.361102)]: 9269817.34 meters
[controller-2] [INFO] [1744587845.677388355] [drone_home1.controller]: Bearing: 262.53°
[controller-2] [INFO] [1744587845.678896266] [drone_home1.controller]: Going to [(29.639567, -82.361102)]: 9269817.34 meters
[controller-2] [INFO] [1744587845.777301988] [drone_home1.controller]: Bearing: 262.53°
[controller-2] [INFO] [1744587845.778815404] [drone_home1.controller]: Going to [(29.639567, -82.361102)]: 9269817.34 meters
[controller-2] [INFO] [1744587845.877351666] [drone_home1.controller]: Bearing: 262.53°
[controller-2] [INFO] [1744587845.878922303] [drone_home1.controller]: Going to [(29.639567, -82.361102)]: 9269817.34 meters
[controller-2] [INFO] [1744587845.977302295] [drone_home1.controller]: Bearing: 262.53°
[controller-2] [INFO] [1744587845.978837025] [drone_home1.controller]: Going to [(29.639567, -82.361102)]: 9269817.34 meters
[controller-2] [INFO] [1744587846.077315343] [drone_home1.controller]: Bearing: 262.53°
[controller-2] [INFO] [1744587846.078934461] [drone_home1.controller]: Going to [(29.639567, -82.361102)]: 9269817.34 meters
[controller-2] [INFO] [1744587846.177373748] [drone_home1.controller]: Bearing: 262.53°
[controller-2] [INFO] [1744587846.178996034] [drone_home1.controller]: Going to [(29.639567, -82.361102)]: 9269817.34 meters
[controller-2] [INFO] [1744587846.277345682] [drone_home1.controller]: Bearing: 262.53°
[controller-2] [INFO] [1744587846.278930524] [drone_home1.controller]: Going to [(29.639567, -82.361102)]: 9269817.34 meters
[controller-2] [INFO] [1744587846.377330737] [drone_home1.controller]: Bearing: 262.53°
[controller-2] [INFO] [1744587846.378835060] [drone_home1.controller]: Going to [(29.639567, -82.361102)]: 9269817.34 meters
[controller-2] [INFO] [1744587846.477316687] [drone_home1.controller]: Bearing: 262.53°
[controller-2] [INFO] [1744587846.478879064] [drone_home1.controller]: Going to [(29.639567, -82.361102)]: 9269817.34 meters
[controller-2] [INFO] [1744587846.577356723] [drone_home1.controller]: Bearing: 262.53°
[controller-2] [INFO] [1744587846.578906938] [drone_home1.controller]: Going to [(29.639567, -82.361102)]: 9269817.34 meters
[controller-2] [INFO] [1744587846.677382069] [drone_home1.controller]: Bearing: 262.53°
[controller-2] [INFO] [1744587846.678899929] [drone_home1.controller]: Going to [(29.639567, -82.361102)]: 9269817.34 meters
[controller-2] [INFO] [1744587846.777349906] [drone_home1.controller]: Bearing: 262.53°
[controller-2] [INFO] [1744587846.778896857] [drone_home1.controller]: Going to [(29.639567, -82.361102)]: 9269817.34 meters
[controller-2] [INFO] [1744587846.877376660] [drone_home1.controller]: Bearing: 262.53°
[controller-2] [INFO] [1744587846.878884472] [drone_home1.controller]: Going to [(29.639567, -82.361102)]: 9269817.34 meters
[controller-2] [INFO] [1744587846.977314927] [drone_home1.controller]: Bearing: 262.53°
[controller-2] [INFO] [1744587846.978833683] [drone_home1.controller]: Going to [(29.639567, -82.361102)]: 9269817.34 meters
[controller-2] [INFO] [1744587847.077484337] [drone_home1.controller]: Bearing: 262.53°
[controller-2] [INFO] [1744587847.079048662] [drone_home1.controller]: Going to [(29.639567, -82.361102)]: 9269817.34 meters
[controller-2] [INFO] [1744587847.177267452] [drone_home1.controller]: Bearing: 262.53°
[controller-2] [INFO] [1744587847.178815168] [drone_home1.controller]: Going to [(29.639567, -82.361102)]: 9269817.34 meters
[controller-2] [INFO] [1744587847.277532561] [drone_home1.controller]: Bearing: 262.53°
[controller-2] [INFO] [1744587847.279122968] [drone_home1.controller]: Going to [(29.639567, -82.361102)]: 9269817.34 meters
[controller-2] [INFO] [1744587847.377325917] [drone_home1.controller]: Bearing: 262.53°
[controller-2] [INFO] [1744587847.378861280] [drone_home1.controller]: Going to [(29.639567, -82.361102)]: 9269817.34 meters
[controller-2] [INFO] [1744587847.477294424] [drone_home1.controller]: Bearing: 262.53°
[controller-2] [INFO] [1744587847.478827387] [drone_home1.controller]: Going to [(29.639567, -82.361102)]: 9269817.34 meters
[controller-2] [INFO] [1744587847.577337786] [drone_home1.controller]: Bearing: 262.53°
[controller-2] [INFO] [1744587847.578869916] [drone_home1.controller]: Going to [(29.639567, -82.361102)]: 9269817.34 meters
[controller-2] [INFO] [1744587847.677291124] [drone_home1.controller]: Bearing: 262.53°
[controller-2] [INFO] [1744587847.678821846] [drone_home1.controller]: Going to [(29.639567, -82.361102)]: 9269817.34 meters
[controller-2] [INFO] [1744587847.777346518] [drone_home1.controller]: Bearing: 262.53°
[controller-2] [INFO] [1744587847.778887354] [drone_home1.controller]: Going to [(29.639567, -82.361102)]: 9269817.34 meters
[controller-2] [INFO] [1744587847.877293648] [drone_home1.controller]: Bearing: 262.53°
[controller-2] [INFO] [1744587847.878838835] [drone_home1.controller]: Going to [(29.639567, -82.361102)]: 9269817.34 meters
[controller-2] [INFO] [1744587847.977244586] [drone_home1.controller]: Bearing: 262.53°
[controller-2] [INFO] [1744587847.978768907] [drone_home1.controller]: Going to [(29.639567, -82.361102)]: 9269817.34 meters
[controller-2] [INFO] [1744587848.077319879] [drone_home1.controller]: Bearing: 262.53°
[controller-2] [INFO] [1744587848.078918411] [drone_home1.controller]: Going to [(29.639567, -82.361102)]: 9269817.34 meters
[controller-2] [INFO] [1744587848.177335435] [drone_home1.controller]: Bearing: 262.53°
[controller-2] [INFO] [1744587848.178905677] [drone_home1.controller]: Going to [(29.639567, -82.361102)]: 9269817.34 meters
[controller-2] [INFO] [1744587848.277338958] [drone_home1.controller]: Bearing: 262.53°
[controller-2] [INFO] [1744587848.278899344] [drone_home1.controller]: Going to [(29.639567, -82.361102)]: 9269817.34 meters
[controller-2] [INFO] [1744587848.377336209] [drone_home1.controller]: Bearing: 262.53°
[controller-2] [INFO] [1744587848.379006556] [drone_home1.controller]: Going to [(29.639567, -82.361102)]: 9269817.34 meters
[controller-2] [INFO] [1744587848.477290768] [drone_home1.controller]: Bearing: 262.53°
[controller-2] [INFO] [1744587848.478839665] [drone_home1.controller]: Going to [(29.639567, -82.361102)]: 9269817.34 meters
[controller-2] [INFO] [1744587848.577555753] [drone_home1.controller]: Bearing: 262.53°
[controller-2] [INFO] [1744587848.579377696] [drone_home1.controller]: Going to [(29.639567, -82.361102)]: 9269817.34 meters
[controller-2] [INFO] [1744587848.677418305] [drone_home1.controller]: Bearing: 262.53°
[controller-2] [INFO] [1744587848.678984579] [drone_home1.controller]: Going to [(29.639567, -82.361102)]: 9269817.34 meters
[controller-2] [INFO] [1744587848.777581777] [drone_home1.controller]: Bearing: 262.53°
[controller-2] [INFO] [1744587848.779114544] [drone_home1.controller]: Going to [(29.639567, -82.361102)]: 9269817.34 meters
[controller-2] [INFO] [1744587848.877632504] [drone_home1.controller]: Bearing: 262.53°
[controller-2] [INFO] [1744587848.879155383] [drone_home1.controller]: Going to [(29.639567, -82.361102)]: 9269817.34 meters
[controller-2] [INFO] [1744587848.976449145] [drone_home1.controller]: Bearing: 262.53°
[controller-2] [INFO] [1744587848.977370150] [drone_home1.controller]: Going to [(29.639567, -82.361102)]: 9269817.34 meters
[controller-2] [INFO] [1744587849.076447164] [drone_home1.controller]: Bearing: 262.53°
[controller-2] [INFO] [1744587849.077433356] [drone_home1.controller]: Going to [(29.639567, -82.361102)]: 9269817.34 meters
[controller-2] [INFO] [1744587849.176559028] [drone_home1.controller]: Bearing: 262.53°
[controller-2] [INFO] [1744587849.177811289] [drone_home1.controller]: Going to [(29.639567, -82.361102)]: 9269817.34 meters
[controller-2] [INFO] [1744587849.277292222] [drone_home1.controller]: Bearing: 262.53°
[controller-2] [INFO] [1744587849.278824058] [drone_home1.controller]: Going to [(29.639567, -82.361102)]: 9269817.34 meters
[controller-2] [INFO] [1744587849.377573348] [drone_home1.controller]: Bearing: 262.53°
[controller-2] [INFO] [1744587849.379088702] [drone_home1.controller]: Going to [(29.639567, -82.361102)]: 9269817.34 meters
[controller-2] [INFO] [1744587849.477522222] [drone_home1.controller]: Bearing: 262.53°
[controller-2] [INFO] [1744587849.479040937] [drone_home1.controller]: Going to [(29.639567, -82.361102)]: 9269817.34 meters
[controller-2] [INFO] [1744587849.577701516] [drone_home1.controller]: Bearing: 262.53°
[controller-2] [INFO] [1744587849.579387508] [drone_home1.controller]: Going to [(29.639567, -82.361102)]: 9269817.34 meters
[controller-2] [INFO] [1744587849.677644118] [drone_home1.controller]: Bearing: 262.53°
[controller-2] [INFO] [1744587849.679516493] [drone_home1.controller]: Going to [(29.639567, -82.361102)]: 9269817.34 meters
[controller-2] [INFO] [1744587849.777514010] [drone_home1.controller]: Bearing: 262.53°
[controller-2] [INFO] [1744587849.779096538] [drone_home1.controller]: Going to [(29.639567, -82.361102)]: 9269817.34 meters
[controller-2] [INFO] [1744587849.877456868] [drone_home1.controller]: Bearing: 262.53°
[controller-2] [INFO] [1744587849.879003457] [drone_home1.controller]: Going to [(29.639567, -82.361102)]: 9269817.34 meters
[controller-2] [INFO] [1744587849.977435122] [drone_home1.controller]: Bearing: 262.53°
[controller-2] [INFO] [1744587849.978986799] [drone_home1.controller]: Going to [(29.639567, -82.361102)]: 9269817.34 meters
[controller-2] [INFO] [1744587850.077537356] [drone_home1.controller]: Bearing: 262.53°
[controller-2] [INFO] [1744587850.079558347] [drone_home1.controller]: Going to [(29.639567, -82.361102)]: 9269817.34 meters
[controller-2] [INFO] [1744587850.177501994] [drone_home1.controller]: Bearing: 262.53°
[controller-2] [INFO] [1744587850.179040419] [drone_home1.controller]: Going to [(29.639567, -82.361102)]: 9269817.34 meters
[controller-2] [INFO] [1744587850.277322845] [drone_home1.controller]: Bearing: 262.53°
[controller-2] [INFO] [1744587850.278830004] [drone_home1.controller]: Going to [(29.639567, -82.361102)]: 9269817.34 meters
[controller-2] [INFO] [1744587850.378422005] [drone_home1.controller]: Bearing: 262.53°
[controller-2] [INFO] [1744587850.380664390] [drone_home1.controller]: Going to [(29.639567, -82.361102)]: 9269817.34 meters
[controller-2] [INFO] [1744587850.479855559] [drone_home1.controller]: Bearing: 262.53°
[controller-2] [INFO] [1744587850.481154030] [drone_home1.controller]: Going to [(29.639567, -82.361102)]: 9269817.34 meters
[controller-2] [INFO] [1744587850.578457275] [drone_home1.controller]: Bearing: 262.53°
[controller-2] [INFO] [1744587850.579339168] [drone_home1.controller]: Going to [(29.639567, -82.361102)]: 9269817.34 meters
[controller-2] [INFO] [1744587850.678816472] [drone_home1.controller]: Bearing: 262.53°
[controller-2] [INFO] [1744587850.679709823] [drone_home1.controller]: Going to [(29.639567, -82.361102)]: 9269817.34 meters
[controller-2] [INFO] [1744587850.777392554] [drone_home1.controller]: Bearing: 262.53°
[controller-2] [INFO] [1744587850.778929667] [drone_home1.controller]: Going to [(29.639567, -82.361102)]: 9269817.34 meters
[controller-2] [INFO] [1744587850.877735590] [drone_home1.controller]: Bearing: 262.53°
[controller-2] [INFO] [1744587850.879519986] [drone_home1.controller]: Going to [(29.639567, -82.361102)]: 9269817.34 meters
[controller-2] [INFO] [1744587850.977394316] [drone_home1.controller]: Bearing: 262.53°
[controller-2] [INFO] [1744587850.978910564] [drone_home1.controller]: Going to [(29.639567, -82.361102)]: 9269817.34 meters
[controller-2] [INFO] [1744587851.077397654] [drone_home1.controller]: Bearing: 262.53°
[controller-2] [INFO] [1744587851.078988400] [drone_home1.controller]: Going to [(29.639567, -82.361102)]: 9269817.34 meters
[controller-2] [INFO] [1744587851.177271655] [drone_home1.controller]: Bearing: 262.53°
[controller-2] [INFO] [1744587851.178788219] [drone_home1.controller]: Going to [(29.639567, -82.361102)]: 9269817.34 meters
[controller-2] [INFO] [1744587851.279654200] [drone_home1.controller]: Bearing: 262.53°
[controller-2] [INFO] [1744587851.281259027] [drone_home1.controller]: Going to [(29.639567, -82.361102)]: 9269817.34 meters
[controller-2] [INFO] [1744587851.378921882] [drone_home1.controller]: Bearing: 262.53°
[controller-2] [INFO] [1744587851.379898501] [drone_home1.controller]: Going to [(29.639567, -82.361102)]: 9269817.34 meters
[controller-2] [INFO] [1744587851.479017947] [drone_home1.controller]: Bearing: 262.53°
[controller-2] [INFO] [1744587851.483090388] [drone_home1.controller]: Going to [(29.639567, -82.361102)]: 9269817.34 meters
[controller-2] [INFO] [1744587851.576393132] [drone_home1.controller]: Bearing: 262.53°
[controller-2] [INFO] [1744587851.577271376] [drone_home1.controller]: Going to [(29.639567, -82.361102)]: 9269817.34 meters
[controller-2] [INFO] [1744587851.677489019] [drone_home1.controller]: Bearing: 262.53°
[controller-2] [INFO] [1744587851.679308262] [drone_home1.controller]: Going to [(29.639567, -82.361102)]: 9269817.34 meters
[controller-2] [INFO] [1744587851.777379213] [drone_home1.controller]: Bearing: 262.53°
[controller-2] [INFO] [1744587851.778911874] [drone_home1.controller]: Going to [(29.639567, -82.361102)]: 9269817.34 meters
[controller-2] [INFO] [1744587851.877305121] [drone_home1.controller]: Bearing: 262.53°
[controller-2] [INFO] [1744587851.878877242] [drone_home1.controller]: Going to [(29.639567, -82.361102)]: 9269817.34 meters
[controller-2] [INFO] [1744587851.977948525] [drone_home1.controller]: Bearing: 262.53°
[controller-2] [INFO] [1744587851.979705460] [drone_home1.controller]: Going to [(29.639567, -82.361102)]: 9269817.34 meters
[controller-2] [INFO] [1744587852.077614234] [drone_home1.controller]: Bearing: 262.53°
[controller-2] [INFO] [1744587852.079749658] [drone_home1.controller]: Going to [(29.639567, -82.361102)]: 9269817.34 meters
[controller-2] [INFO] [1744587852.179503745] [drone_home1.controller]: Bearing: 262.53°
[controller-2] [INFO] [1744587852.188646573] [drone_home1.controller]: Going to [(29.639567, -82.361102)]: 9269817.34 meters
[controller-2] [INFO] [1744587852.276620610] [drone_home1.controller]: Bearing: 262.53°
[controller-2] [INFO] [1744587852.279225413] [drone_home1.controller]: Going to [(29.639567, -82.361102)]: 9269817.34 meters
[controller-2] [INFO] [1744587852.376464848] [drone_home1.controller]: Bearing: 262.53°
[controller-2] [INFO] [1744587852.378898534] [drone_home1.controller]: Going to [(29.639567, -82.361102)]: 9269817.34 meters
[controller-2] [INFO] [1744587852.477409744] [drone_home1.controller]: Bearing: 262.53°
[controller-2] [INFO] [1744587852.479081965] [drone_home1.controller]: Going to [(29.639567, -82.361102)]: 9269817.34 meters
[controller-2] [INFO] [1744587852.577434988] [drone_home1.controller]: Bearing: 262.53°
[controller-2] [INFO] [1744587852.578934524] [drone_home1.controller]: Going to [(29.639567, -82.361102)]: 9269817.34 meters
[controller-2] [INFO] [1744587852.677272313] [drone_home1.controller]: Bearing: 262.53°
[controller-2] [INFO] [1744587852.679364053] [drone_home1.controller]: Going to [(29.639567, -82.361102)]: 9269817.34 meters
[controller-2] [INFO] [1744587852.777377242] [drone_home1.controller]: Bearing: 262.53°
[controller-2] [INFO] [1744587852.779547804] [drone_home1.controller]: Going to [(29.639567, -82.361102)]: 9269817.34 meters
[controller-2] [INFO] [1744587852.877330480] [drone_home1.controller]: Bearing: 262.53°
[controller-2] [INFO] [1744587852.878835681] [drone_home1.controller]: Going to [(29.639567, -82.361102)]: 9269817.34 meters
[controller-2] [INFO] [1744587852.977488021] [drone_home1.controller]: Bearing: 262.53°
[controller-2] [INFO] [1744587852.979035209] [drone_home1.controller]: Going to [(29.639567, -82.361102)]: 9269817.34 meters
[controller-2] [INFO] [1744587853.077457566] [drone_home1.controller]: Bearing: 262.53°
[controller-2] [INFO] [1744587853.079850860] [drone_home1.controller]: Going to [(29.639567, -82.361102)]: 9269817.34 meters
[controller-2] [INFO] [1744587853.177432570] [drone_home1.controller]: Bearing: 262.53°
[controller-2] [INFO] [1744587853.179776037] [drone_home1.controller]: Going to [(29.639567, -82.361102)]: 9269817.34 meters
[controller-2] [INFO] [1744587853.277282702] [drone_home1.controller]: Bearing: 262.53°
[controller-2] [INFO] [1744587853.279810727] [drone_home1.controller]: Going to [(29.639567, -82.361102)]: 9269817.34 meters
[controller-2] [INFO] [1744587853.377283469] [drone_home1.controller]: Bearing: 262.53°
[controller-2] [INFO] [1744587853.378825597] [drone_home1.controller]: Going to [(29.639567, -82.361102)]: 9269817.34 meters
[controller-2] [INFO] [1744587853.477299469] [drone_home1.controller]: Bearing: 262.53°
[controller-2] [INFO] [1744587853.479001993] [drone_home1.controller]: Going to [(29.639567, -82.361102)]: 9269817.34 meters
[controller-2] [INFO] [1744587853.576530803] [drone_home1.controller]: Bearing: 262.53°
[controller-2] [INFO] [1744587853.577835186] [drone_home1.controller]: Going to [(29.639567, -82.361102)]: 9269817.34 meters
[controller-2] [INFO] [1744587853.676663003] [drone_home1.controller]: Bearing: 262.53°
[controller-2] [INFO] [1744587853.677867603] [drone_home1.controller]: Going to [(29.639567, -82.361102)]: 9269817.34 meters
[controller-2] [INFO] [1744587853.776446250] [drone_home1.controller]: Bearing: 262.53°
[controller-2] [INFO] [1744587853.777634529] [drone_home1.controller]: Going to [(29.639567, -82.361102)]: 9269817.34 meters
[controller-2] [INFO] [1744587853.876507437] [drone_home1.controller]: Bearing: 262.53°
[controller-2] [INFO] [1744587853.877847183] [drone_home1.controller]: Going to [(29.639567, -82.361102)]: 9269817.34 meters
[controller-2] [INFO] [1744587853.977329256] [drone_home1.controller]: Bearing: 262.53°
[controller-2] [INFO] [1744587853.978875097] [drone_home1.controller]: Going to [(29.639567, -82.361102)]: 9269817.34 meters
[controller-2] [INFO] [1744587854.077415554] [drone_home1.controller]: Bearing: 262.53°
[controller-2] [INFO] [1744587854.078962256] [drone_home1.controller]: Going to [(29.639567, -82.361102)]: 9269817.34 meters
[controller-2] [INFO] [1744587854.177349255] [drone_home1.controller]: Bearing: 262.53°
[controller-2] [INFO] [1744587854.179046496] [drone_home1.controller]: Going to [(29.639567, -82.361102)]: 9269817.34 meters
[controller-2] [INFO] [1744587854.276984951] [drone_home1.controller]: Bearing: 262.53°
[controller-2] [INFO] [1744587854.277882551] [drone_home1.controller]: Going to [(29.639567, -82.361102)]: 9269817.34 meters
[controller-2] [INFO] [1744587854.377216593] [drone_home1.controller]: Bearing: 262.53°
[controller-2] [INFO] [1744587854.378095088] [drone_home1.controller]: Going to [(29.639567, -82.361102)]: 9269817.34 meters
[controller-2] [INFO] [1744587854.477154358] [drone_home1.controller]: Bearing: 262.53°
[controller-2] [INFO] [1744587854.478121691] [drone_home1.controller]: Going to [(29.639567, -82.361102)]: 9269817.34 meters
[controller-2] [INFO] [1744587854.577126654] [drone_home1.controller]: Bearing: 262.53°
[controller-2] [INFO] [1744587854.577992572] [drone_home1.controller]: Going to [(29.639567, -82.361102)]: 9269817.34 meters
[controller-2] [INFO] [1744587854.677429565] [drone_home1.controller]: Bearing: 262.53°
[controller-2] [INFO] [1744587854.678497449] [drone_home1.controller]: Going to [(29.639567, -82.361102)]: 9269817.34 meters
[controller-2] [INFO] [1744587854.777274460] [drone_home1.controller]: Bearing: 262.53°
[controller-2] [INFO] [1744587854.778113783] [drone_home1.controller]: Going to [(29.639567, -82.361102)]: 9269817.34 meters
[controller-2] [INFO] [1744587854.877147196] [drone_home1.controller]: Bearing: 262.53°
[controller-2] [INFO] [1744587854.878010970] [drone_home1.controller]: Going to [(29.639567, -82.361102)]: 9269817.34 meters
[controller-2] [INFO] [1744587854.977375638] [drone_home1.controller]: Bearing: 262.53°
[controller-2] [INFO] [1744587854.978225811] [drone_home1.controller]: Going to [(29.639567, -82.361102)]: 9269817.34 meters
[controller-2] [INFO] [1744587855.077327031] [drone_home1.controller]: Bearing: 262.53°
[controller-2] [INFO] [1744587855.078959112] [drone_home1.controller]: Going to [(29.639567, -82.361102)]: 9269817.34 meters
[controller-2] [INFO] [1744587855.176383375] [drone_home1.controller]: Bearing: 262.53°
[controller-2] [INFO] [1744587855.178321494] [drone_home1.controller]: Going to [(29.639567, -82.361102)]: 9269817.34 meters
[controller-2] [INFO] [1744587855.277043128] [drone_home1.controller]: Bearing: 262.53°
[controller-2] [INFO] [1744587855.278384565] [drone_home1.controller]: Going to [(29.639567, -82.361102)]: 9269817.34 meters
[controller-2] [INFO] [1744587855.377375145] [drone_home1.controller]: Bearing: 262.53°
[controller-2] [INFO] [1744587855.378910835] [drone_home1.controller]: Going to [(29.639567, -82.361102)]: 9269817.34 meters
[controller-2] [INFO] [1744587855.477365090] [drone_home1.controller]: Bearing: 262.53°
[controller-2] [INFO] [1744587855.478878828] [drone_home1.controller]: Going to [(29.639567, -82.361102)]: 9269817.34 meters
[controller-2] [INFO] [1744587855.577360444] [drone_home1.controller]: Bearing: 262.53°
[controller-2] [INFO] [1744587855.578875590] [drone_home1.controller]: Going to [(29.639567, -82.361102)]: 9269817.34 meters
[controller-2] [INFO] [1744587855.677378136] [drone_home1.controller]: Bearing: 262.53°
[controller-2] [INFO] [1744587855.678914115] [drone_home1.controller]: Going to [(29.639567, -82.361102)]: 9269817.34 meters
[controller-2] [INFO] [1744587855.777383763] [drone_home1.controller]: Bearing: 262.53°
[controller-2] [INFO] [1744587855.778920637] [drone_home1.controller]: Going to [(29.639567, -82.361102)]: 9269817.34 meters
[controller-2] [INFO] [1744587855.877409391] [drone_home1.controller]: Bearing: 262.53°
[controller-2] [INFO] [1744587855.878952698] [drone_home1.controller]: Going to [(29.639567, -82.361102)]: 9269817.34 meters
[controller-2] [INFO] [1744587855.977359206] [drone_home1.controller]: Bearing: 262.53°
[controller-2] [INFO] [1744587855.978896656] [drone_home1.controller]: Going to [(29.639567, -82.361102)]: 9269817.34 meters
[controller-2] [INFO] [1744587856.077385856] [drone_home1.controller]: Bearing: 262.53°
[controller-2] [INFO] [1744587856.078929064] [drone_home1.controller]: Going to [(29.639567, -82.361102)]: 9269817.34 meters
[controller-2] [INFO] [1744587856.177362223] [drone_home1.controller]: Bearing: 262.53°
[controller-2] [INFO] [1744587856.178892470] [drone_home1.controller]: Going to [(29.639567, -82.361102)]: 9269817.34 meters
[controller-2] [INFO] [1744587856.277367776] [drone_home1.controller]: Bearing: 262.53°
[controller-2] [INFO] [1744587856.279694365] [drone_home1.controller]: Going to [(29.639567, -82.361102)]: 9269817.34 meters
[controller-2] [INFO] [1744587856.377545180] [drone_home1.controller]: Bearing: 262.53°
[controller-2] [INFO] [1744587856.379099845] [drone_home1.controller]: Going to [(29.639567, -82.361102)]: 9269817.34 meters
[controller-2] [INFO] [1744587856.620426803] [drone_home1.controller]: Bearing: 262.53°
[controller-2] [INFO] [1744587856.622278417] [drone_home1.controller]: Going to [(29.639567, -82.361102)]: 9269817.34 meters
[controller-2] [INFO] [1744587856.677213719] [drone_home1.controller]: Bearing: 262.53°
[controller-2] [INFO] [1744587856.678091602] [drone_home1.controller]: Going to [(29.639567, -82.361102)]: 9269817.34 meters
[controller-2] [INFO] [1744587856.777503835] [drone_home1.controller]: Bearing: 262.53°
[controller-2] [INFO] [1744587856.778420697] [drone_home1.controller]: Going to [(29.639567, -82.361102)]: 9269817.34 meters
[controller-2] [INFO] [1744587856.782141109] [drone_home1.controller]: Service request to change coordinate custom_messages.srv.SetCoordinate_Request(new_coordinate=sensor_msgs.msg.NavSatFix(header=std_msgs.msg.Header(stamp=builtin_interfaces.msg.Time(sec=0, nanosec=0), frame_id=''), status=sensor_msgs.msg.NavSatStatus(status=0, service=0), latitude=29.639567, longitude=-82.361102, altitude=0.0, position_covariance=array([0., 0., 0., 0., 0., 0., 0., 0., 0.]), position_covariance_type=0))
[controller-2] [INFO] [1744587856.783707999] [drone_home1.controller]: Waypoints now: [(29.639567, -82.361102)]
[controller-2] [INFO] [1744587856.877549711] [drone_home1.controller]: Bearing: 262.53°
[controller-2] [INFO] [1744587856.878762881] [drone_home1.controller]: Going to [(29.639567, -82.361102)]: 9269817.34 meters
[drive_hardware-6] [INFO] [1744587856.916648005] [drone_home1.drive_hardware]: Service request to change drive mode custom_messages.srv.SetMode_Request(mode='automatic')
[drive_hardware-6] [INFO] [1744587856.917607878] [drone_home1.drive_hardware]: Drive mode now: automatic
[controller-2] [INFO] [1744587856.976604543] [drone_home1.controller]: Bearing: 262.53°
[controller-2] [INFO] [1744587856.977573249] [drone_home1.controller]: Going to [(29.639567, -82.361102)]: 9269817.34 meters
[controller-2] [INFO] [1744587857.076628853] [drone_home1.controller]: Bearing: 262.53°
[controller-2] [INFO] [1744587857.078243712] [drone_home1.controller]: Going to [(29.639567, -82.361102)]: 9269817.34 meters
[controller-2] [INFO] [1744587857.176491512] [drone_home1.controller]: Bearing: 262.53°
[controller-2] [INFO] [1744587857.177591584] [drone_home1.controller]: Going to [(29.639567, -82.361102)]: 9269817.34 meters
[controller-2] [INFO] [1744587857.276620588] [drone_home1.controller]: Bearing: 262.53°
[controller-2] [INFO] [1744587857.278177299] [drone_home1.controller]: Going to [(29.639567, -82.361102)]: 9269817.34 meters
[controller-2] [INFO] [1744587857.376555668] [drone_home1.controller]: Bearing: 262.53°
[controller-2] [INFO] [1744587857.377638363] [drone_home1.controller]: Going to [(29.639567, -82.361102)]: 9269817.34 meters
[controller-2] [INFO] [1744587857.477042208] [drone_home1.controller]: Bearing: 262.53°
[controller-2] [INFO] [1744587857.478013216] [drone_home1.controller]: Going to [(29.639567, -82.361102)]: 9269817.34 meters
[controller-2] [INFO] [1744587857.577446054] [drone_home1.controller]: Bearing: 262.53°
[controller-2] [INFO] [1744587857.579781697] [drone_home1.controller]: Going to [(29.639567, -82.361102)]: 9269817.34 meters
[controller-2] [INFO] [1744587857.676766021] [drone_home1.controller]: Bearing: 262.53°
[controller-2] [INFO] [1744587857.677832812] [drone_home1.controller]: Going to [(29.639567, -82.361102)]: 9269817.34 meters
[controller-2] [INFO] [1744587857.777372345] [drone_home1.controller]: Bearing: 262.53°
[controller-2] [INFO] [1744587857.779900480] [drone_home1.controller]: Going to [(29.639567, -82.361102)]: 9269817.34 meters
[controller-2] [INFO] [1744587857.877252701] [drone_home1.controller]: Bearing: 262.53°
[controller-2] [INFO] [1744587857.878176538] [drone_home1.controller]: Going to [(29.639567, -82.361102)]: 9269817.34 meters
[controller-2] [INFO] [1744587857.977155427] [drone_home1.controller]: Bearing: 262.53°
[controller-2] [INFO] [1744587857.978769325] [drone_home1.controller]: Going to [(29.639567, -82.361102)]: 9269817.34 meters
[controller-2] [INFO] [1744587858.077156821] [drone_home1.controller]: Bearing: 262.53°
[controller-2] [INFO] [1744587858.078157462] [drone_home1.controller]: Going to [(29.639567, -82.361102)]: 9269817.34 meters
[controller-2] [INFO] [1744587858.176750664] [drone_home1.controller]: Bearing: 262.53°
[controller-2] [INFO] [1744587858.177720870] [drone_home1.controller]: Going to [(29.639567, -82.361102)]: 9269817.34 meters
[controller-2] [INFO] [1744587858.277321337] [drone_home1.controller]: Bearing: 262.53°
[controller-2] [INFO] [1744587858.278184465] [drone_home1.controller]: Going to [(29.639567, -82.361102)]: 9269817.34 meters
[controller-2] [INFO] [1744587858.377098551] [drone_home1.controller]: Bearing: 262.53°
[controller-2] [INFO] [1744587858.377978096] [drone_home1.controller]: Going to [(29.639567, -82.361102)]: 9269817.34 meters
[controller-2] [INFO] [1744587858.477468923] [drone_home1.controller]: Bearing: 262.53°
[controller-2] [INFO] [1744587858.478324947] [drone_home1.controller]: Going to [(29.639567, -82.361102)]: 9269817.34 meters
[controller-2] [INFO] [1744587858.577240857] [drone_home1.controller]: Bearing: 262.53°
[controller-2] [INFO] [1744587858.578128146] [drone_home1.controller]: Going to [(29.639567, -82.361102)]: 9269817.34 meters
[controller-2] [INFO] [1744587858.677164033] [drone_home1.controller]: Bearing: 262.53°
[controller-2] [INFO] [1744587858.678008855] [drone_home1.controller]: Going to [(29.639567, -82.361102)]: 9269817.34 meters
[controller-2] [INFO] [1744587858.777349209] [drone_home1.controller]: Bearing: 262.53°
[controller-2] [INFO] [1744587858.778856026] [drone_home1.controller]: Going to [(29.639567, -82.361102)]: 9269817.34 meters
[controller-2] [INFO] [1744587858.877352038] [drone_home1.controller]: Bearing: 262.53°
[controller-2] [INFO] [1744587858.878205917] [drone_home1.controller]: Going to [(29.639567, -82.361102)]: 9269817.34 meters
[controller-2] [INFO] [1744587858.977236587] [drone_home1.controller]: Bearing: 262.53°
[controller-2] [INFO] [1744587858.978104835] [drone_home1.controller]: Going to [(29.639567, -82.361102)]: 9269817.34 meters
[controller-2] [INFO] [1744587859.077551228] [drone_home1.controller]: Bearing: 262.53°
[controller-2] [INFO] [1744587859.078426739] [drone_home1.controller]: Going to [(29.639567, -82.361102)]: 9269817.34 meters
[controller-2] [INFO] [1744587859.177439303] [drone_home1.controller]: Bearing: 262.53°
[controller-2] [INFO] [1744587859.178314014] [drone_home1.controller]: Going to [(29.639567, -82.361102)]: 9269817.34 meters
[controller-2] [INFO] [1744587859.276736013] [drone_home1.controller]: Bearing: 262.53°
[controller-2] [INFO] [1744587859.277850131] [drone_home1.controller]: Going to [(29.639567, -82.361102)]: 9269817.34 meters
[controller-2] [INFO] [1744587859.377103606] [drone_home1.controller]: Bearing: 262.53°
[controller-2] [INFO] [1744587859.377967948] [drone_home1.controller]: Going to [(29.639567, -82.361102)]: 9269817.34 meters
[controller-2] [INFO] [1744587859.477386330] [drone_home1.controller]: Bearing: 262.53°
[controller-2] [INFO] [1744587859.478992671] [drone_home1.controller]: Going to [(29.639567, -82.361102)]: 9269817.34 meters
[controller-2] [INFO] [1744587859.577771588] [drone_home1.controller]: Bearing: 262.53°
[controller-2] [INFO] [1744587859.579293316] [drone_home1.controller]: Going to [(29.639567, -82.361102)]: 9269817.34 meters
[controller-2] [INFO] [1744587859.676847804] [drone_home1.controller]: Bearing: 262.53°
[controller-2] [INFO] [1744587859.677836890] [drone_home1.controller]: Going to [(29.639567, -82.361102)]: 9269817.34 meters
[controller-2] [INFO] [1744587859.777556603] [drone_home1.controller]: Bearing: 262.53°
[controller-2] [INFO] [1744587859.778425553] [drone_home1.controller]: Going to [(29.639567, -82.361102)]: 9269817.34 meters
[controller-2] [INFO] [1744587859.877630897] [drone_home1.controller]: Bearing: 262.53°
[controller-2] [INFO] [1744587859.878533642] [drone_home1.controller]: Going to [(29.639567, -82.361102)]: 9269817.34 meters
[controller-2] [INFO] [1744587859.976568673] [drone_home1.controller]: Bearing: 262.53°
[controller-2] [INFO] [1744587859.978245482] [drone_home1.controller]: Going to [(29.639567, -82.361102)]: 9269817.34 meters
[controller-2] [INFO] [1744587860.077358648] [drone_home1.controller]: Bearing: 262.53°
[controller-2] [INFO] [1744587860.078265904] [drone_home1.controller]: Going to [(29.639567, -82.361102)]: 9269817.34 meters
[controller-2] [INFO] [1744587860.177217708] [drone_home1.controller]: Bearing: 262.53°
[controller-2] [INFO] [1744587860.178132004] [drone_home1.controller]: Going to [(29.639567, -82.361102)]: 9269817.34 meters
[controller-2] [INFO] [1744587860.277109218] [drone_home1.controller]: Bearing: 262.53°
[controller-2] [INFO] [1744587860.278021978] [drone_home1.controller]: Going to [(29.639567, -82.361102)]: 9269817.34 meters
[controller-2] [INFO] [1744587860.376772554] [drone_home1.controller]: Bearing: 262.53°
[controller-2] [INFO] [1744587860.378009078] [drone_home1.controller]: Going to [(29.639567, -82.361102)]: 9269817.34 meters
[controller-2] [INFO] [1744587860.477792773] [drone_home1.controller]: Bearing: 262.53°
[controller-2] [INFO] [1744587860.480185752] [drone_home1.controller]: Going to [(29.639567, -82.361102)]: 9269817.34 meters
[controller-2] [INFO] [1744587860.577361511] [drone_home1.controller]: Bearing: 262.53°
[controller-2] [INFO] [1744587860.580183956] [drone_home1.controller]: Going to [(29.639567, -82.361102)]: 9269817.34 meters
[controller-2] [INFO] [1744587860.677658326] [drone_home1.controller]: Bearing: 262.53°
[controller-2] [INFO] [1744587860.679313051] [drone_home1.controller]: Going to [(29.639567, -82.361102)]: 9269817.34 meters
[controller-2] [INFO] [1744587860.776978792] [drone_home1.controller]: Bearing: 262.53°
[controller-2] [INFO] [1744587860.778414560] [drone_home1.controller]: Going to [(29.639567, -82.361102)]: 9269817.34 meters
[controller-2] [INFO] [1744587860.876535530] [drone_home1.controller]: Bearing: 262.53°
[controller-2] [INFO] [1744587860.877455042] [drone_home1.controller]: Going to [(29.639567, -82.361102)]: 9269817.34 meters
[controller-2] [INFO] [1744587860.976530502] [drone_home1.controller]: Bearing: 262.53°
[controller-2] [INFO] [1744587860.977545348] [drone_home1.controller]: Going to [(29.639567, -82.361102)]: 9269817.34 meters
[controller-2] [INFO] [1744587861.076529947] [drone_home1.controller]: Bearing: 262.53°
[controller-2] [INFO] [1744587861.077716610] [drone_home1.controller]: Going to [(29.639567, -82.361102)]: 9269817.34 meters
[controller-2] [INFO] [1744587861.176454562] [drone_home1.controller]: Bearing: 262.53°
[controller-2] [INFO] [1744587861.177577701] [drone_home1.controller]: Going to [(29.639567, -82.361102)]: 9269817.34 meters
[controller-2] [INFO] [1744587861.276495440] [drone_home1.controller]: Bearing: 262.53°
[controller-2] [INFO] [1744587861.277728762] [drone_home1.controller]: Going to [(29.639567, -82.361102)]: 9269817.34 meters
[controller-2] [INFO] [1744587861.376460025] [drone_home1.controller]: Bearing: 262.53°
[controller-2] [INFO] [1744587861.377370896] [drone_home1.controller]: Going to [(29.639567, -82.361102)]: 9269817.34 meters
[controller-2] [INFO] [1744587861.476509960] [drone_home1.controller]: Bearing: 262.53°
[controller-2] [INFO] [1744587861.477532773] [drone_home1.controller]: Going to [(29.639567, -82.361102)]: 9269817.34 meters
[controller-2] [INFO] [1744587861.576489426] [drone_home1.controller]: Bearing: 262.53°
[controller-2] [INFO] [1744587861.577415817] [drone_home1.controller]: Going to [(29.639567, -82.361102)]: 9269817.34 meters
[controller-2] [INFO] [1744587861.676402648] [drone_home1.controller]: Bearing: 262.53°
[controller-2] [INFO] [1744587861.677300942] [drone_home1.controller]: Going to [(29.639567, -82.361102)]: 9269817.34 meters
[controller-2] [INFO] [1744587861.776419493] [drone_home1.controller]: Bearing: 262.53°
[controller-2] [INFO] [1744587861.777332508] [drone_home1.controller]: Going to [(29.639567, -82.361102)]: 9269817.34 meters
[controller-2] [INFO] [1744587861.877639450] [drone_home1.controller]: Bearing: 262.53°
[controller-2] [INFO] [1744587861.879165141] [drone_home1.controller]: Going to [(29.639567, -82.361102)]: 9269817.34 meters
[controller-2] [INFO] [1744587861.977374069] [drone_home1.controller]: Bearing: 262.53°
[controller-2] [INFO] [1744587861.979387598] [drone_home1.controller]: Going to [(29.639567, -82.361102)]: 9269817.34 meters
[controller-2] [INFO] [1744587862.077335897] [drone_home1.controller]: Bearing: 262.53°
[controller-2] [INFO] [1744587862.078519870] [drone_home1.controller]: Going to [(29.639567, -82.361102)]: 9269817.34 meters
[controller-2] [INFO] [1744587862.177413629] [drone_home1.controller]: Bearing: 262.53°
[controller-2] [INFO] [1744587862.178975064] [drone_home1.controller]: Going to [(29.639567, -82.361102)]: 9269817.34 meters
[controller-2] [INFO] [1744587862.277303125] [drone_home1.controller]: Bearing: 262.53°
[controller-2] [INFO] [1744587862.278810446] [drone_home1.controller]: Going to [(29.639567, -82.361102)]: 9269817.34 meters
[controller-2] [INFO] [1744587862.377646697] [drone_home1.controller]: Bearing: 262.53°
[controller-2] [INFO] [1744587862.379217477] [drone_home1.controller]: Going to [(29.639567, -82.361102)]: 9269817.34 meters
[controller-2] [INFO] [1744587862.477329429] [drone_home1.controller]: Bearing: 262.53°
[controller-2] [INFO] [1744587862.478877136] [drone_home1.controller]: Going to [(29.639567, -82.361102)]: 9269817.34 meters
[controller-2] [INFO] [1744587862.578040382] [drone_home1.controller]: Bearing: 262.53°
[controller-2] [INFO] [1744587862.579622907] [drone_home1.controller]: Going to [(29.639567, -82.361102)]: 9269817.34 meters
[controller-2] [INFO] [1744587862.677433882] [drone_home1.controller]: Bearing: 262.53°
[controller-2] [INFO] [1744587862.678978388] [drone_home1.controller]: Going to [(29.639567, -82.361102)]: 9269817.34 meters
[controller-2] [INFO] [1744587862.777427224] [drone_home1.controller]: Bearing: 262.53°
[controller-2] [INFO] [1744587862.779723935] [drone_home1.controller]: Going to [(29.639567, -82.361102)]: 9269817.34 meters
[controller-2] [INFO] [1744587862.879214528] [drone_home1.controller]: Bearing: 262.53°
[controller-2] [INFO] [1744587862.881101679] [drone_home1.controller]: Going to [(29.639567, -82.361102)]: 9269817.34 meters
[controller-2] [INFO] [1744587862.976468095] [drone_home1.controller]: Bearing: 262.53°
[controller-2] [INFO] [1744587862.977467641] [drone_home1.controller]: Going to [(29.639567, -82.361102)]: 9269817.34 meters
[controller-2] [INFO] [1744587863.076649959] [drone_home1.controller]: Bearing: 262.53°
[controller-2] [INFO] [1744587863.077722660] [drone_home1.controller]: Going to [(29.639567, -82.361102)]: 9269817.34 meters
[controller-2] [INFO] [1744587863.176966896] [drone_home1.controller]: Bearing: 262.53°
[controller-2] [INFO] [1744587863.177911910] [drone_home1.controller]: Going to [(29.639567, -82.361102)]: 9269817.34 meters
[controller-2] [INFO] [1744587863.277299066] [drone_home1.controller]: Bearing: 262.53°
[controller-2] [INFO] [1744587863.278199150] [drone_home1.controller]: Going to [(29.639567, -82.361102)]: 9269817.34 meters
[controller-2] [INFO] [1744587863.376919868] [drone_home1.controller]: Bearing: 262.53°
[controller-2] [INFO] [1744587863.378091615] [drone_home1.controller]: Going to [(29.639567, -82.361102)]: 9269817.34 meters
[controller-2] [INFO] [1744587863.476535485] [drone_home1.controller]: Bearing: 262.53°
[controller-2] [INFO] [1744587863.479708691] [drone_home1.controller]: Going to [(29.639567, -82.361102)]: 9269817.34 meters
[controller-2] [INFO] [1744587863.576705886] [drone_home1.controller]: Bearing: 262.53°
[controller-2] [INFO] [1744587863.579417401] [drone_home1.controller]: Going to [(29.639567, -82.361102)]: 9269817.34 meters
[controller-2] [INFO] [1744587863.677013799] [drone_home1.controller]: Bearing: 262.53°
[controller-2] [INFO] [1744587863.677947484] [drone_home1.controller]: Going to [(29.639567, -82.361102)]: 9269817.34 meters
[controller-2] [INFO] [1744587863.776615559] [drone_home1.controller]: Bearing: 262.53°
[controller-2] [INFO] [1744587863.779438537] [drone_home1.controller]: Going to [(29.639567, -82.361102)]: 9269817.34 meters
[controller-2] [INFO] [1744587863.876632671] [drone_home1.controller]: Bearing: 262.53°
[controller-2] [INFO] [1744587863.877715997] [drone_home1.controller]: Going to [(29.639567, -82.361102)]: 9269817.34 meters
[controller-2] [INFO] [1744587863.977748598] [drone_home1.controller]: Bearing: 262.53°
[controller-2] [INFO] [1744587863.979312720] [drone_home1.controller]: Going to [(29.639567, -82.361102)]: 9269817.34 meters
[controller-2] [INFO] [1744587864.077560963] [drone_home1.controller]: Bearing: 262.53°
[controller-2] [INFO] [1744587864.079093369] [drone_home1.controller]: Going to [(29.639567, -82.361102)]: 9269817.34 meters
[controller-2] [INFO] [1744587864.176752233] [drone_home1.controller]: Bearing: 262.53°
[controller-2] [INFO] [1744587864.178137143] [drone_home1.controller]: Going to [(29.639567, -82.361102)]: 9269817.34 meters
[controller-2] [INFO] [1744587864.276631894] [drone_home1.controller]: Bearing: 262.53°
[controller-2] [INFO] [1744587864.277544905] [drone_home1.controller]: Going to [(29.639567, -82.361102)]: 9269817.34 meters
[controller-2] [INFO] [1744587864.376688589] [drone_home1.controller]: Bearing: 262.53°
[controller-2] [INFO] [1744587864.377721478] [drone_home1.controller]: Going to [(29.639567, -82.361102)]: 9269817.34 meters
[controller-2] [INFO] [1744587864.478852249] [drone_home1.controller]: Bearing: 262.53°
[controller-2] [INFO] [1744587864.479789133] [drone_home1.controller]: Going to [(29.639567, -82.361102)]: 9269817.34 meters
[controller-2] [INFO] [1744587864.577091530] [drone_home1.controller]: Bearing: 262.53°
[controller-2] [INFO] [1744587864.578627392] [drone_home1.controller]: Going to [(29.639567, -82.361102)]: 9269817.34 meters
[controller-2] [INFO] [1744587864.676645284] [drone_home1.controller]: Bearing: 262.53°
[controller-2] [INFO] [1744587864.677649820] [drone_home1.controller]: Going to [(29.639567, -82.361102)]: 9269817.34 meters
[controller-2] [INFO] [1744587864.776815905] [drone_home1.controller]: Bearing: 262.53°
[controller-2] [INFO] [1744587864.777851067] [drone_home1.controller]: Going to [(29.639567, -82.361102)]: 9269817.34 meters
[controller-2] [INFO] [1744587864.877396469] [drone_home1.controller]: Bearing: 262.53°
[controller-2] [INFO] [1744587864.878346218] [drone_home1.controller]: Going to [(29.639567, -82.361102)]: 9269817.34 meters
[controller-2] [INFO] [1744587864.977430890] [drone_home1.controller]: Bearing: 262.53°
[controller-2] [INFO] [1744587864.978334333] [drone_home1.controller]: Going to [(29.639567, -82.361102)]: 9269817.34 meters
[controller-2] [INFO] [1744587865.077005642] [drone_home1.controller]: Bearing: 262.53°
[controller-2] [INFO] [1744587865.079049562] [drone_home1.controller]: Going to [(29.639567, -82.361102)]: 9269817.34 meters
[controller-2] [INFO] [1744587865.177219914] [drone_home1.controller]: Bearing: 262.53°
[controller-2] [INFO] [1744587865.178104026] [drone_home1.controller]: Going to [(29.639567, -82.361102)]: 9269817.34 meters
[controller-2] [INFO] [1744587865.276644990] [drone_home1.controller]: Bearing: 262.53°
[controller-2] [INFO] [1744587865.277800541] [drone_home1.controller]: Going to [(29.639567, -82.361102)]: 9269817.34 meters
[controller-2] [INFO] [1744587865.377312630] [drone_home1.controller]: Bearing: 262.53°
[controller-2] [INFO] [1744587865.379155707] [drone_home1.controller]: Going to [(29.639567, -82.361102)]: 9269817.34 meters
[controller-2] [INFO] [1744587865.477289545] [drone_home1.controller]: Bearing: 262.53°
[controller-2] [INFO] [1744587865.479368250] [drone_home1.controller]: Going to [(29.639567, -82.361102)]: 9269817.34 meters
[controller-2] [INFO] [1744587865.576639417] [drone_home1.controller]: Bearing: 262.53°
[controller-2] [INFO] [1744587865.578259634] [drone_home1.controller]: Going to [(29.639567, -82.361102)]: 9269817.34 meters
[controller-2] [INFO] [1744587865.676646477] [drone_home1.controller]: Bearing: 262.53°
[controller-2] [INFO] [1744587865.677816877] [drone_home1.controller]: Going to [(29.639567, -82.361102)]: 9269817.34 meters
[controller-2] [INFO] [1744587865.777499312] [drone_home1.controller]: Bearing: 262.53°
[controller-2] [INFO] [1744587865.778363935] [drone_home1.controller]: Going to [(29.639567, -82.361102)]: 9269817.34 meters
[controller-2] [INFO] [1744587865.877389405] [drone_home1.controller]: Bearing: 262.53°
[controller-2] [INFO] [1744587865.878260461] [drone_home1.controller]: Going to [(29.639567, -82.361102)]: 9269817.34 meters
[controller-2] [INFO] [1744587865.977268554] [drone_home1.controller]: Bearing: 262.53°
[controller-2] [INFO] [1744587865.978393064] [drone_home1.controller]: Going to [(29.639567, -82.361102)]: 9269817.34 meters
[controller-2] [INFO] [1744587866.077182080] [drone_home1.controller]: Bearing: 262.53°
[controller-2] [INFO] [1744587866.078058543] [drone_home1.controller]: Going to [(29.639567, -82.361102)]: 9269817.34 meters
[controller-2] [INFO] [1744587866.177164951] [drone_home1.controller]: Bearing: 262.53°
[controller-2] [INFO] [1744587866.177995780] [drone_home1.controller]: Going to [(29.639567, -82.361102)]: 9269817.34 meters
[controller-2] [INFO] [1744587866.277152943] [drone_home1.controller]: Bearing: 262.53°
[controller-2] [INFO] [1744587866.277990364] [drone_home1.controller]: Going to [(29.639567, -82.361102)]: 9269817.34 meters
[controller-2] [INFO] [1744587866.377364402] [drone_home1.controller]: Bearing: 262.53°
[controller-2] [INFO] [1744587866.378224256] [drone_home1.controller]: Going to [(29.639567, -82.361102)]: 9269817.34 meters
[controller-2] [INFO] [1744587866.477382251] [drone_home1.controller]: Bearing: 262.53°
[controller-2] [INFO] [1744587866.478313373] [drone_home1.controller]: Going to [(29.639567, -82.361102)]: 9269817.34 meters
[controller-2] [INFO] [1744587866.577768280] [drone_home1.controller]: Bearing: 262.53°
[controller-2] [INFO] [1744587866.579185348] [drone_home1.controller]: Going to [(29.639567, -82.361102)]: 9269817.34 meters
[controller-2] [INFO] [1744587866.676700023] [drone_home1.controller]: Bearing: 262.53°
[controller-2] [INFO] [1744587866.677682892] [drone_home1.controller]: Going to [(29.639567, -82.361102)]: 9269817.34 meters
[controller-2] [INFO] [1744587866.776743250] [drone_home1.controller]: Bearing: 262.53°
[controller-2] [INFO] [1744587866.778080409] [drone_home1.controller]: Going to [(29.639567, -82.361102)]: 9269817.34 meters
[controller-2] [INFO] [1744587866.877642298] [drone_home1.controller]: Bearing: 262.53°
[controller-2] [INFO] [1744587866.879233487] [drone_home1.controller]: Going to [(29.639567, -82.361102)]: 9269817.34 meters
[controller-2] [INFO] [1744587866.977295647] [drone_home1.controller]: Bearing: 262.53°
[controller-2] [INFO] [1744587866.978375769] [drone_home1.controller]: Going to [(29.639567, -82.361102)]: 9269817.34 meters
[controller-2] [INFO] [1744587867.077477034] [drone_home1.controller]: Bearing: 262.53°
[controller-2] [INFO] [1744587867.078404155] [drone_home1.controller]: Going to [(29.639567, -82.361102)]: 9269817.34 meters
[controller-2] [INFO] [1744587867.177393702] [drone_home1.controller]: Bearing: 262.53°
[controller-2] [INFO] [1744587867.178697290] [drone_home1.controller]: Going to [(29.639567, -82.361102)]: 9269817.34 meters
[controller-2] [INFO] [1744587867.276997330] [drone_home1.controller]: Bearing: 262.53°
[controller-2] [INFO] [1744587867.278016647] [drone_home1.controller]: Going to [(29.639567, -82.361102)]: 9269817.34 meters
[controller-2] [INFO] [1744587867.377296546] [drone_home1.controller]: Bearing: 262.53°
[controller-2] [INFO] [1744587867.378184432] [drone_home1.controller]: Going to [(29.639567, -82.361102)]: 9269817.34 meters
[controller-2] [INFO] [1744587867.476932911] [drone_home1.controller]: Bearing: 262.53°
[controller-2] [INFO] [1744587867.478203377] [drone_home1.controller]: Going to [(29.639567, -82.361102)]: 9269817.34 meters
[controller-2] [INFO] [1744587867.577133466] [drone_home1.controller]: Bearing: 262.53°
[controller-2] [INFO] [1744587867.578011208] [drone_home1.controller]: Going to [(29.639567, -82.361102)]: 9269817.34 meters
[controller-2] [INFO] [1744587867.677743034] [drone_home1.controller]: Bearing: 262.53°
[controller-2] [INFO] [1744587867.679355630] [drone_home1.controller]: Going to [(29.639567, -82.361102)]: 9269817.34 meters
[controller-2] [INFO] [1744587867.776642625] [drone_home1.controller]: Bearing: 262.53°
[controller-2] [INFO] [1744587867.777594739] [drone_home1.controller]: Going to [(29.639567, -82.361102)]: 9269817.34 meters
[controller-2] [INFO] [1744587867.876709925] [drone_home1.controller]: Bearing: 262.53°
[controller-2] [INFO] [1744587867.877847488] [drone_home1.controller]: Going to [(29.639567, -82.361102)]: 9269817.34 meters
[controller-2] [INFO] [1744587867.977392841] [drone_home1.controller]: Bearing: 262.53°
[controller-2] [INFO] [1744587867.978348443] [drone_home1.controller]: Going to [(29.639567, -82.361102)]: 9269817.34 meters
[controller-2] [INFO] [1744587868.076633870] [drone_home1.controller]: Bearing: 262.53°
[controller-2] [INFO] [1744587868.077592319] [drone_home1.controller]: Going to [(29.639567, -82.361102)]: 9269817.34 meters
[controller-2] [INFO] [1744587868.177539081] [drone_home1.controller]: Bearing: 262.53°
[controller-2] [INFO] [1744587868.178625536] [drone_home1.controller]: Going to [(29.639567, -82.361102)]: 9269817.34 meters
[controller-2] [INFO] [1744587868.277155970] [drone_home1.controller]: Bearing: 262.53°
[controller-2] [INFO] [1744587868.278589835] [drone_home1.controller]: Going to [(29.639567, -82.361102)]: 9269817.34 meters
[controller-2] [INFO] [1744587868.377883795] [drone_home1.controller]: Bearing: 262.53°
[controller-2] [INFO] [1744587868.378787265] [drone_home1.controller]: Going to [(29.639567, -82.361102)]: 9269817.34 meters
[controller-2] [INFO] [1744587868.477009715] [drone_home1.controller]: Bearing: 262.53°
[controller-2] [INFO] [1744587868.478245042] [drone_home1.controller]: Going to [(29.639567, -82.361102)]: 9269817.34 meters
[controller-2] [INFO] [1744587868.577370129] [drone_home1.controller]: Bearing: 262.53°
[controller-2] [INFO] [1744587868.578912128] [drone_home1.controller]: Going to [(29.639567, -82.361102)]: 9269817.34 meters
[controller-2] [INFO] [1744587868.678621309] [drone_home1.controller]: Bearing: 262.53°
[controller-2] [INFO] [1744587868.680279538] [drone_home1.controller]: Going to [(29.639567, -82.361102)]: 9269817.34 meters
[controller-2] [INFO] [1744587868.777479632] [drone_home1.controller]: Bearing: 262.53°
[controller-2] [INFO] [1744587868.781277841] [drone_home1.controller]: Going to [(29.639567, -82.361102)]: 9269817.34 meters
[controller-2] [INFO] [1744587868.878379082] [drone_home1.controller]: Bearing: 262.53°
[controller-2] [INFO] [1744587868.880251529] [drone_home1.controller]: Going to [(29.639567, -82.361102)]: 9269817.34 meters
[controller-2] [INFO] [1744587868.976699968] [drone_home1.controller]: Bearing: 262.53°
[controller-2] [INFO] [1744587868.977644656] [drone_home1.controller]: Going to [(29.639567, -82.361102)]: 9269817.34 meters
[controller-2] [INFO] [1744587869.076836035] [drone_home1.controller]: Bearing: 262.53°
[controller-2] [INFO] [1744587869.078002749] [drone_home1.controller]: Going to [(29.639567, -82.361102)]: 9269817.34 meters
[controller-2] [INFO] [1744587869.177885683] [drone_home1.controller]: Bearing: 262.53°
[controller-2] [INFO] [1744587869.179518340] [drone_home1.controller]: Going to [(29.639567, -82.361102)]: 9269817.34 meters
[controller-2] [INFO] [1744587869.277344468] [drone_home1.controller]: Bearing: 262.53°
[controller-2] [INFO] [1744587869.278890049] [drone_home1.controller]: Going to [(29.639567, -82.361102)]: 9269817.34 meters
[controller-2] [INFO] [1744587869.377348432] [drone_home1.controller]: Bearing: 262.53°
[controller-2] [INFO] [1744587869.378914974] [drone_home1.controller]: Going to [(29.639567, -82.361102)]: 9269817.34 meters
[controller-2] [INFO] [1744587869.478368703] [drone_home1.controller]: Bearing: 262.53°
[controller-2] [INFO] [1744587869.480021649] [drone_home1.controller]: Going to [(29.639567, -82.361102)]: 9269817.34 meters
[controller-2] [INFO] [1744587869.577533201] [drone_home1.controller]: Bearing: 262.53°
[controller-2] [INFO] [1744587869.578411581] [drone_home1.controller]: Going to [(29.639567, -82.361102)]: 9269817.34 meters
[controller-2] [INFO] [1744587869.676935695] [drone_home1.controller]: Bearing: 262.53°
[controller-2] [INFO] [1744587869.678217647] [drone_home1.controller]: Going to [(29.639567, -82.361102)]: 9269817.34 meters
[controller-2] [INFO] [1744587869.777685680] [drone_home1.controller]: Bearing: 262.53°
[controller-2] [INFO] [1744587869.779054132] [drone_home1.controller]: Going to [(29.639567, -82.361102)]: 9269817.34 meters
[controller-2] [INFO] [1744587869.876865123] [drone_home1.controller]: Bearing: 262.53°
[controller-2] [INFO] [1744587869.878812932] [drone_home1.controller]: Going to [(29.639567, -82.361102)]: 9269817.34 meters
[controller-2] [INFO] [1744587869.977262611] [drone_home1.controller]: Bearing: 262.53°
[controller-2] [INFO] [1744587869.978365482] [drone_home1.controller]: Going to [(29.639567, -82.361102)]: 9269817.34 meters
[controller-2] [INFO] [1744587870.076805834] [drone_home1.controller]: Bearing: 262.53°
[controller-2] [INFO] [1744587870.077875902] [drone_home1.controller]: Going to [(29.639567, -82.361102)]: 9269817.34 meters
[controller-2] [INFO] [1744587870.176689491] [drone_home1.controller]: Bearing: 262.53°
[controller-2] [INFO] [1744587870.178019860] [drone_home1.controller]: Going to [(29.639567, -82.361102)]: 9269817.34 meters
[controller-2] [INFO] [1744587870.276835561] [drone_home1.controller]: Bearing: 262.53°
[controller-2] [INFO] [1744587870.279282112] [drone_home1.controller]: Going to [(29.639567, -82.361102)]: 9269817.34 meters
[controller-2] [INFO] [1744587870.376782101] [drone_home1.controller]: Bearing: 262.53°
[controller-2] [INFO] [1744587870.377729156] [drone_home1.controller]: Going to [(29.639567, -82.361102)]: 9269817.34 meters
[controller-2] [INFO] [1744587870.476604540] [drone_home1.controller]: Bearing: 262.53°
[controller-2] [INFO] [1744587870.477544618] [drone_home1.controller]: Going to [(29.639567, -82.361102)]: 9269817.34 meters
[controller-2] [INFO] [1744587870.577338350] [drone_home1.controller]: Bearing: 262.53°
[controller-2] [INFO] [1744587870.578569547] [drone_home1.controller]: Going to [(29.639567, -82.361102)]: 9269817.34 meters
[controller-2] [INFO] [1744587870.677106418] [drone_home1.controller]: Bearing: 262.53°
[controller-2] [INFO] [1744587870.677951803] [drone_home1.controller]: Going to [(29.639567, -82.361102)]: 9269817.34 meters
[controller-2] [INFO] [1744587870.777157828] [drone_home1.controller]: Bearing: 262.53°
[controller-2] [INFO] [1744587870.777988844] [drone_home1.controller]: Going to [(29.639567, -82.361102)]: 9269817.34 meters
[controller-2] [INFO] [1744587870.877153650] [drone_home1.controller]: Bearing: 262.53°
[controller-2] [INFO] [1744587870.878351853] [drone_home1.controller]: Going to [(29.639567, -82.361102)]: 9269817.34 meters
[controller-2] [INFO] [1744587870.977200388] [drone_home1.controller]: Bearing: 262.53°
[controller-2] [INFO] [1744587870.978033676] [drone_home1.controller]: Going to [(29.639567, -82.361102)]: 9269817.34 meters
[controller-2] [INFO] [1744587871.077370798] [drone_home1.controller]: Bearing: 262.53°
[controller-2] [INFO] [1744587871.078893847] [drone_home1.controller]: Going to [(29.639567, -82.361102)]: 9269817.34 meters
[controller-2] [INFO] [1744587871.177377108] [drone_home1.controller]: Bearing: 262.53°
[controller-2] [INFO] [1744587871.178899997] [drone_home1.controller]: Going to [(29.639567, -82.361102)]: 9269817.34 meters
[controller-2] [INFO] [1744587871.276962822] [drone_home1.controller]: Bearing: 262.53°
[controller-2] [INFO] [1744587871.278184256] [drone_home1.controller]: Going to [(29.639567, -82.361102)]: 9269817.34 meters
[controller-2] [INFO] [1744587871.377137268] [drone_home1.controller]: Bearing: 262.53°
[controller-2] [INFO] [1744587871.378007069] [drone_home1.controller]: Going to [(29.639567, -82.361102)]: 9269817.34 meters
[controller-2] [INFO] [1744587871.477149946] [drone_home1.controller]: Bearing: 262.53°
[controller-2] [INFO] [1744587871.478245070] [drone_home1.controller]: Going to [(29.639567, -82.361102)]: 9269817.34 meters
[controller-2] [INFO] [1744587871.577239811] [drone_home1.controller]: Bearing: 262.53°
[controller-2] [INFO] [1744587871.578094828] [drone_home1.controller]: Going to [(29.639567, -82.361102)]: 9269817.34 meters
[controller-2] [INFO] [1744587871.677217192] [drone_home1.controller]: Bearing: 262.53°
[controller-2] [INFO] [1744587871.678068272] [drone_home1.controller]: Going to [(29.639567, -82.361102)]: 9269817.34 meters
[controller-2] [INFO] [1744587871.777468313] [drone_home1.controller]: Bearing: 262.53°
[controller-2] [INFO] [1744587871.778361444] [drone_home1.controller]: Going to [(29.639567, -82.361102)]: 9269817.34 meters
[controller-2] [INFO] [1744587871.877250644] [drone_home1.controller]: Bearing: 262.53°
[controller-2] [INFO] [1744587871.878110973] [drone_home1.controller]: Going to [(29.639567, -82.361102)]: 9269817.34 meters
[controller-2] [INFO] [1744587871.977291772] [drone_home1.controller]: Bearing: 262.53°
[controller-2] [INFO] [1744587871.978165413] [drone_home1.controller]: Going to [(29.639567, -82.361102)]: 9269817.34 meters
[controller-2] [INFO] [1744587872.076742334] [drone_home1.controller]: Bearing: 262.53°
[controller-2] [INFO] [1744587872.077651304] [drone_home1.controller]: Going to [(29.639567, -82.361102)]: 9269817.34 meters
[controller-2] [INFO] [1744587872.177071020] [drone_home1.controller]: Bearing: 262.53°
[controller-2] [INFO] [1744587872.177944885] [drone_home1.controller]: Going to [(29.639567, -82.361102)]: 9269817.34 meters
[controller-2] [INFO] [1744587872.277181521] [drone_home1.controller]: Bearing: 262.53°
[controller-2] [INFO] [1744587872.278029624] [drone_home1.controller]: Going to [(29.639567, -82.361102)]: 9269817.34 meters
[controller-2] [INFO] [1744587872.377587171] [drone_home1.controller]: Bearing: 262.53°
[controller-2] [INFO] [1744587872.378790875] [drone_home1.controller]: Going to [(29.639567, -82.361102)]: 9269817.34 meters
[controller-2] [INFO] [1744587872.477453244] [drone_home1.controller]: Bearing: 262.53°
[controller-2] [INFO] [1744587872.478581873] [drone_home1.controller]: Going to [(29.639567, -82.361102)]: 9269817.34 meters
[controller-2] [INFO] [1744587872.577153965] [drone_home1.controller]: Bearing: 262.53°
[controller-2] [INFO] [1744587872.578017845] [drone_home1.controller]: Going to [(29.639567, -82.361102)]: 9269817.34 meters
[controller-2] [INFO] [1744587872.677167245] [drone_home1.controller]: Bearing: 262.53°
[controller-2] [INFO] [1744587872.678124666] [drone_home1.controller]: Going to [(29.639567, -82.361102)]: 9269817.34 meters
[controller-2] [INFO] [1744587872.777131083] [drone_home1.controller]: Bearing: 262.53°
[controller-2] [INFO] [1744587872.777997459] [drone_home1.controller]: Going to [(29.639567, -82.361102)]: 9269817.34 meters
[controller-2] [INFO] [1744587872.876725975] [drone_home1.controller]: Bearing: 262.53°
[controller-2] [INFO] [1744587872.877750535] [drone_home1.controller]: Going to [(29.639567, -82.361102)]: 9269817.34 meters
[controller-2] [INFO] [1744587872.977030948] [drone_home1.controller]: Bearing: 262.53°
[controller-2] [INFO] [1744587872.978343202] [drone_home1.controller]: Going to [(29.639567, -82.361102)]: 9269817.34 meters
[controller-2] [INFO] [1744587873.077541172] [drone_home1.controller]: Bearing: 262.53°
[controller-2] [INFO] [1744587873.078462910] [drone_home1.controller]: Going to [(29.639567, -82.361102)]: 9269817.34 meters
[controller-2] [INFO] [1744587873.177408810] [drone_home1.controller]: Bearing: 262.53°
[controller-2] [INFO] [1744587873.178921743] [drone_home1.controller]: Going to [(29.639567, -82.361102)]: 9269817.34 meters
[controller-2] [INFO] [1744587873.277358628] [drone_home1.controller]: Bearing: 262.53°
[controller-2] [INFO] [1744587873.278876873] [drone_home1.controller]: Going to [(29.639567, -82.361102)]: 9269817.34 meters
[controller-2] [INFO] [1744587873.377435844] [drone_home1.controller]: Bearing: 262.53°
[controller-2] [INFO] [1744587873.378980170] [drone_home1.controller]: Going to [(29.639567, -82.361102)]: 9269817.34 meters
[controller-2] [INFO] [1744587873.476884455] [drone_home1.controller]: Bearing: 262.53°
[controller-2] [INFO] [1744587873.479084779] [drone_home1.controller]: Going to [(29.639567, -82.361102)]: 9269817.34 meters
[controller-2] [INFO] [1744587873.578202751] [drone_home1.controller]: Bearing: 262.53°
[controller-2] [INFO] [1744587873.579396598] [drone_home1.controller]: Going to [(29.639567, -82.361102)]: 9269817.34 meters
[controller-2] [INFO] [1744587873.677018373] [drone_home1.controller]: Bearing: 262.53°
[controller-2] [INFO] [1744587873.678237501] [drone_home1.controller]: Going to [(29.639567, -82.361102)]: 9269817.34 meters
[controller-2] [INFO] [1744587873.776566701] [drone_home1.controller]: Bearing: 262.53°
[controller-2] [INFO] [1744587873.777861384] [drone_home1.controller]: Going to [(29.639567, -82.361102)]: 9269817.34 meters
[controller-2] [INFO] [1744587873.877326220] [drone_home1.controller]: Bearing: 262.53°
[controller-2] [INFO] [1744587873.879202241] [drone_home1.controller]: Going to [(29.639567, -82.361102)]: 9269817.34 meters
[controller-2] [INFO] [1744587873.976580198] [drone_home1.controller]: Bearing: 262.53°
[controller-2] [INFO] [1744587873.977596724] [drone_home1.controller]: Going to [(29.639567, -82.361102)]: 9269817.34 meters
[controller-2] [INFO] [1744587874.076625215] [drone_home1.controller]: Bearing: 262.53°
[controller-2] [INFO] [1744587874.077890904] [drone_home1.controller]: Going to [(29.639567, -82.361102)]: 9269817.34 meters
[controller-2] [INFO] [1744587874.176575354] [drone_home1.controller]: Bearing: 262.53°
[controller-2] [INFO] [1744587874.178001113] [drone_home1.controller]: Going to [(29.639567, -82.361102)]: 9269817.34 meters
[controller-2] [INFO] [1744587874.277246996] [drone_home1.controller]: Bearing: 262.53°
[controller-2] [INFO] [1744587874.279791430] [drone_home1.controller]: Going to [(29.639567, -82.361102)]: 9269817.34 meters
[controller-2] [INFO] [1744587874.376534192] [drone_home1.controller]: Bearing: 262.53°
[controller-2] [INFO] [1744587874.378281823] [drone_home1.controller]: Going to [(29.639567, -82.361102)]: 9269817.34 meters
[controller-2] [INFO] [1744587874.476738518] [drone_home1.controller]: Bearing: 262.53°
[controller-2] [INFO] [1744587874.479932133] [drone_home1.controller]: Going to [(29.639567, -82.361102)]: 9269817.34 meters
[controller-2] [INFO] [1744587874.576651822] [drone_home1.controller]: Bearing: 262.53°
[controller-2] [INFO] [1744587874.577670204] [drone_home1.controller]: Going to [(29.639567, -82.361102)]: 9269817.34 meters
[controller-2] [INFO] [1744587874.676667787] [drone_home1.controller]: Bearing: 262.53°
[controller-2] [INFO] [1744587874.678548447] [drone_home1.controller]: Going to [(29.639567, -82.361102)]: 9269817.34 meters
[controller-2] [INFO] [1744587874.777602353] [drone_home1.controller]: Bearing: 262.53°
[controller-2] [INFO] [1744587874.778770982] [drone_home1.controller]: Going to [(29.639567, -82.361102)]: 9269817.34 meters
[controller-2] [INFO] [1744587874.877605838] [drone_home1.controller]: Bearing: 262.53°
[controller-2] [INFO] [1744587874.878772610] [drone_home1.controller]: Going to [(29.639567, -82.361102)]: 9269817.34 meters
[controller-2] [INFO] [1744587874.977276603] [drone_home1.controller]: Bearing: 262.53°
[controller-2] [INFO] [1744587874.978678586] [drone_home1.controller]: Going to [(29.639567, -82.361102)]: 9269817.34 meters
[controller-2] [INFO] [1744587875.077847502] [drone_home1.controller]: Bearing: 262.53°
[controller-2] [INFO] [1744587875.078885819] [drone_home1.controller]: Going to [(29.639567, -82.361102)]: 9269817.34 meters
[controller-2] [INFO] [1744587875.176842561] [drone_home1.controller]: Bearing: 262.53°
[controller-2] [INFO] [1744587875.178160955] [drone_home1.controller]: Going to [(29.639567, -82.361102)]: 9269817.34 meters
[controller-2] [INFO] [1744587875.276606358] [drone_home1.controller]: Bearing: 262.53°
[controller-2] [INFO] [1744587875.277554272] [drone_home1.controller]: Going to [(29.639567, -82.361102)]: 9269817.34 meters
[controller-2] [INFO] [1744587875.377476828] [drone_home1.controller]: Bearing: 262.53°
[controller-2] [INFO] [1744587875.378515657] [drone_home1.controller]: Going to [(29.639567, -82.361102)]: 9269817.34 meters
[controller-2] [INFO] [1744587875.476636118] [drone_home1.controller]: Bearing: 262.53°
[controller-2] [INFO] [1744587875.477735078] [drone_home1.controller]: Going to [(29.639567, -82.361102)]: 9269817.34 meters
[controller-2] [INFO] [1744587875.577401495] [drone_home1.controller]: Bearing: 262.53°
[controller-2] [INFO] [1744587875.578948891] [drone_home1.controller]: Going to [(29.639567, -82.361102)]: 9269817.34 meters
[controller-2] [INFO] [1744587875.676534160] [drone_home1.controller]: Bearing: 262.53°
[controller-2] [INFO] [1744587875.677482522] [drone_home1.controller]: Going to [(29.639567, -82.361102)]: 9269817.34 meters
[controller-2] [INFO] [1744587875.777754661] [drone_home1.controller]: Bearing: 262.53°
[controller-2] [INFO] [1744587875.779320074] [drone_home1.controller]: Going to [(29.639567, -82.361102)]: 9269817.34 meters
[controller-2] [INFO] [1744587875.877354579] [drone_home1.controller]: Bearing: 262.53°
[controller-2] [INFO] [1744587875.880175407] [drone_home1.controller]: Going to [(29.639567, -82.361102)]: 9269817.34 meters
[controller-2] [INFO] [1744587875.976714166] [drone_home1.controller]: Bearing: 262.53°
[controller-2] [INFO] [1744587875.978070866] [drone_home1.controller]: Going to [(29.639567, -82.361102)]: 9269817.34 meters
[controller-2] [INFO] [1744587876.076588976] [drone_home1.controller]: Bearing: 262.53°
[controller-2] [INFO] [1744587876.077620220] [drone_home1.controller]: Going to [(29.639567, -82.361102)]: 9269817.34 meters
[controller-2] [INFO] [1744587876.176661880] [drone_home1.controller]: Bearing: 262.53°
[controller-2] [INFO] [1744587876.177691749] [drone_home1.controller]: Going to [(29.639567, -82.361102)]: 9269817.34 meters
[controller-2] [INFO] [1744587876.276595035] [drone_home1.controller]: Bearing: 262.53°
[controller-2] [INFO] [1744587876.277574949] [drone_home1.controller]: Going to [(29.639567, -82.361102)]: 9269817.34 meters
[controller-2] [INFO] [1744587876.376606657] [drone_home1.controller]: Bearing: 262.53°
[controller-2] [INFO] [1744587876.377608812] [drone_home1.controller]: Going to [(29.639567, -82.361102)]: 9269817.34 meters
[controller-2] [INFO] [1744587876.476698442] [drone_home1.controller]: Bearing: 262.53°
[controller-2] [INFO] [1744587876.479574374] [drone_home1.controller]: Going to [(29.639567, -82.361102)]: 9269817.34 meters
[controller-2] [INFO] [1744587876.577379245] [drone_home1.controller]: Bearing: 262.53°
[controller-2] [INFO] [1744587876.579340481] [drone_home1.controller]: Going to [(29.639567, -82.361102)]: 9269817.34 meters
[controller-2] [INFO] [1744587876.677369842] [drone_home1.controller]: Bearing: 262.53°
[controller-2] [INFO] [1744587876.678926997] [drone_home1.controller]: Going to [(29.639567, -82.361102)]: 9269817.34 meters
[controller-2] [INFO] [1744587876.777311125] [drone_home1.controller]: Bearing: 262.53°
[controller-2] [INFO] [1744587876.778872216] [drone_home1.controller]: Going to [(29.639567, -82.361102)]: 9269817.34 meters
[controller-2] [INFO] [1744587876.877721580] [drone_home1.controller]: Bearing: 262.53°
[controller-2] [INFO] [1744587876.879424661] [drone_home1.controller]: Going to [(29.639567, -82.361102)]: 9269817.34 meters
[controller-2] [INFO] [1744587876.977575691] [drone_home1.controller]: Bearing: 262.53°
[controller-2] [INFO] [1744587876.979606786] [drone_home1.controller]: Going to [(29.639567, -82.361102)]: 9269817.34 meters
[controller-2] [INFO] [1744587877.077809339] [drone_home1.controller]: Bearing: 262.53°
[controller-2] [INFO] [1744587877.079470208] [drone_home1.controller]: Going to [(29.639567, -82.361102)]: 9269817.34 meters
[controller-2] [INFO] [1744587877.177627553] [drone_home1.controller]: Bearing: 262.53°
[controller-2] [INFO] [1744587877.179187971] [drone_home1.controller]: Going to [(29.639567, -82.361102)]: 9269817.34 meters
[controller-2] [INFO] [1744587877.277399302] [drone_home1.controller]: Bearing: 262.53°
[controller-2] [INFO] [1744587877.281142531] [drone_home1.controller]: Going to [(29.639567, -82.361102)]: 9269817.34 meters
[controller-2] [INFO] [1744587877.377432917] [drone_home1.controller]: Bearing: 262.53°
[controller-2] [INFO] [1744587877.379325221] [drone_home1.controller]: Going to [(29.639567, -82.361102)]: 9269817.34 meters
[controller-2] [INFO] [1744587877.477959130] [drone_home1.controller]: Bearing: 262.53°
[controller-2] [INFO] [1744587877.480674028] [drone_home1.controller]: Going to [(29.639567, -82.361102)]: 9269817.34 meters
[controller-2] [INFO] [1744587877.576846425] [drone_home1.controller]: Bearing: 262.53°
[controller-2] [INFO] [1744587877.577936551] [drone_home1.controller]: Going to [(29.639567, -82.361102)]: 9269817.34 meters
[controller-2] [INFO] [1744587877.677221623] [drone_home1.controller]: Bearing: 262.53°
[controller-2] [INFO] [1744587877.678265955] [drone_home1.controller]: Going to [(29.639567, -82.361102)]: 9269817.34 meters
[controller-2] [INFO] [1744587877.776803123] [drone_home1.controller]: Bearing: 262.53°
[controller-2] [INFO] [1744587877.777772380] [drone_home1.controller]: Going to [(29.639567, -82.361102)]: 9269817.34 meters
[controller-2] [INFO] [1744587877.876546295] [drone_home1.controller]: Bearing: 262.53°
[controller-2] [INFO] [1744587877.877718088] [drone_home1.controller]: Going to [(29.639567, -82.361102)]: 9269817.34 meters
[controller-2] [INFO] [1744587877.977538095] [drone_home1.controller]: Bearing: 262.53°
[controller-2] [INFO] [1744587877.978408531] [drone_home1.controller]: Going to [(29.639567, -82.361102)]: 9269817.34 meters
[controller-2] [INFO] [1744587878.078360482] [drone_home1.controller]: Bearing: 262.53°
[controller-2] [INFO] [1744587878.079690648] [drone_home1.controller]: Going to [(29.639567, -82.361102)]: 9269817.34 meters
[controller-2] [INFO] [1744587878.178449887] [drone_home1.controller]: Bearing: 262.53°
[controller-2] [INFO] [1744587878.180422608] [drone_home1.controller]: Going to [(29.639567, -82.361102)]: 9269817.34 meters
[controller-2] [INFO] [1744587878.277432591] [drone_home1.controller]: Bearing: 262.53°
[controller-2] [INFO] [1744587878.279377759] [drone_home1.controller]: Going to [(29.639567, -82.361102)]: 9269817.34 meters
[controller-2] [INFO] [1744587878.377370310] [drone_home1.controller]: Bearing: 262.53°
[controller-2] [INFO] [1744587878.378266315] [drone_home1.controller]: Going to [(29.639567, -82.361102)]: 9269817.34 meters
[controller-2] [INFO] [1744587878.476533309] [drone_home1.controller]: Bearing: 262.53°
[controller-2] [INFO] [1744587878.477732142] [drone_home1.controller]: Going to [(29.639567, -82.361102)]: 9269817.34 meters
[controller-2] [INFO] [1744587878.577756233] [drone_home1.controller]: Bearing: 262.53°
[controller-2] [INFO] [1744587878.579425134] [drone_home1.controller]: Going to [(29.639567, -82.361102)]: 9269817.34 meters
[controller-2] [INFO] [1744587878.677586140] [drone_home1.controller]: Bearing: 262.53°
[controller-2] [INFO] [1744587878.679733780] [drone_home1.controller]: Going to [(29.639567, -82.361102)]: 9269817.34 meters
[controller-2] [INFO] [1744587878.777904579] [drone_home1.controller]: Bearing: 262.53°
[controller-2] [INFO] [1744587878.779693900] [drone_home1.controller]: Going to [(29.639567, -82.361102)]: 9269817.34 meters
[controller-2] [INFO] [1744587878.876436288] [drone_home1.controller]: Bearing: 262.53°
[controller-2] [INFO] [1744587878.877627057] [drone_home1.controller]: Going to [(29.639567, -82.361102)]: 9269817.34 meters
[controller-2] [INFO] [1744587878.976944494] [drone_home1.controller]: Bearing: 262.53°
[controller-2] [INFO] [1744587878.978223331] [drone_home1.controller]: Going to [(29.639567, -82.361102)]: 9269817.34 meters
[controller-2] [INFO] [1744587879.077553606] [drone_home1.controller]: Bearing: 262.53°
[controller-2] [INFO] [1744587879.079843170] [drone_home1.controller]: Going to [(29.639567, -82.361102)]: 9269817.34 meters
[controller-2] [INFO] [1744587879.177335013] [drone_home1.controller]: Bearing: 262.53°
[controller-2] [INFO] [1744587879.179242834] [drone_home1.controller]: Going to [(29.639567, -82.361102)]: 9269817.34 meters
[controller-2] [INFO] [1744587879.277380783] [drone_home1.controller]: Bearing: 262.53°
[controller-2] [INFO] [1744587879.278921965] [drone_home1.controller]: Going to [(29.639567, -82.361102)]: 9269817.34 meters
[controller-2] [INFO] [1744587879.378119188] [drone_home1.controller]: Bearing: 262.53°
[controller-2] [INFO] [1744587879.379704724] [drone_home1.controller]: Going to [(29.639567, -82.361102)]: 9269817.34 meters
[controller-2] [INFO] [1744587879.480531806] [drone_home1.controller]: Bearing: 262.53°
[controller-2] [INFO] [1744587879.482273316] [drone_home1.controller]: Going to [(29.639567, -82.361102)]: 9269817.34 meters
[controller-2] [INFO] [1744587879.579358358] [drone_home1.controller]: Bearing: 262.53°
[controller-2] [INFO] [1744587879.581428106] [drone_home1.controller]: Going to [(29.639567, -82.361102)]: 9269817.34 meters
[controller-2] [INFO] [1744587879.677452433] [drone_home1.controller]: Bearing: 262.53°
[controller-2] [INFO] [1744587879.678966542] [drone_home1.controller]: Going to [(29.639567, -82.361102)]: 9269817.34 meters
[controller-2] [INFO] [1744587879.777285106] [drone_home1.controller]: Bearing: 262.53°
[controller-2] [INFO] [1744587879.779110780] [drone_home1.controller]: Going to [(29.639567, -82.361102)]: 9269817.34 meters
[controller-2] [INFO] [1744587879.877021743] [drone_home1.controller]: Bearing: 262.53°
[controller-2] [INFO] [1744587879.878313539] [drone_home1.controller]: Going to [(29.639567, -82.361102)]: 9269817.34 meters
[controller-2] [INFO] [1744587879.977474953] [drone_home1.controller]: Bearing: 262.53°
[controller-2] [INFO] [1744587879.980390911] [drone_home1.controller]: Going to [(29.639567, -82.361102)]: 9269817.34 meters
[controller-2] [INFO] [1744587880.076705977] [drone_home1.controller]: Bearing: 262.53°
[controller-2] [INFO] [1744587880.077665183] [drone_home1.controller]: Going to [(29.639567, -82.361102)]: 9269817.34 meters
[controller-2] [INFO] [1744587880.177114018] [drone_home1.controller]: Bearing: 262.53°
[controller-2] [INFO] [1744587880.178122858] [drone_home1.controller]: Going to [(29.639567, -82.361102)]: 9269817.34 meters
[controller-2] [INFO] [1744587880.276709067] [drone_home1.controller]: Bearing: 262.53°
[controller-2] [INFO] [1744587880.277891481] [drone_home1.controller]: Going to [(29.639567, -82.361102)]: 9269817.34 meters
[controller-2] [INFO] [1744587880.376783174] [drone_home1.controller]: Bearing: 262.53°
[controller-2] [INFO] [1744587880.379299498] [drone_home1.controller]: Going to [(29.639567, -82.361102)]: 9269817.34 meters
[controller-2] [INFO] [1744587880.478876882] [drone_home1.controller]: Bearing: 262.53°
[controller-2] [INFO] [1744587880.480527699] [drone_home1.controller]: Going to [(29.639567, -82.361102)]: 9269817.34 meters
[controller-2] [INFO] [1744587880.577505012] [drone_home1.controller]: Bearing: 262.53°
[controller-2] [INFO] [1744587880.580197950] [drone_home1.controller]: Going to [(29.639567, -82.361102)]: 9269817.34 meters
[controller-2] [INFO] [1744587880.676662443] [drone_home1.controller]: Bearing: 262.53°
[controller-2] [INFO] [1744587880.677980415] [drone_home1.controller]: Going to [(29.639567, -82.361102)]: 9269817.34 meters
[controller-2] [INFO] [1744587880.777405793] [drone_home1.controller]: Bearing: 262.53°
[controller-2] [INFO] [1744587880.779489620] [drone_home1.controller]: Going to [(29.639567, -82.361102)]: 9269817.34 meters
[controller-2] [INFO] [1744587880.878175672] [drone_home1.controller]: Bearing: 262.53°
[controller-2] [INFO] [1744587880.879504845] [drone_home1.controller]: Going to [(29.639567, -82.361102)]: 9269817.34 meters
[controller-2] [INFO] [1744587880.976710423] [drone_home1.controller]: Bearing: 262.53°
[controller-2] [INFO] [1744587880.978433435] [drone_home1.controller]: Going to [(29.639567, -82.361102)]: 9269817.34 meters
[controller-2] [INFO] [1744587881.076572467] [drone_home1.controller]: Bearing: 262.53°
[controller-2] [INFO] [1744587881.078049004] [drone_home1.controller]: Going to [(29.639567, -82.361102)]: 9269817.34 meters
[controller-2] [INFO] [1744587881.176451610] [drone_home1.controller]: Bearing: 262.53°
[controller-2] [INFO] [1744587881.177343037] [drone_home1.controller]: Going to [(29.639567, -82.361102)]: 9269817.34 meters
[controller-2] [INFO] [1744587881.276727280] [drone_home1.controller]: Bearing: 262.53°
[controller-2] [INFO] [1744587881.277888734] [drone_home1.controller]: Going to [(29.639567, -82.361102)]: 9269817.34 meters
[controller-2] [INFO] [1744587881.378557443] [drone_home1.controller]: Bearing: 262.53°
[controller-2] [INFO] [1744587881.379854454] [drone_home1.controller]: Going to [(29.639567, -82.361102)]: 9269817.34 meters
[controller-2] [INFO] [1744587881.476777994] [drone_home1.controller]: Bearing: 262.53°
[controller-2] [INFO] [1744587881.477960984] [drone_home1.controller]: Going to [(29.639567, -82.361102)]: 9269817.34 meters
[controller-2] [INFO] [1744587881.576661009] [drone_home1.controller]: Bearing: 262.53°
[controller-2] [INFO] [1744587881.578818533] [drone_home1.controller]: Going to [(29.639567, -82.361102)]: 9269817.34 meters
[controller-2] [INFO] [1744587881.677314934] [drone_home1.controller]: Bearing: 262.53°
[controller-2] [INFO] [1744587881.678458115] [drone_home1.controller]: Going to [(29.639567, -82.361102)]: 9269817.34 meters
[controller-2] [INFO] [1744587881.776707722] [drone_home1.controller]: Bearing: 262.53°
[controller-2] [INFO] [1744587881.778518513] [drone_home1.controller]: Going to [(29.639567, -82.361102)]: 9269817.34 meters
[controller-2] [INFO] [1744587881.876697686] [drone_home1.controller]: Bearing: 262.53°
[controller-2] [INFO] [1744587881.877793312] [drone_home1.controller]: Going to [(29.639567, -82.361102)]: 9269817.34 meters
[controller-2] [INFO] [1744587881.976602238] [drone_home1.controller]: Bearing: 262.53°
[controller-2] [INFO] [1744587881.977670983] [drone_home1.controller]: Going to [(29.639567, -82.361102)]: 9269817.34 meters
[controller-2] [INFO] [1744587882.077334128] [drone_home1.controller]: Bearing: 262.53°
[controller-2] [INFO] [1744587882.078932493] [drone_home1.controller]: Going to [(29.639567, -82.361102)]: 9269817.34 meters
[controller-2] [INFO] [1744587882.176714970] [drone_home1.controller]: Bearing: 262.53°
[controller-2] [INFO] [1744587882.178791817] [drone_home1.controller]: Going to [(29.639567, -82.361102)]: 9269817.34 meters
[controller-2] [INFO] [1744587882.277426967] [drone_home1.controller]: Bearing: 262.53°
[controller-2] [INFO] [1744587882.278989522] [drone_home1.controller]: Going to [(29.639567, -82.361102)]: 9269817.34 meters
[controller-2] [INFO] [1744587882.377620095] [drone_home1.controller]: Bearing: 262.53°
[controller-2] [INFO] [1744587882.379182331] [drone_home1.controller]: Going to [(29.639567, -82.361102)]: 9269817.34 meters
[controller-2] [INFO] [1744587882.477139566] [drone_home1.controller]: Bearing: 262.53°
[controller-2] [INFO] [1744587882.478867120] [drone_home1.controller]: Going to [(29.639567, -82.361102)]: 9269817.34 meters
[controller-2] [INFO] [1744587882.577398394] [drone_home1.controller]: Bearing: 262.53°
[controller-2] [INFO] [1744587882.579344932] [drone_home1.controller]: Going to [(29.639567, -82.361102)]: 9269817.34 meters
[controller-2] [INFO] [1744587882.677388411] [drone_home1.controller]: Bearing: 262.53°
[controller-2] [INFO] [1744587882.678902804] [drone_home1.controller]: Going to [(29.639567, -82.361102)]: 9269817.34 meters
[controller-2] [INFO] [1744587882.777421565] [drone_home1.controller]: Bearing: 262.53°
[controller-2] [INFO] [1744587882.778954680] [drone_home1.controller]: Going to [(29.639567, -82.361102)]: 9269817.34 meters
[controller-2] [INFO] [1744587882.877441695] [drone_home1.controller]: Bearing: 262.53°
[controller-2] [INFO] [1744587882.879257668] [drone_home1.controller]: Going to [(29.639567, -82.361102)]: 9269817.34 meters
[controller-2] [INFO] [1744587882.976603361] [drone_home1.controller]: Bearing: 262.53°
[controller-2] [INFO] [1744587882.977728588] [drone_home1.controller]: Going to [(29.639567, -82.361102)]: 9269817.34 meters
[controller-2] [INFO] [1744587883.077099713] [drone_home1.controller]: Bearing: 262.53°
[controller-2] [INFO] [1744587883.078145320] [drone_home1.controller]: Going to [(29.639567, -82.361102)]: 9269817.34 meters
[controller-2] [INFO] [1744587883.177517610] [drone_home1.controller]: Bearing: 262.53°
[controller-2] [INFO] [1744587883.179053603] [drone_home1.controller]: Going to [(29.639567, -82.361102)]: 9269817.34 meters
[controller-2] [INFO] [1744587883.277637512] [drone_home1.controller]: Bearing: 262.53°
[controller-2] [INFO] [1744587883.279439019] [drone_home1.controller]: Going to [(29.639567, -82.361102)]: 9269817.34 meters
[controller-2] [INFO] [1744587883.377544509] [drone_home1.controller]: Bearing: 262.53°
[controller-2] [INFO] [1744587883.379863444] [drone_home1.controller]: Going to [(29.639567, -82.361102)]: 9269817.34 meters
[controller-2] [INFO] [1744587883.476613108] [drone_home1.controller]: Bearing: 262.53°
[controller-2] [INFO] [1744587883.477697468] [drone_home1.controller]: Going to [(29.639567, -82.361102)]: 9269817.34 meters
[controller-2] [INFO] [1744587883.576563819] [drone_home1.controller]: Bearing: 262.53°
[controller-2] [INFO] [1744587883.577485966] [drone_home1.controller]: Going to [(29.639567, -82.361102)]: 9269817.34 meters
[controller-2] [INFO] [1744587883.677234974] [drone_home1.controller]: Bearing: 262.53°
[controller-2] [INFO] [1744587883.678120767] [drone_home1.controller]: Going to [(29.639567, -82.361102)]: 9269817.34 meters
[controller-2] [INFO] [1744587883.776593631] [drone_home1.controller]: Bearing: 262.53°
[controller-2] [INFO] [1744587883.777648678] [drone_home1.controller]: Going to [(29.639567, -82.361102)]: 9269817.34 meters
[controller-2] [INFO] [1744587883.877520475] [drone_home1.controller]: Bearing: 262.53°
[controller-2] [INFO] [1744587883.878488095] [drone_home1.controller]: Going to [(29.639567, -82.361102)]: 9269817.34 meters
[controller-2] [INFO] [1744587883.976821850] [drone_home1.controller]: Bearing: 262.53°
[controller-2] [INFO] [1744587883.978378164] [drone_home1.controller]: Going to [(29.639567, -82.361102)]: 9269817.34 meters
[controller-2] [INFO] [1744587884.076656027] [drone_home1.controller]: Bearing: 262.53°
[controller-2] [INFO] [1744587884.079727372] [drone_home1.controller]: Going to [(29.639567, -82.361102)]: 9269817.34 meters
[controller-2] [INFO] [1744587884.176720433] [drone_home1.controller]: Bearing: 262.53°
[controller-2] [INFO] [1744587884.178322956] [drone_home1.controller]: Going to [(29.639567, -82.361102)]: 9269817.34 meters
[controller-2] [INFO] [1744587884.276903403] [drone_home1.controller]: Bearing: 262.53°
[controller-2] [INFO] [1744587884.277943345] [drone_home1.controller]: Going to [(29.639567, -82.361102)]: 9269817.34 meters
[controller-2] [INFO] [1744587884.376842172] [drone_home1.controller]: Bearing: 262.53°
[controller-2] [INFO] [1744587884.377804320] [drone_home1.controller]: Going to [(29.639567, -82.361102)]: 9269817.34 meters
[controller-2] [INFO] [1744587884.476903570] [drone_home1.controller]: Bearing: 262.53°
[controller-2] [INFO] [1744587884.478205794] [drone_home1.controller]: Going to [(29.639567, -82.361102)]: 9269817.34 meters
[controller-2] [INFO] [1744587884.576589882] [drone_home1.controller]: Bearing: 262.53°
[controller-2] [INFO] [1744587884.577570046] [drone_home1.controller]: Going to [(29.639567, -82.361102)]: 9269817.34 meters
[controller-2] [INFO] [1744587884.676708338] [drone_home1.controller]: Bearing: 262.53°
[controller-2] [INFO] [1744587884.678107941] [drone_home1.controller]: Going to [(29.639567, -82.361102)]: 9269817.34 meters
[controller-2] [INFO] [1744587884.776616066] [drone_home1.controller]: Bearing: 262.53°
[controller-2] [INFO] [1744587884.779244802] [drone_home1.controller]: Going to [(29.639567, -82.361102)]: 9269817.34 meters
[controller-2] [INFO] [1744587884.876592693] [drone_home1.controller]: Bearing: 262.53°
[controller-2] [INFO] [1744587884.877520503] [drone_home1.controller]: Going to [(29.639567, -82.361102)]: 9269817.34 meters
[controller-2] [INFO] [1744587884.976541510] [drone_home1.controller]: Bearing: 262.53°
[controller-2] [INFO] [1744587884.977522090] [drone_home1.controller]: Going to [(29.639567, -82.361102)]: 9269817.34 meters
[controller-2] [INFO] [1744587885.076687310] [drone_home1.controller]: Bearing: 262.53°
[controller-2] [INFO] [1744587885.077803575] [drone_home1.controller]: Going to [(29.639567, -82.361102)]: 9269817.34 meters
[controller-2] [INFO] [1744587885.176539801] [drone_home1.controller]: Bearing: 262.53°
[controller-2] [INFO] [1744587885.177535069] [drone_home1.controller]: Going to [(29.639567, -82.361102)]: 9269817.34 meters
[controller-2] [INFO] [1744587885.276912502] [drone_home1.controller]: Bearing: 262.53°
[controller-2] [INFO] [1744587885.277906202] [drone_home1.controller]: Going to [(29.639567, -82.361102)]: 9269817.34 meters
[controller-2] [INFO] [1744587885.376668253] [drone_home1.controller]: Bearing: 262.53°
[controller-2] [INFO] [1744587885.377659393] [drone_home1.controller]: Going to [(29.639567, -82.361102)]: 9269817.34 meters
[controller-2] [INFO] [1744587885.476617195] [drone_home1.controller]: Bearing: 262.53°
[controller-2] [INFO] [1744587885.477641616] [drone_home1.controller]: Going to [(29.639567, -82.361102)]: 9269817.34 meters
[controller-2] [INFO] [1744587885.577974188] [drone_home1.controller]: Bearing: 262.53°
[controller-2] [INFO] [1744587885.579575461] [drone_home1.controller]: Going to [(29.639567, -82.361102)]: 9269817.34 meters
[controller-2] [INFO] [1744587885.677674225] [drone_home1.controller]: Bearing: 262.53°
[controller-2] [INFO] [1744587885.679245961] [drone_home1.controller]: Going to [(29.639567, -82.361102)]: 9269817.34 meters
[controller-2] [INFO] [1744587885.777453401] [drone_home1.controller]: Bearing: 262.53°
[controller-2] [INFO] [1744587885.779043826] [drone_home1.controller]: Going to [(29.639567, -82.361102)]: 9269817.34 meters
[controller-2] [INFO] [1744587885.877622799] [drone_home1.controller]: Bearing: 262.53°
[controller-2] [INFO] [1744587885.878587633] [drone_home1.controller]: Going to [(29.639567, -82.361102)]: 9269817.34 meters
[controller-2] [INFO] [1744587885.977407767] [drone_home1.controller]: Bearing: 262.53°
[controller-2] [INFO] [1744587885.978624066] [drone_home1.controller]: Going to [(29.639567, -82.361102)]: 9269817.34 meters
[controller-2] [INFO] [1744587886.076535544] [drone_home1.controller]: Bearing: 262.53°
[controller-2] [INFO] [1744587886.077480570] [drone_home1.controller]: Going to [(29.639567, -82.361102)]: 9269817.34 meters
[controller-2] [INFO] [1744587886.176499429] [drone_home1.controller]: Bearing: 262.53°
[controller-2] [INFO] [1744587886.177439302] [drone_home1.controller]: Going to [(29.639567, -82.361102)]: 9269817.34 meters
[controller-2] [INFO] [1744587886.277335025] [drone_home1.controller]: Bearing: 262.53°
[controller-2] [INFO] [1744587886.278244337] [drone_home1.controller]: Going to [(29.639567, -82.361102)]: 9269817.34 meters
[controller-2] [INFO] [1744587886.376935537] [drone_home1.controller]: Bearing: 262.53°
[controller-2] [INFO] [1744587886.379051484] [drone_home1.controller]: Going to [(29.639567, -82.361102)]: 9269817.34 meters
[controller-2] [INFO] [1744587886.478480054] [drone_home1.controller]: Bearing: 262.53°
[controller-2] [INFO] [1744587886.480105935] [drone_home1.controller]: Going to [(29.639567, -82.361102)]: 9269817.34 meters
[controller-2] [INFO] [1744587886.576792361] [drone_home1.controller]: Bearing: 262.53°
[controller-2] [INFO] [1744587886.580087485] [drone_home1.controller]: Going to [(29.639567, -82.361102)]: 9269817.34 meters
[controller-2] [INFO] [1744587886.676713876] [drone_home1.controller]: Bearing: 262.53°
[controller-2] [INFO] [1744587886.678208201] [drone_home1.controller]: Going to [(29.639567, -82.361102)]: 9269817.34 meters
[controller-2] [INFO] [1744587886.777325112] [drone_home1.controller]: Bearing: 262.53°
[controller-2] [INFO] [1744587886.778868399] [drone_home1.controller]: Going to [(29.639567, -82.361102)]: 9269817.34 meters
[controller-2] [INFO] [1744587886.877338919] [drone_home1.controller]: Bearing: 262.53°
[controller-2] [INFO] [1744587886.878849404] [drone_home1.controller]: Going to [(29.639567, -82.361102)]: 9269817.34 meters
[controller-2] [INFO] [1744587886.976909926] [drone_home1.controller]: Bearing: 262.53°
[controller-2] [INFO] [1744587886.977943754] [drone_home1.controller]: Going to [(29.639567, -82.361102)]: 9269817.34 meters
[controller-2] [INFO] [1744587887.076704063] [drone_home1.controller]: Bearing: 262.53°
[controller-2] [INFO] [1744587887.078128465] [drone_home1.controller]: Going to [(29.639567, -82.361102)]: 9269817.34 meters
[controller-2] [INFO] [1744587887.176733583] [drone_home1.controller]: Bearing: 262.53°
[controller-2] [INFO] [1744587887.177946489] [drone_home1.controller]: Going to [(29.639567, -82.361102)]: 9269817.34 meters
[controller-2] [INFO] [1744587887.276520727] [drone_home1.controller]: Bearing: 262.53°
[controller-2] [INFO] [1744587887.277495064] [drone_home1.controller]: Going to [(29.639567, -82.361102)]: 9269817.34 meters
[controller-2] [INFO] [1744587887.377139867] [drone_home1.controller]: Bearing: 262.53°
[controller-2] [INFO] [1744587887.378078588] [drone_home1.controller]: Going to [(29.639567, -82.361102)]: 9269817.34 meters
[controller-2] [INFO] [1744587887.476605527] [drone_home1.controller]: Bearing: 262.53°
[controller-2] [INFO] [1744587887.477569401] [drone_home1.controller]: Going to [(29.639567, -82.361102)]: 9269817.34 meters
[controller-2] [INFO] [1744587887.576769516] [drone_home1.controller]: Bearing: 262.53°
[controller-2] [INFO] [1744587887.577719597] [drone_home1.controller]: Going to [(29.639567, -82.361102)]: 9269817.34 meters
[controller-2] [INFO] [1744587887.676650518] [drone_home1.controller]: Bearing: 262.53°
[controller-2] [INFO] [1744587887.677735932] [drone_home1.controller]: Going to [(29.639567, -82.361102)]: 9269817.34 meters
[controller-2] [INFO] [1744587887.778020405] [drone_home1.controller]: Bearing: 262.53°
[controller-2] [INFO] [1744587887.779575563] [drone_home1.controller]: Going to [(29.639567, -82.361102)]: 9269817.34 meters
[controller-2] [INFO] [1744587887.876569585] [drone_home1.controller]: Bearing: 262.53°
[controller-2] [INFO] [1744587887.877498225] [drone_home1.controller]: Going to [(29.639567, -82.361102)]: 9269817.34 meters
[controller-2] [INFO] [1744587887.976566944] [drone_home1.controller]: Bearing: 262.53°
[controller-2] [INFO] [1744587887.977535201] [drone_home1.controller]: Going to [(29.639567, -82.361102)]: 9269817.34 meters
[controller-2] [INFO] [1744587888.077441888] [drone_home1.controller]: Bearing: 262.53°
[controller-2] [INFO] [1744587888.081040155] [drone_home1.controller]: Going to [(29.639567, -82.361102)]: 9269817.34 meters
[controller-2] [INFO] [1744587888.177508148] [drone_home1.controller]: Bearing: 262.53°
[controller-2] [INFO] [1744587888.179118571] [drone_home1.controller]: Going to [(29.639567, -82.361102)]: 9269817.34 meters
[controller-2] [INFO] [1744587888.277651562] [drone_home1.controller]: Bearing: 262.53°
[controller-2] [INFO] [1744587888.279228192] [drone_home1.controller]: Going to [(29.639567, -82.361102)]: 9269817.34 meters
[controller-2] [INFO] [1744587888.378294993] [drone_home1.controller]: Bearing: 262.53°
[controller-2] [INFO] [1744587888.380352248] [drone_home1.controller]: Going to [(29.639567, -82.361102)]: 9269817.34 meters
[controller-2] [INFO] [1744587888.477405764] [drone_home1.controller]: Bearing: 262.53°
[controller-2] [INFO] [1744587888.479873753] [drone_home1.controller]: Going to [(29.639567, -82.361102)]: 9269817.34 meters
[controller-2] [INFO] [1744587888.577517241] [drone_home1.controller]: Bearing: 262.53°
[controller-2] [INFO] [1744587888.578422840] [drone_home1.controller]: Going to [(29.639567, -82.361102)]: 9269817.34 meters
[controller-2] [INFO] [1744587888.677424616] [drone_home1.controller]: Bearing: 262.53°
[controller-2] [INFO] [1744587888.678306790] [drone_home1.controller]: Going to [(29.639567, -82.361102)]: 9269817.34 meters
[controller-2] [INFO] [1744587888.776592765] [drone_home1.controller]: Bearing: 262.53°
[controller-2] [INFO] [1744587888.779224822] [drone_home1.controller]: Going to [(29.639567, -82.361102)]: 9269817.34 meters
[controller-2] [INFO] [1744587888.876896056] [drone_home1.controller]: Bearing: 262.53°
[controller-2] [INFO] [1744587888.878071008] [drone_home1.controller]: Going to [(29.639567, -82.361102)]: 9269817.34 meters
[controller-2] [INFO] [1744587888.977555296] [drone_home1.controller]: Bearing: 262.53°
[controller-2] [INFO] [1744587888.979678344] [drone_home1.controller]: Going to [(29.639567, -82.361102)]: 9269817.34 meters
[controller-2] [INFO] [1744587889.078107417] [drone_home1.controller]: Bearing: 262.53°
[controller-2] [INFO] [1744587889.079728527] [drone_home1.controller]: Going to [(29.639567, -82.361102)]: 9269817.34 meters
[controller-2] [INFO] [1744587889.177616190] [drone_home1.controller]: Bearing: 262.53°
[controller-2] [INFO] [1744587889.178557149] [drone_home1.controller]: Going to [(29.639567, -82.361102)]: 9269817.34 meters
[controller-2] [INFO] [1744587889.277323658] [drone_home1.controller]: Bearing: 262.53°
[controller-2] [INFO] [1744587889.278183686] [drone_home1.controller]: Going to [(29.639567, -82.361102)]: 9269817.34 meters
[controller-2] [INFO] [1744587889.376891057] [drone_home1.controller]: Bearing: 262.53°
[controller-2] [INFO] [1744587889.377839089] [drone_home1.controller]: Going to [(29.639567, -82.361102)]: 9269817.34 meters
[controller-2] [INFO] [1744587889.476615677] [drone_home1.controller]: Bearing: 262.53°
[controller-2] [INFO] [1744587889.477644576] [drone_home1.controller]: Going to [(29.639567, -82.361102)]: 9269817.34 meters
[controller-2] [INFO] [1744587889.577655318] [drone_home1.controller]: Bearing: 262.53°
[controller-2] [INFO] [1744587889.578858238] [drone_home1.controller]: Going to [(29.639567, -82.361102)]: 9269817.34 meters
[controller-2] [INFO] [1744587889.677345633] [drone_home1.controller]: Bearing: 262.53°
[controller-2] [INFO] [1744587889.678910038] [drone_home1.controller]: Going to [(29.639567, -82.361102)]: 9269817.34 meters
[controller-2] [INFO] [1744587889.776530236] [drone_home1.controller]: Bearing: 262.53°
[controller-2] [INFO] [1744587889.777493180] [drone_home1.controller]: Going to [(29.639567, -82.361102)]: 9269817.34 meters
[controller-2] [INFO] [1744587889.876565971] [drone_home1.controller]: Bearing: 262.53°
[controller-2] [INFO] [1744587889.877481201] [drone_home1.controller]: Going to [(29.639567, -82.361102)]: 9269817.34 meters
[controller-2] [INFO] [1744587889.977367971] [drone_home1.controller]: Bearing: 262.53°
[controller-2] [INFO] [1744587889.979422696] [drone_home1.controller]: Going to [(29.639567, -82.361102)]: 9269817.34 meters
[controller-2] [INFO] [1744587890.078411313] [drone_home1.controller]: Bearing: 262.53°
[controller-2] [INFO] [1744587890.080316272] [drone_home1.controller]: Going to [(29.639567, -82.361102)]: 9269817.34 meters
[controller-2] [INFO] [1744587890.178358028] [drone_home1.controller]: Bearing: 262.53°
[controller-2] [INFO] [1744587890.179378925] [drone_home1.controller]: Going to [(29.639567, -82.361102)]: 9269817.34 meters
[controller-2] [INFO] [1744587890.276729714] [drone_home1.controller]: Bearing: 262.53°
[controller-2] [INFO] [1744587890.277778709] [drone_home1.controller]: Going to [(29.639567, -82.361102)]: 9269817.34 meters
[controller-2] [INFO] [1744587890.376541000] [drone_home1.controller]: Bearing: 262.53°
[controller-2] [INFO] [1744587890.377660141] [drone_home1.controller]: Going to [(29.639567, -82.361102)]: 9269817.34 meters
[controller-2] [INFO] [1744587890.477001267] [drone_home1.controller]: Bearing: 262.53°
[controller-2] [INFO] [1744587890.478372480] [drone_home1.controller]: Going to [(29.639567, -82.361102)]: 9269817.34 meters
[controller-2] [INFO] [1744587890.576757543] [drone_home1.controller]: Bearing: 262.53°
[controller-2] [INFO] [1744587890.577992912] [drone_home1.controller]: Going to [(29.639567, -82.361102)]: 9269817.34 meters
[controller-2] [INFO] [1744587890.677658433] [drone_home1.controller]: Bearing: 262.53°
[controller-2] [INFO] [1744587890.679205332] [drone_home1.controller]: Going to [(29.639567, -82.361102)]: 9269817.34 meters
[controller-2] [INFO] [1744587890.776449109] [drone_home1.controller]: Bearing: 262.53°
[controller-2] [INFO] [1744587890.777557113] [drone_home1.controller]: Going to [(29.639567, -82.361102)]: 9269817.34 meters
[controller-2] [INFO] [1744587890.876540660] [drone_home1.controller]: Bearing: 262.53°
[controller-2] [INFO] [1744587890.877496467] [drone_home1.controller]: Going to [(29.639567, -82.361102)]: 9269817.34 meters
[controller-2] [INFO] [1744587890.979189927] [drone_home1.controller]: Bearing: 262.53°
[controller-2] [INFO] [1744587890.981806877] [drone_home1.controller]: Going to [(29.639567, -82.361102)]: 9269817.34 meters
[controller-2] [INFO] [1744587891.077531876] [drone_home1.controller]: Bearing: 262.53°
[controller-2] [INFO] [1744587891.079093015] [drone_home1.controller]: Going to [(29.639567, -82.361102)]: 9269817.34 meters
[controller-2] [INFO] [1744587891.177402340] [drone_home1.controller]: Bearing: 262.53°
[controller-2] [INFO] [1744587891.179269120] [drone_home1.controller]: Going to [(29.639567, -82.361102)]: 9269817.34 meters
[controller-2] [INFO] [1744587891.276916824] [drone_home1.controller]: Bearing: 262.53°
[controller-2] [INFO] [1744587891.277950362] [drone_home1.controller]: Going to [(29.639567, -82.361102)]: 9269817.34 meters
[controller-2] [INFO] [1744587891.377539472] [drone_home1.controller]: Bearing: 262.53°
[controller-2] [INFO] [1744587891.380258184] [drone_home1.controller]: Going to [(29.639567, -82.361102)]: 9269817.34 meters
[controller-2] [INFO] [1744587891.476833662] [drone_home1.controller]: Bearing: 262.53°
[controller-2] [INFO] [1744587891.477789757] [drone_home1.controller]: Going to [(29.639567, -82.361102)]: 9269817.34 meters
[controller-2] [INFO] [1744587891.576735647] [drone_home1.controller]: Bearing: 262.53°
[controller-2] [INFO] [1744587891.577745631] [drone_home1.controller]: Going to [(29.639567, -82.361102)]: 9269817.34 meters
[controller-2] [INFO] [1744587891.676749059] [drone_home1.controller]: Bearing: 262.53°
[controller-2] [INFO] [1744587891.678084718] [drone_home1.controller]: Going to [(29.639567, -82.361102)]: 9269817.34 meters
[controller-2] [INFO] [1744587891.777353851] [drone_home1.controller]: Bearing: 262.53°
[controller-2] [INFO] [1744587891.779429438] [drone_home1.controller]: Going to [(29.639567, -82.361102)]: 9269817.34 meters
[controller-2] [INFO] [1744587891.877580262] [drone_home1.controller]: Bearing: 262.53°
[controller-2] [INFO] [1744587891.879459267] [drone_home1.controller]: Going to [(29.639567, -82.361102)]: 9269817.34 meters
[controller-2] [INFO] [1744587891.976550697] [drone_home1.controller]: Bearing: 262.53°
[controller-2] [INFO] [1744587891.979123644] [drone_home1.controller]: Going to [(29.639567, -82.361102)]: 9269817.34 meters
[controller-2] [INFO] [1744587892.077449155] [drone_home1.controller]: Bearing: 262.53°
[controller-2] [INFO] [1744587892.078322975] [drone_home1.controller]: Going to [(29.639567, -82.361102)]: 9269817.34 meters
[controller-2] [INFO] [1744587892.181699416] [drone_home1.controller]: Bearing: 262.53°
[controller-2] [INFO] [1744587892.182927103] [drone_home1.controller]: Going to [(29.639567, -82.361102)]: 9269817.34 meters
[controller-2] [INFO] [1744587892.276909550] [drone_home1.controller]: Bearing: 262.53°
[controller-2] [INFO] [1744587892.277999920] [drone_home1.controller]: Going to [(29.639567, -82.361102)]: 9269817.34 meters
[controller-2] [INFO] [1744587892.376575057] [drone_home1.controller]: Bearing: 262.53°
[controller-2] [INFO] [1744587892.377542320] [drone_home1.controller]: Going to [(29.639567, -82.361102)]: 9269817.34 meters
[controller-2] [INFO] [1744587892.487653951] [drone_home1.controller]: Bearing: 262.53°
[controller-2] [INFO] [1744587892.490955784] [drone_home1.controller]: Going to [(29.639567, -82.361102)]: 9269817.34 meters
[controller-2] [INFO] [1744587892.577381734] [drone_home1.controller]: Bearing: 262.53°
[controller-2] [INFO] [1744587892.578299972] [drone_home1.controller]: Going to [(29.639567, -82.361102)]: 9269817.34 meters
[controller-2] [INFO] [1744587892.684246959] [drone_home1.controller]: Bearing: 262.53°
[controller-2] [INFO] [1744587892.687717309] [drone_home1.controller]: Going to [(29.639567, -82.361102)]: 9269817.34 meters
[controller-2] [INFO] [1744587892.776873778] [drone_home1.controller]: Bearing: 262.53°
[controller-2] [INFO] [1744587892.779393442] [drone_home1.controller]: Going to [(29.639567, -82.361102)]: 9269817.34 meters
[controller-2] [INFO] [1744587892.877306350] [drone_home1.controller]: Bearing: 262.53°
[controller-2] [INFO] [1744587892.878256972] [drone_home1.controller]: Going to [(29.639567, -82.361102)]: 9269817.34 meters
[controller-2] [INFO] [1744587892.979648614] [drone_home1.controller]: Bearing: 262.53°
[controller-2] [INFO] [1744587892.980614437] [drone_home1.controller]: Going to [(29.639567, -82.361102)]: 9269817.34 meters
[controller-2] [INFO] [1744587893.076839093] [drone_home1.controller]: Bearing: 262.53°
[controller-2] [INFO] [1744587893.078701871] [drone_home1.controller]: Going to [(29.639567, -82.361102)]: 9269817.34 meters
[controller-2] [INFO] [1744587893.176606567] [drone_home1.controller]: Bearing: 262.53°
[controller-2] [INFO] [1744587893.183118163] [drone_home1.controller]: Going to [(29.639567, -82.361102)]: 9269817.34 meters
[controller-2] [INFO] [1744587893.277013645] [drone_home1.controller]: Bearing: 262.53°
[controller-2] [INFO] [1744587893.278272789] [drone_home1.controller]: Going to [(29.639567, -82.361102)]: 9269817.34 meters
[controller-2] [INFO] [1744587893.377519383] [drone_home1.controller]: Bearing: 262.53°
[controller-2] [INFO] [1744587893.378580664] [drone_home1.controller]: Going to [(29.639567, -82.361102)]: 9269817.34 meters
[controller-2] [INFO] [1744587893.483344134] [drone_home1.controller]: Bearing: 262.53°
[controller-2] [INFO] [1744587893.484276964] [drone_home1.controller]: Going to [(29.639567, -82.361102)]: 9269817.34 meters
[controller-2] [INFO] [1744587893.577991992] [drone_home1.controller]: Bearing: 262.53°
[controller-2] [INFO] [1744587893.578848435] [drone_home1.controller]: Going to [(29.639567, -82.361102)]: 9269817.34 meters
[controller-2] [INFO] [1744587893.678594629] [drone_home1.controller]: Bearing: 262.53°
[controller-2] [INFO] [1744587893.679863500] [drone_home1.controller]: Going to [(29.639567, -82.361102)]: 9269817.34 meters
[controller-2] [INFO] [1744587893.779591485] [drone_home1.controller]: Bearing: 262.53°
[controller-2] [INFO] [1744587893.781665438] [drone_home1.controller]: Going to [(29.639567, -82.361102)]: 9269817.34 meters
[controller-2] [INFO] [1744587893.876408915] [drone_home1.controller]: Bearing: 262.53°
[controller-2] [INFO] [1744587893.877870433] [drone_home1.controller]: Going to [(29.639567, -82.361102)]: 9269817.34 meters
[controller-2] [INFO] [1744587893.979171683] [drone_home1.controller]: Bearing: 262.53°
[controller-2] [INFO] [1744587893.980117217] [drone_home1.controller]: Going to [(29.639567, -82.361102)]: 9269817.34 meters
[controller-2] [INFO] [1744587894.076537926] [drone_home1.controller]: Bearing: 262.53°
[controller-2] [INFO] [1744587894.077509348] [drone_home1.controller]: Going to [(29.639567, -82.361102)]: 9269817.34 meters
[controller-2] [INFO] [1744587894.176861622] [drone_home1.controller]: Bearing: 262.53°
[controller-2] [INFO] [1744587894.177742705] [drone_home1.controller]: Going to [(29.639567, -82.361102)]: 9269817.34 meters
[controller-2] [INFO] [1744587894.277691062] [drone_home1.controller]: Bearing: 262.53°
[controller-2] [INFO] [1744587894.278669333] [drone_home1.controller]: Going to [(29.639567, -82.361102)]: 9269817.34 meters
[controller-2] [INFO] [1744587894.376838979] [drone_home1.controller]: Bearing: 262.53°
[controller-2] [INFO] [1744587894.380242060] [drone_home1.controller]: Going to [(29.639567, -82.361102)]: 9269817.34 meters
[controller-2] [INFO] [1744587894.476864842] [drone_home1.controller]: Bearing: 262.53°
[controller-2] [INFO] [1744587894.478450235] [drone_home1.controller]: Going to [(29.639567, -82.361102)]: 9269817.34 meters
[controller-2] [INFO] [1744587894.576889586] [drone_home1.controller]: Bearing: 262.53°
[controller-2] [INFO] [1744587894.578652872] [drone_home1.controller]: Going to [(29.639567, -82.361102)]: 9269817.34 meters
[controller-2] [INFO] [1744587894.676836695] [drone_home1.controller]: Bearing: 262.53°
[controller-2] [INFO] [1744587894.678058140] [drone_home1.controller]: Going to [(29.639567, -82.361102)]: 9269817.34 meters
[controller-2] [INFO] [1744587894.777576724] [drone_home1.controller]: Bearing: 262.53°
[controller-2] [INFO] [1744587894.778794202] [drone_home1.controller]: Going to [(29.639567, -82.361102)]: 9269817.34 meters
[controller-2] [INFO] [1744587894.878886467] [drone_home1.controller]: Bearing: 262.53°
[controller-2] [INFO] [1744587894.879915491] [drone_home1.controller]: Going to [(29.639567, -82.361102)]: 9269817.34 meters
[controller-2] [INFO] [1744587894.977426621] [drone_home1.controller]: Bearing: 262.53°
[controller-2] [INFO] [1744587894.978377338] [drone_home1.controller]: Going to [(29.639567, -82.361102)]: 9269817.34 meters
[controller-2] [INFO] [1744587895.078374364] [drone_home1.controller]: Bearing: 262.53°
[controller-2] [INFO] [1744587895.079575553] [drone_home1.controller]: Going to [(29.639567, -82.361102)]: 9269817.34 meters
[controller-2] [INFO] [1744587895.176625981] [drone_home1.controller]: Bearing: 262.53°
[controller-2] [INFO] [1744587895.177615003] [drone_home1.controller]: Going to [(29.639567, -82.361102)]: 9269817.34 meters
[controller-2] [INFO] [1744587895.276644403] [drone_home1.controller]: Bearing: 262.53°
[controller-2] [INFO] [1744587895.277676306] [drone_home1.controller]: Going to [(29.639567, -82.361102)]: 9269817.34 meters
[controller-2] [INFO] [1744587895.377282363] [drone_home1.controller]: Bearing: 262.53°
[controller-2] [INFO] [1744587895.378138901] [drone_home1.controller]: Going to [(29.639567, -82.361102)]: 9269817.34 meters
[controller-2] [INFO] [1744587895.477296625] [drone_home1.controller]: Bearing: 262.53°
[controller-2] [INFO] [1744587895.478221485] [drone_home1.controller]: Going to [(29.639567, -82.361102)]: 9269817.34 meters
[controller-2] [INFO] [1744587895.576870266] [drone_home1.controller]: Bearing: 262.53°
[controller-2] [INFO] [1744587895.578666256] [drone_home1.controller]: Going to [(29.639567, -82.361102)]: 9269817.34 meters
[controller-2] [INFO] [1744587895.677709832] [drone_home1.controller]: Bearing: 262.53°
[controller-2] [INFO] [1744587895.678600195] [drone_home1.controller]: Going to [(29.639567, -82.361102)]: 9269817.34 meters
[controller-2] [INFO] [1744587895.778034376] [drone_home1.controller]: Bearing: 262.53°
[controller-2] [INFO] [1744587895.778962244] [drone_home1.controller]: Going to [(29.639567, -82.361102)]: 9269817.34 meters
[controller-2] [INFO] [1744587895.877406730] [drone_home1.controller]: Bearing: 262.53°
[controller-2] [INFO] [1744587895.878377191] [drone_home1.controller]: Going to [(29.639567, -82.361102)]: 9269817.34 meters
[controller-2] [INFO] [1744587895.978837835] [drone_home1.controller]: Bearing: 262.53°
[controller-2] [INFO] [1744587895.980658050] [drone_home1.controller]: Going to [(29.639567, -82.361102)]: 9269817.34 meters
[controller-2] [INFO] [1744587896.078157481] [drone_home1.controller]: Bearing: 262.53°
[controller-2] [INFO] [1744587896.079261417] [drone_home1.controller]: Going to [(29.639567, -82.361102)]: 9269817.34 meters
[controller-2] [INFO] [1744587896.178096940] [drone_home1.controller]: Bearing: 262.53°
[controller-2] [INFO] [1744587896.179319569] [drone_home1.controller]: Going to [(29.639567, -82.361102)]: 9269817.34 meters
[controller-2] [INFO] [1744587896.277543202] [drone_home1.controller]: Bearing: 262.53°
[controller-2] [INFO] [1744587896.278666819] [drone_home1.controller]: Going to [(29.639567, -82.361102)]: 9269817.34 meters
[controller-2] [INFO] [1744587896.377279359] [drone_home1.controller]: Bearing: 262.53°
[controller-2] [INFO] [1744587896.378172602] [drone_home1.controller]: Going to [(29.639567, -82.361102)]: 9269817.34 meters
[controller-2] [INFO] [1744587896.478115230] [drone_home1.controller]: Bearing: 262.53°
[controller-2] [INFO] [1744587896.479904691] [drone_home1.controller]: Going to [(29.639567, -82.361102)]: 9269817.34 meters
[controller-2] [INFO] [1744587896.577510226] [drone_home1.controller]: Bearing: 262.53°
[controller-2] [INFO] [1744587896.578426797] [drone_home1.controller]: Going to [(29.639567, -82.361102)]: 9269817.34 meters
[controller-2] [INFO] [1744587896.677427957] [drone_home1.controller]: Bearing: 262.53°
[controller-2] [INFO] [1744587896.678499957] [drone_home1.controller]: Going to [(29.639567, -82.361102)]: 9269817.34 meters
[controller-2] [INFO] [1744587896.777230165] [drone_home1.controller]: Bearing: 262.53°
[controller-2] [INFO] [1744587896.778152944] [drone_home1.controller]: Going to [(29.639567, -82.361102)]: 9269817.34 meters
[controller-2] [INFO] [1744587896.876806062] [drone_home1.controller]: Bearing: 262.53°
[controller-2] [INFO] [1744587896.877934351] [drone_home1.controller]: Going to [(29.639567, -82.361102)]: 9269817.34 meters
[controller-2] [INFO] [1744587896.977414597] [drone_home1.controller]: Bearing: 262.53°
[controller-2] [INFO] [1744587896.978300896] [drone_home1.controller]: Going to [(29.639567, -82.361102)]: 9269817.34 meters
[controller-2] [INFO] [1744587897.077031198] [drone_home1.controller]: Bearing: 262.53°
[controller-2] [INFO] [1744587897.078064157] [drone_home1.controller]: Going to [(29.639567, -82.361102)]: 9269817.34 meters
[controller-2] [INFO] [1744587897.176747597] [drone_home1.controller]: Bearing: 262.53°
[controller-2] [INFO] [1744587897.178181048] [drone_home1.controller]: Going to [(29.639567, -82.361102)]: 9269817.34 meters
[controller-2] [INFO] [1744587897.276847976] [drone_home1.controller]: Bearing: 262.53°
[controller-2] [INFO] [1744587897.277788899] [drone_home1.controller]: Going to [(29.639567, -82.361102)]: 9269817.34 meters
[controller-2] [INFO] [1744587897.376724220] [drone_home1.controller]: Bearing: 262.53°
[controller-2] [INFO] [1744587897.378389805] [drone_home1.controller]: Going to [(29.639567, -82.361102)]: 9269817.34 meters
[controller-2] [INFO] [1744587897.476677106] [drone_home1.controller]: Bearing: 262.53°
[controller-2] [INFO] [1744587897.477661071] [drone_home1.controller]: Going to [(29.639567, -82.361102)]: 9269817.34 meters
[controller-2] [INFO] [1744587897.576635560] [drone_home1.controller]: Bearing: 262.53°
[controller-2] [INFO] [1744587897.578688164] [drone_home1.controller]: Going to [(29.639567, -82.361102)]: 9269817.34 meters
[controller-2] [INFO] [1744587897.677459864] [drone_home1.controller]: Bearing: 262.53°
[controller-2] [INFO] [1744587897.678995237] [drone_home1.controller]: Going to [(29.639567, -82.361102)]: 9269817.34 meters
[controller-2] [INFO] [1744587897.777565266] [drone_home1.controller]: Bearing: 262.53°
[controller-2] [INFO] [1744587897.779106975] [drone_home1.controller]: Going to [(29.639567, -82.361102)]: 9269817.34 meters
[controller-2] [INFO] [1744587897.876632366] [drone_home1.controller]: Bearing: 262.53°
[controller-2] [INFO] [1744587897.878211677] [drone_home1.controller]: Going to [(29.639567, -82.361102)]: 9269817.34 meters
[controller-2] [INFO] [1744587897.976686855] [drone_home1.controller]: Bearing: 262.53°
[controller-2] [INFO] [1744587897.978265686] [drone_home1.controller]: Going to [(29.639567, -82.361102)]: 9269817.34 meters
[controller-2] [INFO] [1744587898.076943174] [drone_home1.controller]: Bearing: 262.53°
[controller-2] [INFO] [1744587898.078261996] [drone_home1.controller]: Going to [(29.639567, -82.361102)]: 9269817.34 meters
[controller-2] [INFO] [1744587898.177703271] [drone_home1.controller]: Bearing: 262.53°
[controller-2] [INFO] [1744587898.179348950] [drone_home1.controller]: Going to [(29.639567, -82.361102)]: 9269817.34 meters
[controller-2] [INFO] [1744587898.277438282] [drone_home1.controller]: Bearing: 262.53°
[controller-2] [INFO] [1744587898.279191580] [drone_home1.controller]: Going to [(29.639567, -82.361102)]: 9269817.34 meters
[controller-2] [INFO] [1744587898.376839619] [drone_home1.controller]: Bearing: 262.53°
[controller-2] [INFO] [1744587898.378780379] [drone_home1.controller]: Going to [(29.639567, -82.361102)]: 9269817.34 meters
[controller-2] [INFO] [1744587898.476933360] [drone_home1.controller]: Bearing: 262.53°
[controller-2] [INFO] [1744587898.477903181] [drone_home1.controller]: Going to [(29.639567, -82.361102)]: 9269817.34 meters
[controller-2] [INFO] [1744587898.576705013] [drone_home1.controller]: Bearing: 262.53°
[controller-2] [INFO] [1744587898.578242081] [drone_home1.controller]: Going to [(29.639567, -82.361102)]: 9269817.34 meters
[controller-2] [INFO] [1744587898.676554299] [drone_home1.controller]: Bearing: 262.53°
[controller-2] [INFO] [1744587898.677655899] [drone_home1.controller]: Going to [(29.639567, -82.361102)]: 9269817.34 meters
[controller-2] [INFO] [1744587898.777328956] [drone_home1.controller]: Bearing: 262.53°
[controller-2] [INFO] [1744587898.778216022] [drone_home1.controller]: Going to [(29.639567, -82.361102)]: 9269817.34 meters
[controller-2] [INFO] [1744587898.877788372] [drone_home1.controller]: Bearing: 262.53°
[controller-2] [INFO] [1744587898.878753200] [drone_home1.controller]: Going to [(29.639567, -82.361102)]: 9269817.34 meters
[controller-2] [INFO] [1744587898.976574267] [drone_home1.controller]: Bearing: 262.53°
[controller-2] [INFO] [1744587898.978823036] [drone_home1.controller]: Going to [(29.639567, -82.361102)]: 9269817.34 meters
[controller-2] [INFO] [1744587899.077373886] [drone_home1.controller]: Bearing: 262.53°
[controller-2] [INFO] [1744587899.079227571] [drone_home1.controller]: Going to [(29.639567, -82.361102)]: 9269817.34 meters
[controller-2] [INFO] [1744587899.177669222] [drone_home1.controller]: Bearing: 262.53°
[controller-2] [INFO] [1744587899.179256563] [drone_home1.controller]: Going to [(29.639567, -82.361102)]: 9269817.34 meters
[controller-2] [INFO] [1744587899.277336571] [drone_home1.controller]: Bearing: 262.53°
[controller-2] [INFO] [1744587899.279252018] [drone_home1.controller]: Going to [(29.639567, -82.361102)]: 9269817.34 meters
[controller-2] [INFO] [1744587899.377541665] [drone_home1.controller]: Bearing: 262.53°
[controller-2] [INFO] [1744587899.379281138] [drone_home1.controller]: Going to [(29.639567, -82.361102)]: 9269817.34 meters
[controller-2] [INFO] [1744587899.477470270] [drone_home1.controller]: Bearing: 262.53°
[controller-2] [INFO] [1744587899.479024490] [drone_home1.controller]: Going to [(29.639567, -82.361102)]: 9269817.34 meters
[controller-2] [INFO] [1744587899.577752165] [drone_home1.controller]: Bearing: 262.53°
[controller-2] [INFO] [1744587899.579352723] [drone_home1.controller]: Going to [(29.639567, -82.361102)]: 9269817.34 meters
[controller-2] [INFO] [1744587899.677408795] [drone_home1.controller]: Bearing: 262.53°
[controller-2] [INFO] [1744587899.678970759] [drone_home1.controller]: Going to [(29.639567, -82.361102)]: 9269817.34 meters
[controller-2] [INFO] [1744587899.777413146] [drone_home1.controller]: Bearing: 262.53°
[controller-2] [INFO] [1744587899.778996935] [drone_home1.controller]: Going to [(29.639567, -82.361102)]: 9269817.34 meters
[controller-2] [INFO] [1744587899.877512124] [drone_home1.controller]: Bearing: 262.53°
[controller-2] [INFO] [1744587899.879078089] [drone_home1.controller]: Going to [(29.639567, -82.361102)]: 9269817.34 meters
[controller-2] [INFO] [1744587899.976722277] [drone_home1.controller]: Bearing: 262.53°
[controller-2] [INFO] [1744587899.977655392] [drone_home1.controller]: Going to [(29.639567, -82.361102)]: 9269817.34 meters
[controller-2] [INFO] [1744587900.077580158] [drone_home1.controller]: Bearing: 262.53°
[controller-2] [INFO] [1744587900.079481044] [drone_home1.controller]: Going to [(29.639567, -82.361102)]: 9269817.34 meters
[controller-2] [INFO] [1744587900.176988291] [drone_home1.controller]: Bearing: 262.53°
[controller-2] [INFO] [1744587900.177963646] [drone_home1.controller]: Going to [(29.639567, -82.361102)]: 9269817.34 meters
[controller-2] [INFO] [1744587900.276595597] [drone_home1.controller]: Bearing: 262.53°
[controller-2] [INFO] [1744587900.278135449] [drone_home1.controller]: Going to [(29.639567, -82.361102)]: 9269817.34 meters
[controller-2] [INFO] [1744587900.376896235] [drone_home1.controller]: Bearing: 262.53°
[controller-2] [INFO] [1744587900.378324179] [drone_home1.controller]: Going to [(29.639567, -82.361102)]: 9269817.34 meters
[controller-2] [INFO] [1744587900.477595060] [drone_home1.controller]: Bearing: 262.53°
[controller-2] [INFO] [1744587900.479154432] [drone_home1.controller]: Going to [(29.639567, -82.361102)]: 9269817.34 meters
[controller-2] [INFO] [1744587900.578055030] [drone_home1.controller]: Bearing: 262.53°
[controller-2] [INFO] [1744587900.579297017] [drone_home1.controller]: Going to [(29.639567, -82.361102)]: 9269817.34 meters
[controller-2] [INFO] [1744587900.676820937] [drone_home1.controller]: Bearing: 262.53°
[controller-2] [INFO] [1744587900.679164875] [drone_home1.controller]: Going to [(29.639567, -82.361102)]: 9269817.34 meters
[controller-2] [INFO] [1744587900.778485549] [drone_home1.controller]: Bearing: 262.53°
[controller-2] [INFO] [1744587900.779422247] [drone_home1.controller]: Going to [(29.639567, -82.361102)]: 9269817.34 meters
[controller-2] [INFO] [1744587900.876613710] [drone_home1.controller]: Bearing: 262.53°
[controller-2] [INFO] [1744587900.877769646] [drone_home1.controller]: Going to [(29.639567, -82.361102)]: 9269817.34 meters
[controller-2] [INFO] [1744587900.976634371] [drone_home1.controller]: Bearing: 262.53°
[controller-2] [INFO] [1744587900.977577150] [drone_home1.controller]: Going to [(29.639567, -82.361102)]: 9269817.34 meters
[controller-2] [INFO] [1744587901.076969381] [drone_home1.controller]: Bearing: 262.53°
[controller-2] [INFO] [1744587901.078076515] [drone_home1.controller]: Going to [(29.639567, -82.361102)]: 9269817.34 meters
[controller-2] [INFO] [1744587901.176746731] [drone_home1.controller]: Bearing: 262.53°
[controller-2] [INFO] [1744587901.178056303] [drone_home1.controller]: Going to [(29.639567, -82.361102)]: 9269817.34 meters
[controller-2] [INFO] [1744587901.276783193] [drone_home1.controller]: Bearing: 262.53°
[controller-2] [INFO] [1744587901.277715891] [drone_home1.controller]: Going to [(29.639567, -82.361102)]: 9269817.34 meters
[controller-2] [INFO] [1744587901.377346325] [drone_home1.controller]: Bearing: 262.53°
[controller-2] [INFO] [1744587901.378883232] [drone_home1.controller]: Going to [(29.639567, -82.361102)]: 9269817.34 meters
[controller-2] [INFO] [1744587901.476825171] [drone_home1.controller]: Bearing: 262.53°
[controller-2] [INFO] [1744587901.478015956] [drone_home1.controller]: Going to [(29.639567, -82.361102)]: 9269817.34 meters
[controller-2] [INFO] [1744587901.576689308] [drone_home1.controller]: Bearing: 262.53°
[controller-2] [INFO] [1744587901.577933054] [drone_home1.controller]: Going to [(29.639567, -82.361102)]: 9269817.34 meters
[controller-2] [INFO] [1744587901.676652680] [drone_home1.controller]: Bearing: 262.53°
[controller-2] [INFO] [1744587901.677698308] [drone_home1.controller]: Going to [(29.639567, -82.361102)]: 9269817.34 meters
[controller-2] [INFO] [1744587901.776726678] [drone_home1.controller]: Bearing: 262.53°
[controller-2] [INFO] [1744587901.777733650] [drone_home1.controller]: Going to [(29.639567, -82.361102)]: 9269817.34 meters
[controller-2] [INFO] [1744587901.876641664] [drone_home1.controller]: Bearing: 262.53°
[controller-2] [INFO] [1744587901.877977733] [drone_home1.controller]: Going to [(29.639567, -82.361102)]: 9269817.34 meters
[controller-2] [INFO] [1744587901.976566603] [drone_home1.controller]: Bearing: 262.53°
[controller-2] [INFO] [1744587901.977744492] [drone_home1.controller]: Going to [(29.639567, -82.361102)]: 9269817.34 meters
[controller-2] [INFO] [1744587902.076739264] [drone_home1.controller]: Bearing: 262.53°
[controller-2] [INFO] [1744587902.077870239] [drone_home1.controller]: Going to [(29.639567, -82.361102)]: 9269817.34 meters
[controller-2] [INFO] [1744587902.176693956] [drone_home1.controller]: Bearing: 262.53°
[controller-2] [INFO] [1744587902.177896165] [drone_home1.controller]: Going to [(29.639567, -82.361102)]: 9269817.34 meters
[controller-2] [INFO] [1744587902.277349915] [drone_home1.controller]: Bearing: 262.53°
[controller-2] [INFO] [1744587902.278887333] [drone_home1.controller]: Going to [(29.639567, -82.361102)]: 9269817.34 meters
[controller-2] [INFO] [1744587902.377354240] [drone_home1.controller]: Bearing: 262.53°
[controller-2] [INFO] [1744587902.378914251] [drone_home1.controller]: Going to [(29.639567, -82.361102)]: 9269817.34 meters
[controller-2] [INFO] [1744587902.477351077] [drone_home1.controller]: Bearing: 262.53°
[controller-2] [INFO] [1744587902.478920624] [drone_home1.controller]: Going to [(29.639567, -82.361102)]: 9269817.34 meters
[controller-2] [INFO] [1744587902.576520948] [drone_home1.controller]: Bearing: 262.53°
[controller-2] [INFO] [1744587902.577529007] [drone_home1.controller]: Going to [(29.639567, -82.361102)]: 9269817.34 meters
[controller-2] [INFO] [1744587902.676689822] [drone_home1.controller]: Bearing: 262.53°
[controller-2] [INFO] [1744587902.677809084] [drone_home1.controller]: Going to [(29.639567, -82.361102)]: 9269817.34 meters
[controller-2] [INFO] [1744587902.776923689] [drone_home1.controller]: Bearing: 262.53°
[controller-2] [INFO] [1744587902.778459571] [drone_home1.controller]: Going to [(29.639567, -82.361102)]: 9269817.34 meters
[controller-2] [INFO] [1744587902.880363820] [drone_home1.controller]: Bearing: 262.53°
[controller-2] [INFO] [1744587902.881362599] [drone_home1.controller]: Going to [(29.639567, -82.361102)]: 9269817.34 meters
[controller-2] [INFO] [1744587902.977376352] [drone_home1.controller]: Bearing: 262.53°
[controller-2] [INFO] [1744587902.978396668] [drone_home1.controller]: Going to [(29.639567, -82.361102)]: 9269817.34 meters
[controller-2] [INFO] [1744587903.077301639] [drone_home1.controller]: Bearing: 262.53°
[controller-2] [INFO] [1744587903.078240673] [drone_home1.controller]: Going to [(29.639567, -82.361102)]: 9269817.34 meters
[controller-2] [INFO] [1744587903.176759928] [drone_home1.controller]: Bearing: 262.53°
[controller-2] [INFO] [1744587903.177714225] [drone_home1.controller]: Going to [(29.639567, -82.361102)]: 9269817.34 meters
[controller-2] [INFO] [1744587903.276634323] [drone_home1.controller]: Bearing: 262.53°
[controller-2] [INFO] [1744587903.277628942] [drone_home1.controller]: Going to [(29.639567, -82.361102)]: 9269817.34 meters
[controller-2] [INFO] [1744587903.376612690] [drone_home1.controller]: Bearing: 262.53°
[controller-2] [INFO] [1744587903.377822898] [drone_home1.controller]: Going to [(29.639567, -82.361102)]: 9269817.34 meters
[controller-2] [INFO] [1744587903.476700851] [drone_home1.controller]: Bearing: 262.53°
[controller-2] [INFO] [1744587903.477642060] [drone_home1.controller]: Going to [(29.639567, -82.361102)]: 9269817.34 meters
[controller-2] [INFO] [1744587903.576646640] [drone_home1.controller]: Bearing: 262.53°
[controller-2] [INFO] [1744587903.579972042] [drone_home1.controller]: Going to [(29.639567, -82.361102)]: 9269817.34 meters
[controller-2] [INFO] [1744587903.676887510] [drone_home1.controller]: Bearing: 262.53°
[controller-2] [INFO] [1744587903.677838575] [drone_home1.controller]: Going to [(29.639567, -82.361102)]: 9269817.34 meters
[controller-2] [INFO] [1744587903.776485386] [drone_home1.controller]: Bearing: 262.53°
[controller-2] [INFO] [1744587903.777550279] [drone_home1.controller]: Going to [(29.639567, -82.361102)]: 9269817.34 meters
[controller-2] [INFO] [1744587903.876537130] [drone_home1.controller]: Bearing: 262.53°
[controller-2] [INFO] [1744587903.877508837] [drone_home1.controller]: Going to [(29.639567, -82.361102)]: 9269817.34 meters
[controller-2] [INFO] [1744587903.976643052] [drone_home1.controller]: Bearing: 262.53°
[controller-2] [INFO] [1744587903.978980363] [drone_home1.controller]: Going to [(29.639567, -82.361102)]: 9269817.34 meters
[controller-2] [INFO] [1744587904.078232443] [drone_home1.controller]: Bearing: 262.53°
[controller-2] [INFO] [1744587904.079179508] [drone_home1.controller]: Going to [(29.639567, -82.361102)]: 9269817.34 meters
[controller-2] [INFO] [1744587904.178908999] [drone_home1.controller]: Bearing: 262.53°
[controller-2] [INFO] [1744587904.179892929] [drone_home1.controller]: Going to [(29.639567, -82.361102)]: 9269817.34 meters
[controller-2] [INFO] [1744587904.279414798] [drone_home1.controller]: Bearing: 262.53°
[controller-2] [INFO] [1744587904.280296069] [drone_home1.controller]: Going to [(29.639567, -82.361102)]: 9269817.34 meters
[controller-2] [INFO] [1744587904.376967431] [drone_home1.controller]: Bearing: 262.53°
[controller-2] [INFO] [1744587904.378072932] [drone_home1.controller]: Going to [(29.639567, -82.361102)]: 9269817.34 meters
[controller-2] [INFO] [1744587904.479490948] [drone_home1.controller]: Bearing: 262.53°
[controller-2] [INFO] [1744587904.480397148] [drone_home1.controller]: Going to [(29.639567, -82.361102)]: 9269817.34 meters
[controller-2] [INFO] [1744587904.577988246] [drone_home1.controller]: Bearing: 262.53°
[controller-2] [INFO] [1744587904.579114004] [drone_home1.controller]: Going to [(29.639567, -82.361102)]: 9269817.34 meters
[controller-2] [INFO] [1744587904.678321273] [drone_home1.controller]: Bearing: 262.53°
[controller-2] [INFO] [1744587904.679235697] [drone_home1.controller]: Going to [(29.639567, -82.361102)]: 9269817.34 meters
[controller-2] [INFO] [1744587904.779501522] [drone_home1.controller]: Bearing: 262.53°
[controller-2] [INFO] [1744587904.780404586] [drone_home1.controller]: Going to [(29.639567, -82.361102)]: 9269817.34 meters
[controller-2] [INFO] [1744587904.879290918] [drone_home1.controller]: Bearing: 262.53°
[controller-2] [INFO] [1744587904.880249920] [drone_home1.controller]: Going to [(29.639567, -82.361102)]: 9269817.34 meters
[controller-2] [INFO] [1744587904.976957635] [drone_home1.controller]: Bearing: 262.53°
[controller-2] [INFO] [1744587904.979315489] [drone_home1.controller]: Going to [(29.639567, -82.361102)]: 9269817.34 meters
[controller-2] [INFO] [1744587905.078403401] [drone_home1.controller]: Bearing: 262.53°
[controller-2] [INFO] [1744587905.083044258] [drone_home1.controller]: Going to [(29.639567, -82.361102)]: 9269817.34 meters
[controller-2] [INFO] [1744587905.177018746] [drone_home1.controller]: Bearing: 262.53°
[controller-2] [INFO] [1744587905.178075318] [drone_home1.controller]: Going to [(29.639567, -82.361102)]: 9269817.34 meters
[controller-2] [INFO] [1744587905.283052622] [drone_home1.controller]: Bearing: 262.53°
[controller-2] [INFO] [1744587905.283975686] [drone_home1.controller]: Going to [(29.639567, -82.361102)]: 9269817.34 meters
[controller-2] [INFO] [1744587905.376768928] [drone_home1.controller]: Bearing: 262.53°
[controller-2] [INFO] [1744587905.377833692] [drone_home1.controller]: Going to [(29.639567, -82.361102)]: 9269817.34 meters
[controller-2] [INFO] [1744587905.477248099] [drone_home1.controller]: Bearing: 262.53°
[controller-2] [INFO] [1744587905.478921646] [drone_home1.controller]: Going to [(29.639567, -82.361102)]: 9269817.34 meters
[controller-2] [INFO] [1744587905.576727051] [drone_home1.controller]: Bearing: 262.53°
[controller-2] [INFO] [1744587905.577784999] [drone_home1.controller]: Going to [(29.639567, -82.361102)]: 9269817.34 meters
[controller-2] [INFO] [1744587905.676587294] [drone_home1.controller]: Bearing: 262.53°
[controller-2] [INFO] [1744587905.679830130] [drone_home1.controller]: Going to [(29.639567, -82.361102)]: 9269817.34 meters
[controller-2] [INFO] [1744587905.780071727] [drone_home1.controller]: Bearing: 262.53°
[controller-2] [INFO] [1744587905.781564438] [drone_home1.controller]: Going to [(29.639567, -82.361102)]: 9269817.34 meters
[controller-2] [INFO] [1744587905.876945811] [drone_home1.controller]: Bearing: 262.53°
[controller-2] [INFO] [1744587905.878762851] [drone_home1.controller]: Going to [(29.639567, -82.361102)]: 9269817.34 meters
[controller-2] [INFO] [1744587905.976886024] [drone_home1.controller]: Bearing: 262.53°
[controller-2] [INFO] [1744587905.977988645] [drone_home1.controller]: Going to [(29.639567, -82.361102)]: 9269817.34 meters
[controller-2] [INFO] [1744587906.081748482] [drone_home1.controller]: Bearing: 262.53°
[controller-2] [INFO] [1744587906.083199624] [drone_home1.controller]: Going to [(29.639567, -82.361102)]: 9269817.34 meters
[controller-2] [INFO] [1744587906.181085413] [drone_home1.controller]: Bearing: 262.53°
[controller-2] [INFO] [1744587906.182565035] [drone_home1.controller]: Going to [(29.639567, -82.361102)]: 9269817.34 meters
[controller-2] [INFO] [1744587906.276747144] [drone_home1.controller]: Bearing: 262.53°
[controller-2] [INFO] [1744587906.278083275] [drone_home1.controller]: Going to [(29.639567, -82.361102)]: 9269817.34 meters
[controller-2] [INFO] [1744587906.376994050] [drone_home1.controller]: Bearing: 262.53°
[controller-2] [INFO] [1744587906.378233282] [drone_home1.controller]: Going to [(29.639567, -82.361102)]: 9269817.34 meters
[controller-2] [INFO] [1744587906.476791824] [drone_home1.controller]: Bearing: 262.53°
[controller-2] [INFO] [1744587906.477814602] [drone_home1.controller]: Going to [(29.639567, -82.361102)]: 9269817.34 meters
[controller-2] [INFO] [1744587906.577338609] [drone_home1.controller]: Bearing: 262.53°
[controller-2] [INFO] [1744587906.578858233] [drone_home1.controller]: Going to [(29.639567, -82.361102)]: 9269817.34 meters
[controller-2] [INFO] [1744587906.677356549] [drone_home1.controller]: Bearing: 262.53°
[controller-2] [INFO] [1744587906.678912589] [drone_home1.controller]: Going to [(29.639567, -82.361102)]: 9269817.34 meters
[controller-2] [INFO] [1744587906.777443451] [drone_home1.controller]: Bearing: 262.53°
[controller-2] [INFO] [1744587906.779016899] [drone_home1.controller]: Going to [(29.639567, -82.361102)]: 9269817.34 meters
[controller-2] [INFO] [1744587906.876604889] [drone_home1.controller]: Bearing: 262.53°
[controller-2] [INFO] [1744587906.877903258] [drone_home1.controller]: Going to [(29.639567, -82.361102)]: 9269817.34 meters
[controller-2] [INFO] [1744587906.976570251] [drone_home1.controller]: Bearing: 262.53°
[controller-2] [INFO] [1744587906.977593221] [drone_home1.controller]: Going to [(29.639567, -82.361102)]: 9269817.34 meters
[controller-2] [INFO] [1744587907.076453091] [drone_home1.controller]: Bearing: 262.53°
[controller-2] [INFO] [1744587907.077382139] [drone_home1.controller]: Going to [(29.639567, -82.361102)]: 9269817.34 meters
[controller-2] [INFO] [1744587907.176512279] [drone_home1.controller]: Bearing: 262.53°
[controller-2] [INFO] [1744587907.177507600] [drone_home1.controller]: Going to [(29.639567, -82.361102)]: 9269817.34 meters
[controller-2] [INFO] [1744587907.278415673] [drone_home1.controller]: Bearing: 262.53°
[controller-2] [INFO] [1744587907.279617399] [drone_home1.controller]: Going to [(29.639567, -82.361102)]: 9269817.34 meters
[controller-2] [INFO] [1744587907.377358256] [drone_home1.controller]: Bearing: 262.53°
[controller-2] [INFO] [1744587907.378939320] [drone_home1.controller]: Going to [(29.639567, -82.361102)]: 9269817.34 meters
[controller-2] [INFO] [1744587907.477475172] [drone_home1.controller]: Bearing: 262.53°
[controller-2] [INFO] [1744587907.479028268] [drone_home1.controller]: Going to [(29.639567, -82.361102)]: 9269817.34 meters
[controller-2] [INFO] [1744587907.577731581] [drone_home1.controller]: Bearing: 262.53°
[controller-2] [INFO] [1744587907.579354982] [drone_home1.controller]: Going to [(29.639567, -82.361102)]: 9269817.34 meters
[controller-2] [INFO] [1744587907.678996366] [drone_home1.controller]: Bearing: 262.53°
[controller-2] [INFO] [1744587907.680605719] [drone_home1.controller]: Going to [(29.639567, -82.361102)]: 9269817.34 meters
[controller-2] [INFO] [1744587907.777404856] [drone_home1.controller]: Bearing: 262.53°
[controller-2] [INFO] [1744587907.778956159] [drone_home1.controller]: Going to [(29.639567, -82.361102)]: 9269817.34 meters
[controller-2] [INFO] [1744587907.877160131] [drone_home1.controller]: Bearing: 262.53°
[controller-2] [INFO] [1744587907.878456260] [drone_home1.controller]: Going to [(29.639567, -82.361102)]: 9269817.34 meters
[controller-2] [INFO] [1744587907.977442876] [drone_home1.controller]: Bearing: 262.53°
[controller-2] [INFO] [1744587907.978992292] [drone_home1.controller]: Going to [(29.639567, -82.361102)]: 9269817.34 meters
[controller-2] [INFO] [1744587908.076593505] [drone_home1.controller]: Bearing: 262.53°
[controller-2] [INFO] [1744587908.077591994] [drone_home1.controller]: Going to [(29.639567, -82.361102)]: 9269817.34 meters
[controller-2] [INFO] [1744587908.177166048] [drone_home1.controller]: Bearing: 262.53°
[controller-2] [INFO] [1744587908.178165978] [drone_home1.controller]: Going to [(29.639567, -82.361102)]: 9269817.34 meters
[controller-2] [INFO] [1744587908.277176018] [drone_home1.controller]: Bearing: 262.53°
[controller-2] [INFO] [1744587908.278439090] [drone_home1.controller]: Going to [(29.639567, -82.361102)]: 9269817.34 meters
[controller-2] [INFO] [1744587908.376745048] [drone_home1.controller]: Bearing: 262.53°
[controller-2] [INFO] [1744587908.377751697] [drone_home1.controller]: Going to [(29.639567, -82.361102)]: 9269817.34 meters
[controller-2] [INFO] [1744587908.477499164] [drone_home1.controller]: Bearing: 262.53°
[controller-2] [INFO] [1744587908.479754229] [drone_home1.controller]: Going to [(29.639567, -82.361102)]: 9269817.34 meters
[controller-2] [INFO] [1744587908.577430924] [drone_home1.controller]: Bearing: 262.53°
[controller-2] [INFO] [1744587908.578978675] [drone_home1.controller]: Going to [(29.639567, -82.361102)]: 9269817.34 meters
[controller-2] [INFO] [1744587908.676564839] [drone_home1.controller]: Bearing: 262.53°
[controller-2] [INFO] [1744587908.677741093] [drone_home1.controller]: Going to [(29.639567, -82.361102)]: 9269817.34 meters
[controller-2] [INFO] [1744587908.776707932] [drone_home1.controller]: Bearing: 262.53°
[controller-2] [INFO] [1744587908.777661300] [drone_home1.controller]: Going to [(29.639567, -82.361102)]: 9269817.34 meters
[controller-2] [INFO] [1744587908.877710598] [drone_home1.controller]: Bearing: 262.53°
[controller-2] [INFO] [1744587908.880325960] [drone_home1.controller]: Going to [(29.639567, -82.361102)]: 9269817.34 meters
[controller-2] [INFO] [1744587908.977406768] [drone_home1.controller]: Bearing: 262.53°
[controller-2] [INFO] [1744587908.979169500] [drone_home1.controller]: Going to [(29.639567, -82.361102)]: 9269817.34 meters
[controller-2] [INFO] [1744587909.077429962] [drone_home1.controller]: Bearing: 262.53°
[controller-2] [INFO] [1744587909.079386331] [drone_home1.controller]: Going to [(29.639567, -82.361102)]: 9269817.34 meters
[controller-2] [INFO] [1744587909.177352282] [drone_home1.controller]: Bearing: 262.53°
[controller-2] [INFO] [1744587909.178894528] [drone_home1.controller]: Going to [(29.639567, -82.361102)]: 9269817.34 meters
[controller-2] [INFO] [1744587909.276627162] [drone_home1.controller]: Bearing: 262.53°
[controller-2] [INFO] [1744587909.277883481] [drone_home1.controller]: Going to [(29.639567, -82.361102)]: 9269817.34 meters
[controller-2] [INFO] [1744587909.376847633] [drone_home1.controller]: Bearing: 262.53°
[controller-2] [INFO] [1744587909.378146321] [drone_home1.controller]: Going to [(29.639567, -82.361102)]: 9269817.34 meters
[controller-2] [INFO] [1744587909.477452081] [drone_home1.controller]: Bearing: 262.53°
[controller-2] [INFO] [1744587909.478414825] [drone_home1.controller]: Going to [(29.639567, -82.361102)]: 9269817.34 meters
[controller-2] [INFO] [1744587909.576708976] [drone_home1.controller]: Bearing: 262.53°
[controller-2] [INFO] [1744587909.577710409] [drone_home1.controller]: Going to [(29.639567, -82.361102)]: 9269817.34 meters
[controller-2] [INFO] [1744587909.677426228] [drone_home1.controller]: Bearing: 262.53°
[controller-2] [INFO] [1744587909.678412300] [drone_home1.controller]: Going to [(29.639567, -82.361102)]: 9269817.34 meters
[controller-2] [INFO] [1744587909.777394148] [drone_home1.controller]: Bearing: 262.53°
[controller-2] [INFO] [1744587909.778953611] [drone_home1.controller]: Going to [(29.639567, -82.361102)]: 9269817.34 meters
[controller-2] [INFO] [1744587909.877377238] [drone_home1.controller]: Bearing: 262.53°
[controller-2] [INFO] [1744587909.878909372] [drone_home1.controller]: Going to [(29.639567, -82.361102)]: 9269817.34 meters
[controller-2] [INFO] [1744587909.977126177] [drone_home1.controller]: Bearing: 262.53°
[controller-2] [INFO] [1744587909.978156698] [drone_home1.controller]: Going to [(29.639567, -82.361102)]: 9269817.34 meters
[controller-2] [INFO] [1744587910.076632016] [drone_home1.controller]: Bearing: 262.53°
[controller-2] [INFO] [1744587910.077556327] [drone_home1.controller]: Going to [(29.639567, -82.361102)]: 9269817.34 meters
[controller-2] [INFO] [1744587910.176729190] [drone_home1.controller]: Bearing: 262.53°
[controller-2] [INFO] [1744587910.177841537] [drone_home1.controller]: Going to [(29.639567, -82.361102)]: 9269817.34 meters
[controller-2] [INFO] [1744587910.276798778] [drone_home1.controller]: Bearing: 262.53°
[controller-2] [INFO] [1744587910.277856276] [drone_home1.controller]: Going to [(29.639567, -82.361102)]: 9269817.34 meters
[controller-2] [INFO] [1744587910.377098261] [drone_home1.controller]: Bearing: 262.53°
[controller-2] [INFO] [1744587910.378518231] [drone_home1.controller]: Going to [(29.639567, -82.361102)]: 9269817.34 meters
[controller-2] [INFO] [1744587910.477005669] [drone_home1.controller]: Bearing: 262.53°
[controller-2] [INFO] [1744587910.478782257] [drone_home1.controller]: Going to [(29.639567, -82.361102)]: 9269817.34 meters
[controller-2] [INFO] [1744587910.576548781] [drone_home1.controller]: Bearing: 262.53°
[controller-2] [INFO] [1744587910.577567430] [drone_home1.controller]: Going to [(29.639567, -82.361102)]: 9269817.34 meters
[controller-2] [INFO] [1744587910.676959434] [drone_home1.controller]: Bearing: 262.53°
[controller-2] [INFO] [1744587910.679946515] [drone_home1.controller]: Going to [(29.639567, -82.361102)]: 9269817.34 meters
[controller-2] [INFO] [1744587910.776700407] [drone_home1.controller]: Bearing: 262.53°
[controller-2] [INFO] [1744587910.779093905] [drone_home1.controller]: Going to [(29.639567, -82.361102)]: 9269817.34 meters
[controller-2] [INFO] [1744587910.876696298] [drone_home1.controller]: Bearing: 262.53°
[controller-2] [INFO] [1744587910.877745795] [drone_home1.controller]: Going to [(29.639567, -82.361102)]: 9269817.34 meters
[controller-2] [INFO] [1744587910.976611611] [drone_home1.controller]: Bearing: 262.53°
[controller-2] [INFO] [1744587910.977803448] [drone_home1.controller]: Going to [(29.639567, -82.361102)]: 9269817.34 meters
[controller-2] [INFO] [1744587911.076514294] [drone_home1.controller]: Bearing: 262.53°
[controller-2] [INFO] [1744587911.077887639] [drone_home1.controller]: Going to [(29.639567, -82.361102)]: 9269817.34 meters
[controller-2] [INFO] [1744587911.176875284] [drone_home1.controller]: Bearing: 262.53°
[controller-2] [INFO] [1744587911.177871180] [drone_home1.controller]: Going to [(29.639567, -82.361102)]: 9269817.34 meters
[controller-2] [INFO] [1744587911.277128848] [drone_home1.controller]: Bearing: 262.53°
[controller-2] [INFO] [1744587911.278120840] [drone_home1.controller]: Going to [(29.639567, -82.361102)]: 9269817.34 meters
[controller-2] [INFO] [1744587911.376778620] [drone_home1.controller]: Bearing: 262.53°
[controller-2] [INFO] [1744587911.378116925] [drone_home1.controller]: Going to [(29.639567, -82.361102)]: 9269817.34 meters
[controller-2] [INFO] [1744587911.477293950] [drone_home1.controller]: Bearing: 262.53°
[controller-2] [INFO] [1744587911.478795939] [drone_home1.controller]: Going to [(29.639567, -82.361102)]: 9269817.34 meters
[controller-2] [INFO] [1744587911.576785959] [drone_home1.controller]: Bearing: 262.53°
[controller-2] [INFO] [1744587911.577949987] [drone_home1.controller]: Going to [(29.639567, -82.361102)]: 9269817.34 meters
[controller-2] [INFO] [1744587911.676744764] [drone_home1.controller]: Bearing: 262.53°
[controller-2] [INFO] [1744587911.677858071] [drone_home1.controller]: Going to [(29.639567, -82.361102)]: 9269817.34 meters
[controller-2] [INFO] [1744587911.776610798] [drone_home1.controller]: Bearing: 262.53°
[controller-2] [INFO] [1744587911.777568837] [drone_home1.controller]: Going to [(29.639567, -82.361102)]: 9269817.34 meters
[controller-2] [INFO] [1744587911.877515097] [drone_home1.controller]: Bearing: 262.53°
[controller-2] [INFO] [1744587911.879068607] [drone_home1.controller]: Going to [(29.639567, -82.361102)]: 9269817.34 meters
[controller-2] [INFO] [1744587911.976672730] [drone_home1.controller]: Bearing: 262.53°
[controller-2] [INFO] [1744587911.977647186] [drone_home1.controller]: Going to [(29.639567, -82.361102)]: 9269817.34 meters
[controller-2] [INFO] [1744587912.076667931] [drone_home1.controller]: Bearing: 262.53°
[controller-2] [INFO] [1744587912.077727156] [drone_home1.controller]: Going to [(29.639567, -82.361102)]: 9269817.34 meters
[controller-2] [INFO] [1744587912.179000843] [drone_home1.controller]: Bearing: 262.53°
[controller-2] [INFO] [1744587912.181112350] [drone_home1.controller]: Going to [(29.639567, -82.361102)]: 9269817.34 meters
[controller-2] [INFO] [1744587912.281039572] [drone_home1.controller]: Bearing: 262.53°
[controller-2] [INFO] [1744587912.282409045] [drone_home1.controller]: Going to [(29.639567, -82.361102)]: 9269817.34 meters
[controller-2] [INFO] [1744587912.376677957] [drone_home1.controller]: Bearing: 262.53°
[controller-2] [INFO] [1744587912.377627003] [drone_home1.controller]: Going to [(29.639567, -82.361102)]: 9269817.34 meters
[controller-2] [INFO] [1744587912.476879554] [drone_home1.controller]: Bearing: 262.53°
[controller-2] [INFO] [1744587912.478171361] [drone_home1.controller]: Going to [(29.639567, -82.361102)]: 9269817.34 meters
[controller-2] [INFO] [1744587912.576628789] [drone_home1.controller]: Bearing: 262.53°
[controller-2] [INFO] [1744587912.577541579] [drone_home1.controller]: Going to [(29.639567, -82.361102)]: 9269817.34 meters
[controller-2] [INFO] [1744587912.677131897] [drone_home1.controller]: Bearing: 262.53°
[controller-2] [INFO] [1744587912.678045231] [drone_home1.controller]: Going to [(29.639567, -82.361102)]: 9269817.34 meters
[controller-2] [INFO] [1744587912.776675559] [drone_home1.controller]: Bearing: 262.53°
[controller-2] [INFO] [1744587912.779004415] [drone_home1.controller]: Going to [(29.639567, -82.361102)]: 9269817.34 meters
[controller-2] [INFO] [1744587912.876659615] [drone_home1.controller]: Bearing: 262.53°
[controller-2] [INFO] [1744587912.877961631] [drone_home1.controller]: Going to [(29.639567, -82.361102)]: 9269817.34 meters
[controller-2] [INFO] [1744587912.976851293] [drone_home1.controller]: Bearing: 262.53°
[controller-2] [INFO] [1744587912.977855381] [drone_home1.controller]: Going to [(29.639567, -82.361102)]: 9269817.34 meters
[controller-2] [INFO] [1744587913.077828216] [drone_home1.controller]: Bearing: 262.53°
[controller-2] [INFO] [1744587913.079724165] [drone_home1.controller]: Going to [(29.639567, -82.361102)]: 9269817.34 meters
[controller-2] [INFO] [1744587913.176857022] [drone_home1.controller]: Bearing: 262.53°
[controller-2] [INFO] [1744587913.178187326] [drone_home1.controller]: Going to [(29.639567, -82.361102)]: 9269817.34 meters
[controller-2] [INFO] [1744587913.276596053] [drone_home1.controller]: Bearing: 262.53°
[controller-2] [INFO] [1744587913.277617677] [drone_home1.controller]: Going to [(29.639567, -82.361102)]: 9269817.34 meters
[controller-2] [INFO] [1744587913.377332035] [drone_home1.controller]: Bearing: 262.53°
[controller-2] [INFO] [1744587913.378838535] [drone_home1.controller]: Going to [(29.639567, -82.361102)]: 9269817.34 meters
[controller-2] [INFO] [1744587913.479219373] [drone_home1.controller]: Bearing: 262.53°
[controller-2] [INFO] [1744587913.481679463] [drone_home1.controller]: Going to [(29.639567, -82.361102)]: 9269817.34 meters
[controller-2] [INFO] [1744587913.576939572] [drone_home1.controller]: Bearing: 262.53°
[controller-2] [INFO] [1744587913.580177088] [drone_home1.controller]: Going to [(29.639567, -82.361102)]: 9269817.34 meters
[controller-2] [INFO] [1744587913.677087380] [drone_home1.controller]: Bearing: 262.53°
[controller-2] [INFO] [1744587913.678175246] [drone_home1.controller]: Going to [(29.639567, -82.361102)]: 9269817.34 meters
[controller-2] [INFO] [1744587913.776959566] [drone_home1.controller]: Bearing: 262.53°
[controller-2] [INFO] [1744587913.778497682] [drone_home1.controller]: Going to [(29.639567, -82.361102)]: 9269817.34 meters
[controller-2] [INFO] [1744587913.878344171] [drone_home1.controller]: Bearing: 262.53°
[controller-2] [INFO] [1744587913.879343811] [drone_home1.controller]: Going to [(29.639567, -82.361102)]: 9269817.34 meters
[controller-2] [INFO] [1744587913.976517661] [drone_home1.controller]: Bearing: 262.53°
[controller-2] [INFO] [1744587913.977656792] [drone_home1.controller]: Going to [(29.639567, -82.361102)]: 9269817.34 meters
[controller-2] [INFO] [1744587914.076657162] [drone_home1.controller]: Bearing: 262.53°
[controller-2] [INFO] [1744587914.077617472] [drone_home1.controller]: Going to [(29.639567, -82.361102)]: 9269817.34 meters
[controller-2] [INFO] [1744587914.176765198] [drone_home1.controller]: Bearing: 262.53°
[controller-2] [INFO] [1744587914.177745317] [drone_home1.controller]: Going to [(29.639567, -82.361102)]: 9269817.34 meters
[controller-2] [INFO] [1744587914.276678862] [drone_home1.controller]: Bearing: 262.53°
[controller-2] [INFO] [1744587914.277686982] [drone_home1.controller]: Going to [(29.639567, -82.361102)]: 9269817.34 meters
[controller-2] [INFO] [1744587914.376710513] [drone_home1.controller]: Bearing: 262.53°
[controller-2] [INFO] [1744587914.378512731] [drone_home1.controller]: Going to [(29.639567, -82.361102)]: 9269817.34 meters
[controller-2] [INFO] [1744587914.476764628] [drone_home1.controller]: Bearing: 262.53°
[controller-2] [INFO] [1744587914.477841357] [drone_home1.controller]: Going to [(29.639567, -82.361102)]: 9269817.34 meters
[controller-2] [INFO] [1744587914.577469926] [drone_home1.controller]: Bearing: 262.53°
[controller-2] [INFO] [1744587914.578321210] [drone_home1.controller]: Going to [(29.639567, -82.361102)]: 9269817.34 meters
[controller-2] [INFO] [1744587914.677565834] [drone_home1.controller]: Bearing: 262.53°
[controller-2] [INFO] [1744587914.678623331] [drone_home1.controller]: Going to [(29.639567, -82.361102)]: 9269817.34 meters
[controller-2] [INFO] [1744587914.777375464] [drone_home1.controller]: Bearing: 262.53°
[controller-2] [INFO] [1744587914.778352383] [drone_home1.controller]: Going to [(29.639567, -82.361102)]: 9269817.34 meters
[controller-2] [INFO] [1744587914.877931031] [drone_home1.controller]: Bearing: 262.53°
[controller-2] [INFO] [1744587914.878868205] [drone_home1.controller]: Going to [(29.639567, -82.361102)]: 9269817.34 meters
[controller-2] [INFO] [1744587914.976959874] [drone_home1.controller]: Bearing: 262.53°
[controller-2] [INFO] [1744587914.978586632] [drone_home1.controller]: Going to [(29.639567, -82.361102)]: 9269817.34 meters
[controller-2] [INFO] [1744587915.076807117] [drone_home1.controller]: Bearing: 262.53°
[controller-2] [INFO] [1744587915.077803364] [drone_home1.controller]: Going to [(29.639567, -82.361102)]: 9269817.34 meters
[controller-2] [INFO] [1744587915.176479502] [drone_home1.controller]: Bearing: 262.53°
[controller-2] [INFO] [1744587915.177622504] [drone_home1.controller]: Going to [(29.639567, -82.361102)]: 9269817.34 meters
[controller-2] [INFO] [1744587915.277770835] [drone_home1.controller]: Bearing: 262.53°
[controller-2] [INFO] [1744587915.279058033] [drone_home1.controller]: Going to [(29.639567, -82.361102)]: 9269817.34 meters
[controller-2] [INFO] [1744587915.376870758] [drone_home1.controller]: Bearing: 262.53°
[controller-2] [INFO] [1744587915.378250086] [drone_home1.controller]: Going to [(29.639567, -82.361102)]: 9269817.34 meters
[controller-2] [INFO] [1744587915.476767244] [drone_home1.controller]: Bearing: 262.53°
[controller-2] [INFO] [1744587915.477690497] [drone_home1.controller]: Going to [(29.639567, -82.361102)]: 9269817.34 meters
[controller-2] [INFO] [1744587915.576462860] [drone_home1.controller]: Bearing: 262.53°
[controller-2] [INFO] [1744587915.577406498] [drone_home1.controller]: Going to [(29.639567, -82.361102)]: 9269817.34 meters
[controller-2] [INFO] [1744587915.676738011] [drone_home1.controller]: Bearing: 262.53°
[controller-2] [INFO] [1744587915.677749394] [drone_home1.controller]: Going to [(29.639567, -82.361102)]: 9269817.34 meters
[controller-2] [INFO] [1744587915.776812356] [drone_home1.controller]: Bearing: 262.53°
[controller-2] [INFO] [1744587915.777847580] [drone_home1.controller]: Going to [(29.639567, -82.361102)]: 9269817.34 meters
[controller-2] [INFO] [1744587915.876647400] [drone_home1.controller]: Bearing: 262.53°
[controller-2] [INFO] [1744587915.877637471] [drone_home1.controller]: Going to [(29.639567, -82.361102)]: 9269817.34 meters
[controller-2] [INFO] [1744587915.976559278] [drone_home1.controller]: Bearing: 262.53°
[controller-2] [INFO] [1744587915.977844844] [drone_home1.controller]: Going to [(29.639567, -82.361102)]: 9269817.34 meters
[controller-2] [INFO] [1744587916.076732487] [drone_home1.controller]: Bearing: 262.53°
[controller-2] [INFO] [1744587916.077715198] [drone_home1.controller]: Going to [(29.639567, -82.361102)]: 9269817.34 meters
[controller-2] [INFO] [1744587916.177235425] [drone_home1.controller]: Bearing: 262.53°
[controller-2] [INFO] [1744587916.178463070] [drone_home1.controller]: Going to [(29.639567, -82.361102)]: 9269817.34 meters
[controller-2] [INFO] [1744587916.276947081] [drone_home1.controller]: Bearing: 262.53°
[controller-2] [INFO] [1744587916.278123396] [drone_home1.controller]: Going to [(29.639567, -82.361102)]: 9269817.34 meters
[controller-2] [INFO] [1744587916.376696530] [drone_home1.controller]: Bearing: 262.53°
[controller-2] [INFO] [1744587916.377984592] [drone_home1.controller]: Going to [(29.639567, -82.361102)]: 9269817.34 meters
[controller-2] [INFO] [1744587916.479338813] [drone_home1.controller]: Bearing: 262.53°
[controller-2] [INFO] [1744587916.480241042] [drone_home1.controller]: Going to [(29.639567, -82.361102)]: 9269817.34 meters
[controller-2] [INFO] [1744587916.576648846] [drone_home1.controller]: Bearing: 262.53°
[controller-2] [INFO] [1744587916.577973580] [drone_home1.controller]: Going to [(29.639567, -82.361102)]: 9269817.34 meters
[controller-2] [INFO] [1744587916.676932323] [drone_home1.controller]: Bearing: 262.53°
[controller-2] [INFO] [1744587916.677833304] [drone_home1.controller]: Going to [(29.639567, -82.361102)]: 9269817.34 meters
[controller-2] [INFO] [1744587916.777389660] [drone_home1.controller]: Bearing: 262.53°
[controller-2] [INFO] [1744587916.778929311] [drone_home1.controller]: Going to [(29.639567, -82.361102)]: 9269817.34 meters
[controller-2] [INFO] [1744587916.877561871] [drone_home1.controller]: Bearing: 262.53°
[controller-2] [INFO] [1744587916.879112818] [drone_home1.controller]: Going to [(29.639567, -82.361102)]: 9269817.34 meters
[controller-2] [INFO] [1744587916.979528362] [drone_home1.controller]: Bearing: 262.53°
[controller-2] [INFO] [1744587916.981239697] [drone_home1.controller]: Going to [(29.639567, -82.361102)]: 9269817.34 meters
[controller-2] [INFO] [1744587917.078293322] [drone_home1.controller]: Bearing: 262.53°
[controller-2] [INFO] [1744587917.079185214] [drone_home1.controller]: Going to [(29.639567, -82.361102)]: 9269817.34 meters
[controller-2] [INFO] [1744587917.177040580] [drone_home1.controller]: Bearing: 262.53°
[controller-2] [INFO] [1744587917.178611880] [drone_home1.controller]: Going to [(29.639567, -82.361102)]: 9269817.34 meters
[controller-2] [INFO] [1744587917.278457978] [drone_home1.controller]: Bearing: 262.53°
[controller-2] [INFO] [1744587917.279423696] [drone_home1.controller]: Going to [(29.639567, -82.361102)]: 9269817.34 meters
[controller-2] [INFO] [1744587917.376489636] [drone_home1.controller]: Bearing: 262.53°
[controller-2] [INFO] [1744587917.377634621] [drone_home1.controller]: Going to [(29.639567, -82.361102)]: 9269817.34 meters
[controller-2] [INFO] [1744587917.476771072] [drone_home1.controller]: Bearing: 262.53°
[controller-2] [INFO] [1744587917.478050269] [drone_home1.controller]: Going to [(29.639567, -82.361102)]: 9269817.34 meters
[controller-2] [INFO] [1744587917.577412356] [drone_home1.controller]: Bearing: 262.53°
[controller-2] [INFO] [1744587917.578961384] [drone_home1.controller]: Going to [(29.639567, -82.361102)]: 9269817.34 meters
[controller-2] [INFO] [1744587917.679175842] [drone_home1.controller]: Bearing: 262.53°
[controller-2] [INFO] [1744587917.681357524] [drone_home1.controller]: Going to [(29.639567, -82.361102)]: 9269817.34 meters
[controller-2] [INFO] [1744587917.777610805] [drone_home1.controller]: Bearing: 262.53°
[controller-2] [INFO] [1744587917.779591618] [drone_home1.controller]: Going to [(29.639567, -82.361102)]: 9269817.34 meters
[controller-2] [INFO] [1744587917.877541385] [drone_home1.controller]: Bearing: 262.53°
[controller-2] [INFO] [1744587917.879640249] [drone_home1.controller]: Going to [(29.639567, -82.361102)]: 9269817.34 meters
[controller-2] [INFO] [1744587917.977730276] [drone_home1.controller]: Bearing: 262.53°
[controller-2] [INFO] [1744587917.982081222] [drone_home1.controller]: Going to [(29.639567, -82.361102)]: 9269817.34 meters
[controller-2] [INFO] [1744587918.076820372] [drone_home1.controller]: Bearing: 262.53°
[controller-2] [INFO] [1744587918.077869676] [drone_home1.controller]: Going to [(29.639567, -82.361102)]: 9269817.34 meters
[controller-2] [INFO] [1744587918.177478017] [drone_home1.controller]: Bearing: 262.53°
[controller-2] [INFO] [1744587918.178856064] [drone_home1.controller]: Going to [(29.639567, -82.361102)]: 9269817.34 meters
[controller-2] [INFO] [1744587918.277417982] [drone_home1.controller]: Bearing: 262.53°
[controller-2] [INFO] [1744587918.279026818] [drone_home1.controller]: Going to [(29.639567, -82.361102)]: 9269817.34 meters
[controller-2] [INFO] [1744587918.377458685] [drone_home1.controller]: Bearing: 262.53°
[controller-2] [INFO] [1744587918.378982303] [drone_home1.controller]: Going to [(29.639567, -82.361102)]: 9269817.34 meters
[controller-2] [INFO] [1744587918.478235469] [drone_home1.controller]: Bearing: 262.53°
[controller-2] [INFO] [1744587918.480202489] [drone_home1.controller]: Going to [(29.639567, -82.361102)]: 9269817.34 meters
[controller-2] [INFO] [1744587918.577910308] [drone_home1.controller]: Bearing: 262.53°
[controller-2] [INFO] [1744587918.578838297] [drone_home1.controller]: Going to [(29.639567, -82.361102)]: 9269817.34 meters
[controller-2] [INFO] [1744587918.677559002] [drone_home1.controller]: Bearing: 262.53°
[controller-2] [INFO] [1744587918.678432974] [drone_home1.controller]: Going to [(29.639567, -82.361102)]: 9269817.34 meters
[controller-2] [INFO] [1744587918.777523736] [drone_home1.controller]: Bearing: 262.53°
[controller-2] [INFO] [1744587918.778454509] [drone_home1.controller]: Going to [(29.639567, -82.361102)]: 9269817.34 meters
[controller-2] [INFO] [1744587918.876594561] [drone_home1.controller]: Bearing: 262.53°
[controller-2] [INFO] [1744587918.877829757] [drone_home1.controller]: Going to [(29.639567, -82.361102)]: 9269817.34 meters
[controller-2] [INFO] [1744587918.976846085] [drone_home1.controller]: Bearing: 262.53°
[controller-2] [INFO] [1744587918.980211889] [drone_home1.controller]: Going to [(29.639567, -82.361102)]: 9269817.34 meters
[controller-2] [INFO] [1744587919.077463969] [drone_home1.controller]: Bearing: 262.53°
[controller-2] [INFO] [1744587919.078438806] [drone_home1.controller]: Going to [(29.639567, -82.361102)]: 9269817.34 meters
[controller-2] [INFO] [1744587919.177511785] [drone_home1.controller]: Bearing: 262.53°
[controller-2] [INFO] [1744587919.179058827] [drone_home1.controller]: Going to [(29.639567, -82.361102)]: 9269817.34 meters
[controller-2] [INFO] [1744587919.277201994] [drone_home1.controller]: Bearing: 262.53°
[controller-2] [INFO] [1744587919.278139070] [drone_home1.controller]: Going to [(29.639567, -82.361102)]: 9269817.34 meters
[controller-2] [INFO] [1744587919.376886858] [drone_home1.controller]: Bearing: 262.53°
[controller-2] [INFO] [1744587919.377999747] [drone_home1.controller]: Going to [(29.639567, -82.361102)]: 9269817.34 meters
[controller-2] [INFO] [1744587919.477457182] [drone_home1.controller]: Bearing: 262.53°
[controller-2] [INFO] [1744587919.479011616] [drone_home1.controller]: Going to [(29.639567, -82.361102)]: 9269817.34 meters
[controller-2] [INFO] [1744587919.577695498] [drone_home1.controller]: Bearing: 262.53°
[controller-2] [INFO] [1744587919.579261261] [drone_home1.controller]: Going to [(29.639567, -82.361102)]: 9269817.34 meters
[controller-2] [INFO] [1744587919.677535310] [drone_home1.controller]: Bearing: 262.53°
[controller-2] [INFO] [1744587919.679088369] [drone_home1.controller]: Going to [(29.639567, -82.361102)]: 9269817.34 meters
[controller-2] [INFO] [1744587919.781312297] [drone_home1.controller]: Bearing: 262.53°
[controller-2] [INFO] [1744587919.783413720] [drone_home1.controller]: Going to [(29.639567, -82.361102)]: 9269817.34 meters
[controller-2] [INFO] [1744587919.877410170] [drone_home1.controller]: Bearing: 262.53°
[controller-2] [INFO] [1744587919.879593962] [drone_home1.controller]: Going to [(29.639567, -82.361102)]: 9269817.34 meters
[controller-2] [INFO] [1744587919.978232372] [drone_home1.controller]: Bearing: 262.53°
[controller-2] [INFO] [1744587919.980155038] [drone_home1.controller]: Going to [(29.639567, -82.361102)]: 9269817.34 meters
[controller-2] [INFO] [1744587920.077407448] [drone_home1.controller]: Bearing: 262.53°
[controller-2] [INFO] [1744587920.078940154] [drone_home1.controller]: Going to [(29.639567, -82.361102)]: 9269817.34 meters
[controller-2] [INFO] [1744587920.177306343] [drone_home1.controller]: Bearing: 262.53°
[controller-2] [INFO] [1744587920.178831817] [drone_home1.controller]: Going to [(29.639567, -82.361102)]: 9269817.34 meters
[controller-2] [INFO] [1744587920.278000168] [drone_home1.controller]: Bearing: 262.53°
[controller-2] [INFO] [1744587920.279587818] [drone_home1.controller]: Going to [(29.639567, -82.361102)]: 9269817.34 meters
[controller-2] [INFO] [1744587920.377383595] [drone_home1.controller]: Bearing: 262.53°
[controller-2] [INFO] [1744587920.378904748] [drone_home1.controller]: Going to [(29.639567, -82.361102)]: 9269817.34 meters
[controller-2] [INFO] [1744587920.477384988] [drone_home1.controller]: Bearing: 262.53°
[controller-2] [INFO] [1744587920.478944734] [drone_home1.controller]: Going to [(29.639567, -82.361102)]: 9269817.34 meters
[controller-2] [INFO] [1744587920.577352396] [drone_home1.controller]: Bearing: 262.53°
[controller-2] [INFO] [1744587920.579281687] [drone_home1.controller]: Going to [(29.639567, -82.361102)]: 9269817.34 meters
[controller-2] [INFO] [1744587920.678753116] [drone_home1.controller]: Bearing: 262.53°
[controller-2] [INFO] [1744587920.681518681] [drone_home1.controller]: Going to [(29.639567, -82.361102)]: 9269817.34 meters
[controller-2] [INFO] [1744587920.776637407] [drone_home1.controller]: Bearing: 262.53°
[controller-2] [INFO] [1744587920.778248482] [drone_home1.controller]: Going to [(29.639567, -82.361102)]: 9269817.34 meters
[controller-2] [INFO] [1744587920.877668071] [drone_home1.controller]: Bearing: 262.53°
[controller-2] [INFO] [1744587920.879143623] [drone_home1.controller]: Going to [(29.639567, -82.361102)]: 9269817.34 meters
[controller-2] [INFO] [1744587920.977312016] [drone_home1.controller]: Bearing: 262.53°
[controller-2] [INFO] [1744587920.978816881] [drone_home1.controller]: Going to [(29.639567, -82.361102)]: 9269817.34 meters
[controller-2] [INFO] [1744587921.078415593] [drone_home1.controller]: Bearing: 262.53°
[controller-2] [INFO] [1744587921.079437887] [drone_home1.controller]: Going to [(29.639567, -82.361102)]: 9269817.34 meters
[controller-2] [INFO] [1744587921.178396772] [drone_home1.controller]: Bearing: 262.53°
[controller-2] [INFO] [1744587921.180027912] [drone_home1.controller]: Going to [(29.639567, -82.361102)]: 9269817.34 meters
[controller-2] [INFO] [1744587921.276701435] [drone_home1.controller]: Bearing: 262.53°
[controller-2] [INFO] [1744587921.278527779] [drone_home1.controller]: Going to [(29.639567, -82.361102)]: 9269817.34 meters
[controller-2] [INFO] [1744587921.376561107] [drone_home1.controller]: Bearing: 262.53°
[controller-2] [INFO] [1744587921.379706616] [drone_home1.controller]: Going to [(29.639567, -82.361102)]: 9269817.34 meters
[controller-2] [INFO] [1744587921.477694375] [drone_home1.controller]: Bearing: 262.53°
[controller-2] [INFO] [1744587921.478574074] [drone_home1.controller]: Going to [(29.639567, -82.361102)]: 9269817.34 meters
[controller-2] [INFO] [1744587921.578511637] [drone_home1.controller]: Bearing: 262.53°
[controller-2] [INFO] [1744587921.580159896] [drone_home1.controller]: Going to [(29.639567, -82.361102)]: 9269817.34 meters
[controller-2] [INFO] [1744587921.678758453] [drone_home1.controller]: Bearing: 262.53°
[controller-2] [INFO] [1744587921.681280844] [drone_home1.controller]: Going to [(29.639567, -82.361102)]: 9269817.34 meters
[controller-2] [INFO] [1744587921.779483937] [drone_home1.controller]: Bearing: 262.53°
[controller-2] [INFO] [1744587921.780834014] [drone_home1.controller]: Going to [(29.639567, -82.361102)]: 9269817.34 meters
[controller-2] [INFO] [1744587921.877474224] [drone_home1.controller]: Bearing: 262.53°
[controller-2] [INFO] [1744587921.878360836] [drone_home1.controller]: Going to [(29.639567, -82.361102)]: 9269817.34 meters
[controller-2] [INFO] [1744587921.984342145] [drone_home1.controller]: Bearing: 262.53°
[controller-2] [INFO] [1744587921.986731477] [drone_home1.controller]: Going to [(29.639567, -82.361102)]: 9269817.34 meters
[controller-2] [INFO] [1744587922.077287796] [drone_home1.controller]: Bearing: 262.53°
[controller-2] [INFO] [1744587922.078175463] [drone_home1.controller]: Going to [(29.639567, -82.361102)]: 9269817.34 meters
[controller-2] [INFO] [1744587922.178443060] [drone_home1.controller]: Bearing: 262.53°
[controller-2] [INFO] [1744587922.181330194] [drone_home1.controller]: Going to [(29.639567, -82.361102)]: 9269817.34 meters
[controller-2] [INFO] [1744587922.276480208] [drone_home1.controller]: Bearing: 262.53°
[controller-2] [INFO] [1744587922.277480742] [drone_home1.controller]: Going to [(29.639567, -82.361102)]: 9269817.34 meters
[controller-2] [INFO] [1744587922.376717340] [drone_home1.controller]: Bearing: 262.53°
[controller-2] [INFO] [1744587922.378019288] [drone_home1.controller]: Going to [(29.639567, -82.361102)]: 9269817.34 meters
[controller-2] [INFO] [1744587922.476613120] [drone_home1.controller]: Bearing: 262.53°
[controller-2] [INFO] [1744587922.478006590] [drone_home1.controller]: Going to [(29.639567, -82.361102)]: 9269817.34 meters
[controller-2] [INFO] [1744587922.576837451] [drone_home1.controller]: Bearing: 262.53°
[controller-2] [INFO] [1744587922.577841441] [drone_home1.controller]: Going to [(29.639567, -82.361102)]: 9269817.34 meters
[controller-2] [INFO] [1744587922.677397662] [drone_home1.controller]: Bearing: 262.53°
[controller-2] [INFO] [1744587922.678980992] [drone_home1.controller]: Going to [(29.639567, -82.361102)]: 9269817.34 meters
[controller-2] [INFO] [1744587922.777845006] [drone_home1.controller]: Bearing: 262.53°
[controller-2] [INFO] [1744587922.779578419] [drone_home1.controller]: Going to [(29.639567, -82.361102)]: 9269817.34 meters
[controller-2] [INFO] [1744587922.877494349] [drone_home1.controller]: Bearing: 262.53°
[controller-2] [INFO] [1744587922.879107056] [drone_home1.controller]: Going to [(29.639567, -82.361102)]: 9269817.34 meters
[controller-2] [INFO] [1744587922.976929640] [drone_home1.controller]: Bearing: 262.53°
[controller-2] [INFO] [1744587922.978003519] [drone_home1.controller]: Going to [(29.639567, -82.361102)]: 9269817.34 meters
[controller-2] [INFO] [1744587923.077292839] [drone_home1.controller]: Bearing: 262.53°
[controller-2] [INFO] [1744587923.078854473] [drone_home1.controller]: Going to [(29.639567, -82.361102)]: 9269817.34 meters
[controller-2] [INFO] [1744587923.176879441] [drone_home1.controller]: Bearing: 262.53°
[controller-2] [INFO] [1744587923.177752164] [drone_home1.controller]: Going to [(29.639567, -82.361102)]: 9269817.34 meters
[controller-2] [INFO] [1744587923.277261003] [drone_home1.controller]: Bearing: 262.53°
[controller-2] [INFO] [1744587923.278170015] [drone_home1.controller]: Going to [(29.639567, -82.361102)]: 9269817.34 meters
[controller-2] [INFO] [1744587923.377170684] [drone_home1.controller]: Bearing: 262.53°
[controller-2] [INFO] [1744587923.378163729] [drone_home1.controller]: Going to [(29.639567, -82.361102)]: 9269817.34 meters
[controller-2] [INFO] [1744587923.476863464] [drone_home1.controller]: Bearing: 262.53°
[controller-2] [INFO] [1744587923.477909118] [drone_home1.controller]: Going to [(29.639567, -82.361102)]: 9269817.34 meters
[controller-2] [INFO] [1744587923.576644501] [drone_home1.controller]: Bearing: 262.53°
[controller-2] [INFO] [1744587923.577790158] [drone_home1.controller]: Going to [(29.639567, -82.361102)]: 9269817.34 meters
[controller-2] [INFO] [1744587923.677135442] [drone_home1.controller]: Bearing: 262.53°
[controller-2] [INFO] [1744587923.678030725] [drone_home1.controller]: Going to [(29.639567, -82.361102)]: 9269817.34 meters
[controller-2] [INFO] [1744587923.777246279] [drone_home1.controller]: Bearing: 262.53°
[controller-2] [INFO] [1744587923.778105209] [drone_home1.controller]: Going to [(29.639567, -82.361102)]: 9269817.34 meters
[controller-2] [INFO] [1744587923.876676973] [drone_home1.controller]: Bearing: 262.53°
[controller-2] [INFO] [1744587923.878139756] [drone_home1.controller]: Going to [(29.639567, -82.361102)]: 9269817.34 meters
[controller-2] [INFO] [1744587923.976707488] [drone_home1.controller]: Bearing: 262.53°
[controller-2] [INFO] [1744587923.979144180] [drone_home1.controller]: Going to [(29.639567, -82.361102)]: 9269817.34 meters
[controller-2] [INFO] [1744587924.077807035] [drone_home1.controller]: Bearing: 262.53°
[controller-2] [INFO] [1744587924.079135095] [drone_home1.controller]: Going to [(29.639567, -82.361102)]: 9269817.34 meters
[controller-2] [INFO] [1744587924.177209997] [drone_home1.controller]: Bearing: 262.53°
[controller-2] [INFO] [1744587924.178115329] [drone_home1.controller]: Going to [(29.639567, -82.361102)]: 9269817.34 meters
[controller-2] [INFO] [1744587924.277086506] [drone_home1.controller]: Bearing: 262.53°
[controller-2] [INFO] [1744587924.278023005] [drone_home1.controller]: Going to [(29.639567, -82.361102)]: 9269817.34 meters
[controller-2] [INFO] [1744587924.376471899] [drone_home1.controller]: Bearing: 262.53°
[controller-2] [INFO] [1744587924.377453360] [drone_home1.controller]: Going to [(29.639567, -82.361102)]: 9269817.34 meters
[controller-2] [INFO] [1744587924.476461274] [drone_home1.controller]: Bearing: 262.53°
[controller-2] [INFO] [1744587924.479185555] [drone_home1.controller]: Going to [(29.639567, -82.361102)]: 9269817.34 meters
[controller-2] [INFO] [1744587924.576475641] [drone_home1.controller]: Bearing: 262.53°
[controller-2] [INFO] [1744587924.577413965] [drone_home1.controller]: Going to [(29.639567, -82.361102)]: 9269817.34 meters
[controller-2] [INFO] [1744587924.676702332] [drone_home1.controller]: Bearing: 262.53°
[controller-2] [INFO] [1744587924.677608239] [drone_home1.controller]: Going to [(29.639567, -82.361102)]: 9269817.34 meters
[controller-2] [INFO] [1744587924.777470699] [drone_home1.controller]: Bearing: 262.53°
[controller-2] [INFO] [1744587924.778324797] [drone_home1.controller]: Going to [(29.639567, -82.361102)]: 9269817.34 meters
[controller-2] [INFO] [1744587924.877925428] [drone_home1.controller]: Bearing: 262.53°
[controller-2] [INFO] [1744587924.878808550] [drone_home1.controller]: Going to [(29.639567, -82.361102)]: 9269817.34 meters
[controller-2] [INFO] [1744587924.979045258] [drone_home1.controller]: Bearing: 262.53°
[controller-2] [INFO] [1744587924.980671660] [drone_home1.controller]: Going to [(29.639567, -82.361102)]: 9269817.34 meters
[controller-2] [INFO] [1744587925.077419065] [drone_home1.controller]: Bearing: 262.53°
[controller-2] [INFO] [1744587925.079004378] [drone_home1.controller]: Going to [(29.639567, -82.361102)]: 9269817.34 meters
[controller-2] [INFO] [1744587925.178418265] [drone_home1.controller]: Bearing: 262.53°
[controller-2] [INFO] [1744587925.180011323] [drone_home1.controller]: Going to [(29.639567, -82.361102)]: 9269817.34 meters
[controller-2] [INFO] [1744587925.277726198] [drone_home1.controller]: Bearing: 262.53°
[controller-2] [INFO] [1744587925.279267415] [drone_home1.controller]: Going to [(29.639567, -82.361102)]: 9269817.34 meters
[controller-2] [INFO] [1744587925.377363291] [drone_home1.controller]: Bearing: 262.53°
[controller-2] [INFO] [1744587925.378992861] [drone_home1.controller]: Going to [(29.639567, -82.361102)]: 9269817.34 meters
[controller-2] [INFO] [1744587925.477226147] [drone_home1.controller]: Bearing: 262.53°
[controller-2] [INFO] [1744587925.478506494] [drone_home1.controller]: Going to [(29.639567, -82.361102)]: 9269817.34 meters
[controller-2] [INFO] [1744587925.577371826] [drone_home1.controller]: Bearing: 262.53°
[controller-2] [INFO] [1744587925.578298982] [drone_home1.controller]: Going to [(29.639567, -82.361102)]: 9269817.34 meters
[controller-2] [INFO] [1744587925.677003766] [drone_home1.controller]: Bearing: 262.53°
[controller-2] [INFO] [1744587925.678308977] [drone_home1.controller]: Going to [(29.639567, -82.361102)]: 9269817.34 meters
[controller-2] [INFO] [1744587925.777320169] [drone_home1.controller]: Bearing: 262.53°
[controller-2] [INFO] [1744587925.778842280] [drone_home1.controller]: Going to [(29.639567, -82.361102)]: 9269817.34 meters
[controller-2] [INFO] [1744587925.877379765] [drone_home1.controller]: Bearing: 262.53°
[controller-2] [INFO] [1744587925.879304670] [drone_home1.controller]: Going to [(29.639567, -82.361102)]: 9269817.34 meters
[controller-2] [INFO] [1744587925.977361793] [drone_home1.controller]: Bearing: 262.53°
[controller-2] [INFO] [1744587925.978917409] [drone_home1.controller]: Going to [(29.639567, -82.361102)]: 9269817.34 meters
[controller-2] [INFO] [1744587926.077653765] [drone_home1.controller]: Bearing: 262.53°
[controller-2] [INFO] [1744587926.079317480] [drone_home1.controller]: Going to [(29.639567, -82.361102)]: 9269817.34 meters
[controller-2] [INFO] [1744587926.177360505] [drone_home1.controller]: Bearing: 262.53°
[controller-2] [INFO] [1744587926.178905241] [drone_home1.controller]: Going to [(29.639567, -82.361102)]: 9269817.34 meters
[controller-2] [INFO] [1744587926.278673933] [drone_home1.controller]: Bearing: 262.53°
[controller-2] [INFO] [1744587926.279527743] [drone_home1.controller]: Going to [(29.639567, -82.361102)]: 9269817.34 meters
[controller-2] [INFO] [1744587926.376871777] [drone_home1.controller]: Bearing: 262.53°
[controller-2] [INFO] [1744587926.377838069] [drone_home1.controller]: Going to [(29.639567, -82.361102)]: 9269817.34 meters
[controller-2] [INFO] [1744587926.477261666] [drone_home1.controller]: Bearing: 262.53°
[controller-2] [INFO] [1744587926.478814947] [drone_home1.controller]: Going to [(29.639567, -82.361102)]: 9269817.34 meters
[controller-2] [INFO] [1744587926.577264476] [drone_home1.controller]: Bearing: 262.53°
[controller-2] [INFO] [1744587926.578817276] [drone_home1.controller]: Going to [(29.639567, -82.361102)]: 9269817.34 meters
[controller-2] [INFO] [1744587926.677314646] [drone_home1.controller]: Bearing: 262.53°
[controller-2] [INFO] [1744587926.679128700] [drone_home1.controller]: Going to [(29.639567, -82.361102)]: 9269817.34 meters
[controller-2] [INFO] [1744587926.777292975] [drone_home1.controller]: Bearing: 262.53°
[controller-2] [INFO] [1744587926.779098132] [drone_home1.controller]: Going to [(29.639567, -82.361102)]: 9269817.34 meters
[controller-2] [INFO] [1744587926.877268488] [drone_home1.controller]: Bearing: 262.53°
[controller-2] [INFO] [1744587926.878950155] [drone_home1.controller]: Going to [(29.639567, -82.361102)]: 9269817.34 meters
[controller-2] [INFO] [1744587926.977275809] [drone_home1.controller]: Bearing: 262.53°
[controller-2] [INFO] [1744587926.978781408] [drone_home1.controller]: Going to [(29.639567, -82.361102)]: 9269817.34 meters
[controller-2] [INFO] [1744587927.077380176] [drone_home1.controller]: Bearing: 262.53°
[controller-2] [INFO] [1744587927.078933776] [drone_home1.controller]: Going to [(29.639567, -82.361102)]: 9269817.34 meters
[controller-2] [INFO] [1744587927.177272949] [drone_home1.controller]: Bearing: 262.53°
[controller-2] [INFO] [1744587927.178762740] [drone_home1.controller]: Going to [(29.639567, -82.361102)]: 9269817.34 meters
[controller-2] [INFO] [1744587927.277355742] [drone_home1.controller]: Bearing: 262.53°
[controller-2] [INFO] [1744587927.278861885] [drone_home1.controller]: Going to [(29.639567, -82.361102)]: 9269817.34 meters
[controller-2] [INFO] [1744587927.377292100] [drone_home1.controller]: Bearing: 262.53°
[controller-2] [INFO] [1744587927.378811748] [drone_home1.controller]: Going to [(29.639567, -82.361102)]: 9269817.34 meters
[controller-2] [INFO] [1744587927.477293644] [drone_home1.controller]: Bearing: 262.53°
[controller-2] [INFO] [1744587927.478808939] [drone_home1.controller]: Going to [(29.639567, -82.361102)]: 9269817.34 meters
[controller-2] [INFO] [1744587927.577285523] [drone_home1.controller]: Bearing: 262.53°
[controller-2] [INFO] [1744587927.578818355] [drone_home1.controller]: Going to [(29.639567, -82.361102)]: 9269817.34 meters
[controller-2] [INFO] [1744587927.677327836] [drone_home1.controller]: Bearing: 262.53°
[controller-2] [INFO] [1744587927.678867931] [drone_home1.controller]: Going to [(29.639567, -82.361102)]: 9269817.34 meters
[controller-2] [INFO] [1744587927.777344835] [drone_home1.controller]: Bearing: 262.53°
[controller-2] [INFO] [1744587927.778894787] [drone_home1.controller]: Going to [(29.639567, -82.361102)]: 9269817.34 meters
[controller-2] [INFO] [1744587927.877346603] [drone_home1.controller]: Bearing: 262.53°
[controller-2] [INFO] [1744587927.878875178] [drone_home1.controller]: Going to [(29.639567, -82.361102)]: 9269817.34 meters
[controller-2] [INFO] [1744587927.977350163] [drone_home1.controller]: Bearing: 262.53°
[controller-2] [INFO] [1744587927.978878386] [drone_home1.controller]: Going to [(29.639567, -82.361102)]: 9269817.34 meters
[controller-2] [INFO] [1744587928.077257196] [drone_home1.controller]: Bearing: 262.53°
[controller-2] [INFO] [1744587928.078771755] [drone_home1.controller]: Going to [(29.639567, -82.361102)]: 9269817.34 meters
[controller-2] [INFO] [1744587928.177342948] [drone_home1.controller]: Bearing: 262.53°
[controller-2] [INFO] [1744587928.178903491] [drone_home1.controller]: Going to [(29.639567, -82.361102)]: 9269817.34 meters
[controller-2] [INFO] [1744587928.277292857] [drone_home1.controller]: Bearing: 262.53°
[controller-2] [INFO] [1744587928.278841496] [drone_home1.controller]: Going to [(29.639567, -82.361102)]: 9269817.34 meters
[controller-2] [INFO] [1744587928.377352240] [drone_home1.controller]: Bearing: 262.53°
[controller-2] [INFO] [1744587928.378874095] [drone_home1.controller]: Going to [(29.639567, -82.361102)]: 9269817.34 meters
[controller-2] [INFO] [1744587928.477525034] [drone_home1.controller]: Bearing: 262.53°
[controller-2] [INFO] [1744587928.479060201] [drone_home1.controller]: Going to [(29.639567, -82.361102)]: 9269817.34 meters
[controller-2] [INFO] [1744587928.577521024] [drone_home1.controller]: Bearing: 262.53°
[controller-2] [INFO] [1744587928.579081248] [drone_home1.controller]: Going to [(29.639567, -82.361102)]: 9269817.34 meters
[controller-2] [INFO] [1744587928.677519382] [drone_home1.controller]: Bearing: 262.53°
[controller-2] [INFO] [1744587928.679055350] [drone_home1.controller]: Going to [(29.639567, -82.361102)]: 9269817.34 meters
[controller-2] [INFO] [1744587928.777569005] [drone_home1.controller]: Bearing: 262.53°
[controller-2] [INFO] [1744587928.779281904] [drone_home1.controller]: Going to [(29.639567, -82.361102)]: 9269817.34 meters
[controller-2] [INFO] [1744587928.877650597] [drone_home1.controller]: Bearing: 262.53°
[controller-2] [INFO] [1744587928.879213029] [drone_home1.controller]: Going to [(29.639567, -82.361102)]: 9269817.34 meters
[controller-2] [INFO] [1744587928.977566266] [drone_home1.controller]: Bearing: 262.53°
[controller-2] [INFO] [1744587928.979107993] [drone_home1.controller]: Going to [(29.639567, -82.361102)]: 9269817.34 meters
[controller-2] [INFO] [1744587929.077337279] [drone_home1.controller]: Bearing: 262.53°
[controller-2] [INFO] [1744587929.078895007] [drone_home1.controller]: Going to [(29.639567, -82.361102)]: 9269817.34 meters
[controller-2] [INFO] [1744587929.177321124] [drone_home1.controller]: Bearing: 262.53°
[controller-2] [INFO] [1744587929.178860644] [drone_home1.controller]: Going to [(29.639567, -82.361102)]: 9269817.34 meters
[controller-2] [INFO] [1744587929.277422572] [drone_home1.controller]: Bearing: 262.53°
[controller-2] [INFO] [1744587929.278971403] [drone_home1.controller]: Going to [(29.639567, -82.361102)]: 9269817.34 meters
[controller-2] [INFO] [1744587929.379189237] [drone_home1.controller]: Bearing: 262.53°
[controller-2] [INFO] [1744587929.380767957] [drone_home1.controller]: Going to [(29.639567, -82.361102)]: 9269817.34 meters
[controller-2] [INFO] [1744587929.478772178] [drone_home1.controller]: Bearing: 262.53°
[controller-2] [INFO] [1744587929.479806151] [drone_home1.controller]: Going to [(29.639567, -82.361102)]: 9269817.34 meters
[controller-2] [INFO] [1744587929.576505002] [drone_home1.controller]: Bearing: 262.53°
[controller-2] [INFO] [1744587929.577827941] [drone_home1.controller]: Going to [(29.639567, -82.361102)]: 9269817.34 meters
[controller-2] [INFO] [1744587929.676452110] [drone_home1.controller]: Bearing: 262.53°
[controller-2] [INFO] [1744587929.677410754] [drone_home1.controller]: Going to [(29.639567, -82.361102)]: 9269817.34 meters
[controller-2] [INFO] [1744587929.776539157] [drone_home1.controller]: Bearing: 262.53°
[controller-2] [INFO] [1744587929.777485129] [drone_home1.controller]: Going to [(29.639567, -82.361102)]: 9269817.34 meters
[controller-2] [INFO] [1744587929.876499802] [drone_home1.controller]: Bearing: 262.53°
[controller-2] [INFO] [1744587929.877415949] [drone_home1.controller]: Going to [(29.639567, -82.361102)]: 9269817.34 meters
[controller-2] [INFO] [1744587929.976531744] [drone_home1.controller]: Bearing: 262.53°
[controller-2] [INFO] [1744587929.977434675] [drone_home1.controller]: Going to [(29.639567, -82.361102)]: 9269817.34 meters
[controller-2] [INFO] [1744587930.076399832] [drone_home1.controller]: Bearing: 262.53°
[controller-2] [INFO] [1744587930.077293993] [drone_home1.controller]: Going to [(29.639567, -82.361102)]: 9269817.34 meters
[controller-2] [INFO] [1744587930.176402733] [drone_home1.controller]: Bearing: 262.53°
[controller-2] [INFO] [1744587930.177309119] [drone_home1.controller]: Going to [(29.639567, -82.361102)]: 9269817.34 meters
[controller-2] [INFO] [1744587930.276416002] [drone_home1.controller]: Bearing: 262.53°
[controller-2] [INFO] [1744587930.277295444] [drone_home1.controller]: Going to [(29.639567, -82.361102)]: 9269817.34 meters
[controller-2] [INFO] [1744587930.377422412] [drone_home1.controller]: Bearing: 262.53°
[controller-2] [INFO] [1744587930.378483137] [drone_home1.controller]: Going to [(29.639567, -82.361102)]: 9269817.34 meters
[controller-2] [INFO] [1744587930.477489506] [drone_home1.controller]: Bearing: 262.53°
[controller-2] [INFO] [1744587930.479006881] [drone_home1.controller]: Going to [(29.639567, -82.361102)]: 9269817.34 meters
[controller-2] [INFO] [1744587930.577228050] [drone_home1.controller]: Bearing: 262.53°
[controller-2] [INFO] [1744587930.578524684] [drone_home1.controller]: Going to [(29.639567, -82.361102)]: 9269817.34 meters
[controller-2] [INFO] [1744587930.677277417] [drone_home1.controller]: Bearing: 262.53°
[controller-2] [INFO] [1744587930.678814472] [drone_home1.controller]: Going to [(29.639567, -82.361102)]: 9269817.34 meters
[controller-2] [INFO] [1744587930.777158236] [drone_home1.controller]: Bearing: 262.53°
[controller-2] [INFO] [1744587930.777997228] [drone_home1.controller]: Going to [(29.639567, -82.361102)]: 9269817.34 meters
[controller-2] [INFO] [1744587930.877306516] [drone_home1.controller]: Bearing: 262.53°
[controller-2] [INFO] [1744587930.878828082] [drone_home1.controller]: Going to [(29.639567, -82.361102)]: 9269817.34 meters
[controller-2] [INFO] [1744587930.977094661] [drone_home1.controller]: Bearing: 262.53°
[controller-2] [INFO] [1744587930.977962102] [drone_home1.controller]: Going to [(29.639567, -82.361102)]: 9269817.34 meters
[controller-2] [INFO] [1744587931.077700219] [drone_home1.controller]: Bearing: 262.53°
[controller-2] [INFO] [1744587931.079421821] [drone_home1.controller]: Going to [(29.639567, -82.361102)]: 9269817.34 meters
[controller-2] [INFO] [1744587931.177031283] [drone_home1.controller]: Bearing: 262.53°
[controller-2] [INFO] [1744587931.177918661] [drone_home1.controller]: Going to [(29.639567, -82.361102)]: 9269817.34 meters
[controller-2] [INFO] [1744587931.277313246] [drone_home1.controller]: Bearing: 262.53°
[controller-2] [INFO] [1744587931.278859997] [drone_home1.controller]: Going to [(29.639567, -82.361102)]: 9269817.34 meters
[controller-2] [INFO] [1744587931.377076927] [drone_home1.controller]: Bearing: 262.53°
[controller-2] [INFO] [1744587931.377937040] [drone_home1.controller]: Going to [(29.639567, -82.361102)]: 9269817.34 meters
[controller-2] [INFO] [1744587931.477649776] [drone_home1.controller]: Bearing: 262.53°
[controller-2] [INFO] [1744587931.479199919] [drone_home1.controller]: Going to [(29.639567, -82.361102)]: 9269817.34 meters
[controller-2] [INFO] [1744587931.577044234] [drone_home1.controller]: Bearing: 262.53°
[controller-2] [INFO] [1744587931.577926779] [drone_home1.controller]: Going to [(29.639567, -82.361102)]: 9269817.34 meters
[controller-2] [INFO] [1744587931.677415191] [drone_home1.controller]: Bearing: 262.53°
[controller-2] [INFO] [1744587931.679003958] [drone_home1.controller]: Going to [(29.639567, -82.361102)]: 9269817.34 meters
[controller-2] [INFO] [1744587931.777073589] [drone_home1.controller]: Bearing: 262.53°
[controller-2] [INFO] [1744587931.777974535] [drone_home1.controller]: Going to [(29.639567, -82.361102)]: 9269817.34 meters
[controller-2] [INFO] [1744587931.877158749] [drone_home1.controller]: Bearing: 262.53°
[controller-2] [INFO] [1744587931.878038574] [drone_home1.controller]: Going to [(29.639567, -82.361102)]: 9269817.34 meters
[controller-2] [INFO] [1744587931.977103105] [drone_home1.controller]: Bearing: 262.53°
[controller-2] [INFO] [1744587931.977958226] [drone_home1.controller]: Going to [(29.639567, -82.361102)]: 9269817.34 meters
[controller-2] [INFO] [1744587932.077444386] [drone_home1.controller]: Bearing: 262.53°
[controller-2] [INFO] [1744587932.078992961] [drone_home1.controller]: Going to [(29.639567, -82.361102)]: 9269817.34 meters
[controller-2] [INFO] [1744587932.177014288] [drone_home1.controller]: Bearing: 262.53°
[controller-2] [INFO] [1744587932.177888642] [drone_home1.controller]: Going to [(29.639567, -82.361102)]: 9269817.34 meters
[controller-2] [INFO] [1744587932.276559934] [drone_home1.controller]: Bearing: 262.53°
[controller-2] [INFO] [1744587932.280048803] [drone_home1.controller]: Going to [(29.639567, -82.361102)]: 9269817.34 meters
[controller-2] [INFO] [1744587932.377302563] [drone_home1.controller]: Bearing: 262.53°
[controller-2] [INFO] [1744587932.378147795] [drone_home1.controller]: Going to [(29.639567, -82.361102)]: 9269817.34 meters
[controller-2] [INFO] [1744587932.476956882] [drone_home1.controller]: Bearing: 262.53°
[controller-2] [INFO] [1744587932.477960518] [drone_home1.controller]: Going to [(29.639567, -82.361102)]: 9269817.34 meters
[controller-2] [INFO] [1744587932.577156844] [drone_home1.controller]: Bearing: 262.53°
[controller-2] [INFO] [1744587932.577999293] [drone_home1.controller]: Going to [(29.639567, -82.361102)]: 9269817.34 meters
[controller-2] [INFO] [1744587932.677303494] [drone_home1.controller]: Bearing: 262.53°
[controller-2] [INFO] [1744587932.678511838] [drone_home1.controller]: Going to [(29.639567, -82.361102)]: 9269817.34 meters
[controller-2] [INFO] [1744587932.777202618] [drone_home1.controller]: Bearing: 262.53°
[controller-2] [INFO] [1744587932.778196590] [drone_home1.controller]: Going to [(29.639567, -82.361102)]: 9269817.34 meters
[controller-2] [INFO] [1744587932.876629125] [drone_home1.controller]: Bearing: 262.53°
[controller-2] [INFO] [1744587932.877895262] [drone_home1.controller]: Going to [(29.639567, -82.361102)]: 9269817.34 meters
[controller-2] [INFO] [1744587932.945792187] [drone_home1.controller]: Service request to change coordinate custom_messages.srv.SetCoordinate_Request(new_coordinate=sensor_msgs.msg.NavSatFix(header=std_msgs.msg.Header(stamp=builtin_interfaces.msg.Time(sec=0, nanosec=0), frame_id=''), status=sensor_msgs.msg.NavSatStatus(status=0, service=0), latitude=29.639567, longitude=-82.361102, altitude=0.0, position_covariance=array([0., 0., 0., 0., 0., 0., 0., 0., 0.]), position_covariance_type=0))
[controller-2] [INFO] [1744587932.946650060] [drone_home1.controller]: Waypoints now: [(29.639567, -82.361102)]
[controller-2] [INFO] [1744587932.976939298] [drone_home1.controller]: Bearing: 262.53°
[controller-2] [INFO] [1744587932.978284956] [drone_home1.controller]: Going to [(29.639567, -82.361102)]: 9269817.34 meters
[drive_hardware-6] [INFO] [1744587933.053129531] [drone_home1.drive_hardware]: Service request to change drive mode custom_messages.srv.SetMode_Request(mode='automatic')
[drive_hardware-6] [INFO] [1744587933.054293746] [drone_home1.drive_hardware]: Drive mode now: automatic
[controller-2] [INFO] [1744587933.076688328] [drone_home1.controller]: Bearing: 262.53°
[controller-2] [INFO] [1744587933.078480364] [drone_home1.controller]: Going to [(29.639567, -82.361102)]: 9269817.34 meters
[controller-2] [INFO] [1744587933.177316764] [drone_home1.controller]: Bearing: 262.53°
[controller-2] [INFO] [1744587933.178841402] [drone_home1.controller]: Going to [(29.639567, -82.361102)]: 9269817.34 meters
[controller-2] [INFO] [1744587933.277373093] [drone_home1.controller]: Bearing: 262.53°
[controller-2] [INFO] [1744587933.278928644] [drone_home1.controller]: Going to [(29.639567, -82.361102)]: 9269817.34 meters
[controller-2] [INFO] [1744587933.377287019] [drone_home1.controller]: Bearing: 262.53°
[controller-2] [INFO] [1744587933.378805449] [drone_home1.controller]: Going to [(29.639567, -82.361102)]: 9269817.34 meters
[controller-2] [INFO] [1744587933.477263602] [drone_home1.controller]: Bearing: 262.53°
[controller-2] [INFO] [1744587933.478793360] [drone_home1.controller]: Going to [(29.639567, -82.361102)]: 9269817.34 meters
[controller-2] [INFO] [1744587933.577291866] [drone_home1.controller]: Bearing: 262.53°
[controller-2] [INFO] [1744587933.578230573] [drone_home1.controller]: Going to [(29.639567, -82.361102)]: 9269817.34 meters
[controller-2] [INFO] [1744587933.677171296] [drone_home1.controller]: Bearing: 262.53°
[controller-2] [INFO] [1744587933.678054513] [drone_home1.controller]: Going to [(29.639567, -82.361102)]: 9269817.34 meters
[controller-2] [INFO] [1744587933.777224552] [drone_home1.controller]: Bearing: 262.53°
[controller-2] [INFO] [1744587933.778116602] [drone_home1.controller]: Going to [(29.639567, -82.361102)]: 9269817.34 meters
[controller-2] [INFO] [1744587933.877394227] [drone_home1.controller]: Bearing: 262.53°
[controller-2] [INFO] [1744587933.878508393] [drone_home1.controller]: Going to [(29.639567, -82.361102)]: 9269817.34 meters
[controller-2] [INFO] [1744587933.977173174] [drone_home1.controller]: Bearing: 262.53°
[controller-2] [INFO] [1744587933.978903448] [drone_home1.controller]: Going to [(29.639567, -82.361102)]: 9269817.34 meters
[controller-2] [INFO] [1744587934.077774047] [drone_home1.controller]: Bearing: 262.53°
[controller-2] [INFO] [1744587934.078714578] [drone_home1.controller]: Going to [(29.639567, -82.361102)]: 9269817.34 meters
[controller-2] [INFO] [1744587934.177131244] [drone_home1.controller]: Bearing: 262.53°
[controller-2] [INFO] [1744587934.178306755] [drone_home1.controller]: Going to [(29.639567, -82.361102)]: 9269817.34 meters
[controller-2] [INFO] [1744587934.277474732] [drone_home1.controller]: Bearing: 262.53°
[controller-2] [INFO] [1744587934.278337533] [drone_home1.controller]: Going to [(29.639567, -82.361102)]: 9269817.34 meters
[controller-2] [INFO] [1744587934.377222369] [drone_home1.controller]: Bearing: 262.53°
[controller-2] [INFO] [1744587934.378359831] [drone_home1.controller]: Going to [(29.639567, -82.361102)]: 9269817.34 meters
[controller-2] [INFO] [1744587934.477284059] [drone_home1.controller]: Bearing: 262.53°
[controller-2] [INFO] [1744587934.478555220] [drone_home1.controller]: Going to [(29.639567, -82.361102)]: 9269817.34 meters
[controller-2] [INFO] [1744587934.577190867] [drone_home1.controller]: Bearing: 262.53°
[controller-2] [INFO] [1744587934.578292520] [drone_home1.controller]: Going to [(29.639567, -82.361102)]: 9269817.34 meters
[controller-2] [INFO] [1744587934.677349167] [drone_home1.controller]: Bearing: 262.53°
[controller-2] [INFO] [1744587934.679374903] [drone_home1.controller]: Going to [(29.639567, -82.361102)]: 9269817.34 meters
[controller-2] [INFO] [1744587934.777423210] [drone_home1.controller]: Bearing: 262.53°
[controller-2] [INFO] [1744587934.778596385] [drone_home1.controller]: Going to [(29.639567, -82.361102)]: 9269817.34 meters
[controller-2] [INFO] [1744587934.877218559] [drone_home1.controller]: Bearing: 262.53°
[controller-2] [INFO] [1744587934.878069520] [drone_home1.controller]: Going to [(29.639567, -82.361102)]: 9269817.34 meters
[controller-2] [INFO] [1744587934.977246233] [drone_home1.controller]: Bearing: 262.53°
[controller-2] [INFO] [1744587934.978113450] [drone_home1.controller]: Going to [(29.639567, -82.361102)]: 9269817.34 meters
[controller-2] [INFO] [1744587935.077360843] [drone_home1.controller]: Bearing: 262.53°
[controller-2] [INFO] [1744587935.078333246] [drone_home1.controller]: Going to [(29.639567, -82.361102)]: 9269817.34 meters
[controller-2] [INFO] [1744587935.177443960] [drone_home1.controller]: Bearing: 262.53°
[controller-2] [INFO] [1744587935.178305865] [drone_home1.controller]: Going to [(29.639567, -82.361102)]: 9269817.34 meters
[controller-2] [INFO] [1744587935.277631207] [drone_home1.controller]: Bearing: 262.53°
[controller-2] [INFO] [1744587935.278896831] [drone_home1.controller]: Going to [(29.639567, -82.361102)]: 9269817.34 meters
[controller-2] [INFO] [1744587935.377465871] [drone_home1.controller]: Bearing: 262.53°
[controller-2] [INFO] [1744587935.378337920] [drone_home1.controller]: Going to [(29.639567, -82.361102)]: 9269817.34 meters
[controller-2] [INFO] [1744587935.477404570] [drone_home1.controller]: Bearing: 262.53°
[controller-2] [INFO] [1744587935.478297067] [drone_home1.controller]: Going to [(29.639567, -82.361102)]: 9269817.34 meters
[controller-2] [INFO] [1744587935.577591753] [drone_home1.controller]: Bearing: 262.53°
[controller-2] [INFO] [1744587935.578458426] [drone_home1.controller]: Going to [(29.639567, -82.361102)]: 9269817.34 meters
[controller-2] [INFO] [1744587935.677339919] [drone_home1.controller]: Bearing: 262.53°
[controller-2] [INFO] [1744587935.678206368] [drone_home1.controller]: Going to [(29.639567, -82.361102)]: 9269817.34 meters
[controller-2] [INFO] [1744587935.776739023] [drone_home1.controller]: Bearing: 262.53°
[controller-2] [INFO] [1744587935.777656865] [drone_home1.controller]: Going to [(29.639567, -82.361102)]: 9269817.34 meters
[controller-2] [INFO] [1744587935.876725659] [drone_home1.controller]: Bearing: 262.53°
[controller-2] [INFO] [1744587935.878053684] [drone_home1.controller]: Going to [(29.639567, -82.361102)]: 9269817.34 meters
[controller-2] [INFO] [1744587935.978679436] [drone_home1.controller]: Bearing: 262.53°
[controller-2] [INFO] [1744587935.980238378] [drone_home1.controller]: Going to [(29.639567, -82.361102)]: 9269817.34 meters
[controller-2] [INFO] [1744587936.077628857] [drone_home1.controller]: Bearing: 262.53°
[controller-2] [INFO] [1744587936.079215032] [drone_home1.controller]: Going to [(29.639567, -82.361102)]: 9269817.34 meters
[controller-2] [INFO] [1744587936.177839931] [drone_home1.controller]: Bearing: 262.53°
[controller-2] [INFO] [1744587936.179406233] [drone_home1.controller]: Going to [(29.639567, -82.361102)]: 9269817.34 meters
[controller-2] [INFO] [1744587936.279276821] [drone_home1.controller]: Bearing: 262.53°
[controller-2] [INFO] [1744587936.281515008] [drone_home1.controller]: Going to [(29.639567, -82.361102)]: 9269817.34 meters
[controller-2] [INFO] [1744587936.376505950] [drone_home1.controller]: Bearing: 262.53°
[controller-2] [INFO] [1744587936.377602163] [drone_home1.controller]: Going to [(29.639567, -82.361102)]: 9269817.34 meters
[controller-2] [INFO] [1744587936.476525405] [drone_home1.controller]: Bearing: 262.53°
[controller-2] [INFO] [1744587936.477488271] [drone_home1.controller]: Going to [(29.639567, -82.361102)]: 9269817.34 meters
[controller-2] [INFO] [1744587936.576502522] [drone_home1.controller]: Bearing: 262.53°
[controller-2] [INFO] [1744587936.577433196] [drone_home1.controller]: Going to [(29.639567, -82.361102)]: 9269817.34 meters
[controller-2] [INFO] [1744587936.677156581] [drone_home1.controller]: Bearing: 262.53°
[controller-2] [INFO] [1744587936.678012725] [drone_home1.controller]: Going to [(29.639567, -82.361102)]: 9269817.34 meters
[controller-2] [INFO] [1744587936.777130914] [drone_home1.controller]: Bearing: 262.53°
[controller-2] [INFO] [1744587936.779220683] [drone_home1.controller]: Going to [(29.639567, -82.361102)]: 9269817.34 meters
[controller-2] [INFO] [1744587936.877181090] [drone_home1.controller]: Bearing: 262.53°
[controller-2] [INFO] [1744587936.879523823] [drone_home1.controller]: Going to [(29.639567, -82.361102)]: 9269817.34 meters
[controller-2] [INFO] [1744587936.977299106] [drone_home1.controller]: Bearing: 262.53°
[controller-2] [INFO] [1744587936.978196659] [drone_home1.controller]: Going to [(29.639567, -82.361102)]: 9269817.34 meters
[controller-2] [INFO] [1744587937.077868514] [drone_home1.controller]: Bearing: 262.53°
[controller-2] [INFO] [1744587937.078826452] [drone_home1.controller]: Going to [(29.639567, -82.361102)]: 9269817.34 meters
[controller-2] [INFO] [1744587937.177291496] [drone_home1.controller]: Bearing: 262.53°
[controller-2] [INFO] [1744587937.178197401] [drone_home1.controller]: Going to [(29.639567, -82.361102)]: 9269817.34 meters
[controller-2] [INFO] [1744587937.277507133] [drone_home1.controller]: Bearing: 262.53°
[controller-2] [INFO] [1744587937.278445775] [drone_home1.controller]: Going to [(29.639567, -82.361102)]: 9269817.34 meters
[controller-2] [INFO] [1744587937.376435930] [drone_home1.controller]: Bearing: 262.53°
[controller-2] [INFO] [1744587937.377371499] [drone_home1.controller]: Going to [(29.639567, -82.361102)]: 9269817.34 meters
[controller-2] [INFO] [1744587937.476740689] [drone_home1.controller]: Bearing: 262.53°
[controller-2] [INFO] [1744587937.477942183] [drone_home1.controller]: Going to [(29.639567, -82.361102)]: 9269817.34 meters
[controller-2] [INFO] [1744587937.576506685] [drone_home1.controller]: Bearing: 262.53°
[controller-2] [INFO] [1744587937.577859127] [drone_home1.controller]: Going to [(29.639567, -82.361102)]: 9269817.34 meters
[controller-2] [INFO] [1744587937.676459501] [drone_home1.controller]: Bearing: 262.53°
[controller-2] [INFO] [1744587937.677395103] [drone_home1.controller]: Going to [(29.639567, -82.361102)]: 9269817.34 meters
[controller-2] [INFO] [1744587937.776394077] [drone_home1.controller]: Bearing: 262.53°
[controller-2] [INFO] [1744587937.777283566] [drone_home1.controller]: Going to [(29.639567, -82.361102)]: 9269817.34 meters
[controller-2] [INFO] [1744587937.876422031] [drone_home1.controller]: Bearing: 262.53°
[controller-2] [INFO] [1744587937.877370401] [drone_home1.controller]: Going to [(29.639567, -82.361102)]: 9269817.34 meters
[controller-2] [INFO] [1744587937.978132289] [drone_home1.controller]: Bearing: 262.53°
[controller-2] [INFO] [1744587937.979028626] [drone_home1.controller]: Going to [(29.639567, -82.361102)]: 9269817.34 meters
[controller-2] [INFO] [1744587938.076446537] [drone_home1.controller]: Bearing: 262.53°
[controller-2] [INFO] [1744587938.077446492] [drone_home1.controller]: Going to [(29.639567, -82.361102)]: 9269817.34 meters
[controller-2] [INFO] [1744587938.176646193] [drone_home1.controller]: Bearing: 262.53°
[controller-2] [INFO] [1744587938.177598979] [drone_home1.controller]: Going to [(29.639567, -82.361102)]: 9269817.34 meters
[controller-2] [INFO] [1744587938.277601320] [drone_home1.controller]: Bearing: 262.53°
[controller-2] [INFO] [1744587938.279295720] [drone_home1.controller]: Going to [(29.639567, -82.361102)]: 9269817.34 meters
[controller-2] [INFO] [1744587938.377651245] [drone_home1.controller]: Bearing: 262.53°
[controller-2] [INFO] [1744587938.379081448] [drone_home1.controller]: Going to [(29.639567, -82.361102)]: 9269817.34 meters
[controller-2] [INFO] [1744587938.477411053] [drone_home1.controller]: Bearing: 262.53°
[controller-2] [INFO] [1744587938.478378560] [drone_home1.controller]: Going to [(29.639567, -82.361102)]: 9269817.34 meters
[controller-2] [INFO] [1744587938.576532257] [drone_home1.controller]: Bearing: 262.53°
[controller-2] [INFO] [1744587938.577512180] [drone_home1.controller]: Going to [(29.639567, -82.361102)]: 9269817.34 meters
[controller-2] [INFO] [1744587938.676564326] [drone_home1.controller]: Bearing: 262.53°
[controller-2] [INFO] [1744587938.677521112] [drone_home1.controller]: Going to [(29.639567, -82.361102)]: 9269817.34 meters
[controller-2] [INFO] [1744587938.776725934] [drone_home1.controller]: Bearing: 262.53°
[controller-2] [INFO] [1744587938.777776130] [drone_home1.controller]: Going to [(29.639567, -82.361102)]: 9269817.34 meters
[controller-2] [INFO] [1744587938.876513678] [drone_home1.controller]: Bearing: 262.53°
[controller-2] [INFO] [1744587938.877472833] [drone_home1.controller]: Going to [(29.639567, -82.361102)]: 9269817.34 meters
[controller-2] [INFO] [1744587938.977571143] [drone_home1.controller]: Bearing: 262.53°
[controller-2] [INFO] [1744587938.978451800] [drone_home1.controller]: Going to [(29.639567, -82.361102)]: 9269817.34 meters
[controller-2] [INFO] [1744587939.077507618] [drone_home1.controller]: Bearing: 262.53°
[controller-2] [INFO] [1744587939.078376498] [drone_home1.controller]: Going to [(29.639567, -82.361102)]: 9269817.34 meters
[controller-2] [INFO] [1744587939.177529274] [drone_home1.controller]: Bearing: 262.53°
[controller-2] [INFO] [1744587939.178464908] [drone_home1.controller]: Going to [(29.639567, -82.361102)]: 9269817.34 meters
[controller-2] [INFO] [1744587939.277025129] [drone_home1.controller]: Bearing: 262.53°
[controller-2] [INFO] [1744587939.278099037] [drone_home1.controller]: Going to [(29.639567, -82.361102)]: 9269817.34 meters
[controller-2] [INFO] [1744587939.377391784] [drone_home1.controller]: Bearing: 262.53°
[controller-2] [INFO] [1744587939.378307450] [drone_home1.controller]: Going to [(29.639567, -82.361102)]: 9269817.34 meters
[controller-2] [INFO] [1744587939.477188861] [drone_home1.controller]: Bearing: 262.53°
[controller-2] [INFO] [1744587939.479096641] [drone_home1.controller]: Going to [(29.639567, -82.361102)]: 9269817.34 meters
[controller-2] [INFO] [1744587939.577259127] [drone_home1.controller]: Bearing: 262.53°
[controller-2] [INFO] [1744587939.578141511] [drone_home1.controller]: Going to [(29.639567, -82.361102)]: 9269817.34 meters
[controller-2] [INFO] [1744587939.677409618] [drone_home1.controller]: Bearing: 262.53°
[controller-2] [INFO] [1744587939.678626537] [drone_home1.controller]: Going to [(29.639567, -82.361102)]: 9269817.34 meters
[controller-2] [INFO] [1744587939.777309672] [drone_home1.controller]: Bearing: 262.53°
[controller-2] [INFO] [1744587939.778216537] [drone_home1.controller]: Going to [(29.639567, -82.361102)]: 9269817.34 meters
[controller-2] [INFO] [1744587939.877161502] [drone_home1.controller]: Bearing: 262.53°
[controller-2] [INFO] [1744587939.878017166] [drone_home1.controller]: Going to [(29.639567, -82.361102)]: 9269817.34 meters
[controller-2] [INFO] [1744587939.979230493] [drone_home1.controller]: Bearing: 262.53°
[controller-2] [INFO] [1744587939.980938557] [drone_home1.controller]: Going to [(29.639567, -82.361102)]: 9269817.34 meters
[controller-2] [INFO] [1744587940.077189063] [drone_home1.controller]: Bearing: 262.53°
[controller-2] [INFO] [1744587940.078038263] [drone_home1.controller]: Going to [(29.639567, -82.361102)]: 9269817.34 meters
[controller-2] [INFO] [1744587940.177301333] [drone_home1.controller]: Bearing: 262.53°
[controller-2] [INFO] [1744587940.178301960] [drone_home1.controller]: Going to [(29.639567, -82.361102)]: 9269817.34 meters
[controller-2] [INFO] [1744587940.276586709] [drone_home1.controller]: Bearing: 262.53°
[controller-2] [INFO] [1744587940.277705482] [drone_home1.controller]: Going to [(29.639567, -82.361102)]: 9269817.34 meters
[controller-2] [INFO] [1744587940.377451409] [drone_home1.controller]: Bearing: 262.53°
[controller-2] [INFO] [1744587940.378617959] [drone_home1.controller]: Going to [(29.639567, -82.361102)]: 9269817.34 meters
[controller-2] [INFO] [1744587940.476676880] [drone_home1.controller]: Bearing: 262.53°
[controller-2] [INFO] [1744587940.477817061] [drone_home1.controller]: Going to [(29.639567, -82.361102)]: 9269817.34 meters
[controller-2] [INFO] [1744587940.577123940] [drone_home1.controller]: Bearing: 262.53°
[controller-2] [INFO] [1744587940.577990101] [drone_home1.controller]: Going to [(29.639567, -82.361102)]: 9269817.34 meters
[controller-2] [INFO] [1744587940.677721436] [drone_home1.controller]: Bearing: 262.53°
[controller-2] [INFO] [1744587940.678607693] [drone_home1.controller]: Going to [(29.639567, -82.361102)]: 9269817.34 meters
[controller-2] [INFO] [1744587940.777309825] [drone_home1.controller]: Bearing: 262.53°
[controller-2] [INFO] [1744587940.778184785] [drone_home1.controller]: Going to [(29.639567, -82.361102)]: 9269817.34 meters
[controller-2] [INFO] [1744587940.877431568] [drone_home1.controller]: Bearing: 262.53°
[controller-2] [INFO] [1744587940.878334017] [drone_home1.controller]: Going to [(29.639567, -82.361102)]: 9269817.34 meters
[controller-2] [INFO] [1744587940.977369211] [drone_home1.controller]: Bearing: 262.53°
[controller-2] [INFO] [1744587940.979136956] [drone_home1.controller]: Going to [(29.639567, -82.361102)]: 9269817.34 meters
[controller-2] [INFO] [1744587941.076642962] [drone_home1.controller]: Bearing: 262.53°
[controller-2] [INFO] [1744587941.077770919] [drone_home1.controller]: Going to [(29.639567, -82.361102)]: 9269817.34 meters
[controller-2] [INFO] [1744587941.177291391] [drone_home1.controller]: Bearing: 262.53°
[controller-2] [INFO] [1744587941.178296114] [drone_home1.controller]: Going to [(29.639567, -82.361102)]: 9269817.34 meters
[controller-2] [INFO] [1744587941.276641588] [drone_home1.controller]: Bearing: 262.53°
[controller-2] [INFO] [1744587941.277636103] [drone_home1.controller]: Going to [(29.639567, -82.361102)]: 9269817.34 meters
[controller-2] [INFO] [1744587941.377612424] [drone_home1.controller]: Bearing: 262.53°
[controller-2] [INFO] [1744587941.379518667] [drone_home1.controller]: Going to [(29.639567, -82.361102)]: 9269817.34 meters
[controller-2] [INFO] [1744587941.476793722] [drone_home1.controller]: Bearing: 262.53°
[controller-2] [INFO] [1744587941.477786796] [drone_home1.controller]: Going to [(29.639567, -82.361102)]: 9269817.34 meters
[controller-2] [INFO] [1744587941.577307332] [drone_home1.controller]: Bearing: 262.53°
[controller-2] [INFO] [1744587941.578705886] [drone_home1.controller]: Going to [(29.639567, -82.361102)]: 9269817.34 meters
[controller-2] [INFO] [1744587941.677518857] [drone_home1.controller]: Bearing: 262.53°
[controller-2] [INFO] [1744587941.679064038] [drone_home1.controller]: Going to [(29.639567, -82.361102)]: 9269817.34 meters
[controller-2] [INFO] [1744587941.777485066] [drone_home1.controller]: Bearing: 262.53°
[controller-2] [INFO] [1744587941.779066151] [drone_home1.controller]: Going to [(29.639567, -82.361102)]: 9269817.34 meters
[controller-2] [INFO] [1744587941.876623099] [drone_home1.controller]: Bearing: 262.53°
[controller-2] [INFO] [1744587941.877933107] [drone_home1.controller]: Going to [(29.639567, -82.361102)]: 9269817.34 meters
[controller-2] [INFO] [1744587941.977370122] [drone_home1.controller]: Bearing: 262.53°
[controller-2] [INFO] [1744587941.978955143] [drone_home1.controller]: Going to [(29.639567, -82.361102)]: 9269817.34 meters
[controller-2] [INFO] [1744587942.078108657] [drone_home1.controller]: Bearing: 262.53°
[controller-2] [INFO] [1744587942.079701742] [drone_home1.controller]: Going to [(29.639567, -82.361102)]: 9269817.34 meters
[controller-2] [INFO] [1744587942.177387545] [drone_home1.controller]: Bearing: 262.53°
[controller-2] [INFO] [1744587942.178979991] [drone_home1.controller]: Going to [(29.639567, -82.361102)]: 9269817.34 meters
[controller-2] [INFO] [1744587942.277322734] [drone_home1.controller]: Bearing: 262.53°
[controller-2] [INFO] [1744587942.278873323] [drone_home1.controller]: Going to [(29.639567, -82.361102)]: 9269817.34 meters
[controller-2] [INFO] [1744587942.376582007] [drone_home1.controller]: Bearing: 262.53°
[controller-2] [INFO] [1744587942.377607274] [drone_home1.controller]: Going to [(29.639567, -82.361102)]: 9269817.34 meters
[controller-2] [INFO] [1744587942.476672718] [drone_home1.controller]: Bearing: 262.53°
[controller-2] [INFO] [1744587942.477858852] [drone_home1.controller]: Going to [(29.639567, -82.361102)]: 9269817.34 meters
[controller-2] [INFO] [1744587942.577766745] [drone_home1.controller]: Bearing: 262.53°
[controller-2] [INFO] [1744587942.579759901] [drone_home1.controller]: Going to [(29.639567, -82.361102)]: 9269817.34 meters
[controller-2] [INFO] [1744587942.676523736] [drone_home1.controller]: Bearing: 262.53°
[controller-2] [INFO] [1744587942.677644941] [drone_home1.controller]: Going to [(29.639567, -82.361102)]: 9269817.34 meters
[controller-2] [INFO] [1744587942.776862484] [drone_home1.controller]: Bearing: 262.53°
[controller-2] [INFO] [1744587942.778048138] [drone_home1.controller]: Going to [(29.639567, -82.361102)]: 9269817.34 meters
[controller-2] [INFO] [1744587942.876735368] [drone_home1.controller]: Bearing: 262.53°
[controller-2] [INFO] [1744587942.877796507] [drone_home1.controller]: Going to [(29.639567, -82.361102)]: 9269817.34 meters
[controller-2] [INFO] [1744587942.976952930] [drone_home1.controller]: Bearing: 262.53°
[controller-2] [INFO] [1744587942.977970837] [drone_home1.controller]: Going to [(29.639567, -82.361102)]: 9269817.34 meters
[controller-2] [INFO] [1744587943.076675691] [drone_home1.controller]: Bearing: 262.53°
[controller-2] [INFO] [1744587943.080155115] [drone_home1.controller]: Going to [(29.639567, -82.361102)]: 9269817.34 meters
[controller-2] [INFO] [1744587943.178236723] [drone_home1.controller]: Bearing: 262.53°
[controller-2] [INFO] [1744587943.179855409] [drone_home1.controller]: Going to [(29.639567, -82.361102)]: 9269817.34 meters
[controller-2] [INFO] [1744587943.277916921] [drone_home1.controller]: Bearing: 262.53°
[controller-2] [INFO] [1744587943.280318949] [drone_home1.controller]: Going to [(29.639567, -82.361102)]: 9269817.34 meters
[controller-2] [INFO] [1744587943.377688544] [drone_home1.controller]: Bearing: 262.53°
[controller-2] [INFO] [1744587943.379280733] [drone_home1.controller]: Going to [(29.639567, -82.361102)]: 9269817.34 meters
[controller-2] [INFO] [1744587943.479089925] [drone_home1.controller]: Bearing: 262.53°
[controller-2] [INFO] [1744587943.480665378] [drone_home1.controller]: Going to [(29.639567, -82.361102)]: 9269817.34 meters
[controller-2] [INFO] [1744587943.576532097] [drone_home1.controller]: Bearing: 262.53°
[controller-2] [INFO] [1744587943.577831065] [drone_home1.controller]: Going to [(29.639567, -82.361102)]: 9269817.34 meters
[controller-2] [INFO] [1744587943.676549165] [drone_home1.controller]: Bearing: 262.53°
[controller-2] [INFO] [1744587943.677529087] [drone_home1.controller]: Going to [(29.639567, -82.361102)]: 9269817.34 meters
[controller-2] [INFO] [1744587943.776930687] [drone_home1.controller]: Bearing: 262.53°
[controller-2] [INFO] [1744587943.777975314] [drone_home1.controller]: Going to [(29.639567, -82.361102)]: 9269817.34 meters
[controller-2] [INFO] [1744587943.877434772] [drone_home1.controller]: Bearing: 262.53°
[controller-2] [INFO] [1744587943.878507688] [drone_home1.controller]: Going to [(29.639567, -82.361102)]: 9269817.34 meters
[controller-2] [INFO] [1744587943.977518561] [drone_home1.controller]: Bearing: 262.53°
[controller-2] [INFO] [1744587943.979120702] [drone_home1.controller]: Going to [(29.639567, -82.361102)]: 9269817.34 meters
[controller-2] [INFO] [1744587944.077406274] [drone_home1.controller]: Bearing: 262.53°
[controller-2] [INFO] [1744587944.078974911] [drone_home1.controller]: Going to [(29.639567, -82.361102)]: 9269817.34 meters
[controller-2] [INFO] [1744587944.177139327] [drone_home1.controller]: Bearing: 262.53°
[controller-2] [INFO] [1744587944.178337684] [drone_home1.controller]: Going to [(29.639567, -82.361102)]: 9269817.34 meters
[controller-2] [INFO] [1744587944.284052926] [drone_home1.controller]: Bearing: 262.53°
[controller-2] [INFO] [1744587944.296003352] [drone_home1.controller]: Going to [(29.639567, -82.361102)]: 9269817.34 meters
[controller-2] [INFO] [1744587944.378590331] [drone_home1.controller]: Bearing: 262.53°
[controller-2] [INFO] [1744587944.379469451] [drone_home1.controller]: Going to [(29.639567, -82.361102)]: 9269817.34 meters
[controller-2] [INFO] [1744587944.476503094] [drone_home1.controller]: Bearing: 262.53°
[controller-2] [INFO] [1744587944.477713324] [drone_home1.controller]: Going to [(29.639567, -82.361102)]: 9269817.34 meters
[controller-2] [INFO] [1744587944.576714107] [drone_home1.controller]: Bearing: 262.53°
[controller-2] [INFO] [1744587944.578086644] [drone_home1.controller]: Going to [(29.639567, -82.361102)]: 9269817.34 meters
[controller-2] [INFO] [1744587944.677362631] [drone_home1.controller]: Bearing: 262.53°
[controller-2] [INFO] [1744587944.678299736] [drone_home1.controller]: Going to [(29.639567, -82.361102)]: 9269817.34 meters
[controller-2] [INFO] [1744587944.777980468] [drone_home1.controller]: Bearing: 262.53°
[controller-2] [INFO] [1744587944.778884004] [drone_home1.controller]: Going to [(29.639567, -82.361102)]: 9269817.34 meters
[controller-2] [INFO] [1744587944.878360219] [drone_home1.controller]: Bearing: 262.53°
[controller-2] [INFO] [1744587944.879682356] [drone_home1.controller]: Going to [(29.639567, -82.361102)]: 9269817.34 meters
[controller-2] [INFO] [1744587944.977207975] [drone_home1.controller]: Bearing: 262.53°
[controller-2] [INFO] [1744587944.978093304] [drone_home1.controller]: Going to [(29.639567, -82.361102)]: 9269817.34 meters
[controller-2] [INFO] [1744587945.078173619] [drone_home1.controller]: Bearing: 262.53°
[controller-2] [INFO] [1744587945.079082595] [drone_home1.controller]: Going to [(29.639567, -82.361102)]: 9269817.34 meters
[controller-2] [INFO] [1744587945.176865298] [drone_home1.controller]: Bearing: 262.53°
[controller-2] [INFO] [1744587945.179675877] [drone_home1.controller]: Going to [(29.639567, -82.361102)]: 9269817.34 meters
[controller-2] [INFO] [1744587945.277238639] [drone_home1.controller]: Bearing: 262.53°
[controller-2] [INFO] [1744587945.278757035] [drone_home1.controller]: Going to [(29.639567, -82.361102)]: 9269817.34 meters
[controller-2] [INFO] [1744587945.377245542] [drone_home1.controller]: Bearing: 262.53°
[controller-2] [INFO] [1744587945.378780002] [drone_home1.controller]: Going to [(29.639567, -82.361102)]: 9269817.34 meters
[controller-2] [INFO] [1744587945.477324863] [drone_home1.controller]: Bearing: 262.53°
[controller-2] [INFO] [1744587945.479737418] [drone_home1.controller]: Going to [(29.639567, -82.361102)]: 9269817.34 meters
[controller-2] [INFO] [1744587945.578156581] [drone_home1.controller]: Bearing: 262.53°
[controller-2] [INFO] [1744587945.579834883] [drone_home1.controller]: Going to [(29.639567, -82.361102)]: 9269817.34 meters
[controller-2] [INFO] [1744587945.677124745] [drone_home1.controller]: Bearing: 262.53°
[controller-2] [INFO] [1744587945.677994457] [drone_home1.controller]: Going to [(29.639567, -82.361102)]: 9269817.34 meters
[controller-2] [INFO] [1744587945.779320104] [drone_home1.controller]: Bearing: 262.53°
[controller-2] [INFO] [1744587945.780234232] [drone_home1.controller]: Going to [(29.639567, -82.361102)]: 9269817.34 meters
[controller-2] [INFO] [1744587945.876645518] [drone_home1.controller]: Bearing: 262.53°
[controller-2] [INFO] [1744587945.877660992] [drone_home1.controller]: Going to [(29.639567, -82.361102)]: 9269817.34 meters
[controller-2] [INFO] [1744587945.976658309] [drone_home1.controller]: Bearing: 262.53°
[controller-2] [INFO] [1744587945.977864475] [drone_home1.controller]: Going to [(29.639567, -82.361102)]: 9269817.34 meters
[controller-2] [INFO] [1744587946.077620870] [drone_home1.controller]: Bearing: 262.53°
[controller-2] [INFO] [1744587946.079721260] [drone_home1.controller]: Going to [(29.639567, -82.361102)]: 9269817.34 meters
[controller-2] [INFO] [1744587946.176803877] [drone_home1.controller]: Bearing: 262.53°
[controller-2] [INFO] [1744587946.178978444] [drone_home1.controller]: Going to [(29.639567, -82.361102)]: 9269817.34 meters
[controller-2] [INFO] [1744587946.277327067] [drone_home1.controller]: Bearing: 262.53°
[controller-2] [INFO] [1744587946.278881943] [drone_home1.controller]: Going to [(29.639567, -82.361102)]: 9269817.34 meters
[controller-2] [INFO] [1744587946.377327368] [drone_home1.controller]: Bearing: 262.53°
[controller-2] [INFO] [1744587946.378826915] [drone_home1.controller]: Going to [(29.639567, -82.361102)]: 9269817.34 meters
[controller-2] [INFO] [1744587946.477622875] [drone_home1.controller]: Bearing: 262.53°
[controller-2] [INFO] [1744587946.479667392] [drone_home1.controller]: Going to [(29.639567, -82.361102)]: 9269817.34 meters
[controller-2] [INFO] [1744587946.577481829] [drone_home1.controller]: Bearing: 262.53°
[controller-2] [INFO] [1744587946.579045762] [drone_home1.controller]: Going to [(29.639567, -82.361102)]: 9269817.34 meters
[controller-2] [INFO] [1744587946.677488307] [drone_home1.controller]: Bearing: 262.53°
[controller-2] [INFO] [1744587946.679044719] [drone_home1.controller]: Going to [(29.639567, -82.361102)]: 9269817.34 meters
[controller-2] [INFO] [1744587946.777370238] [drone_home1.controller]: Bearing: 262.53°
[controller-2] [INFO] [1744587946.779312673] [drone_home1.controller]: Going to [(29.639567, -82.361102)]: 9269817.34 meters
[controller-2] [INFO] [1744587946.877879188] [drone_home1.controller]: Bearing: 262.53°
[controller-2] [INFO] [1744587946.879551570] [drone_home1.controller]: Going to [(29.639567, -82.361102)]: 9269817.34 meters
[controller-2] [INFO] [1744587946.976731468] [drone_home1.controller]: Bearing: 262.53°
[controller-2] [INFO] [1744587946.977664477] [drone_home1.controller]: Going to [(29.639567, -82.361102)]: 9269817.34 meters
[controller-2] [INFO] [1744587947.077469664] [drone_home1.controller]: Bearing: 262.53°
[controller-2] [INFO] [1744587947.078381872] [drone_home1.controller]: Going to [(29.639567, -82.361102)]: 9269817.34 meters
[controller-2] [INFO] [1744587947.177436707] [drone_home1.controller]: Bearing: 262.53°
[controller-2] [INFO] [1744587947.178470454] [drone_home1.controller]: Going to [(29.639567, -82.361102)]: 9269817.34 meters
[controller-2] [INFO] [1744587947.278024209] [drone_home1.controller]: Bearing: 262.53°
[controller-2] [INFO] [1744587947.280680545] [drone_home1.controller]: Going to [(29.639567, -82.361102)]: 9269817.34 meters
[controller-2] [INFO] [1744587947.377396458] [drone_home1.controller]: Bearing: 262.53°
[controller-2] [INFO] [1744587947.378959942] [drone_home1.controller]: Going to [(29.639567, -82.361102)]: 9269817.34 meters
[controller-2] [INFO] [1744587947.477371405] [drone_home1.controller]: Bearing: 262.53°
[controller-2] [INFO] [1744587947.478941801] [drone_home1.controller]: Going to [(29.639567, -82.361102)]: 9269817.34 meters
[controller-2] [INFO] [1744587947.577373521] [drone_home1.controller]: Bearing: 262.53°
[controller-2] [INFO] [1744587947.578903372] [drone_home1.controller]: Going to [(29.639567, -82.361102)]: 9269817.34 meters
[controller-2] [INFO] [1744587947.677483638] [drone_home1.controller]: Bearing: 262.53°
[controller-2] [INFO] [1744587947.679162996] [drone_home1.controller]: Going to [(29.639567, -82.361102)]: 9269817.34 meters
[controller-2] [INFO] [1744587947.778028548] [drone_home1.controller]: Bearing: 262.53°
[controller-2] [INFO] [1744587947.778988021] [drone_home1.controller]: Going to [(29.639567, -82.361102)]: 9269817.34 meters
[controller-2] [INFO] [1744587947.876877651] [drone_home1.controller]: Bearing: 262.53°
[controller-2] [INFO] [1744587947.877852644] [drone_home1.controller]: Going to [(29.639567, -82.361102)]: 9269817.34 meters
[controller-2] [INFO] [1744587947.976984312] [drone_home1.controller]: Bearing: 262.53°
[controller-2] [INFO] [1744587947.978259823] [drone_home1.controller]: Going to [(29.639567, -82.361102)]: 9269817.34 meters
[controller-2] [INFO] [1744587948.077577216] [drone_home1.controller]: Bearing: 262.53°
[controller-2] [INFO] [1744587948.079185789] [drone_home1.controller]: Going to [(29.639567, -82.361102)]: 9269817.34 meters
[controller-2] [INFO] [1744587948.176627530] [drone_home1.controller]: Bearing: 262.53°
[controller-2] [INFO] [1744587948.177641084] [drone_home1.controller]: Going to [(29.639567, -82.361102)]: 9269817.34 meters
[controller-2] [INFO] [1744587948.276719846] [drone_home1.controller]: Bearing: 262.53°
[controller-2] [INFO] [1744587948.278063486] [drone_home1.controller]: Going to [(29.639567, -82.361102)]: 9269817.34 meters
[controller-2] [INFO] [1744587948.376537981] [drone_home1.controller]: Bearing: 262.53°
[controller-2] [INFO] [1744587948.377465518] [drone_home1.controller]: Going to [(29.639567, -82.361102)]: 9269817.34 meters
[controller-2] [INFO] [1744587948.476833309] [drone_home1.controller]: Bearing: 262.53°
[controller-2] [INFO] [1744587948.478026194] [drone_home1.controller]: Going to [(29.639567, -82.361102)]: 9269817.34 meters
[controller-2] [INFO] [1744587948.577480163] [drone_home1.controller]: Bearing: 262.53°
[controller-2] [INFO] [1744587948.578461844] [drone_home1.controller]: Going to [(29.639567, -82.361102)]: 9269817.34 meters
[controller-2] [INFO] [1744587948.677376316] [drone_home1.controller]: Bearing: 262.53°
[controller-2] [INFO] [1744587948.678935671] [drone_home1.controller]: Going to [(29.639567, -82.361102)]: 9269817.34 meters
[controller-2] [INFO] [1744587948.777748701] [drone_home1.controller]: Bearing: 262.53°
[controller-2] [INFO] [1744587948.779658111] [drone_home1.controller]: Going to [(29.639567, -82.361102)]: 9269817.34 meters
[controller-2] [INFO] [1744587948.876879784] [drone_home1.controller]: Bearing: 262.53°
[controller-2] [INFO] [1744587948.878140990] [drone_home1.controller]: Going to [(29.639567, -82.361102)]: 9269817.34 meters
[controller-2] [INFO] [1744587948.976889058] [drone_home1.controller]: Bearing: 262.53°
[controller-2] [INFO] [1744587948.979456080] [drone_home1.controller]: Going to [(29.639567, -82.361102)]: 9269817.34 meters
[controller-2] [INFO] [1744587949.076949720] [drone_home1.controller]: Bearing: 262.53°
[controller-2] [INFO] [1744587949.078191374] [drone_home1.controller]: Going to [(29.639567, -82.361102)]: 9269817.34 meters
[controller-2] [INFO] [1744587949.176950857] [drone_home1.controller]: Bearing: 262.53°
[controller-2] [INFO] [1744587949.178328706] [drone_home1.controller]: Going to [(29.639567, -82.361102)]: 9269817.34 meters
[controller-2] [INFO] [1744587949.276997052] [drone_home1.controller]: Bearing: 262.53°
[controller-2] [INFO] [1744587949.278103055] [drone_home1.controller]: Going to [(29.639567, -82.361102)]: 9269817.34 meters
[controller-2] [INFO] [1744587949.376885163] [drone_home1.controller]: Bearing: 262.53°
[controller-2] [INFO] [1744587949.378072961] [drone_home1.controller]: Going to [(29.639567, -82.361102)]: 9269817.34 meters
[controller-2] [INFO] [1744587949.476913054] [drone_home1.controller]: Bearing: 262.53°
[controller-2] [INFO] [1744587949.478379000] [drone_home1.controller]: Going to [(29.639567, -82.361102)]: 9269817.34 meters
[controller-2] [INFO] [1744587949.577232757] [drone_home1.controller]: Bearing: 262.53°
[controller-2] [INFO] [1744587949.578233991] [drone_home1.controller]: Going to [(29.639567, -82.361102)]: 9269817.34 meters
[controller-2] [INFO] [1744587949.676935297] [drone_home1.controller]: Bearing: 262.53°
[controller-2] [INFO] [1744587949.678394907] [drone_home1.controller]: Going to [(29.639567, -82.361102)]: 9269817.34 meters
[controller-2] [INFO] [1744587949.778803828] [drone_home1.controller]: Bearing: 262.53°
[controller-2] [INFO] [1744587949.779777253] [drone_home1.controller]: Going to [(29.639567, -82.361102)]: 9269817.34 meters
[controller-2] [INFO] [1744587949.876899812] [drone_home1.controller]: Bearing: 262.53°
[controller-2] [INFO] [1744587949.877904022] [drone_home1.controller]: Going to [(29.639567, -82.361102)]: 9269817.34 meters
[controller-2] [INFO] [1744587949.977468992] [drone_home1.controller]: Bearing: 262.53°
[controller-2] [INFO] [1744587949.979009755] [drone_home1.controller]: Going to [(29.639567, -82.361102)]: 9269817.34 meters
[controller-2] [INFO] [1744587950.076589660] [drone_home1.controller]: Bearing: 262.53°
[controller-2] [INFO] [1744587950.077614638] [drone_home1.controller]: Going to [(29.639567, -82.361102)]: 9269817.34 meters
[controller-2] [INFO] [1744587950.176553796] [drone_home1.controller]: Bearing: 262.53°
[controller-2] [INFO] [1744587950.177486325] [drone_home1.controller]: Going to [(29.639567, -82.361102)]: 9269817.34 meters
[controller-2] [INFO] [1744587950.277427517] [drone_home1.controller]: Bearing: 262.53°
[controller-2] [INFO] [1744587950.278744948] [drone_home1.controller]: Going to [(29.639567, -82.361102)]: 9269817.34 meters
[controller-2] [INFO] [1744587950.377394757] [drone_home1.controller]: Bearing: 262.53°
[controller-2] [INFO] [1744587950.378952513] [drone_home1.controller]: Going to [(29.639567, -82.361102)]: 9269817.34 meters
[controller-2] [INFO] [1744587950.477568081] [drone_home1.controller]: Bearing: 262.53°
[controller-2] [INFO] [1744587950.479103308] [drone_home1.controller]: Going to [(29.639567, -82.361102)]: 9269817.34 meters
[controller-2] [INFO] [1744587950.577417816] [drone_home1.controller]: Bearing: 262.53°
[controller-2] [INFO] [1744587950.578991507] [drone_home1.controller]: Going to [(29.639567, -82.361102)]: 9269817.34 meters
[controller-2] [INFO] [1744587950.677496130] [drone_home1.controller]: Bearing: 262.53°
[controller-2] [INFO] [1744587950.679004445] [drone_home1.controller]: Going to [(29.639567, -82.361102)]: 9269817.34 meters
[controller-2] [INFO] [1744587950.777587405] [drone_home1.controller]: Bearing: 262.53°
[controller-2] [INFO] [1744587950.779396397] [drone_home1.controller]: Going to [(29.639567, -82.361102)]: 9269817.34 meters
[controller-2] [INFO] [1744587950.876944106] [drone_home1.controller]: Bearing: 262.53°
[controller-2] [INFO] [1744587950.877869051] [drone_home1.controller]: Going to [(29.639567, -82.361102)]: 9269817.34 meters
[controller-2] [INFO] [1744587950.977273049] [drone_home1.controller]: Bearing: 262.53°
[controller-2] [INFO] [1744587950.978770868] [drone_home1.controller]: Going to [(29.639567, -82.361102)]: 9269817.34 meters
[controller-2] [INFO] [1744587951.076640625] [drone_home1.controller]: Bearing: 262.53°
[controller-2] [INFO] [1744587951.077780997] [drone_home1.controller]: Going to [(29.639567, -82.361102)]: 9269817.34 meters
[controller-2] [INFO] [1744587951.176723443] [drone_home1.controller]: Bearing: 262.53°
[controller-2] [INFO] [1744587951.177811399] [drone_home1.controller]: Going to [(29.639567, -82.361102)]: 9269817.34 meters
[controller-2] [INFO] [1744587951.276673715] [drone_home1.controller]: Bearing: 262.53°
[controller-2] [INFO] [1744587951.277651940] [drone_home1.controller]: Going to [(29.639567, -82.361102)]: 9269817.34 meters
[controller-2] [INFO] [1744587951.377409409] [drone_home1.controller]: Bearing: 262.53°
[controller-2] [INFO] [1744587951.378620022] [drone_home1.controller]: Going to [(29.639567, -82.361102)]: 9269817.34 meters
[controller-2] [INFO] [1744587951.477777480] [drone_home1.controller]: Bearing: 262.53°
[controller-2] [INFO] [1744587951.481566923] [drone_home1.controller]: Going to [(29.639567, -82.361102)]: 9269817.34 meters
[controller-2] [INFO] [1744587951.576778359] [drone_home1.controller]: Bearing: 262.53°
[controller-2] [INFO] [1744587951.578951902] [drone_home1.controller]: Going to [(29.639567, -82.361102)]: 9269817.34 meters
[controller-2] [INFO] [1744587951.679379494] [drone_home1.controller]: Bearing: 262.53°
[controller-2] [INFO] [1744587951.681244711] [drone_home1.controller]: Going to [(29.639567, -82.361102)]: 9269817.34 meters
[controller-2] [INFO] [1744587951.776769273] [drone_home1.controller]: Bearing: 262.53°
[controller-2] [INFO] [1744587951.777781482] [drone_home1.controller]: Going to [(29.639567, -82.361102)]: 9269817.34 meters
[controller-2] [INFO] [1744587951.877700010] [drone_home1.controller]: Bearing: 262.53°
[controller-2] [INFO] [1744587951.878670491] [drone_home1.controller]: Going to [(29.639567, -82.361102)]: 9269817.34 meters
[controller-2] [INFO] [1744587951.976809211] [drone_home1.controller]: Bearing: 262.53°
[controller-2] [INFO] [1744587951.977822477] [drone_home1.controller]: Going to [(29.639567, -82.361102)]: 9269817.34 meters
[controller-2] [INFO] [1744587952.076664339] [drone_home1.controller]: Bearing: 262.53°
[controller-2] [INFO] [1744587952.077807303] [drone_home1.controller]: Going to [(29.639567, -82.361102)]: 9269817.34 meters
[controller-2] [INFO] [1744587952.177778015] [drone_home1.controller]: Bearing: 262.53°
[controller-2] [INFO] [1744587952.178842098] [drone_home1.controller]: Going to [(29.639567, -82.361102)]: 9269817.34 meters
[controller-2] [INFO] [1744587952.276940201] [drone_home1.controller]: Bearing: 262.53°
[controller-2] [INFO] [1744587952.281589371] [drone_home1.controller]: Going to [(29.639567, -82.361102)]: 9269817.34 meters
[controller-2] [INFO] [1744587952.376518587] [drone_home1.controller]: Bearing: 262.53°
[controller-2] [INFO] [1744587952.377503916] [drone_home1.controller]: Going to [(29.639567, -82.361102)]: 9269817.34 meters
[controller-2] [INFO] [1744587952.477655463] [drone_home1.controller]: Bearing: 262.53°
[controller-2] [INFO] [1744587952.479344037] [drone_home1.controller]: Going to [(29.639567, -82.361102)]: 9269817.34 meters
[controller-2] [INFO] [1744587952.576602702] [drone_home1.controller]: Bearing: 262.53°
[controller-2] [INFO] [1744587952.578190665] [drone_home1.controller]: Going to [(29.639567, -82.361102)]: 9269817.34 meters
[controller-2] [INFO] [1744587952.676680040] [drone_home1.controller]: Bearing: 262.53°
[controller-2] [INFO] [1744587952.677685625] [drone_home1.controller]: Going to [(29.639567, -82.361102)]: 9269817.34 meters
[controller-2] [INFO] [1744587952.777013510] [drone_home1.controller]: Bearing: 262.53°
[controller-2] [INFO] [1744587952.778336605] [drone_home1.controller]: Going to [(29.639567, -82.361102)]: 9269817.34 meters
[controller-2] [INFO] [1744587952.877506759] [drone_home1.controller]: Bearing: 262.53°
[controller-2] [INFO] [1744587952.879090755] [drone_home1.controller]: Going to [(29.639567, -82.361102)]: 9269817.34 meters
[controller-2] [INFO] [1744587952.977049816] [drone_home1.controller]: Bearing: 262.53°
[controller-2] [INFO] [1744587952.978108459] [drone_home1.controller]: Going to [(29.639567, -82.361102)]: 9269817.34 meters
[controller-2] [INFO] [1744587953.076976682] [drone_home1.controller]: Bearing: 262.53°
[controller-2] [INFO] [1744587953.077948603] [drone_home1.controller]: Going to [(29.639567, -82.361102)]: 9269817.34 meters
[controller-2] [INFO] [1744587953.177288896] [drone_home1.controller]: Bearing: 262.53°
[controller-2] [INFO] [1744587953.178186800] [drone_home1.controller]: Going to [(29.639567, -82.361102)]: 9269817.34 meters
[controller-2] [INFO] [1744587953.277482292] [drone_home1.controller]: Bearing: 262.53°
[controller-2] [INFO] [1744587953.279016623] [drone_home1.controller]: Going to [(29.639567, -82.361102)]: 9269817.34 meters
[controller-2] [INFO] [1744587953.376663543] [drone_home1.controller]: Bearing: 262.53°
[controller-2] [INFO] [1744587953.378780668] [drone_home1.controller]: Going to [(29.639567, -82.361102)]: 9269817.34 meters
[controller-2] [INFO] [1744587953.477555351] [drone_home1.controller]: Bearing: 262.53°
[controller-2] [INFO] [1744587953.479177940] [drone_home1.controller]: Going to [(29.639567, -82.361102)]: 9269817.34 meters
[controller-2] [INFO] [1744587953.578573498] [drone_home1.controller]: Bearing: 262.53°
[controller-2] [INFO] [1744587953.580183958] [drone_home1.controller]: Going to [(29.639567, -82.361102)]: 9269817.34 meters
[controller-2] [INFO] [1744587953.682280588] [drone_home1.controller]: Bearing: 262.53°
[controller-2] [INFO] [1744587953.683280477] [drone_home1.controller]: Going to [(29.639567, -82.361102)]: 9269817.34 meters
[controller-2] [INFO] [1744587953.776731900] [drone_home1.controller]: Bearing: 262.53°
[controller-2] [INFO] [1744587953.778736639] [drone_home1.controller]: Going to [(29.639567, -82.361102)]: 9269817.34 meters
[controller-2] [INFO] [1744587953.878569581] [drone_home1.controller]: Bearing: 262.53°
[controller-2] [INFO] [1744587953.880349964] [drone_home1.controller]: Going to [(29.639567, -82.361102)]: 9269817.34 meters
[controller-2] [INFO] [1744587953.977554188] [drone_home1.controller]: Bearing: 262.53°
[controller-2] [INFO] [1744587953.978433563] [drone_home1.controller]: Going to [(29.639567, -82.361102)]: 9269817.34 meters
[controller-2] [INFO] [1744587954.078130689] [drone_home1.controller]: Bearing: 262.53°
[controller-2] [INFO] [1744587954.080863057] [drone_home1.controller]: Going to [(29.639567, -82.361102)]: 9269817.34 meters
[controller-2] [INFO] [1744587954.176581904] [drone_home1.controller]: Bearing: 262.53°
[controller-2] [INFO] [1744587954.177585313] [drone_home1.controller]: Going to [(29.639567, -82.361102)]: 9269817.34 meters
[controller-2] [INFO] [1744587954.276511384] [drone_home1.controller]: Bearing: 262.53°
[controller-2] [INFO] [1744587954.277660108] [drone_home1.controller]: Going to [(29.639567, -82.361102)]: 9269817.34 meters
[controller-2] [INFO] [1744587954.377349904] [drone_home1.controller]: Bearing: 262.53°
[controller-2] [INFO] [1744587954.378882122] [drone_home1.controller]: Going to [(29.639567, -82.361102)]: 9269817.34 meters
[controller-2] [INFO] [1744587954.477719423] [drone_home1.controller]: Bearing: 262.53°
[controller-2] [INFO] [1744587954.479324283] [drone_home1.controller]: Going to [(29.639567, -82.361102)]: 9269817.34 meters
[controller-2] [INFO] [1744587954.577521893] [drone_home1.controller]: Bearing: 262.53°
[controller-2] [INFO] [1744587954.579829357] [drone_home1.controller]: Going to [(29.639567, -82.361102)]: 9269817.34 meters
[controller-2] [INFO] [1744587954.676873827] [drone_home1.controller]: Bearing: 262.53°
[controller-2] [INFO] [1744587954.677995415] [drone_home1.controller]: Going to [(29.639567, -82.361102)]: 9269817.34 meters
[controller-2] [INFO] [1744587954.776736970] [drone_home1.controller]: Bearing: 262.53°
[controller-2] [INFO] [1744587954.778481448] [drone_home1.controller]: Going to [(29.639567, -82.361102)]: 9269817.34 meters
[controller-2] [INFO] [1744587954.876587601] [drone_home1.controller]: Bearing: 262.53°
[controller-2] [INFO] [1744587954.877624483] [drone_home1.controller]: Going to [(29.639567, -82.361102)]: 9269817.34 meters
[controller-2] [INFO] [1744587954.976650683] [drone_home1.controller]: Bearing: 262.53°
[controller-2] [INFO] [1744587954.977699405] [drone_home1.controller]: Going to [(29.639567, -82.361102)]: 9269817.34 meters
[controller-2] [INFO] [1744587955.076644927] [drone_home1.controller]: Bearing: 262.53°
[controller-2] [INFO] [1744587955.077619664] [drone_home1.controller]: Going to [(29.639567, -82.361102)]: 9269817.34 meters
[controller-2] [INFO] [1744587955.177366989] [drone_home1.controller]: Bearing: 262.53°
[controller-2] [INFO] [1744587955.178874567] [drone_home1.controller]: Going to [(29.639567, -82.361102)]: 9269817.34 meters
[controller-2] [INFO] [1744587955.277343631] [drone_home1.controller]: Bearing: 262.53°
[controller-2] [INFO] [1744587955.278953163] [drone_home1.controller]: Going to [(29.639567, -82.361102)]: 9269817.34 meters
[controller-2] [INFO] [1744587955.377327217] [drone_home1.controller]: Bearing: 262.53°
[controller-2] [INFO] [1744587955.379193041] [drone_home1.controller]: Going to [(29.639567, -82.361102)]: 9269817.34 meters
[controller-2] [INFO] [1744587955.477513398] [drone_home1.controller]: Bearing: 262.53°
[controller-2] [INFO] [1744587955.480717133] [drone_home1.controller]: Going to [(29.639567, -82.361102)]: 9269817.34 meters
[controller-2] [INFO] [1744587955.577429430] [drone_home1.controller]: Bearing: 262.53°
[controller-2] [INFO] [1744587955.578970129] [drone_home1.controller]: Going to [(29.639567, -82.361102)]: 9269817.34 meters
[controller-2] [INFO] [1744587955.676621482] [drone_home1.controller]: Bearing: 262.53°
[controller-2] [INFO] [1744587955.677822527] [drone_home1.controller]: Going to [(29.639567, -82.361102)]: 9269817.34 meters
[controller-2] [INFO] [1744587955.777485147] [drone_home1.controller]: Bearing: 262.53°
[controller-2] [INFO] [1744587955.779035382] [drone_home1.controller]: Going to [(29.639567, -82.361102)]: 9269817.34 meters
[controller-2] [INFO] [1744587955.878208394] [drone_home1.controller]: Bearing: 262.53°
[controller-2] [INFO] [1744587955.879760325] [drone_home1.controller]: Going to [(29.639567, -82.361102)]: 9269817.34 meters
[controller-2] [INFO] [1744587955.977373245] [drone_home1.controller]: Bearing: 262.53°
[controller-2] [INFO] [1744587955.978675252] [drone_home1.controller]: Going to [(29.639567, -82.361102)]: 9269817.34 meters
[controller-2] [INFO] [1744587956.076691150] [drone_home1.controller]: Bearing: 262.53°
[controller-2] [INFO] [1744587956.077713600] [drone_home1.controller]: Going to [(29.639567, -82.361102)]: 9269817.34 meters
[controller-2] [INFO] [1744587956.177326068] [drone_home1.controller]: Bearing: 262.53°
[controller-2] [INFO] [1744587956.179054002] [drone_home1.controller]: Going to [(29.639567, -82.361102)]: 9269817.34 meters
[controller-2] [INFO] [1744587956.277367759] [drone_home1.controller]: Bearing: 262.53°
[controller-2] [INFO] [1744587956.279185551] [drone_home1.controller]: Going to [(29.639567, -82.361102)]: 9269817.34 meters
[controller-2] [INFO] [1744587956.376531676] [drone_home1.controller]: Bearing: 262.53°
[controller-2] [INFO] [1744587956.377607246] [drone_home1.controller]: Going to [(29.639567, -82.361102)]: 9269817.34 meters
[controller-2] [INFO] [1744587956.476610456] [drone_home1.controller]: Bearing: 262.53°
[controller-2] [INFO] [1744587956.477545448] [drone_home1.controller]: Going to [(29.639567, -82.361102)]: 9269817.34 meters
[controller-2] [INFO] [1744587956.576566578] [drone_home1.controller]: Bearing: 262.53°
[controller-2] [INFO] [1744587956.577524227] [drone_home1.controller]: Going to [(29.639567, -82.361102)]: 9269817.34 meters
[controller-2] [INFO] [1744587956.676592686] [drone_home1.controller]: Bearing: 262.53°
[controller-2] [INFO] [1744587956.677534206] [drone_home1.controller]: Going to [(29.639567, -82.361102)]: 9269817.34 meters
[controller-2] [INFO] [1744587956.776745835] [drone_home1.controller]: Bearing: 262.53°
[controller-2] [INFO] [1744587956.777739772] [drone_home1.controller]: Going to [(29.639567, -82.361102)]: 9269817.34 meters
[controller-2] [INFO] [1744587956.877450130] [drone_home1.controller]: Bearing: 262.53°
[controller-2] [INFO] [1744587956.879357139] [drone_home1.controller]: Going to [(29.639567, -82.361102)]: 9269817.34 meters
[controller-2] [INFO] [1744587956.976667839] [drone_home1.controller]: Bearing: 262.53°
[controller-2] [INFO] [1744587956.977796339] [drone_home1.controller]: Going to [(29.639567, -82.361102)]: 9269817.34 meters
[controller-2] [INFO] [1744587957.076695574] [drone_home1.controller]: Bearing: 262.53°
[controller-2] [INFO] [1744587957.077704391] [drone_home1.controller]: Going to [(29.639567, -82.361102)]: 9269817.34 meters
[controller-2] [INFO] [1744587957.179051090] [drone_home1.controller]: Bearing: 262.53°
[controller-2] [INFO] [1744587957.180657550] [drone_home1.controller]: Going to [(29.639567, -82.361102)]: 9269817.34 meters
[controller-2] [INFO] [1744587957.276656317] [drone_home1.controller]: Bearing: 262.53°
[controller-2] [INFO] [1744587957.277637102] [drone_home1.controller]: Going to [(29.639567, -82.361102)]: 9269817.34 meters
[controller-2] [INFO] [1744587957.376630801] [drone_home1.controller]: Bearing: 262.53°
[controller-2] [INFO] [1744587957.377715363] [drone_home1.controller]: Going to [(29.639567, -82.361102)]: 9269817.34 meters
[controller-2] [INFO] [1744587957.476617476] [drone_home1.controller]: Bearing: 262.53°
[controller-2] [INFO] [1744587957.477719031] [drone_home1.controller]: Going to [(29.639567, -82.361102)]: 9269817.34 meters
[controller-2] [INFO] [1744587957.576701877] [drone_home1.controller]: Bearing: 262.53°
[controller-2] [INFO] [1744587957.577847398] [drone_home1.controller]: Going to [(29.639567, -82.361102)]: 9269817.34 meters
[controller-2] [INFO] [1744587957.677328013] [drone_home1.controller]: Bearing: 262.53°
[controller-2] [INFO] [1744587957.678279771] [drone_home1.controller]: Going to [(29.639567, -82.361102)]: 9269817.34 meters
[controller-2] [INFO] [1744587957.778521934] [drone_home1.controller]: Bearing: 262.53°
[controller-2] [INFO] [1744587957.780146662] [drone_home1.controller]: Going to [(29.639567, -82.361102)]: 9269817.34 meters
[controller-2] [INFO] [1744587957.877443276] [drone_home1.controller]: Bearing: 262.53°
[controller-2] [INFO] [1744587957.879464747] [drone_home1.controller]: Going to [(29.639567, -82.361102)]: 9269817.34 meters
[controller-2] [INFO] [1744587957.977240407] [drone_home1.controller]: Bearing: 262.53°
[controller-2] [INFO] [1744587957.978593804] [drone_home1.controller]: Going to [(29.639567, -82.361102)]: 9269817.34 meters
[controller-2] [INFO] [1744587958.077377872] [drone_home1.controller]: Bearing: 262.53°
[controller-2] [INFO] [1744587958.078920908] [drone_home1.controller]: Going to [(29.639567, -82.361102)]: 9269817.34 meters
[controller-2] [INFO] [1744587958.178440636] [drone_home1.controller]: Bearing: 262.53°
[controller-2] [INFO] [1744587958.180562646] [drone_home1.controller]: Going to [(29.639567, -82.361102)]: 9269817.34 meters
[controller-2] [INFO] [1744587958.277881676] [drone_home1.controller]: Bearing: 262.53°
[controller-2] [INFO] [1744587958.279462728] [drone_home1.controller]: Going to [(29.639567, -82.361102)]: 9269817.34 meters
[controller-2] [INFO] [1744587958.377599996] [drone_home1.controller]: Bearing: 262.53°
[controller-2] [INFO] [1744587958.379177528] [drone_home1.controller]: Going to [(29.639567, -82.361102)]: 9269817.34 meters
[controller-2] [INFO] [1744587958.477949226] [drone_home1.controller]: Bearing: 262.53°
[controller-2] [INFO] [1744587958.479488005] [drone_home1.controller]: Going to [(29.639567, -82.361102)]: 9269817.34 meters
[controller-2] [INFO] [1744587958.577466746] [drone_home1.controller]: Bearing: 262.53°
[controller-2] [INFO] [1744587958.579047125] [drone_home1.controller]: Going to [(29.639567, -82.361102)]: 9269817.34 meters
[controller-2] [INFO] [1744587958.679431747] [drone_home1.controller]: Bearing: 262.53°
[controller-2] [INFO] [1744587958.681167518] [drone_home1.controller]: Going to [(29.639567, -82.361102)]: 9269817.34 meters
[controller-2] [INFO] [1744587958.776753369] [drone_home1.controller]: Bearing: 262.53°
[controller-2] [INFO] [1744587958.778092149] [drone_home1.controller]: Going to [(29.639567, -82.361102)]: 9269817.34 meters
[controller-2] [INFO] [1744587958.876529672] [drone_home1.controller]: Bearing: 262.53°
[controller-2] [INFO] [1744587958.877680613] [drone_home1.controller]: Going to [(29.639567, -82.361102)]: 9269817.34 meters
[controller-2] [INFO] [1744587958.977246677] [drone_home1.controller]: Bearing: 262.53°
[controller-2] [INFO] [1744587958.978107634] [drone_home1.controller]: Going to [(29.639567, -82.361102)]: 9269817.34 meters
[controller-2] [INFO] [1744587959.076840727] [drone_home1.controller]: Bearing: 262.53°
[controller-2] [INFO] [1744587959.078137556] [drone_home1.controller]: Going to [(29.639567, -82.361102)]: 9269817.34 meters
[controller-2] [INFO] [1744587959.176661471] [drone_home1.controller]: Bearing: 262.53°
[controller-2] [INFO] [1744587959.177797308] [drone_home1.controller]: Going to [(29.639567, -82.361102)]: 9269817.34 meters
[controller-2] [INFO] [1744587959.278150211] [drone_home1.controller]: Bearing: 262.53°
[controller-2] [INFO] [1744587959.279736511] [drone_home1.controller]: Going to [(29.639567, -82.361102)]: 9269817.34 meters
[controller-2] [INFO] [1744587959.376748269] [drone_home1.controller]: Bearing: 262.53°
[controller-2] [INFO] [1744587959.377682347] [drone_home1.controller]: Going to [(29.639567, -82.361102)]: 9269817.34 meters
[controller-2] [INFO] [1744587959.476510485] [drone_home1.controller]: Bearing: 262.53°
[controller-2] [INFO] [1744587959.477418003] [drone_home1.controller]: Going to [(29.639567, -82.361102)]: 9269817.34 meters
[controller-2] [INFO] [1744587959.576770972] [drone_home1.controller]: Bearing: 262.53°
[controller-2] [INFO] [1744587959.577935513] [drone_home1.controller]: Going to [(29.639567, -82.361102)]: 9269817.34 meters
[controller-2] [INFO] [1744587959.676975107] [drone_home1.controller]: Bearing: 262.53°
[controller-2] [INFO] [1744587959.678101376] [drone_home1.controller]: Going to [(29.639567, -82.361102)]: 9269817.34 meters
[controller-2] [INFO] [1744587959.776842923] [drone_home1.controller]: Bearing: 262.53°
[controller-2] [INFO] [1744587959.778160071] [drone_home1.controller]: Going to [(29.639567, -82.361102)]: 9269817.34 meters
[controller-2] [INFO] [1744587959.877793455] [drone_home1.controller]: Bearing: 262.53°
[controller-2] [INFO] [1744587959.879863818] [drone_home1.controller]: Going to [(29.639567, -82.361102)]: 9269817.34 meters
[controller-2] [INFO] [1744587959.976830393] [drone_home1.controller]: Bearing: 262.53°
[controller-2] [INFO] [1744587959.982092332] [drone_home1.controller]: Going to [(29.639567, -82.361102)]: 9269817.34 meters
[controller-2] [INFO] [1744587960.076678579] [drone_home1.controller]: Bearing: 262.53°
[controller-2] [INFO] [1744587960.078189616] [drone_home1.controller]: Going to [(29.639567, -82.361102)]: 9269817.34 meters
[controller-2] [INFO] [1744587960.176598899] [drone_home1.controller]: Bearing: 262.53°
[controller-2] [INFO] [1744587960.177596561] [drone_home1.controller]: Going to [(29.639567, -82.361102)]: 9269817.34 meters
[controller-2] [INFO] [1744587960.277455793] [drone_home1.controller]: Bearing: 262.53°
[controller-2] [INFO] [1744587960.278346351] [drone_home1.controller]: Going to [(29.639567, -82.361102)]: 9269817.34 meters
[controller-2] [INFO] [1744587960.376816594] [drone_home1.controller]: Bearing: 262.53°
[controller-2] [INFO] [1744587960.378537390] [drone_home1.controller]: Going to [(29.639567, -82.361102)]: 9269817.34 meters
[controller-2] [INFO] [1744587960.477198801] [drone_home1.controller]: Bearing: 262.53°
[controller-2] [INFO] [1744587960.478071119] [drone_home1.controller]: Going to [(29.639567, -82.361102)]: 9269817.34 meters
[controller-2] [INFO] [1744587960.576608465] [drone_home1.controller]: Bearing: 262.53°
[controller-2] [INFO] [1744587960.577687535] [drone_home1.controller]: Going to [(29.639567, -82.361102)]: 9269817.34 meters
[controller-2] [INFO] [1744587960.676517713] [drone_home1.controller]: Bearing: 262.53°
[controller-2] [INFO] [1744587960.677425167] [drone_home1.controller]: Going to [(29.639567, -82.361102)]: 9269817.34 meters
[controller-2] [INFO] [1744587960.777861006] [drone_home1.controller]: Bearing: 262.53°
[controller-2] [INFO] [1744587960.780174729] [drone_home1.controller]: Going to [(29.639567, -82.361102)]: 9269817.34 meters
[controller-2] [INFO] [1744587960.877534382] [drone_home1.controller]: Bearing: 262.53°
[controller-2] [INFO] [1744587960.879541866] [drone_home1.controller]: Going to [(29.639567, -82.361102)]: 9269817.34 meters
[controller-2] [INFO] [1744587960.977642478] [drone_home1.controller]: Bearing: 262.53°
[controller-2] [INFO] [1744587960.978696075] [drone_home1.controller]: Going to [(29.639567, -82.361102)]: 9269817.34 meters
[controller-2] [INFO] [1744587961.076719777] [drone_home1.controller]: Bearing: 262.53°
[controller-2] [INFO] [1744587961.077726015] [drone_home1.controller]: Going to [(29.639567, -82.361102)]: 9269817.34 meters
[controller-2] [INFO] [1744587961.176590265] [drone_home1.controller]: Bearing: 262.53°
[controller-2] [INFO] [1744587961.177803287] [drone_home1.controller]: Going to [(29.639567, -82.361102)]: 9269817.34 meters
[controller-2] [INFO] [1744587961.276589521] [drone_home1.controller]: Bearing: 262.53°
[controller-2] [INFO] [1744587961.277605487] [drone_home1.controller]: Going to [(29.639567, -82.361102)]: 9269817.34 meters
[controller-2] [INFO] [1744587961.377216423] [drone_home1.controller]: Bearing: 262.53°
[controller-2] [INFO] [1744587961.378248613] [drone_home1.controller]: Going to [(29.639567, -82.361102)]: 9269817.34 meters
[controller-2] [INFO] [1744587961.477381150] [drone_home1.controller]: Bearing: 262.53°
[controller-2] [INFO] [1744587961.478302972] [drone_home1.controller]: Going to [(29.639567, -82.361102)]: 9269817.34 meters
[controller-2] [INFO] [1744587961.577304726] [drone_home1.controller]: Bearing: 262.53°
[controller-2] [INFO] [1744587961.578169588] [drone_home1.controller]: Going to [(29.639567, -82.361102)]: 9269817.34 meters
[controller-2] [INFO] [1744587961.677169646] [drone_home1.controller]: Bearing: 262.53°
[controller-2] [INFO] [1744587961.678049996] [drone_home1.controller]: Going to [(29.639567, -82.361102)]: 9269817.34 meters
[controller-2] [INFO] [1744587961.777207365] [drone_home1.controller]: Bearing: 262.53°
[controller-2] [INFO] [1744587961.780080927] [drone_home1.controller]: Going to [(29.639567, -82.361102)]: 9269817.34 meters
[controller-2] [INFO] [1744587961.877638236] [drone_home1.controller]: Bearing: 262.53°
[controller-2] [INFO] [1744587961.878547450] [drone_home1.controller]: Going to [(29.639567, -82.361102)]: 9269817.34 meters
[controller-2] [INFO] [1744587961.976608757] [drone_home1.controller]: Bearing: 262.53°
[controller-2] [INFO] [1744587961.978335794] [drone_home1.controller]: Going to [(29.639567, -82.361102)]: 9269817.34 meters
[controller-2] [INFO] [1744587962.077187069] [drone_home1.controller]: Bearing: 262.53°
[controller-2] [INFO] [1744587962.078113436] [drone_home1.controller]: Going to [(29.639567, -82.361102)]: 9269817.34 meters
[controller-2] [INFO] [1744587962.177490156] [drone_home1.controller]: Bearing: 262.53°
[controller-2] [INFO] [1744587962.178599178] [drone_home1.controller]: Going to [(29.639567, -82.361102)]: 9269817.34 meters
[controller-2] [INFO] [1744587962.277512475] [drone_home1.controller]: Bearing: 262.53°
[controller-2] [INFO] [1744587962.278589977] [drone_home1.controller]: Going to [(29.639567, -82.361102)]: 9269817.34 meters
[controller-2] [INFO] [1744587962.377223947] [drone_home1.controller]: Bearing: 262.53°
[controller-2] [INFO] [1744587962.380028230] [drone_home1.controller]: Going to [(29.639567, -82.361102)]: 9269817.34 meters
[controller-2] [INFO] [1744587962.477210426] [drone_home1.controller]: Bearing: 262.53°
[controller-2] [INFO] [1744587962.478109176] [drone_home1.controller]: Going to [(29.639567, -82.361102)]: 9269817.34 meters
[controller-2] [INFO] [1744587962.577119849] [drone_home1.controller]: Bearing: 262.53°
[controller-2] [INFO] [1744587962.578738662] [drone_home1.controller]: Going to [(29.639567, -82.361102)]: 9269817.34 meters
[controller-2] [INFO] [1744587962.677545591] [drone_home1.controller]: Bearing: 262.53°
[controller-2] [INFO] [1744587962.680711505] [drone_home1.controller]: Going to [(29.639567, -82.361102)]: 9269817.34 meters
[controller-2] [INFO] [1744587962.777897477] [drone_home1.controller]: Bearing: 262.53°
[controller-2] [INFO] [1744587962.779561859] [drone_home1.controller]: Going to [(29.639567, -82.361102)]: 9269817.34 meters
[controller-2] [INFO] [1744587962.877398293] [drone_home1.controller]: Bearing: 262.53°
[controller-2] [INFO] [1744587962.879778993] [drone_home1.controller]: Going to [(29.639567, -82.361102)]: 9269817.34 meters
[controller-2] [INFO] [1744587962.976965669] [drone_home1.controller]: Bearing: 262.53°
[controller-2] [INFO] [1744587962.977942595] [drone_home1.controller]: Going to [(29.639567, -82.361102)]: 9269817.34 meters
[controller-2] [INFO] [1744587963.077443877] [drone_home1.controller]: Bearing: 262.53°
[controller-2] [INFO] [1744587963.080023393] [drone_home1.controller]: Going to [(29.639567, -82.361102)]: 9269817.34 meters
[controller-2] [INFO] [1744587963.176595117] [drone_home1.controller]: Bearing: 262.53°
[controller-2] [INFO] [1744587963.177595979] [drone_home1.controller]: Going to [(29.639567, -82.361102)]: 9269817.34 meters
[controller-2] [INFO] [1744587963.276743859] [drone_home1.controller]: Bearing: 262.53°
[controller-2] [INFO] [1744587963.277765233] [drone_home1.controller]: Going to [(29.639567, -82.361102)]: 9269817.34 meters
[controller-2] [INFO] [1744587963.376578137] [drone_home1.controller]: Bearing: 262.53°
[controller-2] [INFO] [1744587963.377675223] [drone_home1.controller]: Going to [(29.639567, -82.361102)]: 9269817.34 meters
[controller-2] [INFO] [1744587963.477579102] [drone_home1.controller]: Bearing: 262.53°
[controller-2] [INFO] [1744587963.479473883] [drone_home1.controller]: Going to [(29.639567, -82.361102)]: 9269817.34 meters
[controller-2] [INFO] [1744587963.577567172] [drone_home1.controller]: Bearing: 262.53°
[controller-2] [INFO] [1744587963.579111298] [drone_home1.controller]: Going to [(29.639567, -82.361102)]: 9269817.34 meters
[controller-2] [INFO] [1744587963.677385226] [drone_home1.controller]: Bearing: 262.53°
[controller-2] [INFO] [1744587963.678948488] [drone_home1.controller]: Going to [(29.639567, -82.361102)]: 9269817.34 meters
[controller-2] [INFO] [1744587963.778507983] [drone_home1.controller]: Bearing: 262.53°
[controller-2] [INFO] [1744587963.780040077] [drone_home1.controller]: Going to [(29.639567, -82.361102)]: 9269817.34 meters
[controller-2] [INFO] [1744587963.877596887] [drone_home1.controller]: Bearing: 262.53°
[controller-2] [INFO] [1744587963.879823667] [drone_home1.controller]: Going to [(29.639567, -82.361102)]: 9269817.34 meters
[controller-2] [INFO] [1744587963.978573403] [drone_home1.controller]: Bearing: 262.53°
[controller-2] [INFO] [1744587963.980153337] [drone_home1.controller]: Going to [(29.639567, -82.361102)]: 9269817.34 meters
[controller-2] [INFO] [1744587964.079020147] [drone_home1.controller]: Bearing: 262.53°
[controller-2] [INFO] [1744587964.080706736] [drone_home1.controller]: Going to [(29.639567, -82.361102)]: 9269817.34 meters
[controller-2] [INFO] [1744587964.177516882] [drone_home1.controller]: Bearing: 262.53°
[controller-2] [INFO] [1744587964.179036848] [drone_home1.controller]: Going to [(29.639567, -82.361102)]: 9269817.34 meters
[controller-2] [INFO] [1744587964.277543950] [drone_home1.controller]: Bearing: 262.53°
[controller-2] [INFO] [1744587964.279799148] [drone_home1.controller]: Going to [(29.639567, -82.361102)]: 9269817.34 meters
[controller-2] [INFO] [1744587964.378040875] [drone_home1.controller]: Bearing: 262.53°
[controller-2] [INFO] [1744587964.379739785] [drone_home1.controller]: Going to [(29.639567, -82.361102)]: 9269817.34 meters
[controller-2] [INFO] [1744587964.477550952] [drone_home1.controller]: Bearing: 262.53°
[controller-2] [INFO] [1744587964.479118342] [drone_home1.controller]: Going to [(29.639567, -82.361102)]: 9269817.34 meters
[controller-2] [INFO] [1744587964.577455718] [drone_home1.controller]: Bearing: 262.53°
[controller-2] [INFO] [1744587964.579917826] [drone_home1.controller]: Going to [(29.639567, -82.361102)]: 9269817.34 meters
[controller-2] [INFO] [1744587964.676765956] [drone_home1.controller]: Bearing: 262.53°
[controller-2] [INFO] [1744587964.678469345] [drone_home1.controller]: Going to [(29.639567, -82.361102)]: 9269817.34 meters
[controller-2] [INFO] [1744587964.779541565] [drone_home1.controller]: Bearing: 262.53°
[controller-2] [INFO] [1744587964.780587836] [drone_home1.controller]: Going to [(29.639567, -82.361102)]: 9269817.34 meters
[controller-2] [INFO] [1744587964.876466558] [drone_home1.controller]: Bearing: 262.53°
[controller-2] [INFO] [1744587964.877635100] [drone_home1.controller]: Going to [(29.639567, -82.361102)]: 9269817.34 meters
[controller-2] [INFO] [1744587964.976723163] [drone_home1.controller]: Bearing: 262.53°
[controller-2] [INFO] [1744587964.978011673] [drone_home1.controller]: Going to [(29.639567, -82.361102)]: 9269817.34 meters
[controller-2] [INFO] [1744587965.076657769] [drone_home1.controller]: Bearing: 262.53°
[controller-2] [INFO] [1744587965.077633000] [drone_home1.controller]: Going to [(29.639567, -82.361102)]: 9269817.34 meters
[controller-2] [INFO] [1744587965.176723836] [drone_home1.controller]: Bearing: 262.53°
[controller-2] [INFO] [1744587965.178086619] [drone_home1.controller]: Going to [(29.639567, -82.361102)]: 9269817.34 meters
[controller-2] [INFO] [1744587965.276644976] [drone_home1.controller]: Bearing: 262.53°
[controller-2] [INFO] [1744587965.279435597] [drone_home1.controller]: Going to [(29.639567, -82.361102)]: 9269817.34 meters
[controller-2] [INFO] [1744587965.376801443] [drone_home1.controller]: Bearing: 262.53°
[controller-2] [INFO] [1744587965.378216897] [drone_home1.controller]: Going to [(29.639567, -82.361102)]: 9269817.34 meters
[controller-2] [INFO] [1744587965.476680662] [drone_home1.controller]: Bearing: 262.53°
[controller-2] [INFO] [1744587965.477705877] [drone_home1.controller]: Going to [(29.639567, -82.361102)]: 9269817.34 meters
[controller-2] [INFO] [1744587965.576722986] [drone_home1.controller]: Bearing: 262.53°
[controller-2] [INFO] [1744587965.578289768] [drone_home1.controller]: Going to [(29.639567, -82.361102)]: 9269817.34 meters
[controller-2] [INFO] [1744587965.676674365] [drone_home1.controller]: Bearing: 262.53°
[controller-2] [INFO] [1744587965.678104572] [drone_home1.controller]: Going to [(29.639567, -82.361102)]: 9269817.34 meters
[controller-2] [INFO] [1744587965.777212496] [drone_home1.controller]: Bearing: 262.53°
[controller-2] [INFO] [1744587965.778173359] [drone_home1.controller]: Going to [(29.639567, -82.361102)]: 9269817.34 meters
[controller-2] [INFO] [1744587965.876667204] [drone_home1.controller]: Bearing: 262.53°
[controller-2] [INFO] [1744587965.877635939] [drone_home1.controller]: Going to [(29.639567, -82.361102)]: 9269817.34 meters
[controller-2] [INFO] [1744587965.977668983] [drone_home1.controller]: Bearing: 262.53°
[controller-2] [INFO] [1744587965.979308661] [drone_home1.controller]: Going to [(29.639567, -82.361102)]: 9269817.34 meters
[controller-2] [INFO] [1744587966.077839483] [drone_home1.controller]: Bearing: 262.53°
[controller-2] [INFO] [1744587966.079700793] [drone_home1.controller]: Going to [(29.639567, -82.361102)]: 9269817.34 meters
[controller-2] [INFO] [1744587966.177373413] [drone_home1.controller]: Bearing: 262.53°
[controller-2] [INFO] [1744587966.179075715] [drone_home1.controller]: Going to [(29.639567, -82.361102)]: 9269817.34 meters
[controller-2] [INFO] [1744587966.276732591] [drone_home1.controller]: Bearing: 262.53°
[controller-2] [INFO] [1744587966.277807086] [drone_home1.controller]: Going to [(29.639567, -82.361102)]: 9269817.34 meters
[controller-2] [INFO] [1744587966.377635704] [drone_home1.controller]: Bearing: 262.53°
[controller-2] [INFO] [1744587966.378846967] [drone_home1.controller]: Going to [(29.639567, -82.361102)]: 9269817.34 meters
[controller-2] [INFO] [1744587966.478191265] [drone_home1.controller]: Bearing: 262.53°
[controller-2] [INFO] [1744587966.479230912] [drone_home1.controller]: Going to [(29.639567, -82.361102)]: 9269817.34 meters
[controller-2] [INFO] [1744587966.576681132] [drone_home1.controller]: Bearing: 262.53°
[controller-2] [INFO] [1744587966.577812203] [drone_home1.controller]: Going to [(29.639567, -82.361102)]: 9269817.34 meters
[controller-2] [INFO] [1744587966.677479764] [drone_home1.controller]: Bearing: 262.53°
[controller-2] [INFO] [1744587966.679024211] [drone_home1.controller]: Going to [(29.639567, -82.361102)]: 9269817.34 meters
[controller-2] [INFO] [1744587966.779000861] [drone_home1.controller]: Bearing: 262.53°
[controller-2] [INFO] [1744587966.780538843] [drone_home1.controller]: Going to [(29.639567, -82.361102)]: 9269817.34 meters
[controller-2] [INFO] [1744587966.878100231] [drone_home1.controller]: Bearing: 262.53°
[controller-2] [INFO] [1744587966.879656902] [drone_home1.controller]: Going to [(29.639567, -82.361102)]: 9269817.34 meters
[controller-2] [INFO] [1744587966.977443761] [drone_home1.controller]: Bearing: 262.53°
[controller-2] [INFO] [1744587966.978970576] [drone_home1.controller]: Going to [(29.639567, -82.361102)]: 9269817.34 meters
[controller-2] [INFO] [1744587967.076580556] [drone_home1.controller]: Bearing: 262.53°
[controller-2] [INFO] [1744587967.077846475] [drone_home1.controller]: Going to [(29.639567, -82.361102)]: 9269817.34 meters
[controller-2] [INFO] [1744587967.177316139] [drone_home1.controller]: Bearing: 262.53°
[controller-2] [INFO] [1744587967.178817258] [drone_home1.controller]: Going to [(29.639567, -82.361102)]: 9269817.34 meters
[controller-2] [INFO] [1744587967.277723274] [drone_home1.controller]: Bearing: 262.53°
[controller-2] [INFO] [1744587967.279287401] [drone_home1.controller]: Going to [(29.639567, -82.361102)]: 9269817.34 meters
[controller-2] [INFO] [1744587967.376660394] [drone_home1.controller]: Bearing: 262.53°
[controller-2] [INFO] [1744587967.377752457] [drone_home1.controller]: Going to [(29.639567, -82.361102)]: 9269817.34 meters
[controller-2] [INFO] [1744587967.476627881] [drone_home1.controller]: Bearing: 262.53°
[controller-2] [INFO] [1744587967.477768328] [drone_home1.controller]: Going to [(29.639567, -82.361102)]: 9269817.34 meters
[controller-2] [INFO] [1744587967.577352072] [drone_home1.controller]: Bearing: 262.53°
[controller-2] [INFO] [1744587967.578288199] [drone_home1.controller]: Going to [(29.639567, -82.361102)]: 9269817.34 meters
[controller-2] [INFO] [1744587967.676600296] [drone_home1.controller]: Bearing: 262.53°
[controller-2] [INFO] [1744587967.677584903] [drone_home1.controller]: Going to [(29.639567, -82.361102)]: 9269817.34 meters
[controller-2] [INFO] [1744587967.776881703] [drone_home1.controller]: Bearing: 262.53°
[controller-2] [INFO] [1744587967.778953957] [drone_home1.controller]: Going to [(29.639567, -82.361102)]: 9269817.34 meters
[controller-2] [INFO] [1744587967.878811205] [drone_home1.controller]: Bearing: 262.53°
[controller-2] [INFO] [1744587967.880402788] [drone_home1.controller]: Going to [(29.639567, -82.361102)]: 9269817.34 meters
[controller-2] [INFO] [1744587967.978392804] [drone_home1.controller]: Bearing: 262.53°
[controller-2] [INFO] [1744587967.979324356] [drone_home1.controller]: Going to [(29.639567, -82.361102)]: 9269817.34 meters
[controller-2] [INFO] [1744587968.078536148] [drone_home1.controller]: Bearing: 262.53°
[controller-2] [INFO] [1744587968.080223219] [drone_home1.controller]: Going to [(29.639567, -82.361102)]: 9269817.34 meters
[controller-2] [INFO] [1744587968.177673033] [drone_home1.controller]: Bearing: 262.53°
[controller-2] [INFO] [1744587968.181170888] [drone_home1.controller]: Going to [(29.639567, -82.361102)]: 9269817.34 meters
[controller-2] [INFO] [1744587968.276542014] [drone_home1.controller]: Bearing: 262.53°
[controller-2] [INFO] [1744587968.277775550] [drone_home1.controller]: Going to [(29.639567, -82.361102)]: 9269817.34 meters
[controller-2] [INFO] [1744587968.377479027] [drone_home1.controller]: Bearing: 262.53°
[controller-2] [INFO] [1744587968.379875186] [drone_home1.controller]: Going to [(29.639567, -82.361102)]: 9269817.34 meters
[controller-2] [INFO] [1744587968.476770312] [drone_home1.controller]: Bearing: 262.53°
[controller-2] [INFO] [1744587968.480528582] [drone_home1.controller]: Going to [(29.639567, -82.361102)]: 9269817.34 meters
[controller-2] [INFO] [1744587968.580675675] [drone_home1.controller]: Bearing: 262.53°
[controller-2] [INFO] [1744587968.582459802] [drone_home1.controller]: Going to [(29.639567, -82.361102)]: 9269817.34 meters
[controller-2] [INFO] [1744587968.677978512] [drone_home1.controller]: Bearing: 262.53°
[controller-2] [INFO] [1744587968.679559152] [drone_home1.controller]: Going to [(29.639567, -82.361102)]: 9269817.34 meters
[controller-2] [INFO] [1744587968.777343429] [drone_home1.controller]: Bearing: 262.53°
[controller-2] [INFO] [1744587968.778879045] [drone_home1.controller]: Going to [(29.639567, -82.361102)]: 9269817.34 meters
[controller-2] [INFO] [1744587968.877318810] [drone_home1.controller]: Bearing: 262.53°
[controller-2] [INFO] [1744587968.878923001] [drone_home1.controller]: Going to [(29.639567, -82.361102)]: 9269817.34 meters
[controller-2] [INFO] [1744587968.977402479] [drone_home1.controller]: Bearing: 262.53°
[controller-2] [INFO] [1744587968.978987950] [drone_home1.controller]: Going to [(29.639567, -82.361102)]: 9269817.34 meters
[controller-2] [INFO] [1744587969.076580564] [drone_home1.controller]: Bearing: 262.53°
[controller-2] [INFO] [1744587969.077558228] [drone_home1.controller]: Going to [(29.639567, -82.361102)]: 9269817.34 meters
[controller-2] [INFO] [1744587969.176862494] [drone_home1.controller]: Bearing: 262.53°
[controller-2] [INFO] [1744587969.178253213] [drone_home1.controller]: Going to [(29.639567, -82.361102)]: 9269817.34 meters
[controller-2] [INFO] [1744587969.276478215] [drone_home1.controller]: Bearing: 262.53°
[controller-2] [INFO] [1744587969.277382919] [drone_home1.controller]: Going to [(29.639567, -82.361102)]: 9269817.34 meters
[controller-2] [INFO] [1744587969.377538673] [drone_home1.controller]: Bearing: 262.53°
[controller-2] [INFO] [1744587969.379094225] [drone_home1.controller]: Going to [(29.639567, -82.361102)]: 9269817.34 meters
[controller-2] [INFO] [1744587969.479349850] [drone_home1.controller]: Bearing: 262.53°
[controller-2] [INFO] [1744587969.480985178] [drone_home1.controller]: Going to [(29.639567, -82.361102)]: 9269817.34 meters
[controller-2] [INFO] [1744587969.577572996] [drone_home1.controller]: Bearing: 262.53°
[controller-2] [INFO] [1744587969.579356676] [drone_home1.controller]: Going to [(29.639567, -82.361102)]: 9269817.34 meters
[controller-2] [INFO] [1744587969.677337166] [drone_home1.controller]: Bearing: 262.53°
[controller-2] [INFO] [1744587969.678884590] [drone_home1.controller]: Going to [(29.639567, -82.361102)]: 9269817.34 meters
[controller-2] [INFO] [1744587969.777519032] [drone_home1.controller]: Bearing: 262.53°
[controller-2] [INFO] [1744587969.779058168] [drone_home1.controller]: Going to [(29.639567, -82.361102)]: 9269817.34 meters
[controller-2] [INFO] [1744587969.876666402] [drone_home1.controller]: Bearing: 262.53°
[controller-2] [INFO] [1744587969.877670114] [drone_home1.controller]: Going to [(29.639567, -82.361102)]: 9269817.34 meters
[controller-2] [INFO] [1744587969.976737292] [drone_home1.controller]: Bearing: 262.53°
[controller-2] [INFO] [1744587969.978062667] [drone_home1.controller]: Going to [(29.639567, -82.361102)]: 9269817.34 meters
[controller-2] [INFO] [1744587970.076690245] [drone_home1.controller]: Bearing: 262.53°
[controller-2] [INFO] [1744587970.078087461] [drone_home1.controller]: Going to [(29.639567, -82.361102)]: 9269817.34 meters
[controller-2] [INFO] [1744587970.176628036] [drone_home1.controller]: Bearing: 262.53°
[controller-2] [INFO] [1744587970.177972708] [drone_home1.controller]: Going to [(29.639567, -82.361102)]: 9269817.34 meters
[controller-2] [INFO] [1744587970.277340386] [drone_home1.controller]: Bearing: 262.53°
[controller-2] [INFO] [1744587970.278988610] [drone_home1.controller]: Going to [(29.639567, -82.361102)]: 9269817.34 meters
[controller-2] [INFO] [1744587970.377320193] [drone_home1.controller]: Bearing: 262.53°
[controller-2] [INFO] [1744587970.378855457] [drone_home1.controller]: Going to [(29.639567, -82.361102)]: 9269817.34 meters
[controller-2] [INFO] [1744587970.480695839] [drone_home1.controller]: Bearing: 262.53°
[controller-2] [INFO] [1744587970.481789023] [drone_home1.controller]: Going to [(29.639567, -82.361102)]: 9269817.34 meters
[controller-2] [INFO] [1744587970.577702174] [drone_home1.controller]: Bearing: 262.53°
[controller-2] [INFO] [1744587970.578632638] [drone_home1.controller]: Going to [(29.639567, -82.361102)]: 9269817.34 meters
[controller-2] [INFO] [1744587970.676883740] [drone_home1.controller]: Bearing: 262.53°
[controller-2] [INFO] [1744587970.677869276] [drone_home1.controller]: Going to [(29.639567, -82.361102)]: 9269817.34 meters
[controller-2] [INFO] [1744587970.776636507] [drone_home1.controller]: Bearing: 262.53°
[controller-2] [INFO] [1744587970.778560443] [drone_home1.controller]: Going to [(29.639567, -82.361102)]: 9269817.34 meters
[controller-2] [INFO] [1744587970.877212633] [drone_home1.controller]: Bearing: 262.53°
[controller-2] [INFO] [1744587970.879292025] [drone_home1.controller]: Going to [(29.639567, -82.361102)]: 9269817.34 meters
[controller-2] [INFO] [1744587970.977239672] [drone_home1.controller]: Bearing: 262.53°
[controller-2] [INFO] [1744587970.979249720] [drone_home1.controller]: Going to [(29.639567, -82.361102)]: 9269817.34 meters
[controller-2] [INFO] [1744587971.076988678] [drone_home1.controller]: Bearing: 262.53°
[controller-2] [INFO] [1744587971.078190246] [drone_home1.controller]: Going to [(29.639567, -82.361102)]: 9269817.34 meters
[controller-2] [INFO] [1744587971.176889977] [drone_home1.controller]: Bearing: 262.53°
[controller-2] [INFO] [1744587971.177936761] [drone_home1.controller]: Going to [(29.639567, -82.361102)]: 9269817.34 meters
[controller-2] [INFO] [1744587971.277335020] [drone_home1.controller]: Bearing: 262.53°
[controller-2] [INFO] [1744587971.278242476] [drone_home1.controller]: Going to [(29.639567, -82.361102)]: 9269817.34 meters
[controller-2] [INFO] [1744587971.377216575] [drone_home1.controller]: Bearing: 262.53°
[controller-2] [INFO] [1744587971.378321119] [drone_home1.controller]: Going to [(29.639567, -82.361102)]: 9269817.34 meters
[controller-2] [INFO] [1744587971.477137394] [drone_home1.controller]: Bearing: 262.53°
[controller-2] [INFO] [1744587971.478157746] [drone_home1.controller]: Going to [(29.639567, -82.361102)]: 9269817.34 meters
[controller-2] [INFO] [1744587971.576870693] [drone_home1.controller]: Bearing: 262.53°
[controller-2] [INFO] [1744587971.577925317] [drone_home1.controller]: Going to [(29.639567, -82.361102)]: 9269817.34 meters
[controller-2] [INFO] [1744587971.677227640] [drone_home1.controller]: Bearing: 262.53°
[controller-2] [INFO] [1744587971.678480888] [drone_home1.controller]: Going to [(29.639567, -82.361102)]: 9269817.34 meters
[controller-2] [INFO] [1744587971.776993354] [drone_home1.controller]: Bearing: 262.53°
[controller-2] [INFO] [1744587971.778074571] [drone_home1.controller]: Going to [(29.639567, -82.361102)]: 9269817.34 meters
[controller-2] [INFO] [1744587971.877494142] [drone_home1.controller]: Bearing: 262.53°
[controller-2] [INFO] [1744587971.879083934] [drone_home1.controller]: Going to [(29.639567, -82.361102)]: 9269817.34 meters
[controller-2] [INFO] [1744587971.977378640] [drone_home1.controller]: Bearing: 262.53°
[controller-2] [INFO] [1744587971.978898513] [drone_home1.controller]: Going to [(29.639567, -82.361102)]: 9269817.34 meters
[controller-2] [INFO] [1744587972.077382835] [drone_home1.controller]: Bearing: 262.53°
[controller-2] [INFO] [1744587972.078929267] [drone_home1.controller]: Going to [(29.639567, -82.361102)]: 9269817.34 meters
[controller-2] [INFO] [1744587972.176984474] [drone_home1.controller]: Bearing: 262.53°
[controller-2] [INFO] [1744587972.178875834] [drone_home1.controller]: Going to [(29.639567, -82.361102)]: 9269817.34 meters
[controller-2] [INFO] [1744587972.277587937] [drone_home1.controller]: Bearing: 262.53°
[controller-2] [INFO] [1744587972.279147073] [drone_home1.controller]: Going to [(29.639567, -82.361102)]: 9269817.34 meters
[controller-2] [INFO] [1744587972.376454631] [drone_home1.controller]: Bearing: 262.53°
[controller-2] [INFO] [1744587972.377382312] [drone_home1.controller]: Going to [(29.639567, -82.361102)]: 9269817.34 meters
[controller-2] [INFO] [1744587972.476474671] [drone_home1.controller]: Bearing: 262.53°
[controller-2] [INFO] [1744587972.477472783] [drone_home1.controller]: Going to [(29.639567, -82.361102)]: 9269817.34 meters
[controller-2] [INFO] [1744587972.576556694] [drone_home1.controller]: Bearing: 262.53°
[controller-2] [INFO] [1744587972.577873590] [drone_home1.controller]: Going to [(29.639567, -82.361102)]: 9269817.34 meters
[controller-2] [INFO] [1744587972.677020349] [drone_home1.controller]: Bearing: 262.53°
[controller-2] [INFO] [1744587972.678095581] [drone_home1.controller]: Going to [(29.639567, -82.361102)]: 9269817.34 meters
[controller-2] [INFO] [1744587972.776703972] [drone_home1.controller]: Bearing: 262.53°
[controller-2] [INFO] [1744587972.778077284] [drone_home1.controller]: Going to [(29.639567, -82.361102)]: 9269817.34 meters
[controller-2] [INFO] [1744587972.876874219] [drone_home1.controller]: Bearing: 262.53°
[controller-2] [INFO] [1744587972.880686892] [drone_home1.controller]: Going to [(29.639567, -82.361102)]: 9269817.34 meters
[controller-2] [INFO] [1744587972.976500242] [drone_home1.controller]: Bearing: 262.53°
[controller-2] [INFO] [1744587972.977724402] [drone_home1.controller]: Going to [(29.639567, -82.361102)]: 9269817.34 meters
[controller-2] [INFO] [1744587973.078641449] [drone_home1.controller]: Bearing: 262.53°
[controller-2] [INFO] [1744587973.079903178] [drone_home1.controller]: Going to [(29.639567, -82.361102)]: 9269817.34 meters
[controller-2] [INFO] [1744587973.177568995] [drone_home1.controller]: Bearing: 262.53°
[controller-2] [INFO] [1744587973.178583076] [drone_home1.controller]: Going to [(29.639567, -82.361102)]: 9269817.34 meters
[controller-2] [INFO] [1744587973.278084446] [drone_home1.controller]: Bearing: 262.53°
[controller-2] [INFO] [1744587973.280155904] [drone_home1.controller]: Going to [(29.639567, -82.361102)]: 9269817.34 meters
[controller-2] [INFO] [1744587973.377527193] [drone_home1.controller]: Bearing: 262.53°
[controller-2] [INFO] [1744587973.378399545] [drone_home1.controller]: Going to [(29.639567, -82.361102)]: 9269817.34 meters
[controller-2] [INFO] [1744587973.476765651] [drone_home1.controller]: Bearing: 262.53°
[controller-2] [INFO] [1744587973.478116724] [drone_home1.controller]: Going to [(29.639567, -82.361102)]: 9269817.34 meters
[controller-2] [INFO] [1744587973.576479566] [drone_home1.controller]: Bearing: 262.53°
[controller-2] [INFO] [1744587973.577573070] [drone_home1.controller]: Going to [(29.639567, -82.361102)]: 9269817.34 meters
[controller-2] [INFO] [1744587973.676659753] [drone_home1.controller]: Bearing: 262.53°
[controller-2] [INFO] [1744587973.677767497] [drone_home1.controller]: Going to [(29.639567, -82.361102)]: 9269817.34 meters
[controller-2] [INFO] [1744587973.777551428] [drone_home1.controller]: Bearing: 262.53°
[controller-2] [INFO] [1744587973.778466885] [drone_home1.controller]: Going to [(29.639567, -82.361102)]: 9269817.34 meters
[controller-2] [INFO] [1744587973.877402591] [drone_home1.controller]: Bearing: 262.53°
[controller-2] [INFO] [1744587973.879293312] [drone_home1.controller]: Going to [(29.639567, -82.361102)]: 9269817.34 meters
[controller-2] [INFO] [1744587973.976855161] [drone_home1.controller]: Bearing: 262.53°
[controller-2] [INFO] [1744587973.978252218] [drone_home1.controller]: Going to [(29.639567, -82.361102)]: 9269817.34 meters
[controller-2] [INFO] [1744587974.077093603] [drone_home1.controller]: Bearing: 262.53°
[controller-2] [INFO] [1744587974.078291492] [drone_home1.controller]: Going to [(29.639567, -82.361102)]: 9269817.34 meters
[controller-2] [INFO] [1744587974.177186962] [drone_home1.controller]: Bearing: 262.53°
[controller-2] [INFO] [1744587974.178124882] [drone_home1.controller]: Going to [(29.639567, -82.361102)]: 9269817.34 meters
[controller-2] [INFO] [1744587974.277496576] [drone_home1.controller]: Bearing: 262.53°
[controller-2] [INFO] [1744587974.279045633] [drone_home1.controller]: Going to [(29.639567, -82.361102)]: 9269817.34 meters
[controller-2] [INFO] [1744587974.377472046] [drone_home1.controller]: Bearing: 262.53°
[controller-2] [INFO] [1744587974.379277616] [drone_home1.controller]: Going to [(29.639567, -82.361102)]: 9269817.34 meters
[controller-2] [INFO] [1744587974.478354621] [drone_home1.controller]: Bearing: 262.53°
[controller-2] [INFO] [1744587974.480231839] [drone_home1.controller]: Going to [(29.639567, -82.361102)]: 9269817.34 meters
[controller-2] [INFO] [1744587974.577271051] [drone_home1.controller]: Bearing: 262.53°
[controller-2] [INFO] [1744587974.578137484] [drone_home1.controller]: Going to [(29.639567, -82.361102)]: 9269817.34 meters
[controller-2] [INFO] [1744587974.677046969] [drone_home1.controller]: Bearing: 262.53°
[controller-2] [INFO] [1744587974.678617722] [drone_home1.controller]: Going to [(29.639567, -82.361102)]: 9269817.34 meters
[controller-2] [INFO] [1744587974.777776392] [drone_home1.controller]: Bearing: 262.53°
[controller-2] [INFO] [1744587974.778654921] [drone_home1.controller]: Going to [(29.639567, -82.361102)]: 9269817.34 meters
[controller-2] [INFO] [1744587974.877327798] [drone_home1.controller]: Bearing: 262.53°
[controller-2] [INFO] [1744587974.878984599] [drone_home1.controller]: Going to [(29.639567, -82.361102)]: 9269817.34 meters
[controller-2] [INFO] [1744587974.977243172] [drone_home1.controller]: Bearing: 262.53°
[controller-2] [INFO] [1744587974.978097317] [drone_home1.controller]: Going to [(29.639567, -82.361102)]: 9269817.34 meters
[controller-2] [INFO] [1744587975.076635456] [drone_home1.controller]: Bearing: 262.53°
[controller-2] [INFO] [1744587975.077652993] [drone_home1.controller]: Going to [(29.639567, -82.361102)]: 9269817.34 meters
[controller-2] [INFO] [1744587975.176562530] [drone_home1.controller]: Bearing: 262.53°
[controller-2] [INFO] [1744587975.177725187] [drone_home1.controller]: Going to [(29.639567, -82.361102)]: 9269817.34 meters
[controller-2] [INFO] [1744587975.276717251] [drone_home1.controller]: Bearing: 262.53°
[controller-2] [INFO] [1744587975.277719428] [drone_home1.controller]: Going to [(29.639567, -82.361102)]: 9269817.34 meters
[controller-2] [INFO] [1744587975.376576005] [drone_home1.controller]: Bearing: 262.53°
[controller-2] [INFO] [1744587975.377720518] [drone_home1.controller]: Going to [(29.639567, -82.361102)]: 9269817.34 meters
[controller-2] [INFO] [1744587975.476573094] [drone_home1.controller]: Bearing: 262.53°
[controller-2] [INFO] [1744587975.477931144] [drone_home1.controller]: Going to [(29.639567, -82.361102)]: 9269817.34 meters
[controller-2] [INFO] [1744587975.576808072] [drone_home1.controller]: Bearing: 262.53°
[controller-2] [INFO] [1744587975.577774569] [drone_home1.controller]: Going to [(29.639567, -82.361102)]: 9269817.34 meters
[controller-2] [INFO] [1744587975.676862537] [drone_home1.controller]: Bearing: 262.53°
[controller-2] [INFO] [1744587975.678140427] [drone_home1.controller]: Going to [(29.639567, -82.361102)]: 9269817.34 meters
[controller-2] [INFO] [1744587975.776952235] [drone_home1.controller]: Bearing: 262.53°
[controller-2] [INFO] [1744587975.778435020] [drone_home1.controller]: Going to [(29.639567, -82.361102)]: 9269817.34 meters
[controller-2] [INFO] [1744587975.877422029] [drone_home1.controller]: Bearing: 262.53°
[controller-2] [INFO] [1744587975.878459374] [drone_home1.controller]: Going to [(29.639567, -82.361102)]: 9269817.34 meters
[controller-2] [INFO] [1744587975.977915951] [drone_home1.controller]: Bearing: 262.53°
[controller-2] [INFO] [1744587975.979004560] [drone_home1.controller]: Going to [(29.639567, -82.361102)]: 9269817.34 meters
[controller-2] [INFO] [1744587976.077301470] [drone_home1.controller]: Bearing: 262.53°
[controller-2] [INFO] [1744587976.078195103] [drone_home1.controller]: Going to [(29.639567, -82.361102)]: 9269817.34 meters
[controller-2] [INFO] [1744587976.176876754] [drone_home1.controller]: Bearing: 262.53°
[controller-2] [INFO] [1744587976.177818003] [drone_home1.controller]: Going to [(29.639567, -82.361102)]: 9269817.34 meters
[controller-2] [INFO] [1744587976.276679750] [drone_home1.controller]: Bearing: 262.53°
[controller-2] [INFO] [1744587976.277881256] [drone_home1.controller]: Going to [(29.639567, -82.361102)]: 9269817.34 meters
[controller-2] [INFO] [1744587976.376575802] [drone_home1.controller]: Bearing: 262.53°
[controller-2] [INFO] [1744587976.377504092] [drone_home1.controller]: Going to [(29.639567, -82.361102)]: 9269817.34 meters
[controller-2] [INFO] [1744587976.476511215] [drone_home1.controller]: Bearing: 262.53°
[controller-2] [INFO] [1744587976.477695568] [drone_home1.controller]: Going to [(29.639567, -82.361102)]: 9269817.34 meters
[controller-2] [INFO] [1744587976.577108964] [drone_home1.controller]: Bearing: 262.53°
[controller-2] [INFO] [1744587976.578073125] [drone_home1.controller]: Going to [(29.639567, -82.361102)]: 9269817.34 meters
[controller-2] [INFO] [1744587976.676644696] [drone_home1.controller]: Bearing: 262.53°
[controller-2] [INFO] [1744587976.677969817] [drone_home1.controller]: Going to [(29.639567, -82.361102)]: 9269817.34 meters
[controller-2] [INFO] [1744587976.776710316] [drone_home1.controller]: Bearing: 262.53°
[controller-2] [INFO] [1744587976.777701805] [drone_home1.controller]: Going to [(29.639567, -82.361102)]: 9269817.34 meters
[controller-2] [INFO] [1744587976.876657184] [drone_home1.controller]: Bearing: 262.53°
[controller-2] [INFO] [1744587976.877682561] [drone_home1.controller]: Going to [(29.639567, -82.361102)]: 9269817.34 meters
[controller-2] [INFO] [1744587976.976803765] [drone_home1.controller]: Bearing: 262.53°
[controller-2] [INFO] [1744587976.977983446] [drone_home1.controller]: Going to [(29.639567, -82.361102)]: 9269817.34 meters
[controller-2] [INFO] [1744587977.078593178] [drone_home1.controller]: Bearing: 262.53°
[controller-2] [INFO] [1744587977.080463804] [drone_home1.controller]: Going to [(29.639567, -82.361102)]: 9269817.34 meters
[controller-2] [INFO] [1744587977.177568863] [drone_home1.controller]: Bearing: 262.53°
[controller-2] [INFO] [1744587977.179804802] [drone_home1.controller]: Going to [(29.639567, -82.361102)]: 9269817.34 meters
[controller-2] [INFO] [1744587977.277379750] [drone_home1.controller]: Bearing: 262.53°
[controller-2] [INFO] [1744587977.279068072] [drone_home1.controller]: Going to [(29.639567, -82.361102)]: 9269817.34 meters
[controller-2] [INFO] [1744587977.379117455] [drone_home1.controller]: Bearing: 262.53°
[controller-2] [INFO] [1744587977.380723409] [drone_home1.controller]: Going to [(29.639567, -82.361102)]: 9269817.34 meters
[controller-2] [INFO] [1744587977.477625076] [drone_home1.controller]: Bearing: 262.53°
[controller-2] [INFO] [1744587977.479692215] [drone_home1.controller]: Going to [(29.639567, -82.361102)]: 9269817.34 meters
[controller-2] [INFO] [1744587977.577325115] [drone_home1.controller]: Bearing: 262.53°
[controller-2] [INFO] [1744587977.578389052] [drone_home1.controller]: Going to [(29.639567, -82.361102)]: 9269817.34 meters
[controller-2] [INFO] [1744587977.677531106] [drone_home1.controller]: Bearing: 262.53°
[controller-2] [INFO] [1744587977.681767976] [drone_home1.controller]: Going to [(29.639567, -82.361102)]: 9269817.34 meters
[controller-2] [INFO] [1744587977.777396361] [drone_home1.controller]: Bearing: 262.53°
[controller-2] [INFO] [1744587977.778481066] [drone_home1.controller]: Going to [(29.639567, -82.361102)]: 9269817.34 meters
[controller-2] [INFO] [1744587977.876598798] [drone_home1.controller]: Bearing: 262.53°
[controller-2] [INFO] [1744587977.877519792] [drone_home1.controller]: Going to [(29.639567, -82.361102)]: 9269817.34 meters
[controller-2] [INFO] [1744587977.977397334] [drone_home1.controller]: Bearing: 262.53°
[controller-2] [INFO] [1744587977.979007001] [drone_home1.controller]: Going to [(29.639567, -82.361102)]: 9269817.34 meters
[controller-2] [INFO] [1744587978.077441579] [drone_home1.controller]: Bearing: 262.53°
[controller-2] [INFO] [1744587978.079618767] [drone_home1.controller]: Going to [(29.639567, -82.361102)]: 9269817.34 meters
[controller-2] [INFO] [1744587978.176681315] [drone_home1.controller]: Bearing: 262.53°
[controller-2] [INFO] [1744587978.178153862] [drone_home1.controller]: Going to [(29.639567, -82.361102)]: 9269817.34 meters
[controller-2] [INFO] [1744587978.276777053] [drone_home1.controller]: Bearing: 262.53°
[controller-2] [INFO] [1744587978.277777598] [drone_home1.controller]: Going to [(29.639567, -82.361102)]: 9269817.34 meters
[controller-2] [INFO] [1744587978.376438870] [drone_home1.controller]: Bearing: 262.53°
[controller-2] [INFO] [1744587978.377445079] [drone_home1.controller]: Going to [(29.639567, -82.361102)]: 9269817.34 meters
[controller-2] [INFO] [1744587978.477032240] [drone_home1.controller]: Bearing: 262.53°
[controller-2] [INFO] [1744587978.477933105] [drone_home1.controller]: Going to [(29.639567, -82.361102)]: 9269817.34 meters
[controller-2] [INFO] [1744587978.576918633] [drone_home1.controller]: Bearing: 262.53°
[controller-2] [INFO] [1744587978.577956810] [drone_home1.controller]: Going to [(29.639567, -82.361102)]: 9269817.34 meters
[controller-2] [INFO] [1744587978.679390790] [drone_home1.controller]: Bearing: 262.53°
[controller-2] [INFO] [1744587978.680997864] [drone_home1.controller]: Going to [(29.639567, -82.361102)]: 9269817.34 meters
[controller-2] [INFO] [1744587978.778931038] [drone_home1.controller]: Bearing: 262.53°
[controller-2] [INFO] [1744587978.780583009] [drone_home1.controller]: Going to [(29.639567, -82.361102)]: 9269817.34 meters
[controller-2] [INFO] [1744587978.877473205] [drone_home1.controller]: Bearing: 262.53°
[controller-2] [INFO] [1744587978.879779289] [drone_home1.controller]: Going to [(29.639567, -82.361102)]: 9269817.34 meters
[controller-2] [INFO] [1744587978.977736047] [drone_home1.controller]: Bearing: 262.53°
[controller-2] [INFO] [1744587978.979420465] [drone_home1.controller]: Going to [(29.639567, -82.361102)]: 9269817.34 meters
[controller-2] [INFO] [1744587979.077561174] [drone_home1.controller]: Bearing: 262.53°
[controller-2] [INFO] [1744587979.079303961] [drone_home1.controller]: Going to [(29.639567, -82.361102)]: 9269817.34 meters
[controller-2] [INFO] [1744587979.177353504] [drone_home1.controller]: Bearing: 262.53°
[controller-2] [INFO] [1744587979.178853027] [drone_home1.controller]: Going to [(29.639567, -82.361102)]: 9269817.34 meters
[controller-2] [INFO] [1744587979.277765676] [drone_home1.controller]: Bearing: 262.53°
[controller-2] [INFO] [1744587979.279346095] [drone_home1.controller]: Going to [(29.639567, -82.361102)]: 9269817.34 meters
[controller-2] [INFO] [1744587979.376462645] [drone_home1.controller]: Bearing: 262.53°
[controller-2] [INFO] [1744587979.377830808] [drone_home1.controller]: Going to [(29.639567, -82.361102)]: 9269817.34 meters
[controller-2] [INFO] [1744587979.476701441] [drone_home1.controller]: Bearing: 262.53°
[controller-2] [INFO] [1744587979.478185348] [drone_home1.controller]: Going to [(29.639567, -82.361102)]: 9269817.34 meters
[controller-2] [INFO] [1744587979.576858765] [drone_home1.controller]: Bearing: 262.53°
[controller-2] [INFO] [1744587979.578065359] [drone_home1.controller]: Going to [(29.639567, -82.361102)]: 9269817.34 meters
[controller-2] [INFO] [1744587979.676838584] [drone_home1.controller]: Bearing: 262.53°
[controller-2] [INFO] [1744587979.677856761] [drone_home1.controller]: Going to [(29.639567, -82.361102)]: 9269817.34 meters
[controller-2] [INFO] [1744587979.777266084] [drone_home1.controller]: Bearing: 262.53°
[controller-2] [INFO] [1744587979.779993608] [drone_home1.controller]: Going to [(29.639567, -82.361102)]: 9269817.34 meters
[controller-2] [INFO] [1744587979.876655054] [drone_home1.controller]: Bearing: 262.53°
[controller-2] [INFO] [1744587979.877662000] [drone_home1.controller]: Going to [(29.639567, -82.361102)]: 9269817.34 meters
[controller-2] [INFO] [1744587979.978709149] [drone_home1.controller]: Bearing: 262.53°
[controller-2] [INFO] [1744587979.981514209] [drone_home1.controller]: Going to [(29.639567, -82.361102)]: 9269817.34 meters
[controller-2] [INFO] [1744587980.077800372] [drone_home1.controller]: Bearing: 262.53°
[controller-2] [INFO] [1744587980.080053496] [drone_home1.controller]: Going to [(29.639567, -82.361102)]: 9269817.34 meters
[controller-2] [INFO] [1744587980.177393136] [drone_home1.controller]: Bearing: 262.53°
[controller-2] [INFO] [1744587980.178945587] [drone_home1.controller]: Going to [(29.639567, -82.361102)]: 9269817.34 meters
[controller-2] [INFO] [1744587980.277432717] [drone_home1.controller]: Bearing: 262.53°
[controller-2] [INFO] [1744587980.279805138] [drone_home1.controller]: Going to [(29.639567, -82.361102)]: 9269817.34 meters
[controller-2] [INFO] [1744587980.377747947] [drone_home1.controller]: Bearing: 262.53°
[controller-2] [INFO] [1744587980.380017007] [drone_home1.controller]: Going to [(29.639567, -82.361102)]: 9269817.34 meters
[controller-2] [INFO] [1744587980.477424967] [drone_home1.controller]: Bearing: 262.53°
[controller-2] [INFO] [1744587980.479256938] [drone_home1.controller]: Going to [(29.639567, -82.361102)]: 9269817.34 meters
[controller-2] [INFO] [1744587980.576924515] [drone_home1.controller]: Bearing: 262.53°
[controller-2] [INFO] [1744587980.577956869] [drone_home1.controller]: Going to [(29.639567, -82.361102)]: 9269817.34 meters
[controller-2] [INFO] [1744587980.677486945] [drone_home1.controller]: Bearing: 262.53°
[controller-2] [INFO] [1744587980.679040516] [drone_home1.controller]: Going to [(29.639567, -82.361102)]: 9269817.34 meters
[controller-2] [INFO] [1744587980.777570174] [drone_home1.controller]: Bearing: 262.53°
[controller-2] [INFO] [1744587980.779146433] [drone_home1.controller]: Going to [(29.639567, -82.361102)]: 9269817.34 meters
[controller-2] [INFO] [1744587980.877671483] [drone_home1.controller]: Bearing: 262.53°
[controller-2] [INFO] [1744587980.879255550] [drone_home1.controller]: Going to [(29.639567, -82.361102)]: 9269817.34 meters
[controller-2] [INFO] [1744587980.976736054] [drone_home1.controller]: Bearing: 262.53°
[controller-2] [INFO] [1744587980.977992569] [drone_home1.controller]: Going to [(29.639567, -82.361102)]: 9269817.34 meters
[controller-2] [INFO] [1744587981.076854049] [drone_home1.controller]: Bearing: 262.53°
[controller-2] [INFO] [1744587981.077841027] [drone_home1.controller]: Going to [(29.639567, -82.361102)]: 9269817.34 meters
[controller-2] [INFO] [1744587981.177842353] [drone_home1.controller]: Bearing: 262.53°
[controller-2] [INFO] [1744587981.179683829] [drone_home1.controller]: Going to [(29.639567, -82.361102)]: 9269817.34 meters
[controller-2] [INFO] [1744587981.276644957] [drone_home1.controller]: Bearing: 262.53°
[controller-2] [INFO] [1744587981.277915648] [drone_home1.controller]: Going to [(29.639567, -82.361102)]: 9269817.34 meters
[controller-2] [INFO] [1744587981.376707340] [drone_home1.controller]: Bearing: 262.53°
[controller-2] [INFO] [1744587981.378740848] [drone_home1.controller]: Going to [(29.639567, -82.361102)]: 9269817.34 meters
[controller-2] [INFO] [1744587981.479531488] [drone_home1.controller]: Bearing: 262.53°
[controller-2] [INFO] [1744587981.481240387] [drone_home1.controller]: Going to [(29.639567, -82.361102)]: 9269817.34 meters
[controller-2] [INFO] [1744587981.577482730] [drone_home1.controller]: Bearing: 262.53°
[controller-2] [INFO] [1744587981.579011149] [drone_home1.controller]: Going to [(29.639567, -82.361102)]: 9269817.34 meters
[controller-2] [INFO] [1744587981.677916793] [drone_home1.controller]: Bearing: 262.53°
[controller-2] [INFO] [1744587981.679476765] [drone_home1.controller]: Going to [(29.639567, -82.361102)]: 9269817.34 meters
[controller-2] [INFO] [1744587981.778432649] [drone_home1.controller]: Bearing: 262.53°
[controller-2] [INFO] [1744587981.780060332] [drone_home1.controller]: Going to [(29.639567, -82.361102)]: 9269817.34 meters
[controller-2] [INFO] [1744587981.878452663] [drone_home1.controller]: Bearing: 262.53°
[controller-2] [INFO] [1744587981.880315131] [drone_home1.controller]: Going to [(29.639567, -82.361102)]: 9269817.34 meters
[controller-2] [INFO] [1744587981.977432900] [drone_home1.controller]: Bearing: 262.53°
[controller-2] [INFO] [1744587981.979005767] [drone_home1.controller]: Going to [(29.639567, -82.361102)]: 9269817.34 meters
[controller-2] [INFO] [1744587982.077616191] [drone_home1.controller]: Bearing: 262.53°
[controller-2] [INFO] [1744587982.078538722] [drone_home1.controller]: Going to [(29.639567, -82.361102)]: 9269817.34 meters
[controller-2] [INFO] [1744587982.176541213] [drone_home1.controller]: Bearing: 262.53°
[controller-2] [INFO] [1744587982.177930784] [drone_home1.controller]: Going to [(29.639567, -82.361102)]: 9269817.34 meters
[controller-2] [INFO] [1744587982.277659423] [drone_home1.controller]: Bearing: 262.53°
[controller-2] [INFO] [1744587982.278826849] [drone_home1.controller]: Going to [(29.639567, -82.361102)]: 9269817.34 meters
[controller-2] [INFO] [1744587982.376534044] [drone_home1.controller]: Bearing: 262.53°
[controller-2] [INFO] [1744587982.377591646] [drone_home1.controller]: Going to [(29.639567, -82.361102)]: 9269817.34 meters
[controller-2] [INFO] [1744587982.476953692] [drone_home1.controller]: Bearing: 262.53°
[controller-2] [INFO] [1744587982.478023519] [drone_home1.controller]: Going to [(29.639567, -82.361102)]: 9269817.34 meters
[controller-2] [INFO] [1744587982.576530715] [drone_home1.controller]: Bearing: 262.53°
[controller-2] [INFO] [1744587982.577510557] [drone_home1.controller]: Going to [(29.639567, -82.361102)]: 9269817.34 meters
[controller-2] [INFO] [1744587982.677406236] [drone_home1.controller]: Bearing: 262.53°
[controller-2] [INFO] [1744587982.678945824] [drone_home1.controller]: Going to [(29.639567, -82.361102)]: 9269817.34 meters
[controller-2] [INFO] [1744587982.776711770] [drone_home1.controller]: Bearing: 262.53°
[controller-2] [INFO] [1744587982.780186146] [drone_home1.controller]: Going to [(29.639567, -82.361102)]: 9269817.34 meters
[controller-2] [INFO] [1744587982.878652702] [drone_home1.controller]: Bearing: 262.53°
[controller-2] [INFO] [1744587982.880227330] [drone_home1.controller]: Going to [(29.639567, -82.361102)]: 9269817.34 meters
[controller-2] [INFO] [1744587982.979059935] [drone_home1.controller]: Bearing: 262.53°
[controller-2] [INFO] [1744587982.985267053] [drone_home1.controller]: Going to [(29.639567, -82.361102)]: 9269817.34 meters
[controller-2] [INFO] [1744587983.076720774] [drone_home1.controller]: Bearing: 262.53°
[controller-2] [INFO] [1744587983.080130606] [drone_home1.controller]: Going to [(29.639567, -82.361102)]: 9269817.34 meters
[controller-2] [INFO] [1744587983.176511574] [drone_home1.controller]: Bearing: 262.53°
[controller-2] [INFO] [1744587983.179833886] [drone_home1.controller]: Going to [(29.639567, -82.361102)]: 9269817.34 meters
[controller-2] [INFO] [1744587983.277204392] [drone_home1.controller]: Bearing: 262.53°
[controller-2] [INFO] [1744587983.278081450] [drone_home1.controller]: Going to [(29.639567, -82.361102)]: 9269817.34 meters
[controller-2] [INFO] [1744587983.377169784] [drone_home1.controller]: Bearing: 262.53°
[controller-2] [INFO] [1744587983.378059867] [drone_home1.controller]: Going to [(29.639567, -82.361102)]: 9269817.34 meters
[controller-2] [INFO] [1744587983.477161417] [drone_home1.controller]: Bearing: 262.53°
[controller-2] [INFO] [1744587983.479286286] [drone_home1.controller]: Going to [(29.639567, -82.361102)]: 9269817.34 meters
[controller-2] [INFO] [1744587983.577237658] [drone_home1.controller]: Bearing: 262.53°
[controller-2] [INFO] [1744587983.579042590] [drone_home1.controller]: Going to [(29.639567, -82.361102)]: 9269817.34 meters
[controller-2] [INFO] [1744587983.677227626] [drone_home1.controller]: Bearing: 262.53°
[controller-2] [INFO] [1744587983.678313613] [drone_home1.controller]: Going to [(29.639567, -82.361102)]: 9269817.34 meters
[controller-2] [INFO] [1744587983.777602715] [drone_home1.controller]: Bearing: 262.53°
[controller-2] [INFO] [1744587983.779193151] [drone_home1.controller]: Going to [(29.639567, -82.361102)]: 9269817.34 meters
[controller-2] [INFO] [1744587983.877408139] [drone_home1.controller]: Bearing: 262.53°
[controller-2] [INFO] [1744587983.880454611] [drone_home1.controller]: Going to [(29.639567, -82.361102)]: 9269817.34 meters
[controller-2] [INFO] [1744587983.979505057] [drone_home1.controller]: Bearing: 262.53°
[controller-2] [INFO] [1744587983.981159525] [drone_home1.controller]: Going to [(29.639567, -82.361102)]: 9269817.34 meters
[controller-2] [INFO] [1744587984.077456921] [drone_home1.controller]: Bearing: 262.53°
[controller-2] [INFO] [1744587984.079653407] [drone_home1.controller]: Going to [(29.639567, -82.361102)]: 9269817.34 meters
[controller-2] [INFO] [1744587984.176800857] [drone_home1.controller]: Bearing: 262.53°
[controller-2] [INFO] [1744587984.177822843] [drone_home1.controller]: Going to [(29.639567, -82.361102)]: 9269817.34 meters
[controller-2] [INFO] [1744587984.276614969] [drone_home1.controller]: Bearing: 262.53°
[controller-2] [INFO] [1744587984.277887964] [drone_home1.controller]: Going to [(29.639567, -82.361102)]: 9269817.34 meters
[controller-2] [INFO] [1744587984.376623706] [drone_home1.controller]: Bearing: 262.53°
[controller-2] [INFO] [1744587984.377581533] [drone_home1.controller]: Going to [(29.639567, -82.361102)]: 9269817.34 meters
[controller-2] [INFO] [1744587984.476424667] [drone_home1.controller]: Bearing: 262.53°
[controller-2] [INFO] [1744587984.477321981] [drone_home1.controller]: Going to [(29.639567, -82.361102)]: 9269817.34 meters
[controller-2] [INFO] [1744587984.577675231] [drone_home1.controller]: Bearing: 262.53°
[controller-2] [INFO] [1744587984.579307939] [drone_home1.controller]: Going to [(29.639567, -82.361102)]: 9269817.34 meters
[controller-2] [INFO] [1744587984.677520320] [drone_home1.controller]: Bearing: 262.53°
[controller-2] [INFO] [1744587984.679091620] [drone_home1.controller]: Going to [(29.639567, -82.361102)]: 9269817.34 meters
[controller-2] [INFO] [1744587984.777428545] [drone_home1.controller]: Bearing: 262.53°
[controller-2] [INFO] [1744587984.778991365] [drone_home1.controller]: Going to [(29.639567, -82.361102)]: 9269817.34 meters
[controller-2] [INFO] [1744587984.876810720] [drone_home1.controller]: Bearing: 262.53°
[controller-2] [INFO] [1744587984.877961155] [drone_home1.controller]: Going to [(29.639567, -82.361102)]: 9269817.34 meters
[controller-2] [INFO] [1744587984.976552993] [drone_home1.controller]: Bearing: 262.53°
[controller-2] [INFO] [1744587984.977865316] [drone_home1.controller]: Going to [(29.639567, -82.361102)]: 9269817.34 meters
[controller-2] [INFO] [1744587985.076554062] [drone_home1.controller]: Bearing: 262.53°
[controller-2] [INFO] [1744587985.077530193] [drone_home1.controller]: Going to [(29.639567, -82.361102)]: 9269817.34 meters
[controller-2] [INFO] [1744587985.176884161] [drone_home1.controller]: Bearing: 262.53°
[controller-2] [INFO] [1744587985.178700390] [drone_home1.controller]: Going to [(29.639567, -82.361102)]: 9269817.34 meters
[controller-2] [INFO] [1744587985.277299475] [drone_home1.controller]: Bearing: 262.53°
[controller-2] [INFO] [1744587985.278189270] [drone_home1.controller]: Going to [(29.639567, -82.361102)]: 9269817.34 meters
[controller-2] [INFO] [1744587985.377163780] [drone_home1.controller]: Bearing: 262.53°
[controller-2] [INFO] [1744587985.378056135] [drone_home1.controller]: Going to [(29.639567, -82.361102)]: 9269817.34 meters
[controller-2] [INFO] [1744587985.477588343] [drone_home1.controller]: Bearing: 262.53°
[controller-2] [INFO] [1744587985.479024603] [drone_home1.controller]: Going to [(29.639567, -82.361102)]: 9269817.34 meters
[controller-2] [INFO] [1744587985.577398536] [drone_home1.controller]: Bearing: 262.53°
[controller-2] [INFO] [1744587985.579306093] [drone_home1.controller]: Going to [(29.639567, -82.361102)]: 9269817.34 meters
[controller-2] [INFO] [1744587985.677712858] [drone_home1.controller]: Bearing: 262.53°
[controller-2] [INFO] [1744587985.678659837] [drone_home1.controller]: Going to [(29.639567, -82.361102)]: 9269817.34 meters
[controller-2] [INFO] [1744587985.777213034] [drone_home1.controller]: Bearing: 262.53°
[controller-2] [INFO] [1744587985.778364142] [drone_home1.controller]: Going to [(29.639567, -82.361102)]: 9269817.34 meters
[controller-2] [INFO] [1744587985.876754107] [drone_home1.controller]: Bearing: 262.53°
[controller-2] [INFO] [1744587985.878956865] [drone_home1.controller]: Going to [(29.639567, -82.361102)]: 9269817.34 meters
[controller-2] [INFO] [1744587985.976733004] [drone_home1.controller]: Bearing: 262.53°
[controller-2] [INFO] [1744587985.977789423] [drone_home1.controller]: Going to [(29.639567, -82.361102)]: 9269817.34 meters
[controller-2] [INFO] [1744587986.076605897] [drone_home1.controller]: Bearing: 262.53°
[controller-2] [INFO] [1744587986.078146926] [drone_home1.controller]: Going to [(29.639567, -82.361102)]: 9269817.34 meters
[controller-2] [INFO] [1744587986.177612654] [drone_home1.controller]: Bearing: 262.53°
[controller-2] [INFO] [1744587986.178560209] [drone_home1.controller]: Going to [(29.639567, -82.361102)]: 9269817.34 meters
[controller-2] [INFO] [1744587986.278092113] [drone_home1.controller]: Bearing: 262.53°
[controller-2] [INFO] [1744587986.279130292] [drone_home1.controller]: Going to [(29.639567, -82.361102)]: 9269817.34 meters
[controller-2] [INFO] [1744587986.376876815] [drone_home1.controller]: Bearing: 262.53°
[controller-2] [INFO] [1744587986.377980818] [drone_home1.controller]: Going to [(29.639567, -82.361102)]: 9269817.34 meters
[controller-2] [INFO] [1744587986.477260754] [drone_home1.controller]: Bearing: 262.53°
[controller-2] [INFO] [1744587986.478330453] [drone_home1.controller]: Going to [(29.639567, -82.361102)]: 9269817.34 meters
[controller-2] [INFO] [1744587986.577174323] [drone_home1.controller]: Bearing: 262.53°
[controller-2] [INFO] [1744587986.578081814] [drone_home1.controller]: Going to [(29.639567, -82.361102)]: 9269817.34 meters
[controller-2] [INFO] [1744587986.677489974] [drone_home1.controller]: Bearing: 262.53°
[controller-2] [INFO] [1744587986.678461465] [drone_home1.controller]: Going to [(29.639567, -82.361102)]: 9269817.34 meters
[controller-2] [INFO] [1744587986.777191894] [drone_home1.controller]: Bearing: 262.53°
[controller-2] [INFO] [1744587986.778951260] [drone_home1.controller]: Going to [(29.639567, -82.361102)]: 9269817.34 meters
[controller-2] [INFO] [1744587986.876635254] [drone_home1.controller]: Bearing: 262.53°
[controller-2] [INFO] [1744587986.877743962] [drone_home1.controller]: Going to [(29.639567, -82.361102)]: 9269817.34 meters
[controller-2] [INFO] [1744587986.976601880] [drone_home1.controller]: Bearing: 262.53°
[controller-2] [INFO] [1744587986.977622107] [drone_home1.controller]: Going to [(29.639567, -82.361102)]: 9269817.34 meters
[controller-2] [INFO] [1744587987.076994695] [drone_home1.controller]: Bearing: 262.53°
[controller-2] [INFO] [1744587987.078431371] [drone_home1.controller]: Going to [(29.639567, -82.361102)]: 9269817.34 meters
[controller-2] [INFO] [1744587987.176622295] [drone_home1.controller]: Bearing: 262.53°
[controller-2] [INFO] [1744587987.177752315] [drone_home1.controller]: Going to [(29.639567, -82.361102)]: 9269817.34 meters
[controller-2] [INFO] [1744587987.276838505] [drone_home1.controller]: Bearing: 262.53°
[controller-2] [INFO] [1744587987.278502062] [drone_home1.controller]: Going to [(29.639567, -82.361102)]: 9269817.34 meters
[controller-2] [INFO] [1744587987.376634266] [drone_home1.controller]: Bearing: 262.53°
[controller-2] [INFO] [1744587987.378084351] [drone_home1.controller]: Going to [(29.639567, -82.361102)]: 9269817.34 meters
[controller-2] [INFO] [1744587987.476473835] [drone_home1.controller]: Bearing: 262.53°
[controller-2] [INFO] [1744587987.477390670] [drone_home1.controller]: Going to [(29.639567, -82.361102)]: 9269817.34 meters
[controller-2] [INFO] [1744587987.576620285] [drone_home1.controller]: Bearing: 262.53°
[controller-2] [INFO] [1744587987.578907588] [drone_home1.controller]: Going to [(29.639567, -82.361102)]: 9269817.34 meters
[controller-2] [INFO] [1744587987.677645650] [drone_home1.controller]: Bearing: 262.53°
[controller-2] [INFO] [1744587987.678592277] [drone_home1.controller]: Going to [(29.639567, -82.361102)]: 9269817.34 meters
[controller-2] [INFO] [1744587987.777936068] [drone_home1.controller]: Bearing: 262.53°
[controller-2] [INFO] [1744587987.779342120] [drone_home1.controller]: Going to [(29.639567, -82.361102)]: 9269817.34 meters
[controller-2] [INFO] [1744587987.877658677] [drone_home1.controller]: Bearing: 262.53°
[controller-2] [INFO] [1744587987.878659096] [drone_home1.controller]: Going to [(29.639567, -82.361102)]: 9269817.34 meters
[controller-2] [INFO] [1744587987.979736429] [drone_home1.controller]: Bearing: 262.53°
[controller-2] [INFO] [1744587987.981963795] [drone_home1.controller]: Going to [(29.639567, -82.361102)]: 9269817.34 meters
[controller-2] [INFO] [1744587988.077346723] [drone_home1.controller]: Bearing: 262.53°
[controller-2] [INFO] [1744587988.079397129] [drone_home1.controller]: Going to [(29.639567, -82.361102)]: 9269817.34 meters
[controller-2] [INFO] [1744587988.176750114] [drone_home1.controller]: Bearing: 262.53°
[controller-2] [INFO] [1744587988.179495083] [drone_home1.controller]: Going to [(29.639567, -82.361102)]: 9269817.34 meters
[controller-2] [INFO] [1744587988.277383877] [drone_home1.controller]: Bearing: 262.53°
[controller-2] [INFO] [1744587988.278942986] [drone_home1.controller]: Going to [(29.639567, -82.361102)]: 9269817.34 meters
[controller-2] [INFO] [1744587988.377821287] [drone_home1.controller]: Bearing: 262.53°
[controller-2] [INFO] [1744587988.379379916] [drone_home1.controller]: Going to [(29.639567, -82.361102)]: 9269817.34 meters
[controller-2] [INFO] [1744587988.476925574] [drone_home1.controller]: Bearing: 262.53°
[controller-2] [INFO] [1744587988.478030057] [drone_home1.controller]: Going to [(29.639567, -82.361102)]: 9269817.34 meters
[controller-2] [INFO] [1744587988.576834983] [drone_home1.controller]: Bearing: 262.53°
[controller-2] [INFO] [1744587988.577907146] [drone_home1.controller]: Going to [(29.639567, -82.361102)]: 9269817.34 meters
[controller-2] [INFO] [1744587988.676899048] [drone_home1.controller]: Bearing: 262.53°
[controller-2] [INFO] [1744587988.678302316] [drone_home1.controller]: Going to [(29.639567, -82.361102)]: 9269817.34 meters
[controller-2] [INFO] [1744587988.776688136] [drone_home1.controller]: Bearing: 262.53°
[controller-2] [INFO] [1744587988.777714444] [drone_home1.controller]: Going to [(29.639567, -82.361102)]: 9269817.34 meters
[controller-2] [INFO] [1744587988.876857482] [drone_home1.controller]: Bearing: 262.53°
[controller-2] [INFO] [1744587988.878715568] [drone_home1.controller]: Going to [(29.639567, -82.361102)]: 9269817.34 meters
[controller-2] [INFO] [1744587988.976895819] [drone_home1.controller]: Bearing: 262.53°
[controller-2] [INFO] [1744587988.977984591] [drone_home1.controller]: Going to [(29.639567, -82.361102)]: 9269817.34 meters
[controller-2] [INFO] [1744587989.076579031] [drone_home1.controller]: Bearing: 262.53°
[controller-2] [INFO] [1744587989.077838107] [drone_home1.controller]: Going to [(29.639567, -82.361102)]: 9269817.34 meters
[controller-2] [INFO] [1744587989.176614471] [drone_home1.controller]: Bearing: 262.53°
[controller-2] [INFO] [1744587989.177590155] [drone_home1.controller]: Going to [(29.639567, -82.361102)]: 9269817.34 meters
[controller-2] [INFO] [1744587989.276762936] [drone_home1.controller]: Bearing: 262.53°
[controller-2] [INFO] [1744587989.277768380] [drone_home1.controller]: Going to [(29.639567, -82.361102)]: 9269817.34 meters
[controller-2] [INFO] [1744587989.376657545] [drone_home1.controller]: Bearing: 262.53°
[controller-2] [INFO] [1744587989.378256846] [drone_home1.controller]: Going to [(29.639567, -82.361102)]: 9269817.34 meters
[controller-2] [INFO] [1744587989.476808762] [drone_home1.controller]: Bearing: 262.53°
[controller-2] [INFO] [1744587989.477773917] [drone_home1.controller]: Going to [(29.639567, -82.361102)]: 9269817.34 meters
[controller-2] [INFO] [1744587989.576610921] [drone_home1.controller]: Bearing: 262.53°
[controller-2] [INFO] [1744587989.577999950] [drone_home1.controller]: Going to [(29.639567, -82.361102)]: 9269817.34 meters
[controller-2] [INFO] [1744587989.677349180] [drone_home1.controller]: Bearing: 262.53°
[controller-2] [INFO] [1744587989.678976386] [drone_home1.controller]: Going to [(29.639567, -82.361102)]: 9269817.34 meters
[controller-2] [INFO] [1744587989.777427757] [drone_home1.controller]: Bearing: 262.53°
[controller-2] [INFO] [1744587989.778479601] [drone_home1.controller]: Going to [(29.639567, -82.361102)]: 9269817.34 meters
[controller-2] [INFO] [1744587989.876726939] [drone_home1.controller]: Bearing: 262.53°
[controller-2] [INFO] [1744587989.879699205] [drone_home1.controller]: Going to [(29.639567, -82.361102)]: 9269817.34 meters
[controller-2] [INFO] [1744587989.977403662] [drone_home1.controller]: Bearing: 262.53°
[controller-2] [INFO] [1744587989.978960979] [drone_home1.controller]: Going to [(29.639567, -82.361102)]: 9269817.34 meters
[controller-2] [INFO] [1744587990.077358122] [drone_home1.controller]: Bearing: 262.53°
[controller-2] [INFO] [1744587990.078273069] [drone_home1.controller]: Going to [(29.639567, -82.361102)]: 9269817.34 meters
[controller-2] [INFO] [1744587990.176564583] [drone_home1.controller]: Bearing: 262.53°
[controller-2] [INFO] [1744587990.177536138] [drone_home1.controller]: Going to [(29.639567, -82.361102)]: 9269817.34 meters
[controller-2] [INFO] [1744587990.276680743] [drone_home1.controller]: Bearing: 262.53°
[controller-2] [INFO] [1744587990.277692906] [drone_home1.controller]: Going to [(29.639567, -82.361102)]: 9269817.34 meters
[controller-2] [INFO] [1744587990.376548870] [drone_home1.controller]: Bearing: 262.53°
[controller-2] [INFO] [1744587990.377523465] [drone_home1.controller]: Going to [(29.639567, -82.361102)]: 9269817.34 meters
[controller-2] [INFO] [1744587990.476602342] [drone_home1.controller]: Bearing: 262.53°
[controller-2] [INFO] [1744587990.479711665] [drone_home1.controller]: Going to [(29.639567, -82.361102)]: 9269817.34 meters
[controller-2] [INFO] [1744587990.576720806] [drone_home1.controller]: Bearing: 262.53°
[controller-2] [INFO] [1744587990.577707817] [drone_home1.controller]: Going to [(29.639567, -82.361102)]: 9269817.34 meters
[controller-2] [INFO] [1744587990.676747974] [drone_home1.controller]: Bearing: 262.53°
[controller-2] [INFO] [1744587990.677999338] [drone_home1.controller]: Going to [(29.639567, -82.361102)]: 9269817.34 meters
[controller-2] [INFO] [1744587990.776776357] [drone_home1.controller]: Bearing: 262.53°
[controller-2] [INFO] [1744587990.778202986] [drone_home1.controller]: Going to [(29.639567, -82.361102)]: 9269817.34 meters
[controller-2] [INFO] [1744587990.876593476] [drone_home1.controller]: Bearing: 262.53°
[controller-2] [INFO] [1744587990.878133386] [drone_home1.controller]: Going to [(29.639567, -82.361102)]: 9269817.34 meters
[controller-2] [INFO] [1744587990.976597604] [drone_home1.controller]: Bearing: 262.53°
[controller-2] [INFO] [1744587990.977854344] [drone_home1.controller]: Going to [(29.639567, -82.361102)]: 9269817.34 meters
[controller-2] [INFO] [1744587991.076604399] [drone_home1.controller]: Bearing: 262.53°
[controller-2] [INFO] [1744587991.077583794] [drone_home1.controller]: Going to [(29.639567, -82.361102)]: 9269817.34 meters
[controller-2] [INFO] [1744587991.176742462] [drone_home1.controller]: Bearing: 262.53°
[controller-2] [INFO] [1744587991.177755330] [drone_home1.controller]: Going to [(29.639567, -82.361102)]: 9269817.34 meters
[controller-2] [INFO] [1744587991.276742828] [drone_home1.controller]: Bearing: 262.53°
[controller-2] [INFO] [1744587991.277993681] [drone_home1.controller]: Going to [(29.639567, -82.361102)]: 9269817.34 meters
[controller-2] [INFO] [1744587991.376578650] [drone_home1.controller]: Bearing: 262.53°
[controller-2] [INFO] [1744587991.377755295] [drone_home1.controller]: Going to [(29.639567, -82.361102)]: 9269817.34 meters
[controller-2] [INFO] [1744587991.477176331] [drone_home1.controller]: Bearing: 262.53°
[controller-2] [INFO] [1744587991.478222799] [drone_home1.controller]: Going to [(29.639567, -82.361102)]: 9269817.34 meters
[controller-2] [INFO] [1744587991.577479707] [drone_home1.controller]: Bearing: 262.53°
[controller-2] [INFO] [1744587991.579015968] [drone_home1.controller]: Going to [(29.639567, -82.361102)]: 9269817.34 meters
[controller-2] [INFO] [1744587991.677370217] [drone_home1.controller]: Bearing: 262.53°
[controller-2] [INFO] [1744587991.678943663] [drone_home1.controller]: Going to [(29.639567, -82.361102)]: 9269817.34 meters
[controller-2] [INFO] [1744587991.777483800] [drone_home1.controller]: Bearing: 262.53°
[controller-2] [INFO] [1744587991.779174686] [drone_home1.controller]: Going to [(29.639567, -82.361102)]: 9269817.34 meters
[controller-2] [INFO] [1744587991.877383142] [drone_home1.controller]: Bearing: 262.53°
[controller-2] [INFO] [1744587991.878929100] [drone_home1.controller]: Going to [(29.639567, -82.361102)]: 9269817.34 meters
[controller-2] [INFO] [1744587991.977407189] [drone_home1.controller]: Bearing: 262.53°
[controller-2] [INFO] [1744587991.979804253] [drone_home1.controller]: Going to [(29.639567, -82.361102)]: 9269817.34 meters
[controller-2] [INFO] [1744587992.076566859] [drone_home1.controller]: Bearing: 262.53°
[controller-2] [INFO] [1744587992.077572431] [drone_home1.controller]: Going to [(29.639567, -82.361102)]: 9269817.34 meters
[controller-2] [INFO] [1744587992.176764585] [drone_home1.controller]: Bearing: 262.53°
[controller-2] [INFO] [1744587992.177684557] [drone_home1.controller]: Going to [(29.639567, -82.361102)]: 9269817.34 meters
[controller-2] [INFO] [1744587992.277034055] [drone_home1.controller]: Bearing: 262.53°
[controller-2] [INFO] [1744587992.278009931] [drone_home1.controller]: Going to [(29.639567, -82.361102)]: 9269817.34 meters
[controller-2] [INFO] [1744587992.377897576] [drone_home1.controller]: Bearing: 262.53°
[controller-2] [INFO] [1744587992.379210541] [drone_home1.controller]: Going to [(29.639567, -82.361102)]: 9269817.34 meters
[controller-2] [INFO] [1744587992.476826113] [drone_home1.controller]: Bearing: 262.53°
[controller-2] [INFO] [1744587992.477848613] [drone_home1.controller]: Going to [(29.639567, -82.361102)]: 9269817.34 meters
[controller-2] [INFO] [1744587992.577378400] [drone_home1.controller]: Bearing: 262.53°
[controller-2] [INFO] [1744587992.579681769] [drone_home1.controller]: Going to [(29.639567, -82.361102)]: 9269817.34 meters
[controller-2] [INFO] [1744587992.677879743] [drone_home1.controller]: Bearing: 262.53°
[controller-2] [INFO] [1744587992.680297097] [drone_home1.controller]: Going to [(29.639567, -82.361102)]: 9269817.34 meters
[controller-2] [INFO] [1744587992.777459355] [drone_home1.controller]: Bearing: 262.53°
[controller-2] [INFO] [1744587992.779728804] [drone_home1.controller]: Going to [(29.639567, -82.361102)]: 9269817.34 meters
[controller-2] [INFO] [1744587992.877432056] [drone_home1.controller]: Bearing: 262.53°
[controller-2] [INFO] [1744587992.879811329] [drone_home1.controller]: Going to [(29.639567, -82.361102)]: 9269817.34 meters
[controller-2] [INFO] [1744587992.977485749] [drone_home1.controller]: Bearing: 262.53°
[controller-2] [INFO] [1744587992.979660094] [drone_home1.controller]: Going to [(29.639567, -82.361102)]: 9269817.34 meters
[controller-2] [INFO] [1744587993.077465502] [drone_home1.controller]: Bearing: 262.53°
[controller-2] [INFO] [1744587993.081147308] [drone_home1.controller]: Going to [(29.639567, -82.361102)]: 9269817.34 meters
[controller-2] [INFO] [1744587993.177584746] [drone_home1.controller]: Bearing: 262.53°
[controller-2] [INFO] [1744587993.179181104] [drone_home1.controller]: Going to [(29.639567, -82.361102)]: 9269817.34 meters
[controller-2] [INFO] [1744587993.277651030] [drone_home1.controller]: Bearing: 262.53°
[controller-2] [INFO] [1744587993.279835166] [drone_home1.controller]: Going to [(29.639567, -82.361102)]: 9269817.34 meters
[controller-2] [INFO] [1744587993.377412128] [drone_home1.controller]: Bearing: 262.53°
[controller-2] [INFO] [1744587993.379462216] [drone_home1.controller]: Going to [(29.639567, -82.361102)]: 9269817.34 meters
[controller-2] [INFO] [1744587993.477409740] [drone_home1.controller]: Bearing: 262.53°
[controller-2] [INFO] [1744587993.479365972] [drone_home1.controller]: Going to [(29.639567, -82.361102)]: 9269817.34 meters
[controller-2] [INFO] [1744587993.577410392] [drone_home1.controller]: Bearing: 262.53°
[controller-2] [INFO] [1744587993.579658945] [drone_home1.controller]: Going to [(29.639567, -82.361102)]: 9269817.34 meters
[controller-2] [INFO] [1744587993.677388259] [drone_home1.controller]: Bearing: 262.53°
[controller-2] [INFO] [1744587993.678289607] [drone_home1.controller]: Going to [(29.639567, -82.361102)]: 9269817.34 meters
[controller-2] [INFO] [1744587993.777593712] [drone_home1.controller]: Bearing: 262.53°
[controller-2] [INFO] [1744587993.779023349] [drone_home1.controller]: Going to [(29.639567, -82.361102)]: 9269817.34 meters
[controller-2] [INFO] [1744587993.878822656] [drone_home1.controller]: Bearing: 262.53°
[controller-2] [INFO] [1744587993.880415366] [drone_home1.controller]: Going to [(29.639567, -82.361102)]: 9269817.34 meters
[controller-2] [INFO] [1744587993.977775656] [drone_home1.controller]: Bearing: 262.53°
[controller-2] [INFO] [1744587993.979967120] [drone_home1.controller]: Going to [(29.639567, -82.361102)]: 9269817.34 meters
[controller-2] [INFO] [1744587994.077426237] [drone_home1.controller]: Bearing: 262.53°
[controller-2] [INFO] [1744587994.079023587] [drone_home1.controller]: Going to [(29.639567, -82.361102)]: 9269817.34 meters
[controller-2] [INFO] [1744587994.176604691] [drone_home1.controller]: Bearing: 262.53°
[controller-2] [INFO] [1744587994.177577303] [drone_home1.controller]: Going to [(29.639567, -82.361102)]: 9269817.34 meters
[controller-2] [INFO] [1744587994.277491729] [drone_home1.controller]: Bearing: 262.53°
[controller-2] [INFO] [1744587994.278422869] [drone_home1.controller]: Going to [(29.639567, -82.361102)]: 9269817.34 meters
[controller-2] [INFO] [1744587994.377191241] [drone_home1.controller]: Bearing: 262.53°
[controller-2] [INFO] [1744587994.378070253] [drone_home1.controller]: Going to [(29.639567, -82.361102)]: 9269817.34 meters
[controller-2] [INFO] [1744587994.477385732] [drone_home1.controller]: Bearing: 262.53°
[controller-2] [INFO] [1744587994.478313896] [drone_home1.controller]: Going to [(29.639567, -82.361102)]: 9269817.34 meters
[controller-2] [INFO] [1744587994.577303134] [drone_home1.controller]: Bearing: 262.53°
[controller-2] [INFO] [1744587994.578154497] [drone_home1.controller]: Going to [(29.639567, -82.361102)]: 9269817.34 meters
[controller-2] [INFO] [1744587994.676954742] [drone_home1.controller]: Bearing: 262.53°
[controller-2] [INFO] [1744587994.678820638] [drone_home1.controller]: Going to [(29.639567, -82.361102)]: 9269817.34 meters
[controller-2] [INFO] [1744587994.777217105] [drone_home1.controller]: Bearing: 262.53°
[controller-2] [INFO] [1744587994.778635959] [drone_home1.controller]: Going to [(29.639567, -82.361102)]: 9269817.34 meters
[controller-2] [INFO] [1744587994.876881833] [drone_home1.controller]: Bearing: 262.53°
[controller-2] [INFO] [1744587994.878004206] [drone_home1.controller]: Going to [(29.639567, -82.361102)]: 9269817.34 meters
[controller-2] [INFO] [1744587994.976787075] [drone_home1.controller]: Bearing: 262.53°
[controller-2] [INFO] [1744587994.978347369] [drone_home1.controller]: Going to [(29.639567, -82.361102)]: 9269817.34 meters
[controller-2] [INFO] [1744587995.077425290] [drone_home1.controller]: Bearing: 262.53°
[controller-2] [INFO] [1744587995.078361102] [drone_home1.controller]: Going to [(29.639567, -82.361102)]: 9269817.34 meters
[controller-2] [INFO] [1744587995.177547410] [drone_home1.controller]: Bearing: 262.53°
[controller-2] [INFO] [1744587995.178708407] [drone_home1.controller]: Going to [(29.639567, -82.361102)]: 9269817.34 meters
[controller-2] [INFO] [1744587995.277267449] [drone_home1.controller]: Bearing: 262.53°
[controller-2] [INFO] [1744587995.278815680] [drone_home1.controller]: Going to [(29.639567, -82.361102)]: 9269817.34 meters
[controller-2] [INFO] [1744587995.377436994] [drone_home1.controller]: Bearing: 262.53°
[controller-2] [INFO] [1744587995.379921708] [drone_home1.controller]: Going to [(29.639567, -82.361102)]: 9269817.34 meters
[controller-2] [INFO] [1744587995.477041352] [drone_home1.controller]: Bearing: 262.53°
[controller-2] [INFO] [1744587995.478128364] [drone_home1.controller]: Going to [(29.639567, -82.361102)]: 9269817.34 meters
[controller-2] [INFO] [1744587995.576550062] [drone_home1.controller]: Bearing: 262.53°
[controller-2] [INFO] [1744587995.577576050] [drone_home1.controller]: Going to [(29.639567, -82.361102)]: 9269817.34 meters
[controller-2] [INFO] [1744587995.676651894] [drone_home1.controller]: Bearing: 262.53°
[controller-2] [INFO] [1744587995.678186556] [drone_home1.controller]: Going to [(29.639567, -82.361102)]: 9269817.34 meters
[controller-2] [INFO] [1744587995.776558781] [drone_home1.controller]: Bearing: 262.53°
[controller-2] [INFO] [1744587995.777947075] [drone_home1.controller]: Going to [(29.639567, -82.361102)]: 9269817.34 meters
[controller-2] [INFO] [1744587995.877627146] [drone_home1.controller]: Bearing: 262.53°
[controller-2] [INFO] [1744587995.880748727] [drone_home1.controller]: Going to [(29.639567, -82.361102)]: 9269817.34 meters
[controller-2] [INFO] [1744587995.977428689] [drone_home1.controller]: Bearing: 262.53°
[controller-2] [INFO] [1744587995.978802167] [drone_home1.controller]: Going to [(29.639567, -82.361102)]: 9269817.34 meters
[controller-2] [INFO] [1744587996.077769989] [drone_home1.controller]: Bearing: 262.53°
[controller-2] [INFO] [1744587996.079376716] [drone_home1.controller]: Going to [(29.639567, -82.361102)]: 9269817.34 meters
[controller-2] [INFO] [1744587996.177156312] [drone_home1.controller]: Bearing: 262.53°
[controller-2] [INFO] [1744587996.179627970] [drone_home1.controller]: Going to [(29.639567, -82.361102)]: 9269817.34 meters
[controller-2] [INFO] [1744587996.276791244] [drone_home1.controller]: Bearing: 262.53°
[controller-2] [INFO] [1744587996.278438387] [drone_home1.controller]: Going to [(29.639567, -82.361102)]: 9269817.34 meters
[controller-2] [INFO] [1744587996.377208291] [drone_home1.controller]: Bearing: 262.53°
[controller-2] [INFO] [1744587996.378219559] [drone_home1.controller]: Going to [(29.639567, -82.361102)]: 9269817.34 meters
[controller-2] [INFO] [1744587996.477456602] [drone_home1.controller]: Bearing: 262.53°
[controller-2] [INFO] [1744587996.478376126] [drone_home1.controller]: Going to [(29.639567, -82.361102)]: 9269817.34 meters
[controller-2] [INFO] [1744587996.578098034] [drone_home1.controller]: Bearing: 262.53°
[controller-2] [INFO] [1744587996.579635705] [drone_home1.controller]: Going to [(29.639567, -82.361102)]: 9269817.34 meters
[controller-2] [INFO] [1744587996.677317540] [drone_home1.controller]: Bearing: 262.53°
[controller-2] [INFO] [1744587996.678873995] [drone_home1.controller]: Going to [(29.639567, -82.361102)]: 9269817.34 meters
[controller-2] [INFO] [1744587996.777521339] [drone_home1.controller]: Bearing: 262.53°
[controller-2] [INFO] [1744587996.778529183] [drone_home1.controller]: Going to [(29.639567, -82.361102)]: 9269817.34 meters
[controller-2] [INFO] [1744587996.876692173] [drone_home1.controller]: Bearing: 262.53°
[controller-2] [INFO] [1744587996.877678641] [drone_home1.controller]: Going to [(29.639567, -82.361102)]: 9269817.34 meters
[controller-2] [INFO] [1744587996.977338981] [drone_home1.controller]: Bearing: 262.53°
[controller-2] [INFO] [1744587996.978214089] [drone_home1.controller]: Going to [(29.639567, -82.361102)]: 9269817.34 meters
[controller-2] [INFO] [1744587997.076954948] [drone_home1.controller]: Bearing: 262.53°
[controller-2] [INFO] [1744587997.077891496] [drone_home1.controller]: Going to [(29.639567, -82.361102)]: 9269817.34 meters
[controller-2] [INFO] [1744587997.177375977] [drone_home1.controller]: Bearing: 262.53°
[controller-2] [INFO] [1744587997.178232813] [drone_home1.controller]: Going to [(29.639567, -82.361102)]: 9269817.34 meters
[controller-2] [INFO] [1744587997.276658953] [drone_home1.controller]: Bearing: 262.53°
[controller-2] [INFO] [1744587997.278499313] [drone_home1.controller]: Going to [(29.639567, -82.361102)]: 9269817.34 meters
[controller-2] [INFO] [1744587997.376620588] [drone_home1.controller]: Bearing: 262.53°
[controller-2] [INFO] [1744587997.377944114] [drone_home1.controller]: Going to [(29.639567, -82.361102)]: 9269817.34 meters
[controller-2] [INFO] [1744587997.476691407] [drone_home1.controller]: Bearing: 262.53°
[controller-2] [INFO] [1744587997.477677620] [drone_home1.controller]: Going to [(29.639567, -82.361102)]: 9269817.34 meters
[controller-2] [INFO] [1744587997.576621394] [drone_home1.controller]: Bearing: 262.53°
[controller-2] [INFO] [1744587997.577587670] [drone_home1.controller]: Going to [(29.639567, -82.361102)]: 9269817.34 meters
[controller-2] [INFO] [1744587997.676831766] [drone_home1.controller]: Bearing: 262.53°
[controller-2] [INFO] [1744587997.677787546] [drone_home1.controller]: Going to [(29.639567, -82.361102)]: 9269817.34 meters
[controller-2] [INFO] [1744587997.777032314] [drone_home1.controller]: Bearing: 262.53°
[controller-2] [INFO] [1744587997.778232256] [drone_home1.controller]: Going to [(29.639567, -82.361102)]: 9269817.34 meters
[controller-2] [INFO] [1744587997.877179710] [drone_home1.controller]: Bearing: 262.53°
[controller-2] [INFO] [1744587997.880644142] [drone_home1.controller]: Going to [(29.639567, -82.361102)]: 9269817.34 meters
[controller-2] [INFO] [1744587997.976707199] [drone_home1.controller]: Bearing: 262.53°
[controller-2] [INFO] [1744587997.980176111] [drone_home1.controller]: Going to [(29.639567, -82.361102)]: 9269817.34 meters
[controller-2] [INFO] [1744587998.078027827] [drone_home1.controller]: Bearing: 262.53°
[controller-2] [INFO] [1744587998.080063804] [drone_home1.controller]: Going to [(29.639567, -82.361102)]: 9269817.34 meters
[controller-2] [INFO] [1744587998.178724998] [drone_home1.controller]: Bearing: 262.53°
[controller-2] [INFO] [1744587998.180277390] [drone_home1.controller]: Going to [(29.639567, -82.361102)]: 9269817.34 meters
[controller-2] [INFO] [1744587998.276593421] [drone_home1.controller]: Bearing: 262.53°
[controller-2] [INFO] [1744587998.278201268] [drone_home1.controller]: Going to [(29.639567, -82.361102)]: 9269817.34 meters
[controller-2] [INFO] [1744587998.376761310] [drone_home1.controller]: Bearing: 262.53°
[controller-2] [INFO] [1744587998.377831587] [drone_home1.controller]: Going to [(29.639567, -82.361102)]: 9269817.34 meters
[controller-2] [INFO] [1744587998.476848719] [drone_home1.controller]: Bearing: 262.53°
[controller-2] [INFO] [1744587998.477885108] [drone_home1.controller]: Going to [(29.639567, -82.361102)]: 9269817.34 meters
[controller-2] [INFO] [1744587998.576561918] [drone_home1.controller]: Bearing: 262.53°
[controller-2] [INFO] [1744587998.577537027] [drone_home1.controller]: Going to [(29.639567, -82.361102)]: 9269817.34 meters
[controller-2] [INFO] [1744587998.676646991] [drone_home1.controller]: Bearing: 262.53°
[controller-2] [INFO] [1744587998.679404188] [drone_home1.controller]: Going to [(29.639567, -82.361102)]: 9269817.34 meters
[controller-2] [INFO] [1744587998.776946497] [drone_home1.controller]: Bearing: 262.53°
[controller-2] [INFO] [1744587998.778022982] [drone_home1.controller]: Going to [(29.639567, -82.361102)]: 9269817.34 meters
[controller-2] [INFO] [1744587998.877696181] [drone_home1.controller]: Bearing: 262.53°
[controller-2] [INFO] [1744587998.878785178] [drone_home1.controller]: Going to [(29.639567, -82.361102)]: 9269817.34 meters
[controller-2] [INFO] [1744587998.976843074] [drone_home1.controller]: Bearing: 262.53°
[controller-2] [INFO] [1744587998.977920135] [drone_home1.controller]: Going to [(29.639567, -82.361102)]: 9269817.34 meters
[controller-2] [INFO] [1744587999.076883421] [drone_home1.controller]: Bearing: 262.53°
[controller-2] [INFO] [1744587999.078253859] [drone_home1.controller]: Going to [(29.639567, -82.361102)]: 9269817.34 meters
[controller-2] [INFO] [1744587999.177077435] [drone_home1.controller]: Bearing: 262.53°
[controller-2] [INFO] [1744587999.178051744] [drone_home1.controller]: Going to [(29.639567, -82.361102)]: 9269817.34 meters
[controller-2] [INFO] [1744587999.277102745] [drone_home1.controller]: Bearing: 262.53°
[controller-2] [INFO] [1744587999.278144126] [drone_home1.controller]: Going to [(29.639567, -82.361102)]: 9269817.34 meters
[controller-2] [INFO] [1744587999.376807701] [drone_home1.controller]: Bearing: 262.53°
[controller-2] [INFO] [1744587999.377812538] [drone_home1.controller]: Going to [(29.639567, -82.361102)]: 9269817.34 meters
[controller-2] [INFO] [1744587999.476846739] [drone_home1.controller]: Bearing: 262.53°
[controller-2] [INFO] [1744587999.477855672] [drone_home1.controller]: Going to [(29.639567, -82.361102)]: 9269817.34 meters
[controller-2] [INFO] [1744587999.576640464] [drone_home1.controller]: Bearing: 262.53°
[controller-2] [INFO] [1744587999.577599636] [drone_home1.controller]: Going to [(29.639567, -82.361102)]: 9269817.34 meters
[controller-2] [INFO] [1744587999.677360849] [drone_home1.controller]: Bearing: 262.53°
[controller-2] [INFO] [1744587999.678422550] [drone_home1.controller]: Going to [(29.639567, -82.361102)]: 9269817.34 meters
[controller-2] [INFO] [1744587999.778826326] [drone_home1.controller]: Bearing: 262.53°
[controller-2] [INFO] [1744587999.780548318] [drone_home1.controller]: Going to [(29.639567, -82.361102)]: 9269817.34 meters
[controller-2] [INFO] [1744587999.877458733] [drone_home1.controller]: Bearing: 262.53°
[controller-2] [INFO] [1744587999.878983764] [drone_home1.controller]: Going to [(29.639567, -82.361102)]: 9269817.34 meters
[controller-2] [INFO] [1744587999.976828679] [drone_home1.controller]: Bearing: 262.53°
[controller-2] [INFO] [1744587999.977807692] [drone_home1.controller]: Going to [(29.639567, -82.361102)]: 9269817.34 meters
[controller-2] [INFO] [1744588000.076679438] [drone_home1.controller]: Bearing: 262.53°
[controller-2] [INFO] [1744588000.077963732] [drone_home1.controller]: Going to [(29.639567, -82.361102)]: 9269817.34 meters
[controller-2] [INFO] [1744588000.177273052] [drone_home1.controller]: Bearing: 262.53°
[controller-2] [INFO] [1744588000.178224928] [drone_home1.controller]: Going to [(29.639567, -82.361102)]: 9269817.34 meters
[controller-2] [INFO] [1744588000.276780004] [drone_home1.controller]: Bearing: 262.53°
[controller-2] [INFO] [1744588000.277734985] [drone_home1.controller]: Going to [(29.639567, -82.361102)]: 9269817.34 meters
[controller-2] [INFO] [1744588000.377459154] [drone_home1.controller]: Bearing: 262.53°
[controller-2] [INFO] [1744588000.379368699] [drone_home1.controller]: Going to [(29.639567, -82.361102)]: 9269817.34 meters
[controller-2] [INFO] [1744588000.477388444] [drone_home1.controller]: Bearing: 262.53°
[controller-2] [INFO] [1744588000.478904291] [drone_home1.controller]: Going to [(29.639567, -82.361102)]: 9269817.34 meters
[controller-2] [INFO] [1744588000.577523783] [drone_home1.controller]: Bearing: 262.53°
[controller-2] [INFO] [1744588000.579451985] [drone_home1.controller]: Going to [(29.639567, -82.361102)]: 9269817.34 meters
[controller-2] [INFO] [1744588000.677500178] [drone_home1.controller]: Bearing: 262.53°
[controller-2] [INFO] [1744588000.679353147] [drone_home1.controller]: Going to [(29.639567, -82.361102)]: 9269817.34 meters
[controller-2] [INFO] [1744588000.777238171] [drone_home1.controller]: Bearing: 262.53°
[controller-2] [INFO] [1744588000.778126655] [drone_home1.controller]: Going to [(29.639567, -82.361102)]: 9269817.34 meters
[controller-2] [INFO] [1744588000.878447564] [drone_home1.controller]: Bearing: 262.53°
[controller-2] [INFO] [1744588000.880149044] [drone_home1.controller]: Going to [(29.639567, -82.361102)]: 9269817.34 meters
[controller-2] [INFO] [1744588000.976610957] [drone_home1.controller]: Bearing: 262.53°
[controller-2] [INFO] [1744588000.977794291] [drone_home1.controller]: Going to [(29.639567, -82.361102)]: 9269817.34 meters
[controller-2] [INFO] [1744588001.077899112] [drone_home1.controller]: Bearing: 262.53°
[controller-2] [INFO] [1744588001.079576880] [drone_home1.controller]: Going to [(29.639567, -82.361102)]: 9269817.34 meters
[controller-2] [INFO] [1744588001.177492765] [drone_home1.controller]: Bearing: 262.53°
[controller-2] [INFO] [1744588001.178693891] [drone_home1.controller]: Going to [(29.639567, -82.361102)]: 9269817.34 meters
[controller-2] [INFO] [1744588001.277629941] [drone_home1.controller]: Bearing: 262.53°
[controller-2] [INFO] [1744588001.278543066] [drone_home1.controller]: Going to [(29.639567, -82.361102)]: 9269817.34 meters
[controller-2] [INFO] [1744588001.377230283] [drone_home1.controller]: Bearing: 262.53°
[controller-2] [INFO] [1744588001.378083951] [drone_home1.controller]: Going to [(29.639567, -82.361102)]: 9269817.34 meters
[controller-2] [INFO] [1744588001.477291106] [drone_home1.controller]: Bearing: 262.53°
[controller-2] [INFO] [1744588001.479703502] [drone_home1.controller]: Going to [(29.639567, -82.361102)]: 9269817.34 meters
[controller-2] [INFO] [1744588001.576811863] [drone_home1.controller]: Bearing: 262.53°
[controller-2] [INFO] [1744588001.577860956] [drone_home1.controller]: Going to [(29.639567, -82.361102)]: 9269817.34 meters
[controller-2] [INFO] [1744588001.677726675] [drone_home1.controller]: Bearing: 262.53°
[controller-2] [INFO] [1744588001.678680728] [drone_home1.controller]: Going to [(29.639567, -82.361102)]: 9269817.34 meters
[controller-2] [INFO] [1744588001.776681509] [drone_home1.controller]: Bearing: 262.53°
[controller-2] [INFO] [1744588001.778950897] [drone_home1.controller]: Going to [(29.639567, -82.361102)]: 9269817.34 meters
[controller-2] [INFO] [1744588001.877539937] [drone_home1.controller]: Bearing: 262.53°
[controller-2] [INFO] [1744588001.878436293] [drone_home1.controller]: Going to [(29.639567, -82.361102)]: 9269817.34 meters
[controller-2] [INFO] [1744588001.977731193] [drone_home1.controller]: Bearing: 262.53°
[controller-2] [INFO] [1744588001.978619710] [drone_home1.controller]: Going to [(29.639567, -82.361102)]: 9269817.34 meters
[controller-2] [INFO] [1744588002.078686047] [drone_home1.controller]: Bearing: 262.53°
[controller-2] [INFO] [1744588002.079650020] [drone_home1.controller]: Going to [(29.639567, -82.361102)]: 9269817.34 meters
[controller-2] [INFO] [1744588002.176496472] [drone_home1.controller]: Bearing: 262.53°
[controller-2] [INFO] [1744588002.177431292] [drone_home1.controller]: Going to [(29.639567, -82.361102)]: 9269817.34 meters
[controller-2] [INFO] [1744588002.276448955] [drone_home1.controller]: Bearing: 262.53°
[controller-2] [INFO] [1744588002.277673762] [drone_home1.controller]: Going to [(29.639567, -82.361102)]: 9269817.34 meters
[controller-2] [INFO] [1744588002.376599520] [drone_home1.controller]: Bearing: 262.53°
[controller-2] [INFO] [1744588002.378055591] [drone_home1.controller]: Going to [(29.639567, -82.361102)]: 9269817.34 meters
[controller-2] [INFO] [1744588002.477355048] [drone_home1.controller]: Bearing: 262.53°
[controller-2] [INFO] [1744588002.478405901] [drone_home1.controller]: Going to [(29.639567, -82.361102)]: 9269817.34 meters
[controller-2] [INFO] [1744588002.576804009] [drone_home1.controller]: Bearing: 262.53°
[controller-2] [INFO] [1744588002.578304016] [drone_home1.controller]: Going to [(29.639567, -82.361102)]: 9269817.34 meters
[controller-2] [INFO] [1744588002.676855341] [drone_home1.controller]: Bearing: 262.53°
[controller-2] [INFO] [1744588002.678157044] [drone_home1.controller]: Going to [(29.639567, -82.361102)]: 9269817.34 meters
[controller-2] [INFO] [1744588002.777178770] [drone_home1.controller]: Bearing: 262.53°
[controller-2] [INFO] [1744588002.778020055] [drone_home1.controller]: Going to [(29.639567, -82.361102)]: 9269817.34 meters
[controller-2] [INFO] [1744588002.877529688] [drone_home1.controller]: Bearing: 262.53°
[controller-2] [INFO] [1744588002.878641022] [drone_home1.controller]: Going to [(29.639567, -82.361102)]: 9269817.34 meters
[controller-2] [INFO] [1744588002.976610135] [drone_home1.controller]: Bearing: 262.53°
[controller-2] [INFO] [1744588002.977768893] [drone_home1.controller]: Going to [(29.639567, -82.361102)]: 9269817.34 meters
[controller-2] [INFO] [1744588003.076625636] [drone_home1.controller]: Bearing: 262.53°
[controller-2] [INFO] [1744588003.077605418] [drone_home1.controller]: Going to [(29.639567, -82.361102)]: 9269817.34 meters
[controller-2] [INFO] [1744588003.177154039] [drone_home1.controller]: Bearing: 262.53°
[controller-2] [INFO] [1744588003.178016764] [drone_home1.controller]: Going to [(29.639567, -82.361102)]: 9269817.34 meters
[controller-2] [INFO] [1744588003.277154824] [drone_home1.controller]: Bearing: 262.53°
[controller-2] [INFO] [1744588003.278015916] [drone_home1.controller]: Going to [(29.639567, -82.361102)]: 9269817.34 meters
[controller-2] [INFO] [1744588003.377141720] [drone_home1.controller]: Bearing: 262.53°
[controller-2] [INFO] [1744588003.378056381] [drone_home1.controller]: Going to [(29.639567, -82.361102)]: 9269817.34 meters
[controller-2] [INFO] [1744588003.477001671] [drone_home1.controller]: Bearing: 262.53°
[controller-2] [INFO] [1744588003.478292174] [drone_home1.controller]: Going to [(29.639567, -82.361102)]: 9269817.34 meters
[controller-2] [INFO] [1744588003.576860631] [drone_home1.controller]: Bearing: 262.53°
[controller-2] [INFO] [1744588003.578170142] [drone_home1.controller]: Going to [(29.639567, -82.361102)]: 9269817.34 meters
[controller-2] [INFO] [1744588003.676629574] [drone_home1.controller]: Bearing: 262.53°
[controller-2] [INFO] [1744588003.677780908] [drone_home1.controller]: Going to [(29.639567, -82.361102)]: 9269817.34 meters
[controller-2] [INFO] [1744588003.776612502] [drone_home1.controller]: Bearing: 262.53°
[controller-2] [INFO] [1744588003.777685307] [drone_home1.controller]: Going to [(29.639567, -82.361102)]: 9269817.34 meters
[controller-2] [INFO] [1744588003.876584742] [drone_home1.controller]: Bearing: 262.53°
[controller-2] [INFO] [1744588003.877595755] [drone_home1.controller]: Going to [(29.639567, -82.361102)]: 9269817.34 meters
[controller-2] [INFO] [1744588003.976568022] [drone_home1.controller]: Bearing: 262.53°
[controller-2] [INFO] [1744588003.978282911] [drone_home1.controller]: Going to [(29.639567, -82.361102)]: 9269817.34 meters
[controller-2] [INFO] [1744588004.076569839] [drone_home1.controller]: Bearing: 262.53°
[controller-2] [INFO] [1744588004.077944663] [drone_home1.controller]: Going to [(29.639567, -82.361102)]: 9269817.34 meters
[controller-2] [INFO] [1744588004.176826221] [drone_home1.controller]: Bearing: 262.53°
[controller-2] [INFO] [1744588004.178155156] [drone_home1.controller]: Going to [(29.639567, -82.361102)]: 9269817.34 meters
[controller-2] [INFO] [1744588004.276717193] [drone_home1.controller]: Bearing: 262.53°
[controller-2] [INFO] [1744588004.278144785] [drone_home1.controller]: Going to [(29.639567, -82.361102)]: 9269817.34 meters
[controller-2] [INFO] [1744588004.377138696] [drone_home1.controller]: Bearing: 262.53°
[controller-2] [INFO] [1744588004.378194989] [drone_home1.controller]: Going to [(29.639567, -82.361102)]: 9269817.34 meters
[controller-2] [INFO] [1744588004.476763426] [drone_home1.controller]: Bearing: 262.53°
[controller-2] [INFO] [1744588004.478305642] [drone_home1.controller]: Going to [(29.639567, -82.361102)]: 9269817.34 meters
[controller-2] [INFO] [1744588004.577340481] [drone_home1.controller]: Bearing: 262.53°
[controller-2] [INFO] [1744588004.578749353] [drone_home1.controller]: Going to [(29.639567, -82.361102)]: 9269817.34 meters
[controller-2] [INFO] [1744588004.677341694] [drone_home1.controller]: Bearing: 262.53°
[controller-2] [INFO] [1744588004.678475620] [drone_home1.controller]: Going to [(29.639567, -82.361102)]: 9269817.34 meters
[controller-2] [INFO] [1744588004.776583638] [drone_home1.controller]: Bearing: 262.53°
[controller-2] [INFO] [1744588004.777660476] [drone_home1.controller]: Going to [(29.639567, -82.361102)]: 9269817.34 meters
[controller-2] [INFO] [1744588004.877173397] [drone_home1.controller]: Bearing: 262.53°
[controller-2] [INFO] [1744588004.878185659] [drone_home1.controller]: Going to [(29.639567, -82.361102)]: 9269817.34 meters
[controller-2] [INFO] [1744588004.977238802] [drone_home1.controller]: Bearing: 262.53°
[controller-2] [INFO] [1744588004.978290104] [drone_home1.controller]: Going to [(29.639567, -82.361102)]: 9269817.34 meters
[controller-2] [INFO] [1744588005.077323000] [drone_home1.controller]: Bearing: 262.53°
[controller-2] [INFO] [1744588005.078428702] [drone_home1.controller]: Going to [(29.639567, -82.361102)]: 9269817.34 meters
[controller-2] [INFO] [1744588005.177200416] [drone_home1.controller]: Bearing: 262.53°
[controller-2] [INFO] [1744588005.178081541] [drone_home1.controller]: Going to [(29.639567, -82.361102)]: 9269817.34 meters
[controller-2] [INFO] [1744588005.277587402] [drone_home1.controller]: Bearing: 262.53°
[controller-2] [INFO] [1744588005.278524111] [drone_home1.controller]: Going to [(29.639567, -82.361102)]: 9269817.34 meters
[controller-2] [INFO] [1744588005.377285617] [drone_home1.controller]: Bearing: 262.53°
[controller-2] [INFO] [1744588005.378187990] [drone_home1.controller]: Going to [(29.639567, -82.361102)]: 9269817.34 meters
[controller-2] [INFO] [1744588005.477571611] [drone_home1.controller]: Bearing: 262.53°
[controller-2] [INFO] [1744588005.478470784] [drone_home1.controller]: Going to [(29.639567, -82.361102)]: 9269817.34 meters
[controller-2] [INFO] [1744588005.577549955] [drone_home1.controller]: Bearing: 262.53°
[controller-2] [INFO] [1744588005.578545448] [drone_home1.controller]: Going to [(29.639567, -82.361102)]: 9269817.34 meters
[controller-2] [INFO] [1744588005.677430730] [drone_home1.controller]: Bearing: 262.53°
[controller-2] [INFO] [1744588005.678990579] [drone_home1.controller]: Going to [(29.639567, -82.361102)]: 9269817.34 meters
[controller-2] [INFO] [1744588005.777844501] [drone_home1.controller]: Bearing: 262.53°
[controller-2] [INFO] [1744588005.779393982] [drone_home1.controller]: Going to [(29.639567, -82.361102)]: 9269817.34 meters
[controller-2] [INFO] [1744588005.877334651] [drone_home1.controller]: Bearing: 262.53°
[controller-2] [INFO] [1744588005.878886691] [drone_home1.controller]: Going to [(29.639567, -82.361102)]: 9269817.34 meters
[controller-2] [INFO] [1744588005.977371619] [drone_home1.controller]: Bearing: 262.53°
[controller-2] [INFO] [1744588005.978973388] [drone_home1.controller]: Going to [(29.639567, -82.361102)]: 9269817.34 meters
[controller-2] [INFO] [1744588006.077434005] [drone_home1.controller]: Bearing: 262.53°
[controller-2] [INFO] [1744588006.079007582] [drone_home1.controller]: Going to [(29.639567, -82.361102)]: 9269817.34 meters
[controller-2] [INFO] [1744588006.177414409] [drone_home1.controller]: Bearing: 262.53°
[controller-2] [INFO] [1744588006.178942417] [drone_home1.controller]: Going to [(29.639567, -82.361102)]: 9269817.34 meters
[controller-2] [INFO] [1744588006.276593272] [drone_home1.controller]: Bearing: 262.53°
[controller-2] [INFO] [1744588006.277912160] [drone_home1.controller]: Going to [(29.639567, -82.361102)]: 9269817.34 meters
[controller-2] [INFO] [1744588006.377325168] [drone_home1.controller]: Bearing: 262.53°
[controller-2] [INFO] [1744588006.378884601] [drone_home1.controller]: Going to [(29.639567, -82.361102)]: 9269817.34 meters
[controller-2] [INFO] [1744588006.476725377] [drone_home1.controller]: Bearing: 262.53°
[controller-2] [INFO] [1744588006.477732359] [drone_home1.controller]: Going to [(29.639567, -82.361102)]: 9269817.34 meters
[controller-2] [INFO] [1744588006.576726709] [drone_home1.controller]: Bearing: 262.53°
[controller-2] [INFO] [1744588006.577722235] [drone_home1.controller]: Going to [(29.639567, -82.361102)]: 9269817.34 meters
[controller-2] [INFO] [1744588006.677348077] [drone_home1.controller]: Bearing: 262.53°
[controller-2] [INFO] [1744588006.678847861] [drone_home1.controller]: Going to [(29.639567, -82.361102)]: 9269817.34 meters
[controller-2] [INFO] [1744588006.777477601] [drone_home1.controller]: Bearing: 262.53°
[controller-2] [INFO] [1744588006.778983114] [drone_home1.controller]: Going to [(29.639567, -82.361102)]: 9269817.34 meters
[controller-2] [INFO] [1744588006.876598833] [drone_home1.controller]: Bearing: 262.53°
[controller-2] [INFO] [1744588006.877558742] [drone_home1.controller]: Going to [(29.639567, -82.361102)]: 9269817.34 meters
[controller-2] [INFO] [1744588006.976666853] [drone_home1.controller]: Bearing: 262.53°
[controller-2] [INFO] [1744588006.977637611] [drone_home1.controller]: Going to [(29.639567, -82.361102)]: 9269817.34 meters
[controller-2] [INFO] [1744588007.077417894] [drone_home1.controller]: Bearing: 262.53°
[controller-2] [INFO] [1744588007.078927983] [drone_home1.controller]: Going to [(29.639567, -82.361102)]: 9269817.34 meters
[controller-2] [INFO] [1744588007.177426790] [drone_home1.controller]: Bearing: 262.53°
[controller-2] [INFO] [1744588007.179337777] [drone_home1.controller]: Going to [(29.639567, -82.361102)]: 9269817.34 meters
[controller-2] [INFO] [1744588007.277833064] [drone_home1.controller]: Bearing: 262.53°
[controller-2] [INFO] [1744588007.279379121] [drone_home1.controller]: Going to [(29.639567, -82.361102)]: 9269817.34 meters
[controller-2] [INFO] [1744588007.378080009] [drone_home1.controller]: Bearing: 262.53°
[controller-2] [INFO] [1744588007.379664754] [drone_home1.controller]: Going to [(29.639567, -82.361102)]: 9269817.34 meters
[controller-2] [INFO] [1744588007.476914722] [drone_home1.controller]: Bearing: 262.53°
[controller-2] [INFO] [1744588007.478524939] [drone_home1.controller]: Going to [(29.639567, -82.361102)]: 9269817.34 meters
[controller-2] [INFO] [1744588007.576751137] [drone_home1.controller]: Bearing: 262.53°
[controller-2] [INFO] [1744588007.577925255] [drone_home1.controller]: Going to [(29.639567, -82.361102)]: 9269817.34 meters
[controller-2] [INFO] [1744588007.677351300] [drone_home1.controller]: Bearing: 262.53°
[controller-2] [INFO] [1744588007.678931501] [drone_home1.controller]: Going to [(29.639567, -82.361102)]: 9269817.34 meters
[controller-2] [INFO] [1744588007.777527684] [drone_home1.controller]: Bearing: 262.53°
[controller-2] [INFO] [1744588007.779078317] [drone_home1.controller]: Going to [(29.639567, -82.361102)]: 9269817.34 meters
[controller-2] [INFO] [1744588007.877558564] [drone_home1.controller]: Bearing: 262.53°
[controller-2] [INFO] [1744588007.881816317] [drone_home1.controller]: Going to [(29.639567, -82.361102)]: 9269817.34 meters
[controller-2] [INFO] [1744588007.979521775] [drone_home1.controller]: Bearing: 262.53°
[controller-2] [INFO] [1744588007.980490197] [drone_home1.controller]: Going to [(29.639567, -82.361102)]: 9269817.34 meters
[controller-2] [INFO] [1744588008.076571271] [drone_home1.controller]: Bearing: 262.53°
[controller-2] [INFO] [1744588008.077550892] [drone_home1.controller]: Going to [(29.639567, -82.361102)]: 9269817.34 meters
[controller-2] [INFO] [1744588008.177359766] [drone_home1.controller]: Bearing: 262.53°
[controller-2] [INFO] [1744588008.178268988] [drone_home1.controller]: Going to [(29.639567, -82.361102)]: 9269817.34 meters
[controller-2] [INFO] [1744588008.276784830] [drone_home1.controller]: Bearing: 262.53°
[controller-2] [INFO] [1744588008.277801092] [drone_home1.controller]: Going to [(29.639567, -82.361102)]: 9269817.34 meters
[controller-2] [INFO] [1744588008.377102923] [drone_home1.controller]: Bearing: 262.53°
[controller-2] [INFO] [1744588008.378001776] [drone_home1.controller]: Going to [(29.639567, -82.361102)]: 9269817.34 meters
[controller-2] [INFO] [1744588008.477235863] [drone_home1.controller]: Bearing: 262.53°
[controller-2] [INFO] [1744588008.478183164] [drone_home1.controller]: Going to [(29.639567, -82.361102)]: 9269817.34 meters
[controller-2] [INFO] [1744588008.576826783] [drone_home1.controller]: Bearing: 262.53°
[controller-2] [INFO] [1744588008.579402318] [drone_home1.controller]: Going to [(29.639567, -82.361102)]: 9269817.34 meters
[controller-2] [INFO] [1744588008.676958827] [drone_home1.controller]: Bearing: 262.53°
[controller-2] [INFO] [1744588008.678117298] [drone_home1.controller]: Going to [(29.639567, -82.361102)]: 9269817.34 meters
[controller-2] [INFO] [1744588008.776513204] [drone_home1.controller]: Bearing: 262.53°
[controller-2] [INFO] [1744588008.777525850] [drone_home1.controller]: Going to [(29.639567, -82.361102)]: 9269817.34 meters
[controller-2] [INFO] [1744588008.876871553] [drone_home1.controller]: Bearing: 262.53°
[controller-2] [INFO] [1744588008.878733196] [drone_home1.controller]: Going to [(29.639567, -82.361102)]: 9269817.34 meters
[controller-2] [INFO] [1744588008.976572874] [drone_home1.controller]: Bearing: 262.53°
[controller-2] [INFO] [1744588008.979500315] [drone_home1.controller]: Going to [(29.639567, -82.361102)]: 9269817.34 meters
[controller-2] [INFO] [1744588009.076508029] [drone_home1.controller]: Bearing: 262.53°
[controller-2] [INFO] [1744588009.077453219] [drone_home1.controller]: Going to [(29.639567, -82.361102)]: 9269817.34 meters
[controller-2] [INFO] [1744588009.176795061] [drone_home1.controller]: Bearing: 262.53°
[controller-2] [INFO] [1744588009.177830267] [drone_home1.controller]: Going to [(29.639567, -82.361102)]: 9269817.34 meters
[controller-2] [INFO] [1744588009.276753195] [drone_home1.controller]: Bearing: 262.53°
[controller-2] [INFO] [1744588009.277728529] [drone_home1.controller]: Going to [(29.639567, -82.361102)]: 9269817.34 meters
[controller-2] [INFO] [1744588009.377349829] [drone_home1.controller]: Bearing: 262.53°
[controller-2] [INFO] [1744588009.378252875] [drone_home1.controller]: Going to [(29.639567, -82.361102)]: 9269817.34 meters
[controller-2] [INFO] [1744588009.476735192] [drone_home1.controller]: Bearing: 262.53°
[controller-2] [INFO] [1744588009.477794750] [drone_home1.controller]: Going to [(29.639567, -82.361102)]: 9269817.34 meters
[controller-2] [INFO] [1744588009.577675348] [drone_home1.controller]: Bearing: 262.53°
[controller-2] [INFO] [1744588009.578595801] [drone_home1.controller]: Going to [(29.639567, -82.361102)]: 9269817.34 meters
[controller-2] [INFO] [1744588009.677198055] [drone_home1.controller]: Bearing: 262.53°
[controller-2] [INFO] [1744588009.678060044] [drone_home1.controller]: Going to [(29.639567, -82.361102)]: 9269817.34 meters
[controller-2] [INFO] [1744588009.777941922] [drone_home1.controller]: Bearing: 262.53°
[controller-2] [INFO] [1744588009.779269514] [drone_home1.controller]: Going to [(29.639567, -82.361102)]: 9269817.34 meters
[controller-2] [INFO] [1744588009.877106035] [drone_home1.controller]: Bearing: 262.53°
[controller-2] [INFO] [1744588009.877950392] [drone_home1.controller]: Going to [(29.639567, -82.361102)]: 9269817.34 meters
[controller-2] [INFO] [1744588009.977217194] [drone_home1.controller]: Bearing: 262.53°
[controller-2] [INFO] [1744588009.978125295] [drone_home1.controller]: Going to [(29.639567, -82.361102)]: 9269817.34 meters
[controller-2] [INFO] [1744588010.077483914] [drone_home1.controller]: Bearing: 262.53°
[controller-2] [INFO] [1744588010.078433808] [drone_home1.controller]: Going to [(29.639567, -82.361102)]: 9269817.34 meters
[controller-2] [INFO] [1744588010.177256938] [drone_home1.controller]: Bearing: 262.53°
[controller-2] [INFO] [1744588010.178146960] [drone_home1.controller]: Going to [(29.639567, -82.361102)]: 9269817.34 meters
[controller-2] [INFO] [1744588010.276508231] [drone_home1.controller]: Bearing: 262.53°
[controller-2] [INFO] [1744588010.277456237] [drone_home1.controller]: Going to [(29.639567, -82.361102)]: 9269817.34 meters
[controller-2] [INFO] [1744588010.377538639] [drone_home1.controller]: Bearing: 262.53°
[controller-2] [INFO] [1744588010.378499317] [drone_home1.controller]: Going to [(29.639567, -82.361102)]: 9269817.34 meters
[controller-2] [INFO] [1744588010.476902220] [drone_home1.controller]: Bearing: 262.53°
[controller-2] [INFO] [1744588010.477848498] [drone_home1.controller]: Going to [(29.639567, -82.361102)]: 9269817.34 meters
[controller-2] [INFO] [1744588010.576792333] [drone_home1.controller]: Bearing: 262.53°
[controller-2] [INFO] [1744588010.577809331] [drone_home1.controller]: Going to [(29.639567, -82.361102)]: 9269817.34 meters
[controller-2] [INFO] [1744588010.676982319] [drone_home1.controller]: Bearing: 262.53°
[controller-2] [INFO] [1744588010.677967797] [drone_home1.controller]: Going to [(29.639567, -82.361102)]: 9269817.34 meters
[controller-2] [INFO] [1744588010.776605358] [drone_home1.controller]: Bearing: 262.53°
[controller-2] [INFO] [1744588010.777917910] [drone_home1.controller]: Going to [(29.639567, -82.361102)]: 9269817.34 meters
[controller-2] [INFO] [1744588010.877361556] [drone_home1.controller]: Bearing: 262.53°
[controller-2] [INFO] [1744588010.878899902] [drone_home1.controller]: Going to [(29.639567, -82.361102)]: 9269817.34 meters
[controller-2] [INFO] [1744588010.977368470] [drone_home1.controller]: Bearing: 262.53°
[controller-2] [INFO] [1744588010.979275873] [drone_home1.controller]: Going to [(29.639567, -82.361102)]: 9269817.34 meters
[controller-2] [INFO] [1744588011.076654171] [drone_home1.controller]: Bearing: 262.53°
[controller-2] [INFO] [1744588011.077732514] [drone_home1.controller]: Going to [(29.639567, -82.361102)]: 9269817.34 meters
[controller-2] [INFO] [1744588011.176926889] [drone_home1.controller]: Bearing: 262.53°
[controller-2] [INFO] [1744588011.177909103] [drone_home1.controller]: Going to [(29.639567, -82.361102)]: 9269817.34 meters
[controller-2] [INFO] [1744588011.276709748] [drone_home1.controller]: Bearing: 262.53°
[controller-2] [INFO] [1744588011.277735930] [drone_home1.controller]: Going to [(29.639567, -82.361102)]: 9269817.34 meters
[controller-2] [INFO] [1744588011.377313956] [drone_home1.controller]: Bearing: 262.53°
[controller-2] [INFO] [1744588011.378186537] [drone_home1.controller]: Going to [(29.639567, -82.361102)]: 9269817.34 meters
[controller-2] [INFO] [1744588011.476552875] [drone_home1.controller]: Bearing: 262.53°
[controller-2] [INFO] [1744588011.477538897] [drone_home1.controller]: Going to [(29.639567, -82.361102)]: 9269817.34 meters
[controller-2] [INFO] [1744588011.576750776] [drone_home1.controller]: Bearing: 262.53°
[controller-2] [INFO] [1744588011.577808127] [drone_home1.controller]: Going to [(29.639567, -82.361102)]: 9269817.34 meters
[controller-2] [INFO] [1744588011.676585092] [drone_home1.controller]: Bearing: 262.53°
[controller-2] [INFO] [1744588011.677535690] [drone_home1.controller]: Going to [(29.639567, -82.361102)]: 9269817.34 meters
[controller-2] [INFO] [1744588011.776748561] [drone_home1.controller]: Bearing: 262.53°
[controller-2] [INFO] [1744588011.777701751] [drone_home1.controller]: Going to [(29.639567, -82.361102)]: 9269817.34 meters
[controller-2] [INFO] [1744588011.876653340] [drone_home1.controller]: Bearing: 262.53°
[controller-2] [INFO] [1744588011.879496430] [drone_home1.controller]: Going to [(29.639567, -82.361102)]: 9269817.34 meters
[controller-2] [INFO] [1744588011.977425453] [drone_home1.controller]: Bearing: 262.53°
[controller-2] [INFO] [1744588011.978990423] [drone_home1.controller]: Going to [(29.639567, -82.361102)]: 9269817.34 meters
[controller-2] [INFO] [1744588012.076496284] [drone_home1.controller]: Bearing: 262.53°
[controller-2] [INFO] [1744588012.078536777] [drone_home1.controller]: Going to [(29.639567, -82.361102)]: 9269817.34 meters
[controller-2] [INFO] [1744588012.177360696] [drone_home1.controller]: Bearing: 262.53°
[controller-2] [INFO] [1744588012.178242174] [drone_home1.controller]: Going to [(29.639567, -82.361102)]: 9269817.34 meters
[controller-2] [INFO] [1744588012.277465392] [drone_home1.controller]: Bearing: 262.53°
[controller-2] [INFO] [1744588012.278357110] [drone_home1.controller]: Going to [(29.639567, -82.361102)]: 9269817.34 meters
[controller-2] [INFO] [1744588012.377249158] [drone_home1.controller]: Bearing: 262.53°
[controller-2] [INFO] [1744588012.378126699] [drone_home1.controller]: Going to [(29.639567, -82.361102)]: 9269817.34 meters
[controller-2] [INFO] [1744588012.477280477] [drone_home1.controller]: Bearing: 262.53°
[controller-2] [INFO] [1744588012.478141314] [drone_home1.controller]: Going to [(29.639567, -82.361102)]: 9269817.34 meters
[controller-2] [INFO] [1744588012.576906257] [drone_home1.controller]: Bearing: 262.53°
[controller-2] [INFO] [1744588012.578187641] [drone_home1.controller]: Going to [(29.639567, -82.361102)]: 9269817.34 meters
[controller-2] [INFO] [1744588012.677275114] [drone_home1.controller]: Bearing: 262.53°
[controller-2] [INFO] [1744588012.678866292] [drone_home1.controller]: Going to [(29.639567, -82.361102)]: 9269817.34 meters
[controller-2] [INFO] [1744588012.777280705] [drone_home1.controller]: Bearing: 262.53°
[controller-2] [INFO] [1744588012.780393749] [drone_home1.controller]: Going to [(29.639567, -82.361102)]: 9269817.34 meters
[controller-2] [INFO] [1744588012.877182968] [drone_home1.controller]: Bearing: 262.53°
[controller-2] [INFO] [1744588012.878144254] [drone_home1.controller]: Going to [(29.639567, -82.361102)]: 9269817.34 meters
[controller-2] [INFO] [1744588012.976986605] [drone_home1.controller]: Bearing: 262.53°
[controller-2] [INFO] [1744588012.978698904] [drone_home1.controller]: Going to [(29.639567, -82.361102)]: 9269817.34 meters
[controller-2] [INFO] [1744588013.077799921] [drone_home1.controller]: Bearing: 262.53°
[controller-2] [INFO] [1744588013.078876088] [drone_home1.controller]: Going to [(29.639567, -82.361102)]: 9269817.34 meters
[controller-2] [INFO] [1744588013.176605291] [drone_home1.controller]: Bearing: 262.53°
[controller-2] [INFO] [1744588013.178149941] [drone_home1.controller]: Going to [(29.639567, -82.361102)]: 9269817.34 meters
[controller-2] [INFO] [1744588013.276866062] [drone_home1.controller]: Bearing: 262.53°
[controller-2] [INFO] [1744588013.278449497] [drone_home1.controller]: Going to [(29.639567, -82.361102)]: 9269817.34 meters
[controller-2] [INFO] [1744588013.377503572] [drone_home1.controller]: Bearing: 262.53°
[controller-2] [INFO] [1744588013.379080286] [drone_home1.controller]: Going to [(29.639567, -82.361102)]: 9269817.34 meters
[controller-2] [INFO] [1744588013.476773585] [drone_home1.controller]: Bearing: 262.53°
[controller-2] [INFO] [1744588013.478027033] [drone_home1.controller]: Going to [(29.639567, -82.361102)]: 9269817.34 meters
[controller-2] [INFO] [1744588013.576494608] [drone_home1.controller]: Bearing: 262.53°
[controller-2] [INFO] [1744588013.577435094] [drone_home1.controller]: Going to [(29.639567, -82.361102)]: 9269817.34 meters
[controller-2] [INFO] [1744588013.676666227] [drone_home1.controller]: Bearing: 262.53°
[controller-2] [INFO] [1744588013.677744666] [drone_home1.controller]: Going to [(29.639567, -82.361102)]: 9269817.34 meters
[controller-2] [INFO] [1744588013.776601364] [drone_home1.controller]: Bearing: 262.53°
[controller-2] [INFO] [1744588013.777970621] [drone_home1.controller]: Going to [(29.639567, -82.361102)]: 9269817.34 meters
[controller-2] [INFO] [1744588013.876583573] [drone_home1.controller]: Bearing: 262.53°
[controller-2] [INFO] [1744588013.877615836] [drone_home1.controller]: Going to [(29.639567, -82.361102)]: 9269817.34 meters
[controller-2] [INFO] [1744588013.977463580] [drone_home1.controller]: Bearing: 262.53°
[controller-2] [INFO] [1744588013.978814501] [drone_home1.controller]: Going to [(29.639567, -82.361102)]: 9269817.34 meters
[controller-2] [INFO] [1744588014.077037827] [drone_home1.controller]: Bearing: 262.53°
[controller-2] [INFO] [1744588014.078332779] [drone_home1.controller]: Going to [(29.639567, -82.361102)]: 9269817.34 meters
[controller-2] [INFO] [1744588014.177407377] [drone_home1.controller]: Bearing: 262.53°
[controller-2] [INFO] [1744588014.178363607] [drone_home1.controller]: Going to [(29.639567, -82.361102)]: 9269817.34 meters
[controller-2] [INFO] [1744588014.277782944] [drone_home1.controller]: Bearing: 262.53°
[controller-2] [INFO] [1744588014.278839174] [drone_home1.controller]: Going to [(29.639567, -82.361102)]: 9269817.34 meters
[controller-2] [INFO] [1744588014.377380329] [drone_home1.controller]: Bearing: 262.53°
[controller-2] [INFO] [1744588014.378988019] [drone_home1.controller]: Going to [(29.639567, -82.361102)]: 9269817.34 meters
[controller-2] [INFO] [1744588014.477438293] [drone_home1.controller]: Bearing: 262.53°
[controller-2] [INFO] [1744588014.479926981] [drone_home1.controller]: Going to [(29.639567, -82.361102)]: 9269817.34 meters
[controller-2] [INFO] [1744588014.577361184] [drone_home1.controller]: Bearing: 262.53°
[controller-2] [INFO] [1744588014.578882762] [drone_home1.controller]: Going to [(29.639567, -82.361102)]: 9269817.34 meters
[controller-2] [INFO] [1744588014.677194379] [drone_home1.controller]: Bearing: 262.53°
[controller-2] [INFO] [1744588014.678062577] [drone_home1.controller]: Going to [(29.639567, -82.361102)]: 9269817.34 meters
[controller-2] [INFO] [1744588014.777386200] [drone_home1.controller]: Bearing: 262.53°
[controller-2] [INFO] [1744588014.778297886] [drone_home1.controller]: Going to [(29.639567, -82.361102)]: 9269817.34 meters
[controller-2] [INFO] [1744588014.876595231] [drone_home1.controller]: Bearing: 262.53°
[controller-2] [INFO] [1744588014.877523269] [drone_home1.controller]: Going to [(29.639567, -82.361102)]: 9269817.34 meters
[controller-2] [INFO] [1744588014.976548810] [drone_home1.controller]: Bearing: 262.53°
[controller-2] [INFO] [1744588014.977485040] [drone_home1.controller]: Going to [(29.639567, -82.361102)]: 9269817.34 meters
[controller-2] [INFO] [1744588015.076815328] [drone_home1.controller]: Bearing: 262.53°
[controller-2] [INFO] [1744588015.078126440] [drone_home1.controller]: Going to [(29.639567, -82.361102)]: 9269817.34 meters
[controller-2] [INFO] [1744588015.177420730] [drone_home1.controller]: Bearing: 262.53°
[controller-2] [INFO] [1744588015.178464993] [drone_home1.controller]: Going to [(29.639567, -82.361102)]: 9269817.34 meters
[controller-2] [INFO] [1744588015.277179982] [drone_home1.controller]: Bearing: 262.53°
[controller-2] [INFO] [1744588015.280495716] [drone_home1.controller]: Going to [(29.639567, -82.361102)]: 9269817.34 meters
[controller-2] [INFO] [1744588015.377291397] [drone_home1.controller]: Bearing: 262.53°
[controller-2] [INFO] [1744588015.378172363] [drone_home1.controller]: Going to [(29.639567, -82.361102)]: 9269817.34 meters
[controller-2] [INFO] [1744588015.477210074] [drone_home1.controller]: Bearing: 262.53°
[controller-2] [INFO] [1744588015.478162529] [drone_home1.controller]: Going to [(29.639567, -82.361102)]: 9269817.34 meters
[controller-2] [INFO] [1744588015.576709997] [drone_home1.controller]: Bearing: 262.53°
[controller-2] [INFO] [1744588015.577698516] [drone_home1.controller]: Going to [(29.639567, -82.361102)]: 9269817.34 meters
[controller-2] [INFO] [1744588015.676558402] [drone_home1.controller]: Bearing: 262.53°
[controller-2] [INFO] [1744588015.677565385] [drone_home1.controller]: Going to [(29.639567, -82.361102)]: 9269817.34 meters
[controller-2] [INFO] [1744588015.776701849] [drone_home1.controller]: Bearing: 262.53°
[controller-2] [INFO] [1744588015.778033314] [drone_home1.controller]: Going to [(29.639567, -82.361102)]: 9269817.34 meters
[controller-2] [INFO] [1744588015.876668463] [drone_home1.controller]: Bearing: 262.53°
[controller-2] [INFO] [1744588015.877713142] [drone_home1.controller]: Going to [(29.639567, -82.361102)]: 9269817.34 meters
[controller-2] [INFO] [1744588015.976594565] [drone_home1.controller]: Bearing: 262.53°
[controller-2] [INFO] [1744588015.978254768] [drone_home1.controller]: Going to [(29.639567, -82.361102)]: 9269817.34 meters
[controller-2] [INFO] [1744588016.076428097] [drone_home1.controller]: Bearing: 262.53°
[controller-2] [INFO] [1744588016.077542185] [drone_home1.controller]: Going to [(29.639567, -82.361102)]: 9269817.34 meters
[controller-2] [INFO] [1744588016.176563394] [drone_home1.controller]: Bearing: 262.53°
[controller-2] [INFO] [1744588016.178097068] [drone_home1.controller]: Going to [(29.639567, -82.361102)]: 9269817.34 meters
[controller-2] [INFO] [1744588016.276557602] [drone_home1.controller]: Bearing: 262.53°
[controller-2] [INFO] [1744588016.277648393] [drone_home1.controller]: Going to [(29.639567, -82.361102)]: 9269817.34 meters
[controller-2] [INFO] [1744588016.376838916] [drone_home1.controller]: Bearing: 262.53°
[controller-2] [INFO] [1744588016.377875915] [drone_home1.controller]: Going to [(29.639567, -82.361102)]: 9269817.34 meters
[controller-2] [INFO] [1744588016.476788996] [drone_home1.controller]: Bearing: 262.53°
[controller-2] [INFO] [1744588016.478655056] [drone_home1.controller]: Going to [(29.639567, -82.361102)]: 9269817.34 meters
[controller-2] [INFO] [1744588016.577435400] [drone_home1.controller]: Bearing: 262.53°
[controller-2] [INFO] [1744588016.578821874] [drone_home1.controller]: Going to [(29.639567, -82.361102)]: 9269817.34 meters
[controller-2] [INFO] [1744588016.676630115] [drone_home1.controller]: Bearing: 262.53°
[controller-2] [INFO] [1744588016.678083117] [drone_home1.controller]: Going to [(29.639567, -82.361102)]: 9269817.34 meters
[controller-2] [INFO] [1744588016.776850117] [drone_home1.controller]: Bearing: 262.53°
[controller-2] [INFO] [1744588016.778210062] [drone_home1.controller]: Going to [(29.639567, -82.361102)]: 9269817.34 meters
[controller-2] [INFO] [1744588016.876481538] [drone_home1.controller]: Bearing: 262.53°
[controller-2] [INFO] [1744588016.878130637] [drone_home1.controller]: Going to [(29.639567, -82.361102)]: 9269817.34 meters
[controller-2] [INFO] [1744588016.977238599] [drone_home1.controller]: Bearing: 262.53°
[controller-2] [INFO] [1744588016.978116941] [drone_home1.controller]: Going to [(29.639567, -82.361102)]: 9269817.34 meters
[controller-2] [INFO] [1744588017.077564977] [drone_home1.controller]: Bearing: 262.53°
[controller-2] [INFO] [1744588017.079868801] [drone_home1.controller]: Going to [(29.639567, -82.361102)]: 9269817.34 meters
[controller-2] [INFO] [1744588017.177361402] [drone_home1.controller]: Bearing: 262.53°
[controller-2] [INFO] [1744588017.178253920] [drone_home1.controller]: Going to [(29.639567, -82.361102)]: 9269817.34 meters
[controller-2] [INFO] [1744588017.277322180] [drone_home1.controller]: Bearing: 262.53°
[controller-2] [INFO] [1744588017.278232394] [drone_home1.controller]: Going to [(29.639567, -82.361102)]: 9269817.34 meters
[controller-2] [INFO] [1744588017.377598895] [drone_home1.controller]: Bearing: 262.53°
[controller-2] [INFO] [1744588017.378470901] [drone_home1.controller]: Going to [(29.639567, -82.361102)]: 9269817.34 meters
[controller-2] [INFO] [1744588017.477242743] [drone_home1.controller]: Bearing: 262.53°
[controller-2] [INFO] [1744588017.478849634] [drone_home1.controller]: Going to [(29.639567, -82.361102)]: 9269817.34 meters
[controller-2] [INFO] [1744588017.577344354] [drone_home1.controller]: Bearing: 262.53°
[controller-2] [INFO] [1744588017.578506282] [drone_home1.controller]: Going to [(29.639567, -82.361102)]: 9269817.34 meters
[controller-2] [INFO] [1744588017.676791400] [drone_home1.controller]: Bearing: 262.53°
[controller-2] [INFO] [1744588017.678428179] [drone_home1.controller]: Going to [(29.639567, -82.361102)]: 9269817.34 meters
[controller-2] [INFO] [1744588017.777511799] [drone_home1.controller]: Bearing: 262.53°
[controller-2] [INFO] [1744588017.778427645] [drone_home1.controller]: Going to [(29.639567, -82.361102)]: 9269817.34 meters
[controller-2] [INFO] [1744588017.877431648] [drone_home1.controller]: Bearing: 262.53°
[controller-2] [INFO] [1744588017.878495271] [drone_home1.controller]: Going to [(29.639567, -82.361102)]: 9269817.34 meters
[controller-2] [INFO] [1744588017.977137192] [drone_home1.controller]: Bearing: 262.53°
[controller-2] [INFO] [1744588017.978056654] [drone_home1.controller]: Going to [(29.639567, -82.361102)]: 9269817.34 meters
[controller-2] [INFO] [1744588018.076887224] [drone_home1.controller]: Bearing: 262.53°
[controller-2] [INFO] [1744588018.078519555] [drone_home1.controller]: Going to [(29.639567, -82.361102)]: 9269817.34 meters
[controller-2] [INFO] [1744588018.176610378] [drone_home1.controller]: Bearing: 262.53°
[controller-2] [INFO] [1744588018.177778450] [drone_home1.controller]: Going to [(29.639567, -82.361102)]: 9269817.34 meters
[controller-2] [INFO] [1744588018.277703909] [drone_home1.controller]: Bearing: 262.53°
[controller-2] [INFO] [1744588018.279262032] [drone_home1.controller]: Going to [(29.639567, -82.361102)]: 9269817.34 meters
[controller-2] [INFO] [1744588018.377326870] [drone_home1.controller]: Bearing: 262.53°
[controller-2] [INFO] [1744588018.378883649] [drone_home1.controller]: Going to [(29.639567, -82.361102)]: 9269817.34 meters
[controller-2] [INFO] [1744588018.476658213] [drone_home1.controller]: Bearing: 262.53°
[controller-2] [INFO] [1744588018.478277232] [drone_home1.controller]: Going to [(29.639567, -82.361102)]: 9269817.34 meters
[controller-2] [INFO] [1744588018.577801153] [drone_home1.controller]: Bearing: 262.53°
[controller-2] [INFO] [1744588018.578927689] [drone_home1.controller]: Going to [(29.639567, -82.361102)]: 9269817.34 meters
[controller-2] [INFO] [1744588018.676738733] [drone_home1.controller]: Bearing: 262.53°
[controller-2] [INFO] [1744588018.679982404] [drone_home1.controller]: Going to [(29.639567, -82.361102)]: 9269817.34 meters
[controller-2] [INFO] [1744588018.777383109] [drone_home1.controller]: Bearing: 262.53°
[controller-2] [INFO] [1744588018.779760630] [drone_home1.controller]: Going to [(29.639567, -82.361102)]: 9269817.34 meters
[controller-2] [INFO] [1744588018.877523194] [drone_home1.controller]: Bearing: 262.53°
[controller-2] [INFO] [1744588018.879080421] [drone_home1.controller]: Going to [(29.639567, -82.361102)]: 9269817.34 meters
[controller-2] [INFO] [1744588018.977383181] [drone_home1.controller]: Bearing: 262.53°
[controller-2] [INFO] [1744588018.979462235] [drone_home1.controller]: Going to [(29.639567, -82.361102)]: 9269817.34 meters
[controller-2] [INFO] [1744588019.077394632] [drone_home1.controller]: Bearing: 262.53°
[controller-2] [INFO] [1744588019.079288533] [drone_home1.controller]: Going to [(29.639567, -82.361102)]: 9269817.34 meters
[controller-2] [INFO] [1744588019.177416261] [drone_home1.controller]: Bearing: 262.53°
[controller-2] [INFO] [1744588019.178921808] [drone_home1.controller]: Going to [(29.639567, -82.361102)]: 9269817.34 meters
[controller-2] [INFO] [1744588019.276433628] [drone_home1.controller]: Bearing: 262.53°
[controller-2] [INFO] [1744588019.278668908] [drone_home1.controller]: Going to [(29.639567, -82.361102)]: 9269817.34 meters
[controller-2] [INFO] [1744588019.376868860] [drone_home1.controller]: Bearing: 262.53°
[controller-2] [INFO] [1744588019.379441038] [drone_home1.controller]: Going to [(29.639567, -82.361102)]: 9269817.34 meters
[controller-2] [INFO] [1744588019.477503006] [drone_home1.controller]: Bearing: 262.53°
[controller-2] [INFO] [1744588019.479071817] [drone_home1.controller]: Going to [(29.639567, -82.361102)]: 9269817.34 meters
[controller-2] [INFO] [1744588019.577450619] [drone_home1.controller]: Bearing: 262.53°
[controller-2] [INFO] [1744588019.578997990] [drone_home1.controller]: Going to [(29.639567, -82.361102)]: 9269817.34 meters
[controller-2] [INFO] [1744588019.677556569] [drone_home1.controller]: Bearing: 262.53°
[controller-2] [INFO] [1744588019.679098180] [drone_home1.controller]: Going to [(29.639567, -82.361102)]: 9269817.34 meters
[controller-2] [INFO] [1744588019.776925042] [drone_home1.controller]: Bearing: 262.53°
[controller-2] [INFO] [1744588019.778145499] [drone_home1.controller]: Going to [(29.639567, -82.361102)]: 9269817.34 meters
[controller-2] [INFO] [1744588019.877582452] [drone_home1.controller]: Bearing: 262.53°
[controller-2] [INFO] [1744588019.878484634] [drone_home1.controller]: Going to [(29.639567, -82.361102)]: 9269817.34 meters
[controller-2] [INFO] [1744588019.976523914] [drone_home1.controller]: Bearing: 262.53°
[controller-2] [INFO] [1744588019.977466864] [drone_home1.controller]: Going to [(29.639567, -82.361102)]: 9269817.34 meters
[controller-2] [INFO] [1744588020.077216947] [drone_home1.controller]: Bearing: 262.53°
[controller-2] [INFO] [1744588020.079906790] [drone_home1.controller]: Going to [(29.639567, -82.361102)]: 9269817.34 meters
[controller-2] [INFO] [1744588020.177263514] [drone_home1.controller]: Bearing: 262.53°
[controller-2] [INFO] [1744588020.178157857] [drone_home1.controller]: Going to [(29.639567, -82.361102)]: 9269817.34 meters
[controller-2] [INFO] [1744588020.277351106] [drone_home1.controller]: Bearing: 262.53°
[controller-2] [INFO] [1744588020.278218184] [drone_home1.controller]: Going to [(29.639567, -82.361102)]: 9269817.34 meters
[controller-2] [INFO] [1744588020.377520938] [drone_home1.controller]: Bearing: 262.53°
[controller-2] [INFO] [1744588020.378646002] [drone_home1.controller]: Going to [(29.639567, -82.361102)]: 9269817.34 meters
[controller-2] [INFO] [1744588020.476485225] [drone_home1.controller]: Bearing: 262.53°
[controller-2] [INFO] [1744588020.477640177] [drone_home1.controller]: Going to [(29.639567, -82.361102)]: 9269817.34 meters
[controller-2] [INFO] [1744588020.576923091] [drone_home1.controller]: Bearing: 262.53°
[controller-2] [INFO] [1744588020.577857978] [drone_home1.controller]: Going to [(29.639567, -82.361102)]: 9269817.34 meters
[controller-2] [INFO] [1744588020.676571767] [drone_home1.controller]: Bearing: 262.53°
[controller-2] [INFO] [1744588020.677765952] [drone_home1.controller]: Going to [(29.639567, -82.361102)]: 9269817.34 meters
[controller-2] [INFO] [1744588020.778239658] [drone_home1.controller]: Bearing: 262.53°
[controller-2] [INFO] [1744588020.780410745] [drone_home1.controller]: Going to [(29.639567, -82.361102)]: 9269817.34 meters
[controller-2] [INFO] [1744588020.876730726] [drone_home1.controller]: Bearing: 262.53°
[controller-2] [INFO] [1744588020.878518322] [drone_home1.controller]: Going to [(29.639567, -82.361102)]: 9269817.34 meters
[controller-2] [INFO] [1744588020.977276624] [drone_home1.controller]: Bearing: 262.53°
[controller-2] [INFO] [1744588020.978158455] [drone_home1.controller]: Going to [(29.639567, -82.361102)]: 9269817.34 meters
[controller-2] [INFO] [1744588021.077299422] [drone_home1.controller]: Bearing: 262.53°
[controller-2] [INFO] [1744588021.078176773] [drone_home1.controller]: Going to [(29.639567, -82.361102)]: 9269817.34 meters
[controller-2] [INFO] [1744588021.177147981] [drone_home1.controller]: Bearing: 262.53°
[controller-2] [INFO] [1744588021.178043668] [drone_home1.controller]: Going to [(29.639567, -82.361102)]: 9269817.34 meters
[controller-2] [INFO] [1744588021.277812130] [drone_home1.controller]: Bearing: 262.53°
[controller-2] [INFO] [1744588021.279356109] [drone_home1.controller]: Going to [(29.639567, -82.361102)]: 9269817.34 meters
[controller-2] [INFO] [1744588021.377387279] [drone_home1.controller]: Bearing: 262.53°
[controller-2] [INFO] [1744588021.378990011] [drone_home1.controller]: Going to [(29.639567, -82.361102)]: 9269817.34 meters
[controller-2] [INFO] [1744588021.478035652] [drone_home1.controller]: Bearing: 262.53°
[controller-2] [INFO] [1744588021.479753648] [drone_home1.controller]: Going to [(29.639567, -82.361102)]: 9269817.34 meters
[controller-2] [INFO] [1744588021.577509712] [drone_home1.controller]: Bearing: 262.53°
[controller-2] [INFO] [1744588021.579083836] [drone_home1.controller]: Going to [(29.639567, -82.361102)]: 9269817.34 meters
[controller-2] [INFO] [1744588021.677866499] [drone_home1.controller]: Bearing: 262.53°
[controller-2] [INFO] [1744588021.679412046] [drone_home1.controller]: Going to [(29.639567, -82.361102)]: 9269817.34 meters
[controller-2] [INFO] [1744588021.777361199] [drone_home1.controller]: Bearing: 262.53°
[controller-2] [INFO] [1744588021.778911226] [drone_home1.controller]: Going to [(29.639567, -82.361102)]: 9269817.34 meters
[controller-2] [INFO] [1744588021.877469760] [drone_home1.controller]: Bearing: 262.53°
[controller-2] [INFO] [1744588021.879060300] [drone_home1.controller]: Going to [(29.639567, -82.361102)]: 9269817.34 meters
[controller-2] [INFO] [1744588021.977671506] [drone_home1.controller]: Bearing: 262.53°
[controller-2] [INFO] [1744588021.979361566] [drone_home1.controller]: Going to [(29.639567, -82.361102)]: 9269817.34 meters
[controller-2] [INFO] [1744588022.077542728] [drone_home1.controller]: Bearing: 262.53°
[controller-2] [INFO] [1744588022.079134419] [drone_home1.controller]: Going to [(29.639567, -82.361102)]: 9269817.34 meters
[controller-2] [INFO] [1744588022.177469760] [drone_home1.controller]: Bearing: 262.53°
[controller-2] [INFO] [1744588022.179039276] [drone_home1.controller]: Going to [(29.639567, -82.361102)]: 9269817.34 meters
[controller-2] [INFO] [1744588022.277483162] [drone_home1.controller]: Bearing: 262.53°
[controller-2] [INFO] [1744588022.279059109] [drone_home1.controller]: Going to [(29.639567, -82.361102)]: 9269817.34 meters
[controller-2] [INFO] [1744588022.377419186] [drone_home1.controller]: Bearing: 262.53°
[controller-2] [INFO] [1744588022.379719139] [drone_home1.controller]: Going to [(29.639567, -82.361102)]: 9269817.34 meters
[controller-2] [INFO] [1744588022.477423980] [drone_home1.controller]: Bearing: 262.53°
[controller-2] [INFO] [1744588022.478989047] [drone_home1.controller]: Going to [(29.639567, -82.361102)]: 9269817.34 meters
[controller-2] [INFO] [1744588022.577415845] [drone_home1.controller]: Bearing: 262.53°
[controller-2] [INFO] [1744588022.579638677] [drone_home1.controller]: Going to [(29.639567, -82.361102)]: 9269817.34 meters
[controller-2] [INFO] [1744588022.677588607] [drone_home1.controller]: Bearing: 262.53°
[controller-2] [INFO] [1744588022.679156715] [drone_home1.controller]: Going to [(29.639567, -82.361102)]: 9269817.34 meters
[controller-2] [INFO] [1744588022.776733810] [drone_home1.controller]: Bearing: 262.53°
[controller-2] [INFO] [1744588022.777766522] [drone_home1.controller]: Going to [(29.639567, -82.361102)]: 9269817.34 meters
[controller-2] [INFO] [1744588022.877002381] [drone_home1.controller]: Bearing: 262.53°
[controller-2] [INFO] [1744588022.878544537] [drone_home1.controller]: Going to [(29.639567, -82.361102)]: 9269817.34 meters
[controller-2] [INFO] [1744588022.976751013] [drone_home1.controller]: Bearing: 262.53°
[controller-2] [INFO] [1744588022.977770924] [drone_home1.controller]: Going to [(29.639567, -82.361102)]: 9269817.34 meters
[controller-2] [INFO] [1744588023.076708484] [drone_home1.controller]: Bearing: 262.53°
[controller-2] [INFO] [1744588023.077665003] [drone_home1.controller]: Going to [(29.639567, -82.361102)]: 9269817.34 meters
[controller-2] [INFO] [1744588023.176931976] [drone_home1.controller]: Bearing: 262.53°
[controller-2] [INFO] [1744588023.178064945] [drone_home1.controller]: Going to [(29.639567, -82.361102)]: 9269817.34 meters
[controller-2] [INFO] [1744588023.276708713] [drone_home1.controller]: Bearing: 262.53°
[controller-2] [INFO] [1744588023.277793393] [drone_home1.controller]: Going to [(29.639567, -82.361102)]: 9269817.34 meters
[controller-2] [INFO] [1744588023.376433065] [drone_home1.controller]: Bearing: 262.53°
[controller-2] [INFO] [1744588023.377418384] [drone_home1.controller]: Going to [(29.639567, -82.361102)]: 9269817.34 meters
[controller-2] [INFO] [1744588023.476457579] [drone_home1.controller]: Bearing: 262.53°
[controller-2] [INFO] [1744588023.477384306] [drone_home1.controller]: Going to [(29.639567, -82.361102)]: 9269817.34 meters
[controller-2] [INFO] [1744588023.577390676] [drone_home1.controller]: Bearing: 262.53°
[controller-2] [INFO] [1744588023.578898048] [drone_home1.controller]: Going to [(29.639567, -82.361102)]: 9269817.34 meters
[controller-2] [INFO] [1744588023.677362134] [drone_home1.controller]: Bearing: 262.53°
[controller-2] [INFO] [1744588023.678920738] [drone_home1.controller]: Going to [(29.639567, -82.361102)]: 9269817.34 meters
[controller-2] [INFO] [1744588023.777646011] [drone_home1.controller]: Bearing: 262.53°
[controller-2] [INFO] [1744588023.779179110] [drone_home1.controller]: Going to [(29.639567, -82.361102)]: 9269817.34 meters
[controller-2] [INFO] [1744588023.877437115] [drone_home1.controller]: Bearing: 262.53°
[controller-2] [INFO] [1744588023.879117768] [drone_home1.controller]: Going to [(29.639567, -82.361102)]: 9269817.34 meters
[controller-2] [INFO] [1744588023.977485470] [drone_home1.controller]: Bearing: 262.53°
[controller-2] [INFO] [1744588023.979151914] [drone_home1.controller]: Going to [(29.639567, -82.361102)]: 9269817.34 meters
[controller-2] [INFO] [1744588024.077333798] [drone_home1.controller]: Bearing: 262.53°
[controller-2] [INFO] [1744588024.078896401] [drone_home1.controller]: Going to [(29.639567, -82.361102)]: 9269817.34 meters
[controller-2] [INFO] [1744588024.177653587] [drone_home1.controller]: Bearing: 262.53°
[controller-2] [INFO] [1744588024.179223839] [drone_home1.controller]: Going to [(29.639567, -82.361102)]: 9269817.34 meters
[controller-2] [INFO] [1744588024.277435005] [drone_home1.controller]: Bearing: 262.53°
[controller-2] [INFO] [1744588024.278980136] [drone_home1.controller]: Going to [(29.639567, -82.361102)]: 9269817.34 meters
[controller-2] [INFO] [1744588024.377633481] [drone_home1.controller]: Bearing: 262.53°
[controller-2] [INFO] [1744588024.379178677] [drone_home1.controller]: Going to [(29.639567, -82.361102)]: 9269817.34 meters
[controller-2] [INFO] [1744588024.477781429] [drone_home1.controller]: Bearing: 262.53°
[controller-2] [INFO] [1744588024.479329153] [drone_home1.controller]: Going to [(29.639567, -82.361102)]: 9269817.34 meters
[controller-2] [INFO] [1744588024.577515358] [drone_home1.controller]: Bearing: 262.53°
[controller-2] [INFO] [1744588024.579071786] [drone_home1.controller]: Going to [(29.639567, -82.361102)]: 9269817.34 meters
[controller-2] [INFO] [1744588024.677420233] [drone_home1.controller]: Bearing: 262.53°
[controller-2] [INFO] [1744588024.678954740] [drone_home1.controller]: Going to [(29.639567, -82.361102)]: 9269817.34 meters
[controller-2] [INFO] [1744588024.778076345] [drone_home1.controller]: Bearing: 262.53°
[controller-2] [INFO] [1744588024.779675269] [drone_home1.controller]: Going to [(29.639567, -82.361102)]: 9269817.34 meters
[controller-2] [INFO] [1744588024.877574048] [drone_home1.controller]: Bearing: 262.53°
[controller-2] [INFO] [1744588024.879260813] [drone_home1.controller]: Going to [(29.639567, -82.361102)]: 9269817.34 meters
[controller-2] [INFO] [1744588024.977559019] [drone_home1.controller]: Bearing: 262.53°
[controller-2] [INFO] [1744588024.979086838] [drone_home1.controller]: Going to [(29.639567, -82.361102)]: 9269817.34 meters
[controller-2] [INFO] [1744588025.077480700] [drone_home1.controller]: Bearing: 262.53°
[controller-2] [INFO] [1744588025.079650829] [drone_home1.controller]: Going to [(29.639567, -82.361102)]: 9269817.34 meters
[controller-2] [INFO] [1744588025.177540080] [drone_home1.controller]: Bearing: 262.53°
[controller-2] [INFO] [1744588025.179143389] [drone_home1.controller]: Going to [(29.639567, -82.361102)]: 9269817.34 meters
[controller-2] [INFO] [1744588025.277382947] [drone_home1.controller]: Bearing: 262.53°
[controller-2] [INFO] [1744588025.278918543] [drone_home1.controller]: Going to [(29.639567, -82.361102)]: 9269817.34 meters
[controller-2] [INFO] [1744588025.376655409] [drone_home1.controller]: Bearing: 262.53°
[controller-2] [INFO] [1744588025.377684345] [drone_home1.controller]: Going to [(29.639567, -82.361102)]: 9269817.34 meters
[controller-2] [INFO] [1744588025.476896935] [drone_home1.controller]: Bearing: 262.53°
[controller-2] [INFO] [1744588025.478121584] [drone_home1.controller]: Going to [(29.639567, -82.361102)]: 9269817.34 meters
[controller-2] [INFO] [1744588025.576546360] [drone_home1.controller]: Bearing: 262.53°
[controller-2] [INFO] [1744588025.577541088] [drone_home1.controller]: Going to [(29.639567, -82.361102)]: 9269817.34 meters
[controller-2] [INFO] [1744588025.676620396] [drone_home1.controller]: Bearing: 262.53°
[controller-2] [INFO] [1744588025.677628660] [drone_home1.controller]: Going to [(29.639567, -82.361102)]: 9269817.34 meters
[controller-2] [INFO] [1744588025.776843874] [drone_home1.controller]: Bearing: 262.53°
[controller-2] [INFO] [1744588025.777803945] [drone_home1.controller]: Going to [(29.639567, -82.361102)]: 9269817.34 meters
[controller-2] [INFO] [1744588025.876702773] [drone_home1.controller]: Bearing: 262.53°
[controller-2] [INFO] [1744588025.877842397] [drone_home1.controller]: Going to [(29.639567, -82.361102)]: 9269817.34 meters
[controller-2] [INFO] [1744588025.977416718] [drone_home1.controller]: Bearing: 262.53°
[controller-2] [INFO] [1744588025.978945529] [drone_home1.controller]: Going to [(29.639567, -82.361102)]: 9269817.34 meters
[controller-2] [INFO] [1744588026.078152270] [drone_home1.controller]: Bearing: 262.53°
[controller-2] [INFO] [1744588026.079747354] [drone_home1.controller]: Going to [(29.639567, -82.361102)]: 9269817.34 meters
[controller-2] [INFO] [1744588026.177630630] [drone_home1.controller]: Bearing: 262.53°
[controller-2] [INFO] [1744588026.179247443] [drone_home1.controller]: Going to [(29.639567, -82.361102)]: 9269817.34 meters
[controller-2] [INFO] [1744588026.277607810] [drone_home1.controller]: Bearing: 262.53°
[controller-2] [INFO] [1744588026.279129934] [drone_home1.controller]: Going to [(29.639567, -82.361102)]: 9269817.34 meters
[controller-2] [INFO] [1744588026.377724032] [drone_home1.controller]: Bearing: 262.53°
[controller-2] [INFO] [1744588026.379267947] [drone_home1.controller]: Going to [(29.639567, -82.361102)]: 9269817.34 meters
[controller-2] [INFO] [1744588026.477358457] [drone_home1.controller]: Bearing: 262.53°
[controller-2] [INFO] [1744588026.478883557] [drone_home1.controller]: Going to [(29.639567, -82.361102)]: 9269817.34 meters
[controller-2] [INFO] [1744588026.577443030] [drone_home1.controller]: Bearing: 262.53°
[controller-2] [INFO] [1744588026.579114883] [drone_home1.controller]: Going to [(29.639567, -82.361102)]: 9269817.34 meters
[controller-2] [INFO] [1744588026.677434547] [drone_home1.controller]: Bearing: 262.53°
[controller-2] [INFO] [1744588026.679261536] [drone_home1.controller]: Going to [(29.639567, -82.361102)]: 9269817.34 meters
[controller-2] [INFO] [1744588026.776497352] [drone_home1.controller]: Bearing: 262.53°
[controller-2] [INFO] [1744588026.777436911] [drone_home1.controller]: Going to [(29.639567, -82.361102)]: 9269817.34 meters
[controller-2] [INFO] [1744588026.877638989] [drone_home1.controller]: Bearing: 262.53°
[controller-2] [INFO] [1744588026.879223865] [drone_home1.controller]: Going to [(29.639567, -82.361102)]: 9269817.34 meters
[controller-2] [INFO] [1744588026.977432392] [drone_home1.controller]: Bearing: 262.53°
[controller-2] [INFO] [1744588026.978996084] [drone_home1.controller]: Going to [(29.639567, -82.361102)]: 9269817.34 meters
[controller-2] [INFO] [1744588027.077613580] [drone_home1.controller]: Bearing: 262.53°
[controller-2] [INFO] [1744588027.079232600] [drone_home1.controller]: Going to [(29.639567, -82.361102)]: 9269817.34 meters
[controller-2] [INFO] [1744588027.177408047] [drone_home1.controller]: Bearing: 262.53°
[controller-2] [INFO] [1744588027.178959931] [drone_home1.controller]: Going to [(29.639567, -82.361102)]: 9269817.34 meters
[controller-2] [INFO] [1744588027.277492789] [drone_home1.controller]: Bearing: 262.53°
[controller-2] [INFO] [1744588027.279842407] [drone_home1.controller]: Going to [(29.639567, -82.361102)]: 9269817.34 meters
[controller-2] [INFO] [1744588027.377364216] [drone_home1.controller]: Bearing: 262.53°
[controller-2] [INFO] [1744588027.378895876] [drone_home1.controller]: Going to [(29.639567, -82.361102)]: 9269817.34 meters
[controller-2] [INFO] [1744588027.477416894] [drone_home1.controller]: Bearing: 262.53°
[controller-2] [INFO] [1744588027.478949642] [drone_home1.controller]: Going to [(29.639567, -82.361102)]: 9269817.34 meters
[controller-2] [INFO] [1744588027.577828166] [drone_home1.controller]: Bearing: 262.53°
[controller-2] [INFO] [1744588027.580193464] [drone_home1.controller]: Going to [(29.639567, -82.361102)]: 9269817.34 meters
[controller-2] [INFO] [1744588027.677433063] [drone_home1.controller]: Bearing: 262.53°
[controller-2] [INFO] [1744588027.679537240] [drone_home1.controller]: Going to [(29.639567, -82.361102)]: 9269817.34 meters
[controller-2] [INFO] [1744588027.777531053] [drone_home1.controller]: Bearing: 262.53°
[controller-2] [INFO] [1744588027.779520476] [drone_home1.controller]: Going to [(29.639567, -82.361102)]: 9269817.34 meters
[controller-2] [INFO] [1744588027.877309136] [drone_home1.controller]: Bearing: 262.53°
[controller-2] [INFO] [1744588027.879425793] [drone_home1.controller]: Going to [(29.639567, -82.361102)]: 9269817.34 meters
[controller-2] [INFO] [1744588027.977576791] [drone_home1.controller]: Bearing: 262.53°
[controller-2] [INFO] [1744588027.979180515] [drone_home1.controller]: Going to [(29.639567, -82.361102)]: 9269817.34 meters
[controller-2] [INFO] [1744588028.077509634] [drone_home1.controller]: Bearing: 262.53°
[controller-2] [INFO] [1744588028.079087502] [drone_home1.controller]: Going to [(29.639567, -82.361102)]: 9269817.34 meters
[controller-2] [INFO] [1744588028.177520527] [drone_home1.controller]: Bearing: 262.53°
[controller-2] [INFO] [1744588028.181572847] [drone_home1.controller]: Going to [(29.639567, -82.361102)]: 9269817.34 meters
[controller-2] [INFO] [1744588028.276551829] [drone_home1.controller]: Bearing: 262.53°
[controller-2] [INFO] [1744588028.277705758] [drone_home1.controller]: Going to [(29.639567, -82.361102)]: 9269817.34 meters
[controller-2] [INFO] [1744588028.377689707] [drone_home1.controller]: Bearing: 262.53°
[controller-2] [INFO] [1744588028.379257783] [drone_home1.controller]: Going to [(29.639567, -82.361102)]: 9269817.34 meters
[controller-2] [INFO] [1744588028.477428630] [drone_home1.controller]: Bearing: 262.53°
[controller-2] [INFO] [1744588028.479464038] [drone_home1.controller]: Going to [(29.639567, -82.361102)]: 9269817.34 meters
[controller-2] [INFO] [1744588028.577420931] [drone_home1.controller]: Bearing: 262.53°
[controller-2] [INFO] [1744588028.578962767] [drone_home1.controller]: Going to [(29.639567, -82.361102)]: 9269817.34 meters
[controller-2] [INFO] [1744588028.677425136] [drone_home1.controller]: Bearing: 262.53°
[controller-2] [INFO] [1744588028.679008732] [drone_home1.controller]: Going to [(29.639567, -82.361102)]: 9269817.34 meters
[controller-2] [INFO] [1744588028.777815072] [drone_home1.controller]: Bearing: 262.53°
[controller-2] [INFO] [1744588028.779418285] [drone_home1.controller]: Going to [(29.639567, -82.361102)]: 9269817.34 meters
[controller-2] [INFO] [1744588028.877518955] [drone_home1.controller]: Bearing: 262.53°
[controller-2] [INFO] [1744588028.879799005] [drone_home1.controller]: Going to [(29.639567, -82.361102)]: 9269817.34 meters
[controller-2] [INFO] [1744588028.976668146] [drone_home1.controller]: Bearing: 262.53°
[controller-2] [INFO] [1744588028.978981860] [drone_home1.controller]: Going to [(29.639567, -82.361102)]: 9269817.34 meters
[controller-2] [INFO] [1744588029.077412427] [drone_home1.controller]: Bearing: 262.53°
[controller-2] [INFO] [1744588029.078396787] [drone_home1.controller]: Going to [(29.639567, -82.361102)]: 9269817.34 meters
[controller-2] [INFO] [1744588029.177394080] [drone_home1.controller]: Bearing: 262.53°
[controller-2] [INFO] [1744588029.179225358] [drone_home1.controller]: Going to [(29.639567, -82.361102)]: 9269817.34 meters
[controller-2] [INFO] [1744588029.276755248] [drone_home1.controller]: Bearing: 262.53°
[controller-2] [INFO] [1744588029.277693592] [drone_home1.controller]: Going to [(29.639567, -82.361102)]: 9269817.34 meters
[controller-2] [INFO] [1744588029.376578948] [drone_home1.controller]: Bearing: 262.53°
[controller-2] [INFO] [1744588029.377662893] [drone_home1.controller]: Going to [(29.639567, -82.361102)]: 9269817.34 meters
[controller-2] [INFO] [1744588029.477344128] [drone_home1.controller]: Bearing: 262.53°
[controller-2] [INFO] [1744588029.478856460] [drone_home1.controller]: Going to [(29.639567, -82.361102)]: 9269817.34 meters
[controller-2] [INFO] [1744588029.577352821] [drone_home1.controller]: Bearing: 262.53°
[controller-2] [INFO] [1744588029.579538630] [drone_home1.controller]: Going to [(29.639567, -82.361102)]: 9269817.34 meters
[controller-2] [INFO] [1744588029.676454595] [drone_home1.controller]: Bearing: 262.53°
[controller-2] [INFO] [1744588029.677781422] [drone_home1.controller]: Going to [(29.639567, -82.361102)]: 9269817.34 meters
[controller-2] [INFO] [1744588029.776579066] [drone_home1.controller]: Bearing: 262.53°
[controller-2] [INFO] [1744588029.777490241] [drone_home1.controller]: Going to [(29.639567, -82.361102)]: 9269817.34 meters
[controller-2] [INFO] [1744588029.876779408] [drone_home1.controller]: Bearing: 262.53°
[controller-2] [INFO] [1744588029.877837433] [drone_home1.controller]: Going to [(29.639567, -82.361102)]: 9269817.34 meters
[controller-2] [INFO] [1744588029.976753542] [drone_home1.controller]: Bearing: 262.53°
[controller-2] [INFO] [1744588029.977729421] [drone_home1.controller]: Going to [(29.639567, -82.361102)]: 9269817.34 meters
[controller-2] [INFO] [1744588030.077116868] [drone_home1.controller]: Bearing: 262.53°
[controller-2] [INFO] [1744588030.078265101] [drone_home1.controller]: Going to [(29.639567, -82.361102)]: 9269817.34 meters
[controller-2] [INFO] [1744588030.176754430] [drone_home1.controller]: Bearing: 262.53°
[controller-2] [INFO] [1744588030.177740262] [drone_home1.controller]: Going to [(29.639567, -82.361102)]: 9269817.34 meters
[controller-2] [INFO] [1744588030.276657883] [drone_home1.controller]: Bearing: 262.53°
[controller-2] [INFO] [1744588030.278490922] [drone_home1.controller]: Going to [(29.639567, -82.361102)]: 9269817.34 meters
[controller-2] [INFO] [1744588030.376577080] [drone_home1.controller]: Bearing: 262.53°
[controller-2] [INFO] [1744588030.377626432] [drone_home1.controller]: Going to [(29.639567, -82.361102)]: 9269817.34 meters
[controller-2] [INFO] [1744588030.476517813] [drone_home1.controller]: Bearing: 262.53°
[controller-2] [INFO] [1744588030.477675198] [drone_home1.controller]: Going to [(29.639567, -82.361102)]: 9269817.34 meters
[controller-2] [INFO] [1744588030.577294712] [drone_home1.controller]: Bearing: 262.53°
[controller-2] [INFO] [1744588030.579351497] [drone_home1.controller]: Going to [(29.639567, -82.361102)]: 9269817.34 meters
[controller-2] [INFO] [1744588030.677310518] [drone_home1.controller]: Bearing: 262.53°
[controller-2] [INFO] [1744588030.678218397] [drone_home1.controller]: Going to [(29.639567, -82.361102)]: 9269817.34 meters
[controller-2] [INFO] [1744588030.777363316] [drone_home1.controller]: Bearing: 262.53°
[controller-2] [INFO] [1744588030.778250331] [drone_home1.controller]: Going to [(29.639567, -82.361102)]: 9269817.34 meters
[controller-2] [INFO] [1744588030.876764332] [drone_home1.controller]: Bearing: 262.53°
[controller-2] [INFO] [1744588030.877795765] [drone_home1.controller]: Going to [(29.639567, -82.361102)]: 9269817.34 meters
[controller-2] [INFO] [1744588030.980912875] [drone_home1.controller]: Bearing: 262.53°
[controller-2] [INFO] [1744588030.982291862] [drone_home1.controller]: Going to [(29.639567, -82.361102)]: 9269817.34 meters
[controller-2] [INFO] [1744588031.076487083] [drone_home1.controller]: Bearing: 262.53°
[controller-2] [INFO] [1744588031.078268825] [drone_home1.controller]: Going to [(29.639567, -82.361102)]: 9269817.34 meters
[controller-2] [INFO] [1744588031.178427616] [drone_home1.controller]: Bearing: 262.53°
[controller-2] [INFO] [1744588031.179327335] [drone_home1.controller]: Going to [(29.639567, -82.361102)]: 9269817.34 meters
[controller-2] [INFO] [1744588031.278615975] [drone_home1.controller]: Bearing: 262.53°
[controller-2] [INFO] [1744588031.281190524] [drone_home1.controller]: Going to [(29.639567, -82.361102)]: 9269817.34 meters
[controller-2] [INFO] [1744588031.377221473] [drone_home1.controller]: Bearing: 262.53°
[controller-2] [INFO] [1744588031.378077192] [drone_home1.controller]: Going to [(29.639567, -82.361102)]: 9269817.34 meters
[controller-2] [INFO] [1744588031.477388840] [drone_home1.controller]: Bearing: 262.53°
[controller-2] [INFO] [1744588031.478278799] [drone_home1.controller]: Going to [(29.639567, -82.361102)]: 9269817.34 meters
[controller-2] [INFO] [1744588031.578932889] [drone_home1.controller]: Bearing: 262.53°
[controller-2] [INFO] [1744588031.580940906] [drone_home1.controller]: Going to [(29.639567, -82.361102)]: 9269817.34 meters
[controller-2] [INFO] [1744588031.677568564] [drone_home1.controller]: Bearing: 262.53°
[controller-2] [INFO] [1744588031.678453083] [drone_home1.controller]: Going to [(29.639567, -82.361102)]: 9269817.34 meters
[controller-2] [INFO] [1744588031.777179510] [drone_home1.controller]: Bearing: 262.53°
[controller-2] [INFO] [1744588031.779524713] [drone_home1.controller]: Going to [(29.639567, -82.361102)]: 9269817.34 meters
[controller-2] [INFO] [1744588031.876633943] [drone_home1.controller]: Bearing: 262.53°
[controller-2] [INFO] [1744588031.878071875] [drone_home1.controller]: Going to [(29.639567, -82.361102)]: 9269817.34 meters
[controller-2] [INFO] [1744588031.976648156] [drone_home1.controller]: Bearing: 262.53°
[controller-2] [INFO] [1744588031.977710341] [drone_home1.controller]: Going to [(29.639567, -82.361102)]: 9269817.34 meters
[controller-2] [INFO] [1744588032.076613031] [drone_home1.controller]: Bearing: 262.53°
[controller-2] [INFO] [1744588032.077701104] [drone_home1.controller]: Going to [(29.639567, -82.361102)]: 9269817.34 meters
[controller-2] [INFO] [1744588032.176832982] [drone_home1.controller]: Bearing: 262.53°
[controller-2] [INFO] [1744588032.177848543] [drone_home1.controller]: Going to [(29.639567, -82.361102)]: 9269817.34 meters
[controller-2] [INFO] [1744588032.276487937] [drone_home1.controller]: Bearing: 262.53°
[controller-2] [INFO] [1744588032.277835436] [drone_home1.controller]: Going to [(29.639567, -82.361102)]: 9269817.34 meters
[controller-2] [INFO] [1744588032.377779928] [drone_home1.controller]: Bearing: 262.53°
[controller-2] [INFO] [1744588032.378666304] [drone_home1.controller]: Going to [(29.639567, -82.361102)]: 9269817.34 meters
[controller-2] [INFO] [1744588032.477446211] [drone_home1.controller]: Bearing: 262.53°
[controller-2] [INFO] [1744588032.478346922] [drone_home1.controller]: Going to [(29.639567, -82.361102)]: 9269817.34 meters
[controller-2] [INFO] [1744588032.577705490] [drone_home1.controller]: Bearing: 262.53°
[controller-2] [INFO] [1744588032.578791835] [drone_home1.controller]: Going to [(29.639567, -82.361102)]: 9269817.34 meters
[controller-2] [INFO] [1744588032.676836728] [drone_home1.controller]: Bearing: 262.53°
[controller-2] [INFO] [1744588032.677958145] [drone_home1.controller]: Going to [(29.639567, -82.361102)]: 9269817.34 meters
[controller-2] [INFO] [1744588032.776533059] [drone_home1.controller]: Bearing: 262.53°
[controller-2] [INFO] [1744588032.778063375] [drone_home1.controller]: Going to [(29.639567, -82.361102)]: 9269817.34 meters
[controller-2] [INFO] [1744588032.876721746] [drone_home1.controller]: Bearing: 262.53°
[controller-2] [INFO] [1744588032.877775930] [drone_home1.controller]: Going to [(29.639567, -82.361102)]: 9269817.34 meters
[controller-2] [INFO] [1744588032.976939392] [drone_home1.controller]: Bearing: 262.53°
[controller-2] [INFO] [1744588032.977817832] [drone_home1.controller]: Going to [(29.639567, -82.361102)]: 9269817.34 meters
[controller-2] [INFO] [1744588033.077282742] [drone_home1.controller]: Bearing: 262.53°
[controller-2] [INFO] [1744588033.078151453] [drone_home1.controller]: Going to [(29.639567, -82.361102)]: 9269817.34 meters
[controller-2] [INFO] [1744588033.177296907] [drone_home1.controller]: Bearing: 262.53°
[controller-2] [INFO] [1744588033.178194451] [drone_home1.controller]: Going to [(29.639567, -82.361102)]: 9269817.34 meters
[controller-2] [INFO] [1744588033.277330816] [drone_home1.controller]: Bearing: 262.53°
[controller-2] [INFO] [1744588033.278904173] [drone_home1.controller]: Going to [(29.639567, -82.361102)]: 9269817.34 meters
[controller-2] [INFO] [1744588033.376601647] [drone_home1.controller]: Bearing: 262.53°
[controller-2] [INFO] [1744588033.377562359] [drone_home1.controller]: Going to [(29.639567, -82.361102)]: 9269817.34 meters
[controller-2] [INFO] [1744588033.476846118] [drone_home1.controller]: Bearing: 262.53°
[controller-2] [INFO] [1744588033.477860814] [drone_home1.controller]: Going to [(29.639567, -82.361102)]: 9269817.34 meters
[controller-2] [INFO] [1744588033.576817083] [drone_home1.controller]: Bearing: 262.53°
[controller-2] [INFO] [1744588033.577764514] [drone_home1.controller]: Going to [(29.639567, -82.361102)]: 9269817.34 meters
[controller-2] [INFO] [1744588033.676820752] [drone_home1.controller]: Bearing: 262.53°
[controller-2] [INFO] [1744588033.677865496] [drone_home1.controller]: Going to [(29.639567, -82.361102)]: 9269817.34 meters
[controller-2] [INFO] [1744588033.777525354] [drone_home1.controller]: Bearing: 262.53°
[controller-2] [INFO] [1744588033.779104343] [drone_home1.controller]: Going to [(29.639567, -82.361102)]: 9269817.34 meters
[controller-2] [INFO] [1744588033.877688000] [drone_home1.controller]: Bearing: 262.53°
[controller-2] [INFO] [1744588033.879222157] [drone_home1.controller]: Going to [(29.639567, -82.361102)]: 9269817.34 meters
[controller-2] [INFO] [1744588033.979170465] [drone_home1.controller]: Bearing: 262.53°
[controller-2] [INFO] [1744588033.980412844] [drone_home1.controller]: Going to [(29.639567, -82.361102)]: 9269817.34 meters
[controller-2] [INFO] [1744588034.079046779] [drone_home1.controller]: Bearing: 262.53°
[controller-2] [INFO] [1744588034.079951843] [drone_home1.controller]: Going to [(29.639567, -82.361102)]: 9269817.34 meters
[controller-2] [INFO] [1744588034.176731588] [drone_home1.controller]: Bearing: 262.53°
[controller-2] [INFO] [1744588034.177927118] [drone_home1.controller]: Going to [(29.639567, -82.361102)]: 9269817.34 meters
[controller-2] [INFO] [1744588034.277469607] [drone_home1.controller]: Bearing: 262.53°
[controller-2] [INFO] [1744588034.279214549] [drone_home1.controller]: Going to [(29.639567, -82.361102)]: 9269817.34 meters
[controller-2] [INFO] [1744588034.377535972] [drone_home1.controller]: Bearing: 262.53°
[controller-2] [INFO] [1744588034.378626221] [drone_home1.controller]: Going to [(29.639567, -82.361102)]: 9269817.34 meters
[controller-2] [INFO] [1744588034.476939131] [drone_home1.controller]: Bearing: 262.53°
[controller-2] [INFO] [1744588034.478135813] [drone_home1.controller]: Going to [(29.639567, -82.361102)]: 9269817.34 meters
[controller-2] [INFO] [1744588034.576640981] [drone_home1.controller]: Bearing: 262.53°
[controller-2] [INFO] [1744588034.578571557] [drone_home1.controller]: Going to [(29.639567, -82.361102)]: 9269817.34 meters
[controller-2] [INFO] [1744588034.676472688] [drone_home1.controller]: Bearing: 262.53°
[controller-2] [INFO] [1744588034.678376256] [drone_home1.controller]: Going to [(29.639567, -82.361102)]: 9269817.34 meters
[controller-2] [INFO] [1744588034.776482797] [drone_home1.controller]: Bearing: 262.53°
[controller-2] [INFO] [1744588034.777478261] [drone_home1.controller]: Going to [(29.639567, -82.361102)]: 9269817.34 meters
[controller-2] [INFO] [1744588034.876614186] [drone_home1.controller]: Bearing: 262.53°
[controller-2] [INFO] [1744588034.877603571] [drone_home1.controller]: Going to [(29.639567, -82.361102)]: 9269817.34 meters
[controller-2] [INFO] [1744588034.976490406] [drone_home1.controller]: Bearing: 262.53°
[controller-2] [INFO] [1744588034.977379789] [drone_home1.controller]: Going to [(29.639567, -82.361102)]: 9269817.34 meters
[controller-2] [INFO] [1744588035.077393583] [drone_home1.controller]: Bearing: 262.53°
[controller-2] [INFO] [1744588035.078962364] [drone_home1.controller]: Going to [(29.639567, -82.361102)]: 9269817.34 meters
[controller-2] [INFO] [1744588035.177515284] [drone_home1.controller]: Bearing: 262.53°
[controller-2] [INFO] [1744588035.179566245] [drone_home1.controller]: Going to [(29.639567, -82.361102)]: 9269817.34 meters
[controller-2] [INFO] [1744588035.277550808] [drone_home1.controller]: Bearing: 262.53°
[controller-2] [INFO] [1744588035.279220070] [drone_home1.controller]: Going to [(29.639567, -82.361102)]: 9269817.34 meters
[controller-2] [INFO] [1744588035.377413851] [drone_home1.controller]: Bearing: 262.53°
[controller-2] [INFO] [1744588035.379431500] [drone_home1.controller]: Going to [(29.639567, -82.361102)]: 9269817.34 meters
[controller-2] [INFO] [1744588035.477440927] [drone_home1.controller]: Bearing: 262.53°
[controller-2] [INFO] [1744588035.479025933] [drone_home1.controller]: Going to [(29.639567, -82.361102)]: 9269817.34 meters
[controller-2] [INFO] [1744588035.577277410] [drone_home1.controller]: Bearing: 262.53°
[controller-2] [INFO] [1744588035.578335435] [drone_home1.controller]: Going to [(29.639567, -82.361102)]: 9269817.34 meters
[controller-2] [INFO] [1744588035.677267910] [drone_home1.controller]: Bearing: 262.53°
[controller-2] [INFO] [1744588035.678184973] [drone_home1.controller]: Going to [(29.639567, -82.361102)]: 9269817.34 meters
[controller-2] [INFO] [1744588035.777503051] [drone_home1.controller]: Bearing: 262.53°
[controller-2] [INFO] [1744588035.778367187] [drone_home1.controller]: Going to [(29.639567, -82.361102)]: 9269817.34 meters
[controller-2] [INFO] [1744588035.877292206] [drone_home1.controller]: Bearing: 262.53°
[controller-2] [INFO] [1744588035.878221685] [drone_home1.controller]: Going to [(29.639567, -82.361102)]: 9269817.34 meters
[controller-2] [INFO] [1744588035.977596276] [drone_home1.controller]: Bearing: 262.53°
[controller-2] [INFO] [1744588035.978486459] [drone_home1.controller]: Going to [(29.639567, -82.361102)]: 9269817.34 meters
[controller-2] [INFO] [1744588036.077212666] [drone_home1.controller]: Bearing: 262.53°
[controller-2] [INFO] [1744588036.078319012] [drone_home1.controller]: Going to [(29.639567, -82.361102)]: 9269817.34 meters
[controller-2] [INFO] [1744588036.177339974] [drone_home1.controller]: Bearing: 262.53°
[controller-2] [INFO] [1744588036.178482192] [drone_home1.controller]: Going to [(29.639567, -82.361102)]: 9269817.34 meters
[controller-2] [INFO] [1744588036.277223665] [drone_home1.controller]: Bearing: 262.53°
[controller-2] [INFO] [1744588036.279066208] [drone_home1.controller]: Going to [(29.639567, -82.361102)]: 9269817.34 meters
[controller-2] [INFO] [1744588036.377336605] [drone_home1.controller]: Bearing: 262.53°
[controller-2] [INFO] [1744588036.378879786] [drone_home1.controller]: Going to [(29.639567, -82.361102)]: 9269817.34 meters
[controller-2] [INFO] [1744588036.477433033] [drone_home1.controller]: Bearing: 262.53°
[controller-2] [INFO] [1744588036.479602651] [drone_home1.controller]: Going to [(29.639567, -82.361102)]: 9269817.34 meters
[controller-2] [INFO] [1744588036.576711854] [drone_home1.controller]: Bearing: 262.53°
[controller-2] [INFO] [1744588036.578422780] [drone_home1.controller]: Going to [(29.639567, -82.361102)]: 9269817.34 meters
[controller-2] [INFO] [1744588036.676895995] [drone_home1.controller]: Bearing: 262.53°
[controller-2] [INFO] [1744588036.678072293] [drone_home1.controller]: Going to [(29.639567, -82.361102)]: 9269817.34 meters
[controller-2] [INFO] [1744588036.777428138] [drone_home1.controller]: Bearing: 262.53°
[controller-2] [INFO] [1744588036.779213146] [drone_home1.controller]: Going to [(29.639567, -82.361102)]: 9269817.34 meters
[controller-2] [INFO] [1744588036.876653519] [drone_home1.controller]: Bearing: 262.53°
[controller-2] [INFO] [1744588036.878057403] [drone_home1.controller]: Going to [(29.639567, -82.361102)]: 9269817.34 meters
[controller-2] [INFO] [1744588036.977170047] [drone_home1.controller]: Bearing: 262.53°
[controller-2] [INFO] [1744588036.978130887] [drone_home1.controller]: Going to [(29.639567, -82.361102)]: 9269817.34 meters
[controller-2] [INFO] [1744588037.076574026] [drone_home1.controller]: Bearing: 262.53°
[controller-2] [INFO] [1744588037.077657556] [drone_home1.controller]: Going to [(29.639567, -82.361102)]: 9269817.34 meters
[controller-2] [INFO] [1744588037.176627453] [drone_home1.controller]: Bearing: 262.53°
[controller-2] [INFO] [1744588037.177627014] [drone_home1.controller]: Going to [(29.639567, -82.361102)]: 9269817.34 meters
[controller-2] [INFO] [1744588037.276701840] [drone_home1.controller]: Bearing: 262.53°
[controller-2] [INFO] [1744588037.279236966] [drone_home1.controller]: Going to [(29.639567, -82.361102)]: 9269817.34 meters
[controller-2] [INFO] [1744588037.377340712] [drone_home1.controller]: Bearing: 262.53°
[controller-2] [INFO] [1744588037.379243032] [drone_home1.controller]: Going to [(29.639567, -82.361102)]: 9269817.34 meters
[controller-2] [INFO] [1744588037.478337443] [drone_home1.controller]: Bearing: 262.53°
[controller-2] [INFO] [1744588037.480000049] [drone_home1.controller]: Going to [(29.639567, -82.361102)]: 9269817.34 meters
[controller-2] [INFO] [1744588037.577346285] [drone_home1.controller]: Bearing: 262.53°
[controller-2] [INFO] [1744588037.578876858] [drone_home1.controller]: Going to [(29.639567, -82.361102)]: 9269817.34 meters
[controller-2] [INFO] [1744588037.676905564] [drone_home1.controller]: Bearing: 262.53°
[controller-2] [INFO] [1744588037.678206567] [drone_home1.controller]: Going to [(29.639567, -82.361102)]: 9269817.34 meters
[controller-2] [INFO] [1744588037.777269777] [drone_home1.controller]: Bearing: 262.53°
[controller-2] [INFO] [1744588037.778773918] [drone_home1.controller]: Going to [(29.639567, -82.361102)]: 9269817.34 meters
[controller-2] [INFO] [1744588037.877009474] [drone_home1.controller]: Bearing: 262.53°
[controller-2] [INFO] [1744588037.878024714] [drone_home1.controller]: Going to [(29.639567, -82.361102)]: 9269817.34 meters
[controller-2] [INFO] [1744588037.976851923] [drone_home1.controller]: Bearing: 262.53°
[controller-2] [INFO] [1744588037.978391168] [drone_home1.controller]: Going to [(29.639567, -82.361102)]: 9269817.34 meters
[controller-2] [INFO] [1744588038.077386159] [drone_home1.controller]: Bearing: 262.53°
[controller-2] [INFO] [1744588038.078389272] [drone_home1.controller]: Going to [(29.639567, -82.361102)]: 9269817.34 meters
[controller-2] [INFO] [1744588038.176757059] [drone_home1.controller]: Bearing: 262.53°
[controller-2] [INFO] [1744588038.177970542] [drone_home1.controller]: Going to [(29.639567, -82.361102)]: 9269817.34 meters
[controller-2] [INFO] [1744588038.278864399] [drone_home1.controller]: Bearing: 262.53°
[controller-2] [INFO] [1744588038.279880728] [drone_home1.controller]: Going to [(29.639567, -82.361102)]: 9269817.34 meters
[controller-2] [INFO] [1744588038.377338651] [drone_home1.controller]: Bearing: 262.53°
[controller-2] [INFO] [1744588038.378214083] [drone_home1.controller]: Going to [(29.639567, -82.361102)]: 9269817.34 meters
[controller-2] [INFO] [1744588038.476655375] [drone_home1.controller]: Bearing: 262.53°
[controller-2] [INFO] [1744588038.478099067] [drone_home1.controller]: Going to [(29.639567, -82.361102)]: 9269817.34 meters
[controller-2] [INFO] [1744588038.577180141] [drone_home1.controller]: Bearing: 262.53°
[controller-2] [INFO] [1744588038.578063701] [drone_home1.controller]: Going to [(29.639567, -82.361102)]: 9269817.34 meters
[controller-2] [INFO] [1744588038.676898404] [drone_home1.controller]: Bearing: 262.53°
[controller-2] [INFO] [1744588038.678186831] [drone_home1.controller]: Going to [(29.639567, -82.361102)]: 9269817.34 meters
[controller-2] [INFO] [1744588038.777445250] [drone_home1.controller]: Bearing: 262.53°
[controller-2] [INFO] [1744588038.778519756] [drone_home1.controller]: Going to [(29.639567, -82.361102)]: 9269817.34 meters
[controller-2] [INFO] [1744588038.877228602] [drone_home1.controller]: Bearing: 262.53°
[controller-2] [INFO] [1744588038.878104386] [drone_home1.controller]: Going to [(29.639567, -82.361102)]: 9269817.34 meters
[controller-2] [INFO] [1744588038.977367957] [drone_home1.controller]: Bearing: 262.53°
[controller-2] [INFO] [1744588038.978243676] [drone_home1.controller]: Going to [(29.639567, -82.361102)]: 9269817.34 meters
[controller-2] [INFO] [1744588039.077867256] [drone_home1.controller]: Bearing: 262.53°
[controller-2] [INFO] [1744588039.078783744] [drone_home1.controller]: Going to [(29.639567, -82.361102)]: 9269817.34 meters
[controller-2] [INFO] [1744588039.177048465] [drone_home1.controller]: Bearing: 262.53°
[controller-2] [INFO] [1744588039.178044858] [drone_home1.controller]: Going to [(29.639567, -82.361102)]: 9269817.34 meters
[controller-2] [INFO] [1744588039.277348597] [drone_home1.controller]: Bearing: 262.53°
[controller-2] [INFO] [1744588039.278959522] [drone_home1.controller]: Going to [(29.639567, -82.361102)]: 9269817.34 meters
[controller-2] [INFO] [1744588039.377323381] [drone_home1.controller]: Bearing: 262.53°
[controller-2] [INFO] [1744588039.378422302] [drone_home1.controller]: Going to [(29.639567, -82.361102)]: 9269817.34 meters
[controller-2] [INFO] [1744588039.478642209] [drone_home1.controller]: Bearing: 262.53°
[controller-2] [INFO] [1744588039.479843851] [drone_home1.controller]: Going to [(29.639567, -82.361102)]: 9269817.34 meters
[controller-2] [INFO] [1744588039.576744561] [drone_home1.controller]: Bearing: 262.53°
[controller-2] [INFO] [1744588039.580486961] [drone_home1.controller]: Going to [(29.639567, -82.361102)]: 9269817.34 meters
[controller-2] [INFO] [1744588039.677615865] [drone_home1.controller]: Bearing: 262.53°
[controller-2] [INFO] [1744588039.679199271] [drone_home1.controller]: Going to [(29.639567, -82.361102)]: 9269817.34 meters
[controller-2] [INFO] [1744588039.777644634] [drone_home1.controller]: Bearing: 262.53°
[controller-2] [INFO] [1744588039.779159975] [drone_home1.controller]: Going to [(29.639567, -82.361102)]: 9269817.34 meters
[controller-2] [INFO] [1744588039.877395832] [drone_home1.controller]: Bearing: 262.53°
[controller-2] [INFO] [1744588039.878957606] [drone_home1.controller]: Going to [(29.639567, -82.361102)]: 9269817.34 meters
[controller-2] [INFO] [1744588039.977419769] [drone_home1.controller]: Bearing: 262.53°
[controller-2] [INFO] [1744588039.978961382] [drone_home1.controller]: Going to [(29.639567, -82.361102)]: 9269817.34 meters
[controller-2] [INFO] [1744588040.077443711] [drone_home1.controller]: Bearing: 262.53°
[controller-2] [INFO] [1744588040.078994860] [drone_home1.controller]: Going to [(29.639567, -82.361102)]: 9269817.34 meters
[controller-2] [INFO] [1744588040.177335045] [drone_home1.controller]: Bearing: 262.53°
[controller-2] [INFO] [1744588040.178874259] [drone_home1.controller]: Going to [(29.639567, -82.361102)]: 9269817.34 meters
[controller-2] [INFO] [1744588040.277495022] [drone_home1.controller]: Bearing: 262.53°
[controller-2] [INFO] [1744588040.279031612] [drone_home1.controller]: Going to [(29.639567, -82.361102)]: 9269817.34 meters
[controller-2] [INFO] [1744588040.376826704] [drone_home1.controller]: Bearing: 262.53°
[controller-2] [INFO] [1744588040.377832793] [drone_home1.controller]: Going to [(29.639567, -82.361102)]: 9269817.34 meters
[controller-2] [INFO] [1744588040.476739255] [drone_home1.controller]: Bearing: 262.53°
[controller-2] [INFO] [1744588040.477993057] [drone_home1.controller]: Going to [(29.639567, -82.361102)]: 9269817.34 meters
[controller-2] [INFO] [1744588040.576609757] [drone_home1.controller]: Bearing: 262.53°
[controller-2] [INFO] [1744588040.578181483] [drone_home1.controller]: Going to [(29.639567, -82.361102)]: 9269817.34 meters
[controller-2] [INFO] [1744588040.676660677] [drone_home1.controller]: Bearing: 262.53°
[controller-2] [INFO] [1744588040.678058641] [drone_home1.controller]: Going to [(29.639567, -82.361102)]: 9269817.34 meters
[controller-2] [INFO] [1744588040.776969487] [drone_home1.controller]: Bearing: 262.53°
[controller-2] [INFO] [1744588040.777954839] [drone_home1.controller]: Going to [(29.639567, -82.361102)]: 9269817.34 meters
[controller-2] [INFO] [1744588040.877393306] [drone_home1.controller]: Bearing: 262.53°
[controller-2] [INFO] [1744588040.878603429] [drone_home1.controller]: Going to [(29.639567, -82.361102)]: 9269817.34 meters
[controller-2] [INFO] [1744588040.977634339] [drone_home1.controller]: Bearing: 262.53°
[controller-2] [INFO] [1744588040.978516235] [drone_home1.controller]: Going to [(29.639567, -82.361102)]: 9269817.34 meters
[controller-2] [INFO] [1744588041.078488408] [drone_home1.controller]: Bearing: 262.53°
[controller-2] [INFO] [1744588041.079609921] [drone_home1.controller]: Going to [(29.639567, -82.361102)]: 9269817.34 meters
[controller-2] [INFO] [1744588041.176453748] [drone_home1.controller]: Bearing: 262.53°
[controller-2] [INFO] [1744588041.177340860] [drone_home1.controller]: Going to [(29.639567, -82.361102)]: 9269817.34 meters
[controller-2] [INFO] [1744588041.276748453] [drone_home1.controller]: Bearing: 262.53°
[controller-2] [INFO] [1744588041.277798958] [drone_home1.controller]: Going to [(29.639567, -82.361102)]: 9269817.34 meters
[controller-2] [INFO] [1744588041.376536017] [drone_home1.controller]: Bearing: 262.53°
[controller-2] [INFO] [1744588041.377727228] [drone_home1.controller]: Going to [(29.639567, -82.361102)]: 9269817.34 meters
[controller-2] [INFO] [1744588041.476809826] [drone_home1.controller]: Bearing: 262.53°
[controller-2] [INFO] [1744588041.477997740] [drone_home1.controller]: Going to [(29.639567, -82.361102)]: 9269817.34 meters
[controller-2] [INFO] [1744588041.576634638] [drone_home1.controller]: Bearing: 262.53°
[controller-2] [INFO] [1744588041.577611895] [drone_home1.controller]: Going to [(29.639567, -82.361102)]: 9269817.34 meters
[controller-2] [INFO] [1744588041.676697021] [drone_home1.controller]: Bearing: 262.53°
[controller-2] [INFO] [1744588041.677763847] [drone_home1.controller]: Going to [(29.639567, -82.361102)]: 9269817.34 meters
[controller-2] [INFO] [1744588041.777572531] [drone_home1.controller]: Bearing: 262.53°
[controller-2] [INFO] [1744588041.778456635] [drone_home1.controller]: Going to [(29.639567, -82.361102)]: 9269817.34 meters
[controller-2] [INFO] [1744588041.877256094] [drone_home1.controller]: Bearing: 262.53°
[controller-2] [INFO] [1744588041.878131078] [drone_home1.controller]: Going to [(29.639567, -82.361102)]: 9269817.34 meters
[controller-2] [INFO] [1744588041.977253965] [drone_home1.controller]: Bearing: 262.53°
[controller-2] [INFO] [1744588041.978130772] [drone_home1.controller]: Going to [(29.639567, -82.361102)]: 9269817.34 meters
[controller-2] [INFO] [1744588042.077356801] [drone_home1.controller]: Bearing: 262.53°
[controller-2] [INFO] [1744588042.078282473] [drone_home1.controller]: Going to [(29.639567, -82.361102)]: 9269817.34 meters
[controller-2] [INFO] [1744588042.177868314] [drone_home1.controller]: Bearing: 262.53°
[controller-2] [INFO] [1744588042.178822307] [drone_home1.controller]: Going to [(29.639567, -82.361102)]: 9269817.34 meters
[controller-2] [INFO] [1744588042.277328810] [drone_home1.controller]: Bearing: 262.53°
[controller-2] [INFO] [1744588042.278196690] [drone_home1.controller]: Going to [(29.639567, -82.361102)]: 9269817.34 meters
[controller-2] [INFO] [1744588042.382801904] [drone_home1.controller]: Bearing: 262.53°
[controller-2] [INFO] [1744588042.384069947] [drone_home1.controller]: Going to [(29.639567, -82.361102)]: 9269817.34 meters
[controller-2] [INFO] [1744588042.476881168] [drone_home1.controller]: Bearing: 262.53°
[controller-2] [INFO] [1744588042.481624602] [drone_home1.controller]: Going to [(29.639567, -82.361102)]: 9269817.34 meters
[controller-2] [INFO] [1744588042.576665443] [drone_home1.controller]: Bearing: 262.53°
[controller-2] [INFO] [1744588042.577738157] [drone_home1.controller]: Going to [(29.639567, -82.361102)]: 9269817.34 meters
[controller-2] [INFO] [1744588042.676711576] [drone_home1.controller]: Bearing: 262.53°
[controller-2] [INFO] [1744588042.677661697] [drone_home1.controller]: Going to [(29.639567, -82.361102)]: 9269817.34 meters
[controller-2] [INFO] [1744588042.777251090] [drone_home1.controller]: Bearing: 262.53°
[controller-2] [INFO] [1744588042.778113562] [drone_home1.controller]: Going to [(29.639567, -82.361102)]: 9269817.34 meters
[controller-2] [INFO] [1744588042.877258343] [drone_home1.controller]: Bearing: 262.53°
[controller-2] [INFO] [1744588042.878231600] [drone_home1.controller]: Going to [(29.639567, -82.361102)]: 9269817.34 meters
[controller-2] [INFO] [1744588042.977045146] [drone_home1.controller]: Bearing: 262.53°
[controller-2] [INFO] [1744588042.978745961] [drone_home1.controller]: Going to [(29.639567, -82.361102)]: 9269817.34 meters
[controller-2] [INFO] [1744588043.076648624] [drone_home1.controller]: Bearing: 262.53°
[controller-2] [INFO] [1744588043.077716026] [drone_home1.controller]: Going to [(29.639567, -82.361102)]: 9269817.34 meters
[controller-2] [INFO] [1744588043.176652396] [drone_home1.controller]: Bearing: 262.53°
[controller-2] [INFO] [1744588043.177899639] [drone_home1.controller]: Going to [(29.639567, -82.361102)]: 9269817.34 meters
[controller-2] [INFO] [1744588043.276604359] [drone_home1.controller]: Bearing: 262.53°
[controller-2] [INFO] [1744588043.277569072] [drone_home1.controller]: Going to [(29.639567, -82.361102)]: 9269817.34 meters
[controller-2] [INFO] [1744588043.376526146] [drone_home1.controller]: Bearing: 262.53°
[controller-2] [INFO] [1744588043.377419626] [drone_home1.controller]: Going to [(29.639567, -82.361102)]: 9269817.34 meters
[controller-2] [INFO] [1744588043.476525085] [drone_home1.controller]: Bearing: 262.53°
[controller-2] [INFO] [1744588043.477459013] [drone_home1.controller]: Going to [(29.639567, -82.361102)]: 9269817.34 meters
[controller-2] [INFO] [1744588043.576659418] [drone_home1.controller]: Bearing: 262.53°
[controller-2] [INFO] [1744588043.577584834] [drone_home1.controller]: Going to [(29.639567, -82.361102)]: 9269817.34 meters
[controller-2] [INFO] [1744588043.676737718] [drone_home1.controller]: Bearing: 262.53°
[controller-2] [INFO] [1744588043.677721215] [drone_home1.controller]: Going to [(29.639567, -82.361102)]: 9269817.34 meters
[controller-2] [INFO] [1744588043.776632400] [drone_home1.controller]: Bearing: 262.53°
[controller-2] [INFO] [1744588043.777792443] [drone_home1.controller]: Going to [(29.639567, -82.361102)]: 9269817.34 meters
[controller-2] [INFO] [1744588043.876625612] [drone_home1.controller]: Bearing: 262.53°
[controller-2] [INFO] [1744588043.877863191] [drone_home1.controller]: Going to [(29.639567, -82.361102)]: 9269817.34 meters
[controller-2] [INFO] [1744588043.976553479] [drone_home1.controller]: Bearing: 262.53°
[controller-2] [INFO] [1744588043.977519759] [drone_home1.controller]: Going to [(29.639567, -82.361102)]: 9269817.34 meters
[controller-2] [INFO] [1744588044.077763346] [drone_home1.controller]: Bearing: 262.53°
[controller-2] [INFO] [1744588044.079335200] [drone_home1.controller]: Going to [(29.639567, -82.361102)]: 9269817.34 meters
[controller-2] [INFO] [1744588044.176528937] [drone_home1.controller]: Bearing: 262.53°
[controller-2] [INFO] [1744588044.177827444] [drone_home1.controller]: Going to [(29.639567, -82.361102)]: 9269817.34 meters
[controller-2] [INFO] [1744588044.276645036] [drone_home1.controller]: Bearing: 262.53°
[controller-2] [INFO] [1744588044.277664149] [drone_home1.controller]: Going to [(29.639567, -82.361102)]: 9269817.34 meters
[controller-2] [INFO] [1744588044.376493324] [drone_home1.controller]: Bearing: 262.53°
[controller-2] [INFO] [1744588044.378121915] [drone_home1.controller]: Going to [(29.639567, -82.361102)]: 9269817.34 meters
[controller-2] [INFO] [1744588044.477456983] [drone_home1.controller]: Bearing: 262.53°
[controller-2] [INFO] [1744588044.481033943] [drone_home1.controller]: Going to [(29.639567, -82.361102)]: 9269817.34 meters
[controller-2] [INFO] [1744588044.577470489] [drone_home1.controller]: Bearing: 262.53°
[controller-2] [INFO] [1744588044.581463165] [drone_home1.controller]: Going to [(29.639567, -82.361102)]: 9269817.34 meters
[controller-2] [INFO] [1744588044.677463675] [drone_home1.controller]: Bearing: 262.53°
[controller-2] [INFO] [1744588044.679973553] [drone_home1.controller]: Going to [(29.639567, -82.361102)]: 9269817.34 meters
[controller-2] [INFO] [1744588044.777388860] [drone_home1.controller]: Bearing: 262.53°
[controller-2] [INFO] [1744588044.781713123] [drone_home1.controller]: Going to [(29.639567, -82.361102)]: 9269817.34 meters
[controller-2] [INFO] [1744588044.877384062] [drone_home1.controller]: Bearing: 262.53°
[controller-2] [INFO] [1744588044.879423120] [drone_home1.controller]: Going to [(29.639567, -82.361102)]: 9269817.34 meters
[controller-2] [INFO] [1744588044.977572385] [drone_home1.controller]: Bearing: 262.53°
[controller-2] [INFO] [1744588044.980304698] [drone_home1.controller]: Going to [(29.639567, -82.361102)]: 9269817.34 meters
[controller-2] [INFO] [1744588045.077498408] [drone_home1.controller]: Bearing: 262.53°
[controller-2] [INFO] [1744588045.078675986] [drone_home1.controller]: Going to [(29.639567, -82.361102)]: 9269817.34 meters
[controller-2] [INFO] [1744588045.178516569] [drone_home1.controller]: Bearing: 262.53°
[controller-2] [INFO] [1744588045.179540674] [drone_home1.controller]: Going to [(29.639567, -82.361102)]: 9269817.34 meters
[controller-2] [INFO] [1744588045.276872563] [drone_home1.controller]: Bearing: 262.53°
[controller-2] [INFO] [1744588045.277909084] [drone_home1.controller]: Going to [(29.639567, -82.361102)]: 9269817.34 meters
[controller-2] [INFO] [1744588045.377186238] [drone_home1.controller]: Bearing: 262.53°
[controller-2] [INFO] [1744588045.378097862] [drone_home1.controller]: Going to [(29.639567, -82.361102)]: 9269817.34 meters
[controller-2] [INFO] [1744588045.476468063] [drone_home1.controller]: Bearing: 262.53°
[controller-2] [INFO] [1744588045.478287824] [drone_home1.controller]: Going to [(29.639567, -82.361102)]: 9269817.34 meters
[controller-2] [INFO] [1744588045.576606409] [drone_home1.controller]: Bearing: 262.53°
[controller-2] [INFO] [1744588045.577591218] [drone_home1.controller]: Going to [(29.639567, -82.361102)]: 9269817.34 meters
[controller-2] [INFO] [1744588045.676704434] [drone_home1.controller]: Bearing: 262.53°
[controller-2] [INFO] [1744588045.678473858] [drone_home1.controller]: Going to [(29.639567, -82.361102)]: 9269817.34 meters
[controller-2] [INFO] [1744588045.777350912] [drone_home1.controller]: Bearing: 262.53°
[controller-2] [INFO] [1744588045.778266121] [drone_home1.controller]: Going to [(29.639567, -82.361102)]: 9269817.34 meters
[controller-2] [INFO] [1744588045.877640779] [drone_home1.controller]: Bearing: 262.53°
[controller-2] [INFO] [1744588045.878544179] [drone_home1.controller]: Going to [(29.639567, -82.361102)]: 9269817.34 meters
[controller-2] [INFO] [1744588045.977414257] [drone_home1.controller]: Bearing: 262.53°
[controller-2] [INFO] [1744588045.978424091] [drone_home1.controller]: Going to [(29.639567, -82.361102)]: 9269817.34 meters
[controller-2] [INFO] [1744588046.077362078] [drone_home1.controller]: Bearing: 262.53°
[controller-2] [INFO] [1744588046.078366759] [drone_home1.controller]: Going to [(29.639567, -82.361102)]: 9269817.34 meters
[controller-2] [INFO] [1744588046.177183691] [drone_home1.controller]: Bearing: 262.53°
[controller-2] [INFO] [1744588046.179447328] [drone_home1.controller]: Going to [(29.639567, -82.361102)]: 9269817.34 meters
[controller-2] [INFO] [1744588046.277972129] [drone_home1.controller]: Bearing: 262.53°
[controller-2] [INFO] [1744588046.280166421] [drone_home1.controller]: Going to [(29.639567, -82.361102)]: 9269817.34 meters
[controller-2] [INFO] [1744588046.377714093] [drone_home1.controller]: Bearing: 262.53°
[controller-2] [INFO] [1744588046.379652351] [drone_home1.controller]: Going to [(29.639567, -82.361102)]: 9269817.34 meters
[controller-2] [INFO] [1744588046.477635451] [drone_home1.controller]: Bearing: 262.53°
[controller-2] [INFO] [1744588046.478521347] [drone_home1.controller]: Going to [(29.639567, -82.361102)]: 9269817.34 meters
[controller-2] [INFO] [1744588046.577688106] [drone_home1.controller]: Bearing: 262.53°
[controller-2] [INFO] [1744588046.578613138] [drone_home1.controller]: Going to [(29.639567, -82.361102)]: 9269817.34 meters
[controller-2] [INFO] [1744588046.676983570] [drone_home1.controller]: Bearing: 262.53°
[controller-2] [INFO] [1744588046.677952539] [drone_home1.controller]: Going to [(29.639567, -82.361102)]: 9269817.34 meters
[controller-2] [INFO] [1744588046.776746878] [drone_home1.controller]: Bearing: 262.53°
[controller-2] [INFO] [1744588046.777752616] [drone_home1.controller]: Going to [(29.639567, -82.361102)]: 9269817.34 meters
[controller-2] [INFO] [1744588046.876619692] [drone_home1.controller]: Bearing: 262.53°
[controller-2] [INFO] [1744588046.877630357] [drone_home1.controller]: Going to [(29.639567, -82.361102)]: 9269817.34 meters
[controller-2] [INFO] [1744588046.978271369] [drone_home1.controller]: Bearing: 262.53°
[controller-2] [INFO] [1744588046.979338643] [drone_home1.controller]: Going to [(29.639567, -82.361102)]: 9269817.34 meters
[controller-2] [INFO] [1744588047.077468629] [drone_home1.controller]: Bearing: 262.53°
[controller-2] [INFO] [1744588047.078507167] [drone_home1.controller]: Going to [(29.639567, -82.361102)]: 9269817.34 meters
[controller-2] [INFO] [1744588047.177476074] [drone_home1.controller]: Bearing: 262.53°
[controller-2] [INFO] [1744588047.179038328] [drone_home1.controller]: Going to [(29.639567, -82.361102)]: 9269817.34 meters
[controller-2] [INFO] [1744588047.277832642] [drone_home1.controller]: Bearing: 262.53°
[controller-2] [INFO] [1744588047.279429425] [drone_home1.controller]: Going to [(29.639567, -82.361102)]: 9269817.34 meters
[controller-2] [INFO] [1744588047.377372275] [drone_home1.controller]: Bearing: 262.53°
[controller-2] [INFO] [1744588047.378976609] [drone_home1.controller]: Going to [(29.639567, -82.361102)]: 9269817.34 meters
[controller-2] [INFO] [1744588047.477420616] [drone_home1.controller]: Bearing: 262.53°
[controller-2] [INFO] [1744588047.478953654] [drone_home1.controller]: Going to [(29.639567, -82.361102)]: 9269817.34 meters
[controller-2] [INFO] [1744588047.577472317] [drone_home1.controller]: Bearing: 262.53°
[controller-2] [INFO] [1744588047.579047787] [drone_home1.controller]: Going to [(29.639567, -82.361102)]: 9269817.34 meters
[controller-2] [INFO] [1744588047.677418897] [drone_home1.controller]: Bearing: 262.53°
[controller-2] [INFO] [1744588047.679060320] [drone_home1.controller]: Going to [(29.639567, -82.361102)]: 9269817.34 meters
[controller-2] [INFO] [1744588047.778324590] [drone_home1.controller]: Bearing: 262.53°
[controller-2] [INFO] [1744588047.779893277] [drone_home1.controller]: Going to [(29.639567, -82.361102)]: 9269817.34 meters
[controller-2] [INFO] [1744588047.877351450] [drone_home1.controller]: Bearing: 262.53°
[controller-2] [INFO] [1744588047.880081395] [drone_home1.controller]: Going to [(29.639567, -82.361102)]: 9269817.34 meters
[controller-2] [INFO] [1744588047.977317999] [drone_home1.controller]: Bearing: 262.53°
[controller-2] [INFO] [1744588047.979214080] [drone_home1.controller]: Going to [(29.639567, -82.361102)]: 9269817.34 meters
[controller-2] [INFO] [1744588048.076827171] [drone_home1.controller]: Bearing: 262.53°
[controller-2] [INFO] [1744588048.078600596] [drone_home1.controller]: Going to [(29.639567, -82.361102)]: 9269817.34 meters
[controller-2] [INFO] [1744588048.177014400] [drone_home1.controller]: Bearing: 262.53°
[controller-2] [INFO] [1744588048.178098250] [drone_home1.controller]: Going to [(29.639567, -82.361102)]: 9269817.34 meters
[controller-2] [INFO] [1744588048.276600503] [drone_home1.controller]: Bearing: 262.53°
[controller-2] [INFO] [1744588048.277790306] [drone_home1.controller]: Going to [(29.639567, -82.361102)]: 9269817.34 meters
[controller-2] [INFO] [1744588048.377533882] [drone_home1.controller]: Bearing: 262.53°
[controller-2] [INFO] [1744588048.378704933] [drone_home1.controller]: Going to [(29.639567, -82.361102)]: 9269817.34 meters
[controller-2] [INFO] [1744588048.478145115] [drone_home1.controller]: Bearing: 262.53°
[controller-2] [INFO] [1744588048.479697609] [drone_home1.controller]: Going to [(29.639567, -82.361102)]: 9269817.34 meters
[controller-2] [INFO] [1744588048.577184941] [drone_home1.controller]: Bearing: 262.53°
[controller-2] [INFO] [1744588048.578049301] [drone_home1.controller]: Going to [(29.639567, -82.361102)]: 9269817.34 meters
[controller-2] [INFO] [1744588048.676740451] [drone_home1.controller]: Bearing: 262.53°
[controller-2] [INFO] [1744588048.678500980] [drone_home1.controller]: Going to [(29.639567, -82.361102)]: 9269817.34 meters
[controller-2] [INFO] [1744588048.777121858] [drone_home1.controller]: Bearing: 262.53°
[controller-2] [INFO] [1744588048.778464142] [drone_home1.controller]: Going to [(29.639567, -82.361102)]: 9269817.34 meters
[controller-2] [INFO] [1744588048.876676760] [drone_home1.controller]: Bearing: 262.53°
[controller-2] [INFO] [1744588048.877628449] [drone_home1.controller]: Going to [(29.639567, -82.361102)]: 9269817.34 meters
[controller-2] [INFO] [1744588048.978003103] [drone_home1.controller]: Bearing: 262.53°
[controller-2] [INFO] [1744588048.979889809] [drone_home1.controller]: Going to [(29.639567, -82.361102)]: 9269817.34 meters
[controller-2] [INFO] [1744588049.076463537] [drone_home1.controller]: Bearing: 262.53°
[controller-2] [INFO] [1744588049.077417529] [drone_home1.controller]: Going to [(29.639567, -82.361102)]: 9269817.34 meters
[controller-2] [INFO] [1744588049.176640883] [drone_home1.controller]: Bearing: 262.53°
[controller-2] [INFO] [1744588049.177659868] [drone_home1.controller]: Going to [(29.639567, -82.361102)]: 9269817.34 meters
[controller-2] [INFO] [1744588049.276502706] [drone_home1.controller]: Bearing: 262.53°
[controller-2] [INFO] [1744588049.279401997] [drone_home1.controller]: Going to [(29.639567, -82.361102)]: 9269817.34 meters
[controller-2] [INFO] [1744588049.376700725] [drone_home1.controller]: Bearing: 262.53°
[controller-2] [INFO] [1744588049.377689886] [drone_home1.controller]: Going to [(29.639567, -82.361102)]: 9269817.34 meters
[controller-2] [INFO] [1744588049.476480692] [drone_home1.controller]: Bearing: 262.53°
[controller-2] [INFO] [1744588049.477581566] [drone_home1.controller]: Going to [(29.639567, -82.361102)]: 9269817.34 meters
[controller-2] [INFO] [1744588049.576691415] [drone_home1.controller]: Bearing: 262.53°
[controller-2] [INFO] [1744588049.577777249] [drone_home1.controller]: Going to [(29.639567, -82.361102)]: 9269817.34 meters
[controller-2] [INFO] [1744588049.676749816] [drone_home1.controller]: Bearing: 262.53°
[controller-2] [INFO] [1744588049.677992963] [drone_home1.controller]: Going to [(29.639567, -82.361102)]: 9269817.34 meters
[controller-2] [INFO] [1744588049.776758169] [drone_home1.controller]: Bearing: 262.53°
[controller-2] [INFO] [1744588049.777796930] [drone_home1.controller]: Going to [(29.639567, -82.361102)]: 9269817.34 meters
[controller-2] [INFO] [1744588049.876867259] [drone_home1.controller]: Bearing: 262.53°
[controller-2] [INFO] [1744588049.877877828] [drone_home1.controller]: Going to [(29.639567, -82.361102)]: 9269817.34 meters
[controller-2] [INFO] [1744588049.979253265] [drone_home1.controller]: Bearing: 262.53°
[controller-2] [INFO] [1744588049.980978114] [drone_home1.controller]: Going to [(29.639567, -82.361102)]: 9269817.34 meters
[controller-2] [INFO] [1744588050.079463225] [drone_home1.controller]: Bearing: 262.53°
[controller-2] [INFO] [1744588050.081698606] [drone_home1.controller]: Going to [(29.639567, -82.361102)]: 9269817.34 meters
[controller-2] [INFO] [1744588050.176731750] [drone_home1.controller]: Bearing: 262.53°
[controller-2] [INFO] [1744588050.177718383] [drone_home1.controller]: Going to [(29.639567, -82.361102)]: 9269817.34 meters
[controller-2] [INFO] [1744588050.276809837] [drone_home1.controller]: Bearing: 262.53°
[controller-2] [INFO] [1744588050.278583070] [drone_home1.controller]: Going to [(29.639567, -82.361102)]: 9269817.34 meters
[controller-2] [INFO] [1744588050.377391865] [drone_home1.controller]: Bearing: 262.53°
[controller-2] [INFO] [1744588050.379023145] [drone_home1.controller]: Going to [(29.639567, -82.361102)]: 9269817.34 meters
[controller-2] [INFO] [1744588050.476513176] [drone_home1.controller]: Bearing: 262.53°
[controller-2] [INFO] [1744588050.477826820] [drone_home1.controller]: Going to [(29.639567, -82.361102)]: 9269817.34 meters
[controller-2] [INFO] [1744588050.576783681] [drone_home1.controller]: Bearing: 262.53°
[controller-2] [INFO] [1744588050.579353881] [drone_home1.controller]: Going to [(29.639567, -82.361102)]: 9269817.34 meters
[controller-2] [INFO] [1744588050.677769265] [drone_home1.controller]: Bearing: 262.53°
[controller-2] [INFO] [1744588050.678761786] [drone_home1.controller]: Going to [(29.639567, -82.361102)]: 9269817.34 meters
[controller-2] [INFO] [1744588050.776497004] [drone_home1.controller]: Bearing: 262.53°
[controller-2] [INFO] [1744588050.777873529] [drone_home1.controller]: Going to [(29.639567, -82.361102)]: 9269817.34 meters
[controller-2] [INFO] [1744588050.876607827] [drone_home1.controller]: Bearing: 262.53°
[controller-2] [INFO] [1744588050.877552156] [drone_home1.controller]: Going to [(29.639567, -82.361102)]: 9269817.34 meters
[controller-2] [INFO] [1744588050.976773724] [drone_home1.controller]: Bearing: 262.53°
[controller-2] [INFO] [1744588050.978264778] [drone_home1.controller]: Going to [(29.639567, -82.361102)]: 9269817.34 meters
[controller-2] [INFO] [1744588051.077595438] [drone_home1.controller]: Bearing: 262.53°
[controller-2] [INFO] [1744588051.079164253] [drone_home1.controller]: Going to [(29.639567, -82.361102)]: 9269817.34 meters
[controller-2] [INFO] [1744588051.177786749] [drone_home1.controller]: Bearing: 262.53°
[controller-2] [INFO] [1744588051.179422988] [drone_home1.controller]: Going to [(29.639567, -82.361102)]: 9269817.34 meters
[controller-2] [INFO] [1744588051.276549694] [drone_home1.controller]: Bearing: 262.53°
[controller-2] [INFO] [1744588051.277546375] [drone_home1.controller]: Going to [(29.639567, -82.361102)]: 9269817.34 meters
[controller-2] [INFO] [1744588051.376945486] [drone_home1.controller]: Bearing: 262.53°
[controller-2] [INFO] [1744588051.378546781] [drone_home1.controller]: Going to [(29.639567, -82.361102)]: 9269817.34 meters
[controller-2] [INFO] [1744588051.478265991] [drone_home1.controller]: Bearing: 262.53°
[controller-2] [INFO] [1744588051.479569459] [drone_home1.controller]: Going to [(29.639567, -82.361102)]: 9269817.34 meters
[controller-2] [INFO] [1744588051.577582541] [drone_home1.controller]: Bearing: 262.53°
[controller-2] [INFO] [1744588051.578505557] [drone_home1.controller]: Going to [(29.639567, -82.361102)]: 9269817.34 meters
[controller-2] [INFO] [1744588051.677293718] [drone_home1.controller]: Bearing: 262.53°
[controller-2] [INFO] [1744588051.678548258] [drone_home1.controller]: Going to [(29.639567, -82.361102)]: 9269817.34 meters
[controller-2] [INFO] [1744588051.777421156] [drone_home1.controller]: Bearing: 262.53°
[controller-2] [INFO] [1744588051.778924722] [drone_home1.controller]: Going to [(29.639567, -82.361102)]: 9269817.34 meters
[controller-2] [INFO] [1744588051.878876542] [drone_home1.controller]: Bearing: 262.53°
[controller-2] [INFO] [1744588051.880448301] [drone_home1.controller]: Going to [(29.639567, -82.361102)]: 9269817.34 meters
[controller-2] [INFO] [1744588051.977635679] [drone_home1.controller]: Bearing: 262.53°
[controller-2] [INFO] [1744588051.979190446] [drone_home1.controller]: Going to [(29.639567, -82.361102)]: 9269817.34 meters
[controller-2] [INFO] [1744588052.076433348] [drone_home1.controller]: Bearing: 262.53°
[controller-2] [INFO] [1744588052.077324045] [drone_home1.controller]: Going to [(29.639567, -82.361102)]: 9269817.34 meters
[controller-2] [INFO] [1744588052.176814010] [drone_home1.controller]: Bearing: 262.53°
[controller-2] [INFO] [1744588052.177756643] [drone_home1.controller]: Going to [(29.639567, -82.361102)]: 9269817.34 meters
[controller-2] [INFO] [1744588052.276755852] [drone_home1.controller]: Bearing: 262.53°
[controller-2] [INFO] [1744588052.278541661] [drone_home1.controller]: Going to [(29.639567, -82.361102)]: 9269817.34 meters
[controller-2] [INFO] [1744588052.377606694] [drone_home1.controller]: Bearing: 262.53°
[controller-2] [INFO] [1744588052.378624144] [drone_home1.controller]: Going to [(29.639567, -82.361102)]: 9269817.34 meters
[controller-2] [INFO] [1744588052.476966482] [drone_home1.controller]: Bearing: 262.53°
[controller-2] [INFO] [1744588052.478077981] [drone_home1.controller]: Going to [(29.639567, -82.361102)]: 9269817.34 meters
[controller-2] [INFO] [1744588052.577635787] [drone_home1.controller]: Bearing: 262.53°
[controller-2] [INFO] [1744588052.578618548] [drone_home1.controller]: Going to [(29.639567, -82.361102)]: 9269817.34 meters
[controller-2] [INFO] [1744588052.678431460] [drone_home1.controller]: Bearing: 262.53°
[controller-2] [INFO] [1744588052.679791921] [drone_home1.controller]: Going to [(29.639567, -82.361102)]: 9269817.34 meters
[controller-2] [INFO] [1744588052.777391309] [drone_home1.controller]: Bearing: 262.53°
[controller-2] [INFO] [1744588052.778876923] [drone_home1.controller]: Going to [(29.639567, -82.361102)]: 9269817.34 meters
[controller-2] [INFO] [1744588052.877029275] [drone_home1.controller]: Bearing: 262.53°
[controller-2] [INFO] [1744588052.877910852] [drone_home1.controller]: Going to [(29.639567, -82.361102)]: 9269817.34 meters
[controller-2] [INFO] [1744588052.977109006] [drone_home1.controller]: Bearing: 262.53°
[controller-2] [INFO] [1744588052.977983223] [drone_home1.controller]: Going to [(29.639567, -82.361102)]: 9269817.34 meters
[controller-2] [INFO] [1744588053.077183877] [drone_home1.controller]: Bearing: 262.53°
[controller-2] [INFO] [1744588053.078033869] [drone_home1.controller]: Going to [(29.639567, -82.361102)]: 9269817.34 meters
[controller-2] [INFO] [1744588053.177455232] [drone_home1.controller]: Bearing: 262.53°
[controller-2] [INFO] [1744588053.178337128] [drone_home1.controller]: Going to [(29.639567, -82.361102)]: 9269817.34 meters
[controller-2] [INFO] [1744588053.277501400] [drone_home1.controller]: Bearing: 262.53°
[controller-2] [INFO] [1744588053.278398561] [drone_home1.controller]: Going to [(29.639567, -82.361102)]: 9269817.34 meters
[controller-2] [INFO] [1744588053.377370478] [drone_home1.controller]: Bearing: 262.53°
[controller-2] [INFO] [1744588053.378263095] [drone_home1.controller]: Going to [(29.639567, -82.361102)]: 9269817.34 meters
[controller-2] [INFO] [1744588053.477279493] [drone_home1.controller]: Bearing: 262.53°
[controller-2] [INFO] [1744588053.478177486] [drone_home1.controller]: Going to [(29.639567, -82.361102)]: 9269817.34 meters
[controller-2] [INFO] [1744588053.577194044] [drone_home1.controller]: Bearing: 262.53°
[controller-2] [INFO] [1744588053.578078629] [drone_home1.controller]: Going to [(29.639567, -82.361102)]: 9269817.34 meters
[controller-2] [INFO] [1744588053.680703734] [drone_home1.controller]: Bearing: 262.53°
[controller-2] [INFO] [1744588053.687571415] [drone_home1.controller]: Going to [(29.639567, -82.361102)]: 9269817.34 meters
[controller-2] [INFO] [1744588053.777449966] [drone_home1.controller]: Bearing: 262.53°
[controller-2] [INFO] [1744588053.779727620] [drone_home1.controller]: Going to [(29.639567, -82.361102)]: 9269817.34 meters
[controller-2] [INFO] [1744588053.877373893] [drone_home1.controller]: Bearing: 262.53°
[controller-2] [INFO] [1744588053.879117206] [drone_home1.controller]: Going to [(29.639567, -82.361102)]: 9269817.34 meters
[controller-2] [INFO] [1744588053.977026394] [drone_home1.controller]: Bearing: 262.53°
[controller-2] [INFO] [1744588053.978796299] [drone_home1.controller]: Going to [(29.639567, -82.361102)]: 9269817.34 meters
[controller-2] [INFO] [1744588054.077313337] [drone_home1.controller]: Bearing: 262.53°
[controller-2] [INFO] [1744588054.078955272] [drone_home1.controller]: Going to [(29.639567, -82.361102)]: 9269817.34 meters
[controller-2] [INFO] [1744588054.176629039] [drone_home1.controller]: Bearing: 262.53°
[controller-2] [INFO] [1744588054.177830523] [drone_home1.controller]: Going to [(29.639567, -82.361102)]: 9269817.34 meters
[controller-2] [INFO] [1744588054.276668493] [drone_home1.controller]: Bearing: 262.53°
[controller-2] [INFO] [1744588054.278414718] [drone_home1.controller]: Going to [(29.639567, -82.361102)]: 9269817.34 meters
[controller-2] [INFO] [1744588054.377183407] [drone_home1.controller]: Bearing: 262.53°
[controller-2] [INFO] [1744588054.378070936] [drone_home1.controller]: Going to [(29.639567, -82.361102)]: 9269817.34 meters
[controller-2] [INFO] [1744588054.478107541] [drone_home1.controller]: Bearing: 262.53°
[controller-2] [INFO] [1744588054.483054949] [drone_home1.controller]: Going to [(29.639567, -82.361102)]: 9269817.34 meters
[controller-2] [INFO] [1744588054.577397996] [drone_home1.controller]: Bearing: 262.53°
[controller-2] [INFO] [1744588054.578680120] [drone_home1.controller]: Going to [(29.639567, -82.361102)]: 9269817.34 meters
[controller-2] [INFO] [1744588054.677218983] [drone_home1.controller]: Bearing: 262.53°
[controller-2] [INFO] [1744588054.678105040] [drone_home1.controller]: Going to [(29.639567, -82.361102)]: 9269817.34 meters
[controller-2] [INFO] [1744588054.776968610] [drone_home1.controller]: Bearing: 262.53°
[controller-2] [INFO] [1744588054.779156951] [drone_home1.controller]: Going to [(29.639567, -82.361102)]: 9269817.34 meters
[controller-2] [INFO] [1744588054.876833214] [drone_home1.controller]: Bearing: 262.53°
[controller-2] [INFO] [1744588054.877912489] [drone_home1.controller]: Going to [(29.639567, -82.361102)]: 9269817.34 meters
[controller-2] [INFO] [1744588054.976571417] [drone_home1.controller]: Bearing: 262.53°
[controller-2] [INFO] [1744588054.978682829] [drone_home1.controller]: Going to [(29.639567, -82.361102)]: 9269817.34 meters
[controller-2] [INFO] [1744588055.076632443] [drone_home1.controller]: Bearing: 262.53°
[controller-2] [INFO] [1744588055.078482605] [drone_home1.controller]: Going to [(29.639567, -82.361102)]: 9269817.34 meters
[controller-2] [INFO] [1744588055.177208579] [drone_home1.controller]: Bearing: 262.53°
[controller-2] [INFO] [1744588055.178126316] [drone_home1.controller]: Going to [(29.639567, -82.361102)]: 9269817.34 meters
[controller-2] [INFO] [1744588055.276670849] [drone_home1.controller]: Bearing: 262.53°
[controller-2] [INFO] [1744588055.277664811] [drone_home1.controller]: Going to [(29.639567, -82.361102)]: 9269817.34 meters
[controller-2] [INFO] [1744588055.379098939] [drone_home1.controller]: Bearing: 262.53°
[controller-2] [INFO] [1744588055.382004023] [drone_home1.controller]: Going to [(29.639567, -82.361102)]: 9269817.34 meters
[controller-2] [INFO] [1744588055.477200940] [drone_home1.controller]: Bearing: 262.53°
[controller-2] [INFO] [1744588055.478087188] [drone_home1.controller]: Going to [(29.639567, -82.361102)]: 9269817.34 meters
[controller-2] [INFO] [1744588055.577099661] [drone_home1.controller]: Bearing: 262.53°
[controller-2] [INFO] [1744588055.579665222] [drone_home1.controller]: Going to [(29.639567, -82.361102)]: 9269817.34 meters
[controller-2] [INFO] [1744588055.676899758] [drone_home1.controller]: Bearing: 262.53°
[controller-2] [INFO] [1744588055.679750634] [drone_home1.controller]: Going to [(29.639567, -82.361102)]: 9269817.34 meters
[controller-2] [INFO] [1744588055.777257556] [drone_home1.controller]: Bearing: 262.53°
[controller-2] [INFO] [1744588055.778133693] [drone_home1.controller]: Going to [(29.639567, -82.361102)]: 9269817.34 meters
[controller-2] [INFO] [1744588055.876789395] [drone_home1.controller]: Bearing: 262.53°
[controller-2] [INFO] [1744588055.877699739] [drone_home1.controller]: Going to [(29.639567, -82.361102)]: 9269817.34 meters
[controller-2] [INFO] [1744588055.977654270] [drone_home1.controller]: Bearing: 262.53°
[controller-2] [INFO] [1744588055.980165174] [drone_home1.controller]: Going to [(29.639567, -82.361102)]: 9269817.34 meters
[controller-2] [INFO] [1744588056.076699003] [drone_home1.controller]: Bearing: 262.53°
[controller-2] [INFO] [1744588056.077736293] [drone_home1.controller]: Going to [(29.639567, -82.361102)]: 9269817.34 meters
[controller-2] [INFO] [1744588056.176821797] [drone_home1.controller]: Bearing: 262.53°
[controller-2] [INFO] [1744588056.177896783] [drone_home1.controller]: Going to [(29.639567, -82.361102)]: 9269817.34 meters
[controller-2] [INFO] [1744588056.276677419] [drone_home1.controller]: Bearing: 262.53°
[controller-2] [INFO] [1744588056.277759670] [drone_home1.controller]: Going to [(29.639567, -82.361102)]: 9269817.34 meters
[controller-2] [INFO] [1744588056.376623315] [drone_home1.controller]: Bearing: 262.53°
[controller-2] [INFO] [1744588056.379087947] [drone_home1.controller]: Going to [(29.639567, -82.361102)]: 9269817.34 meters
[controller-2] [INFO] [1744588056.476531770] [drone_home1.controller]: Bearing: 262.53°
[controller-2] [INFO] [1744588056.477644165] [drone_home1.controller]: Going to [(29.639567, -82.361102)]: 9269817.34 meters
[controller-2] [INFO] [1744588056.576627491] [drone_home1.controller]: Bearing: 262.53°
[controller-2] [INFO] [1744588056.577653229] [drone_home1.controller]: Going to [(29.639567, -82.361102)]: 9269817.34 meters
[controller-2] [INFO] [1744588056.677394195] [drone_home1.controller]: Bearing: 262.53°
[controller-2] [INFO] [1744588056.678944546] [drone_home1.controller]: Going to [(29.639567, -82.361102)]: 9269817.34 meters
[controller-2] [INFO] [1744588056.778256643] [drone_home1.controller]: Bearing: 262.53°
[controller-2] [INFO] [1744588056.779221836] [drone_home1.controller]: Going to [(29.639567, -82.361102)]: 9269817.34 meters
[controller-2] [INFO] [1744588056.876790141] [drone_home1.controller]: Bearing: 262.53°
[controller-2] [INFO] [1744588056.877838119] [drone_home1.controller]: Going to [(29.639567, -82.361102)]: 9269817.34 meters
[controller-2] [INFO] [1744588056.976957063] [drone_home1.controller]: Bearing: 262.53°
[controller-2] [INFO] [1744588056.977850671] [drone_home1.controller]: Going to [(29.639567, -82.361102)]: 9269817.34 meters
[controller-2] [INFO] [1744588057.077450520] [drone_home1.controller]: Bearing: 262.53°
[controller-2] [INFO] [1744588057.078385121] [drone_home1.controller]: Going to [(29.639567, -82.361102)]: 9269817.34 meters
[controller-2] [INFO] [1744588057.177322756] [drone_home1.controller]: Bearing: 262.53°
[controller-2] [INFO] [1744588057.178867123] [drone_home1.controller]: Going to [(29.639567, -82.361102)]: 9269817.34 meters
[controller-2] [INFO] [1744588057.277138255] [drone_home1.controller]: Bearing: 262.53°
[controller-2] [INFO] [1744588057.278129689] [drone_home1.controller]: Going to [(29.639567, -82.361102)]: 9269817.34 meters
[controller-2] [INFO] [1744588057.378337224] [drone_home1.controller]: Bearing: 262.53°
[controller-2] [INFO] [1744588057.380757056] [drone_home1.controller]: Going to [(29.639567, -82.361102)]: 9269817.34 meters
[controller-2] [INFO] [1744588057.477230091] [drone_home1.controller]: Bearing: 262.53°
[controller-2] [INFO] [1744588057.478072979] [drone_home1.controller]: Going to [(29.639567, -82.361102)]: 9269817.34 meters
[controller-2] [INFO] [1744588057.577812734] [drone_home1.controller]: Bearing: 262.53°
[controller-2] [INFO] [1744588057.578684838] [drone_home1.controller]: Going to [(29.639567, -82.361102)]: 9269817.34 meters
[controller-2] [INFO] [1744588057.677353767] [drone_home1.controller]: Bearing: 262.53°
[controller-2] [INFO] [1744588057.678219567] [drone_home1.controller]: Going to [(29.639567, -82.361102)]: 9269817.34 meters
[controller-2] [INFO] [1744588057.778858467] [drone_home1.controller]: Bearing: 262.53°
[controller-2] [INFO] [1744588057.779990382] [drone_home1.controller]: Going to [(29.639567, -82.361102)]: 9269817.34 meters
[controller-2] [INFO] [1744588057.877394850] [drone_home1.controller]: Bearing: 262.53°
[controller-2] [INFO] [1744588057.878246122] [drone_home1.controller]: Going to [(29.639567, -82.361102)]: 9269817.34 meters
[controller-2] [INFO] [1744588057.977124621] [drone_home1.controller]: Bearing: 262.53°
[controller-2] [INFO] [1744588057.978229431] [drone_home1.controller]: Going to [(29.639567, -82.361102)]: 9269817.34 meters
[controller-2] [INFO] [1744588058.077172862] [drone_home1.controller]: Bearing: 262.53°
[controller-2] [INFO] [1744588058.078050791] [drone_home1.controller]: Going to [(29.639567, -82.361102)]: 9269817.34 meters
[controller-2] [INFO] [1744588058.177183377] [drone_home1.controller]: Bearing: 262.53°
[controller-2] [INFO] [1744588058.178008313] [drone_home1.controller]: Going to [(29.639567, -82.361102)]: 9269817.34 meters
[controller-2] [INFO] [1744588058.277160643] [drone_home1.controller]: Bearing: 262.53°
[controller-2] [INFO] [1744588058.277987915] [drone_home1.controller]: Going to [(29.639567, -82.361102)]: 9269817.34 meters
[controller-2] [INFO] [1744588058.377139350] [drone_home1.controller]: Bearing: 262.53°
[controller-2] [INFO] [1744588058.377993310] [drone_home1.controller]: Going to [(29.639567, -82.361102)]: 9269817.34 meters
[controller-2] [INFO] [1744588058.476431297] [drone_home1.controller]: Bearing: 262.53°
[controller-2] [INFO] [1744588058.477530764] [drone_home1.controller]: Going to [(29.639567, -82.361102)]: 9269817.34 meters
[controller-2] [INFO] [1744588058.576436820] [drone_home1.controller]: Bearing: 262.53°
[controller-2] [INFO] [1744588058.577366429] [drone_home1.controller]: Going to [(29.639567, -82.361102)]: 9269817.34 meters
[controller-2] [INFO] [1744588058.676465927] [drone_home1.controller]: Bearing: 262.53°
[controller-2] [INFO] [1744588058.677692595] [drone_home1.controller]: Going to [(29.639567, -82.361102)]: 9269817.34 meters
[controller-2] [INFO] [1744588058.776371640] [drone_home1.controller]: Bearing: 262.53°
[controller-2] [INFO] [1744588058.777552644] [drone_home1.controller]: Going to [(29.639567, -82.361102)]: 9269817.34 meters
[controller-2] [INFO] [1744588058.876401227] [drone_home1.controller]: Bearing: 262.53°
[controller-2] [INFO] [1744588058.877588375] [drone_home1.controller]: Going to [(29.639567, -82.361102)]: 9269817.34 meters
[controller-2] [INFO] [1744588058.977030756] [drone_home1.controller]: Bearing: 262.53°
[controller-2] [INFO] [1744588058.978204207] [drone_home1.controller]: Going to [(29.639567, -82.361102)]: 9269817.34 meters
[controller-2] [INFO] [1744588059.076675927] [drone_home1.controller]: Bearing: 262.53°
[controller-2] [INFO] [1744588059.077644896] [drone_home1.controller]: Going to [(29.639567, -82.361102)]: 9269817.34 meters
[controller-2] [INFO] [1744588059.176492269] [drone_home1.controller]: Bearing: 262.53°
[controller-2] [INFO] [1744588059.179134215] [drone_home1.controller]: Going to [(29.639567, -82.361102)]: 9269817.34 meters
[controller-2] [INFO] [1744588059.276553861] [drone_home1.controller]: Bearing: 262.53°
[controller-2] [INFO] [1744588059.277501550] [drone_home1.controller]: Going to [(29.639567, -82.361102)]: 9269817.34 meters
[controller-2] [INFO] [1744588059.376413979] [drone_home1.controller]: Bearing: 262.53°
[controller-2] [INFO] [1744588059.377341252] [drone_home1.controller]: Going to [(29.639567, -82.361102)]: 9269817.34 meters
[controller-2] [INFO] [1744588059.476500148] [drone_home1.controller]: Bearing: 262.53°
[controller-2] [INFO] [1744588059.477426077] [drone_home1.controller]: Going to [(29.639567, -82.361102)]: 9269817.34 meters
[controller-2] [INFO] [1744588059.576465963] [drone_home1.controller]: Bearing: 262.53°
[controller-2] [INFO] [1744588059.577389172] [drone_home1.controller]: Going to [(29.639567, -82.361102)]: 9269817.34 meters
[controller-2] [INFO] [1744588059.676499491] [drone_home1.controller]: Bearing: 262.53°
[controller-2] [INFO] [1744588059.677434700] [drone_home1.controller]: Going to [(29.639567, -82.361102)]: 9269817.34 meters
[controller-2] [INFO] [1744588059.776431226] [drone_home1.controller]: Bearing: 262.53°
[controller-2] [INFO] [1744588059.777986825] [drone_home1.controller]: Going to [(29.639567, -82.361102)]: 9269817.34 meters
[controller-2] [INFO] [1744588059.876484882] [drone_home1.controller]: Bearing: 262.53°
[controller-2] [INFO] [1744588059.877448252] [drone_home1.controller]: Going to [(29.639567, -82.361102)]: 9269817.34 meters
[controller-2] [INFO] [1744588059.976471306] [drone_home1.controller]: Bearing: 262.53°
[controller-2] [INFO] [1744588059.977542868] [drone_home1.controller]: Going to [(29.639567, -82.361102)]: 9269817.34 meters
[controller-2] [INFO] [1744588060.076542630] [drone_home1.controller]: Bearing: 262.53°
[controller-2] [INFO] [1744588060.077636977] [drone_home1.controller]: Going to [(29.639567, -82.361102)]: 9269817.34 meters
[controller-2] [INFO] [1744588060.176466818] [drone_home1.controller]: Bearing: 262.53°
[controller-2] [INFO] [1744588060.177759791] [drone_home1.controller]: Going to [(29.639567, -82.361102)]: 9269817.34 meters
[controller-2] [INFO] [1744588060.276477439] [drone_home1.controller]: Bearing: 262.53°
[controller-2] [INFO] [1744588060.277377416] [drone_home1.controller]: Going to [(29.639567, -82.361102)]: 9269817.34 meters
[controller-2] [INFO] [1744588060.376467483] [drone_home1.controller]: Bearing: 262.53°
[controller-2] [INFO] [1744588060.377403045] [drone_home1.controller]: Going to [(29.639567, -82.361102)]: 9269817.34 meters
[controller-2] [INFO] [1744588060.478059464] [drone_home1.controller]: Bearing: 262.53°
[controller-2] [INFO] [1744588060.479653400] [drone_home1.controller]: Going to [(29.639567, -82.361102)]: 9269817.34 meters
[controller-2] [INFO] [1744588060.577643712] [drone_home1.controller]: Bearing: 262.53°
[controller-2] [INFO] [1744588060.579187312] [drone_home1.controller]: Going to [(29.639567, -82.361102)]: 9269817.34 meters
[controller-2] [INFO] [1744588060.677642013] [drone_home1.controller]: Bearing: 262.53°
[controller-2] [INFO] [1744588060.679245421] [drone_home1.controller]: Going to [(29.639567, -82.361102)]: 9269817.34 meters
[controller-2] [INFO] [1744588060.777626842] [drone_home1.controller]: Bearing: 262.53°
[controller-2] [INFO] [1744588060.779169193] [drone_home1.controller]: Going to [(29.639567, -82.361102)]: 9269817.34 meters
[controller-2] [INFO] [1744588060.877614582] [drone_home1.controller]: Bearing: 262.53°
[controller-2] [INFO] [1744588060.879157893] [drone_home1.controller]: Going to [(29.639567, -82.361102)]: 9269817.34 meters
[controller-2] [INFO] [1744588060.977606451] [drone_home1.controller]: Bearing: 262.53°
[controller-2] [INFO] [1744588060.979123714] [drone_home1.controller]: Going to [(29.639567, -82.361102)]: 9269817.34 meters
[controller-2] [INFO] [1744588061.077611539] [drone_home1.controller]: Bearing: 262.53°
[controller-2] [INFO] [1744588061.079135970] [drone_home1.controller]: Going to [(29.639567, -82.361102)]: 9269817.34 meters
[controller-2] [INFO] [1744588061.177585877] [drone_home1.controller]: Bearing: 262.53°
[controller-2] [INFO] [1744588061.179101284] [drone_home1.controller]: Going to [(29.639567, -82.361102)]: 9269817.34 meters
[controller-2] [INFO] [1744588061.277675703] [drone_home1.controller]: Bearing: 262.53°
[controller-2] [INFO] [1744588061.279201798] [drone_home1.controller]: Going to [(29.639567, -82.361102)]: 9269817.34 meters
[controller-2] [INFO] [1744588061.377480535] [drone_home1.controller]: Bearing: 262.53°
[controller-2] [INFO] [1744588061.379008038] [drone_home1.controller]: Going to [(29.639567, -82.361102)]: 9269817.34 meters
[controller-2] [INFO] [1744588061.477308343] [drone_home1.controller]: Bearing: 262.53°
[controller-2] [INFO] [1744588061.478876038] [drone_home1.controller]: Going to [(29.639567, -82.361102)]: 9269817.34 meters
[controller-2] [INFO] [1744588061.577260856] [drone_home1.controller]: Bearing: 262.53°
[controller-2] [INFO] [1744588061.578921480] [drone_home1.controller]: Going to [(29.639567, -82.361102)]: 9269817.34 meters
[controller-2] [INFO] [1744588061.677346682] [drone_home1.controller]: Bearing: 262.53°
[controller-2] [INFO] [1744588061.678901354] [drone_home1.controller]: Going to [(29.639567, -82.361102)]: 9269817.34 meters
[controller-2] [INFO] [1744588061.777297852] [drone_home1.controller]: Bearing: 262.53°
[controller-2] [INFO] [1744588061.778827179] [drone_home1.controller]: Going to [(29.639567, -82.361102)]: 9269817.34 meters
[controller-2] [INFO] [1744588061.877349502] [drone_home1.controller]: Bearing: 262.53°
[controller-2] [INFO] [1744588061.878900077] [drone_home1.controller]: Going to [(29.639567, -82.361102)]: 9269817.34 meters
[controller-2] [INFO] [1744588061.977307007] [drone_home1.controller]: Bearing: 262.53°
[controller-2] [INFO] [1744588061.978862958] [drone_home1.controller]: Going to [(29.639567, -82.361102)]: 9269817.34 meters
[controller-2] [INFO] [1744588062.077356453] [drone_home1.controller]: Bearing: 262.53°
[controller-2] [INFO] [1744588062.078909524] [drone_home1.controller]: Going to [(29.639567, -82.361102)]: 9269817.34 meters
[controller-2] [INFO] [1744588062.177311147] [drone_home1.controller]: Bearing: 262.53°
[controller-2] [INFO] [1744588062.178931195] [drone_home1.controller]: Going to [(29.639567, -82.361102)]: 9269817.34 meters
[controller-2] [INFO] [1744588062.277305905] [drone_home1.controller]: Bearing: 262.53°
[controller-2] [INFO] [1744588062.278944834] [drone_home1.controller]: Going to [(29.639567, -82.361102)]: 9269817.34 meters
[controller-2] [INFO] [1744588062.377311800] [drone_home1.controller]: Bearing: 262.53°
[controller-2] [INFO] [1744588062.378989705] [drone_home1.controller]: Going to [(29.639567, -82.361102)]: 9269817.34 meters
[controller-2] [INFO] [1744588062.477328351] [drone_home1.controller]: Bearing: 262.53°
[controller-2] [INFO] [1744588062.478889102] [drone_home1.controller]: Going to [(29.639567, -82.361102)]: 9269817.34 meters
[controller-2] [INFO] [1744588062.577245188] [drone_home1.controller]: Bearing: 262.53°
[controller-2] [INFO] [1744588062.578794516] [drone_home1.controller]: Going to [(29.639567, -82.361102)]: 9269817.34 meters
[controller-2] [INFO] [1744588062.676684741] [drone_home1.controller]: Bearing: 262.53°
[controller-2] [INFO] [1744588062.677887985] [drone_home1.controller]: Going to [(29.639567, -82.361102)]: 9269817.34 meters
[controller-2] [INFO] [1744588062.777262673] [drone_home1.controller]: Bearing: 262.53°
[controller-2] [INFO] [1744588062.778141274] [drone_home1.controller]: Going to [(29.639567, -82.361102)]: 9269817.34 meters
[controller-2] [INFO] [1744588062.876592753] [drone_home1.controller]: Bearing: 262.53°
[controller-2] [INFO] [1744588062.877665404] [drone_home1.controller]: Going to [(29.639567, -82.361102)]: 9269817.34 meters
[controller-2] [INFO] [1744588062.977428064] [drone_home1.controller]: Bearing: 262.53°
[controller-2] [INFO] [1744588062.978329257] [drone_home1.controller]: Going to [(29.639567, -82.361102)]: 9269817.34 meters
[controller-2] [INFO] [1744588063.077294345] [drone_home1.controller]: Bearing: 262.53°
[controller-2] [INFO] [1744588063.078828728] [drone_home1.controller]: Going to [(29.639567, -82.361102)]: 9269817.34 meters
[controller-2] [INFO] [1744588063.177159187] [drone_home1.controller]: Bearing: 262.53°
[controller-2] [INFO] [1744588063.178042140] [drone_home1.controller]: Going to [(29.639567, -82.361102)]: 9269817.34 meters
[controller-2] [INFO] [1744588063.277248031] [drone_home1.controller]: Bearing: 262.53°
[controller-2] [INFO] [1744588063.278799887] [drone_home1.controller]: Going to [(29.639567, -82.361102)]: 9269817.34 meters
[controller-2] [INFO] [1744588063.377361996] [drone_home1.controller]: Bearing: 262.53°
[controller-2] [INFO] [1744588063.378229236] [drone_home1.controller]: Going to [(29.639567, -82.361102)]: 9269817.34 meters
[controller-2] [INFO] [1744588063.476493966] [drone_home1.controller]: Bearing: 262.53°
[controller-2] [INFO] [1744588063.478063998] [drone_home1.controller]: Going to [(29.639567, -82.361102)]: 9269817.34 meters
[controller-2] [INFO] [1744588063.577273153] [drone_home1.controller]: Bearing: 262.53°
[controller-2] [INFO] [1744588063.578864113] [drone_home1.controller]: Going to [(29.639567, -82.361102)]: 9269817.34 meters
[controller-2] [INFO] [1744588063.677260908] [drone_home1.controller]: Bearing: 262.53°
[controller-2] [INFO] [1744588063.678383736] [drone_home1.controller]: Going to [(29.639567, -82.361102)]: 9269817.34 meters
[controller-2] [INFO] [1744588063.777320536] [drone_home1.controller]: Bearing: 262.53°
[controller-2] [INFO] [1744588063.778622341] [drone_home1.controller]: Going to [(29.639567, -82.361102)]: 9269817.34 meters
[controller-2] [INFO] [1744588063.877975434] [drone_home1.controller]: Bearing: 262.53°
[controller-2] [INFO] [1744588063.879031541] [drone_home1.controller]: Going to [(29.639567, -82.361102)]: 9269817.34 meters
[controller-2] [INFO] [1744588063.977164653] [drone_home1.controller]: Bearing: 262.53°
[controller-2] [INFO] [1744588063.978030230] [drone_home1.controller]: Going to [(29.639567, -82.361102)]: 9269817.34 meters
[controller-2] [INFO] [1744588064.077401855] [drone_home1.controller]: Bearing: 262.53°
[controller-2] [INFO] [1744588064.079475188] [drone_home1.controller]: Going to [(29.639567, -82.361102)]: 9269817.34 meters
[controller-2] [INFO] [1744588064.177343790] [drone_home1.controller]: Bearing: 262.53°
[controller-2] [INFO] [1744588064.178210615] [drone_home1.controller]: Going to [(29.639567, -82.361102)]: 9269817.34 meters
[controller-2] [INFO] [1744588064.277403327] [drone_home1.controller]: Bearing: 262.53°
[controller-2] [INFO] [1744588064.278282632] [drone_home1.controller]: Going to [(29.639567, -82.361102)]: 9269817.34 meters
[controller-2] [INFO] [1744588064.377369358] [drone_home1.controller]: Bearing: 262.53°
[controller-2] [INFO] [1744588064.378227543] [drone_home1.controller]: Going to [(29.639567, -82.361102)]: 9269817.34 meters
[controller-2] [INFO] [1744588064.477305502] [drone_home1.controller]: Bearing: 262.53°
[controller-2] [INFO] [1744588064.478191623] [drone_home1.controller]: Going to [(29.639567, -82.361102)]: 9269817.34 meters
[controller-2] [INFO] [1744588064.577384655] [drone_home1.controller]: Bearing: 262.53°
[controller-2] [INFO] [1744588064.578269592] [drone_home1.controller]: Going to [(29.639567, -82.361102)]: 9269817.34 meters
[controller-2] [INFO] [1744588064.677149148] [drone_home1.controller]: Bearing: 262.53°
[controller-2] [INFO] [1744588064.678016869] [drone_home1.controller]: Going to [(29.639567, -82.361102)]: 9269817.34 meters
[controller-2] [INFO] [1744588064.777134636] [drone_home1.controller]: Bearing: 262.53°
[controller-2] [INFO] [1744588064.778006293] [drone_home1.controller]: Going to [(29.639567, -82.361102)]: 9269817.34 meters
[controller-2] [INFO] [1744588064.877110972] [drone_home1.controller]: Bearing: 262.53°
[controller-2] [INFO] [1744588064.877967397] [drone_home1.controller]: Going to [(29.639567, -82.361102)]: 9269817.34 meters
[controller-2] [INFO] [1744588064.977118508] [drone_home1.controller]: Bearing: 262.53°
[controller-2] [INFO] [1744588064.977982101] [drone_home1.controller]: Going to [(29.639567, -82.361102)]: 9269817.34 meters
[controller-2] [INFO] [1744588065.077081471] [drone_home1.controller]: Bearing: 262.53°
[controller-2] [INFO] [1744588065.077934856] [drone_home1.controller]: Going to [(29.639567, -82.361102)]: 9269817.34 meters
[controller-2] [INFO] [1744588065.177154165] [drone_home1.controller]: Bearing: 262.53°
[controller-2] [INFO] [1744588065.177987005] [drone_home1.controller]: Going to [(29.639567, -82.361102)]: 9269817.34 meters
[controller-2] [INFO] [1744588065.277139433] [drone_home1.controller]: Bearing: 262.53°
[controller-2] [INFO] [1744588065.277965713] [drone_home1.controller]: Going to [(29.639567, -82.361102)]: 9269817.34 meters
[controller-2] [INFO] [1744588065.377135326] [drone_home1.controller]: Bearing: 262.53°
[controller-2] [INFO] [1744588065.377974438] [drone_home1.controller]: Going to [(29.639567, -82.361102)]: 9269817.34 meters
[controller-2] [INFO] [1744588065.477177683] [drone_home1.controller]: Bearing: 262.53°
[controller-2] [INFO] [1744588065.478040796] [drone_home1.controller]: Going to [(29.639567, -82.361102)]: 9269817.34 meters
[controller-2] [INFO] [1744588065.577213128] [drone_home1.controller]: Bearing: 262.53°
[controller-2] [INFO] [1744588065.578089425] [drone_home1.controller]: Going to [(29.639567, -82.361102)]: 9269817.34 meters
[controller-2] [INFO] [1744588065.677229661] [drone_home1.controller]: Bearing: 262.53°
[controller-2] [INFO] [1744588065.678072133] [drone_home1.controller]: Going to [(29.639567, -82.361102)]: 9269817.34 meters
[controller-2] [INFO] [1744588065.776471338] [drone_home1.controller]: Bearing: 262.53°
[controller-2] [INFO] [1744588065.777433299] [drone_home1.controller]: Going to [(29.639567, -82.361102)]: 9269817.34 meters
[controller-2] [INFO] [1744588065.876483775] [drone_home1.controller]: Bearing: 262.53°
[controller-2] [INFO] [1744588065.877407880] [drone_home1.controller]: Going to [(29.639567, -82.361102)]: 9269817.34 meters
[controller-2] [INFO] [1744588065.977588958] [drone_home1.controller]: Bearing: 262.53°
[controller-2] [INFO] [1744588065.978467431] [drone_home1.controller]: Going to [(29.639567, -82.361102)]: 9269817.34 meters
[controller-2] [INFO] [1744588066.077187698] [drone_home1.controller]: Bearing: 262.53°
[controller-2] [INFO] [1744588066.078013563] [drone_home1.controller]: Going to [(29.639567, -82.361102)]: 9269817.34 meters
[controller-2] [INFO] [1744588066.177271853] [drone_home1.controller]: Bearing: 262.53°
[controller-2] [INFO] [1744588066.178114709] [drone_home1.controller]: Going to [(29.639567, -82.361102)]: 9269817.34 meters
[controller-2] [INFO] [1744588066.277137668] [drone_home1.controller]: Bearing: 262.53°
[controller-2] [INFO] [1744588066.277959341] [drone_home1.controller]: Going to [(29.639567, -82.361102)]: 9269817.34 meters
[controller-2] [INFO] [1744588066.377248575] [drone_home1.controller]: Bearing: 262.53°
[controller-2] [INFO] [1744588066.378248041] [drone_home1.controller]: Going to [(29.639567, -82.361102)]: 9269817.34 meters
[controller-2] [INFO] [1744588066.477505403] [drone_home1.controller]: Bearing: 262.53°
[controller-2] [INFO] [1744588066.478355331] [drone_home1.controller]: Going to [(29.639567, -82.361102)]: 9269817.34 meters
[controller-2] [INFO] [1744588066.577305202] [drone_home1.controller]: Bearing: 262.53°
[controller-2] [INFO] [1744588066.578154107] [drone_home1.controller]: Going to [(29.639567, -82.361102)]: 9269817.34 meters
[controller-2] [INFO] [1744588066.668774196] [drone_home1.controller]: Service request to change coordinate custom_messages.srv.SetCoordinate_Request(new_coordinate=sensor_msgs.msg.NavSatFix(header=std_msgs.msg.Header(stamp=builtin_interfaces.msg.Time(sec=0, nanosec=0), frame_id=''), status=sensor_msgs.msg.NavSatStatus(status=0, service=0), latitude=29.639567, longitude=-82.361102, altitude=0.0, position_covariance=array([0., 0., 0., 0., 0., 0., 0., 0., 0.]), position_covariance_type=0))
[controller-2] [INFO] [1744588066.670272996] [drone_home1.controller]: Waypoints now: [(29.639567, -82.361102)]
[controller-2] [INFO] [1744588066.677564686] [drone_home1.controller]: Bearing: 262.53°
[controller-2] [INFO] [1744588066.678384918] [drone_home1.controller]: Going to [(29.639567, -82.361102)]: 9269817.34 meters
[controller-2] [INFO] [1744588066.776363771] [drone_home1.controller]: Bearing: 262.53°
[controller-2] [INFO] [1744588066.777407493] [drone_home1.controller]: Going to [(29.639567, -82.361102)]: 9269817.34 meters
[drive_hardware-6] [INFO] [1744588066.792920067] [drone_home1.drive_hardware]: Service request to change drive mode custom_messages.srv.SetMode_Request(mode='automatic')
[drive_hardware-6] [INFO] [1744588066.794527828] [drone_home1.drive_hardware]: Drive mode now: automatic
[controller-2] [INFO] [1744588066.877451679] [drone_home1.controller]: Bearing: 262.53°
[controller-2] [INFO] [1744588066.879003087] [drone_home1.controller]: Going to [(29.639567, -82.361102)]: 9269817.34 meters
[controller-2] [INFO] [1744588066.978167424] [drone_home1.controller]: Bearing: 262.53°
[controller-2] [INFO] [1744588066.979087657] [drone_home1.controller]: Going to [(29.639567, -82.361102)]: 9269817.34 meters
[controller-2] [INFO] [1744588067.076823759] [drone_home1.controller]: Bearing: 262.53°
[controller-2] [INFO] [1744588067.077837913] [drone_home1.controller]: Going to [(29.639567, -82.361102)]: 9269817.34 meters
[controller-2] [INFO] [1744588067.177347442] [drone_home1.controller]: Bearing: 262.53°
[controller-2] [INFO] [1744588067.178861441] [drone_home1.controller]: Going to [(29.639567, -82.361102)]: 9269817.34 meters
[controller-2] [INFO] [1744588067.277328751] [drone_home1.controller]: Bearing: 262.53°
[controller-2] [INFO] [1744588067.279181218] [drone_home1.controller]: Going to [(29.639567, -82.361102)]: 9269817.34 meters
[controller-2] [INFO] [1744588067.377568591] [drone_home1.controller]: Bearing: 262.53°
[controller-2] [INFO] [1744588067.379315937] [drone_home1.controller]: Going to [(29.639567, -82.361102)]: 9269817.34 meters
[controller-2] [INFO] [1744588067.477616654] [drone_home1.controller]: Bearing: 262.53°
[controller-2] [INFO] [1744588067.479181822] [drone_home1.controller]: Going to [(29.639567, -82.361102)]: 9269817.34 meters
[controller-2] [INFO] [1744588067.577398761] [drone_home1.controller]: Bearing: 262.53°
[controller-2] [INFO] [1744588067.579271932] [drone_home1.controller]: Going to [(29.639567, -82.361102)]: 9269817.34 meters
[controller-2] [INFO] [1744588067.677515688] [drone_home1.controller]: Bearing: 262.53°
[controller-2] [INFO] [1744588067.679061080] [drone_home1.controller]: Going to [(29.639567, -82.361102)]: 9269817.34 meters
[controller-2] [INFO] [1744588067.777360644] [drone_home1.controller]: Bearing: 262.53°
[controller-2] [INFO] [1744588067.778910708] [drone_home1.controller]: Going to [(29.639567, -82.361102)]: 9269817.34 meters
[controller-2] [INFO] [1744588067.877385698] [drone_home1.controller]: Bearing: 262.53°
[controller-2] [INFO] [1744588067.878945266] [drone_home1.controller]: Going to [(29.639567, -82.361102)]: 9269817.34 meters
[controller-2] [INFO] [1744588067.977307711] [drone_home1.controller]: Bearing: 262.53°
[controller-2] [INFO] [1744588067.978817199] [drone_home1.controller]: Going to [(29.639567, -82.361102)]: 9269817.34 meters
[controller-2] [INFO] [1744588068.077343137] [drone_home1.controller]: Bearing: 262.53°
[controller-2] [INFO] [1744588068.078191721] [drone_home1.controller]: Going to [(29.639567, -82.361102)]: 9269817.34 meters
[controller-2] [INFO] [1744588068.177141665] [drone_home1.controller]: Bearing: 262.53°
[controller-2] [INFO] [1744588068.177995146] [drone_home1.controller]: Going to [(29.639567, -82.361102)]: 9269817.34 meters
[controller-2] [INFO] [1744588068.277103779] [drone_home1.controller]: Bearing: 262.53°
[controller-2] [INFO] [1744588068.277944331] [drone_home1.controller]: Going to [(29.639567, -82.361102)]: 9269817.34 meters
[controller-2] [INFO] [1744588068.377105509] [drone_home1.controller]: Bearing: 262.53°
[controller-2] [INFO] [1744588068.377973582] [drone_home1.controller]: Going to [(29.639567, -82.361102)]: 9269817.34 meters
[controller-2] [INFO] [1744588068.477404138] [drone_home1.controller]: Bearing: 262.53°
[controller-2] [INFO] [1744588068.478264243] [drone_home1.controller]: Going to [(29.639567, -82.361102)]: 9269817.34 meters
[controller-2] [INFO] [1744588068.577286891] [drone_home1.controller]: Bearing: 262.53°
[controller-2] [INFO] [1744588068.578123252] [drone_home1.controller]: Going to [(29.639567, -82.361102)]: 9269817.34 meters
[controller-2] [INFO] [1744588068.677324366] [drone_home1.controller]: Bearing: 262.53°
[controller-2] [INFO] [1744588068.678199831] [drone_home1.controller]: Going to [(29.639567, -82.361102)]: 9269817.34 meters
[controller-2] [INFO] [1744588068.777535314] [drone_home1.controller]: Bearing: 262.53°
[controller-2] [INFO] [1744588068.779730313] [drone_home1.controller]: Going to [(29.639567, -82.361102)]: 9269817.34 meters
[controller-2] [INFO] [1744588068.877344946] [drone_home1.controller]: Bearing: 262.53°
[controller-2] [INFO] [1744588068.878857250] [drone_home1.controller]: Going to [(29.639567, -82.361102)]: 9269817.34 meters
[controller-2] [INFO] [1744588068.977320500] [drone_home1.controller]: Bearing: 262.53°
[controller-2] [INFO] [1744588068.978831172] [drone_home1.controller]: Going to [(29.639567, -82.361102)]: 9269817.34 meters
[controller-2] [INFO] [1744588069.077347002] [drone_home1.controller]: Bearing: 262.53°
[controller-2] [INFO] [1744588069.078871690] [drone_home1.controller]: Going to [(29.639567, -82.361102)]: 9269817.34 meters
[controller-2] [INFO] [1744588069.177332256] [drone_home1.controller]: Bearing: 262.53°
[controller-2] [INFO] [1744588069.179297781] [drone_home1.controller]: Going to [(29.639567, -82.361102)]: 9269817.34 meters
[controller-2] [INFO] [1744588069.277354919] [drone_home1.controller]: Bearing: 262.53°
[controller-2] [INFO] [1744588069.279356572] [drone_home1.controller]: Going to [(29.639567, -82.361102)]: 9269817.34 meters
[controller-2] [INFO] [1744588069.377423790] [drone_home1.controller]: Bearing: 262.53°
[controller-2] [INFO] [1744588069.379370722] [drone_home1.controller]: Going to [(29.639567, -82.361102)]: 9269817.34 meters
[controller-2] [INFO] [1744588069.477440053] [drone_home1.controller]: Bearing: 262.53°
[controller-2] [INFO] [1744588069.479508426] [drone_home1.controller]: Going to [(29.639567, -82.361102)]: 9269817.34 meters
[controller-2] [INFO] [1744588069.577300538] [drone_home1.controller]: Bearing: 262.53°
[controller-2] [INFO] [1744588069.579115597] [drone_home1.controller]: Going to [(29.639567, -82.361102)]: 9269817.34 meters
[controller-2] [INFO] [1744588069.678481101] [drone_home1.controller]: Bearing: 262.53°
[controller-2] [INFO] [1744588069.681408971] [drone_home1.controller]: Going to [(29.639567, -82.361102)]: 9269817.34 meters
[controller-2] [INFO] [1744588069.777233095] [drone_home1.controller]: Bearing: 262.53°
[controller-2] [INFO] [1744588069.778113008] [drone_home1.controller]: Going to [(29.639567, -82.361102)]: 9269817.34 meters
[controller-2] [INFO] [1744588069.877769139] [drone_home1.controller]: Bearing: 262.53°
[controller-2] [INFO] [1744588069.880112971] [drone_home1.controller]: Going to [(29.639567, -82.361102)]: 9269817.34 meters
[controller-2] [INFO] [1744588069.977619160] [drone_home1.controller]: Bearing: 262.53°
[controller-2] [INFO] [1744588069.979460523] [drone_home1.controller]: Going to [(29.639567, -82.361102)]: 9269817.34 meters
[controller-2] [INFO] [1744588070.077998693] [drone_home1.controller]: Bearing: 262.53°
[controller-2] [INFO] [1744588070.080104411] [drone_home1.controller]: Going to [(29.639567, -82.361102)]: 9269817.34 meters
[controller-2] [INFO] [1744588070.178075665] [drone_home1.controller]: Bearing: 262.53°
[controller-2] [INFO] [1744588070.180492682] [drone_home1.controller]: Going to [(29.639567, -82.361102)]: 9269817.34 meters
[controller-2] [INFO] [1744588070.277452373] [drone_home1.controller]: Bearing: 262.53°
[controller-2] [INFO] [1744588070.279552971] [drone_home1.controller]: Going to [(29.639567, -82.361102)]: 9269817.34 meters
[controller-2] [INFO] [1744588070.377509441] [drone_home1.controller]: Bearing: 262.53°
[controller-2] [INFO] [1744588070.379062865] [drone_home1.controller]: Going to [(29.639567, -82.361102)]: 9269817.34 meters
[controller-2] [INFO] [1744588070.477462219] [drone_home1.controller]: Bearing: 262.53°
[controller-2] [INFO] [1744588070.479016219] [drone_home1.controller]: Going to [(29.639567, -82.361102)]: 9269817.34 meters
[controller-2] [INFO] [1744588070.577980603] [drone_home1.controller]: Bearing: 262.53°
[controller-2] [INFO] [1744588070.579805678] [drone_home1.controller]: Going to [(29.639567, -82.361102)]: 9269817.34 meters
[controller-2] [INFO] [1744588070.676509367] [drone_home1.controller]: Bearing: 262.53°
[controller-2] [INFO] [1744588070.677466209] [drone_home1.controller]: Going to [(29.639567, -82.361102)]: 9269817.34 meters
[controller-2] [INFO] [1744588070.776514914] [drone_home1.controller]: Bearing: 262.53°
[controller-2] [INFO] [1744588070.778925563] [drone_home1.controller]: Going to [(29.639567, -82.361102)]: 9269817.34 meters
[controller-2] [INFO] [1744588070.877444694] [drone_home1.controller]: Bearing: 262.53°
[controller-2] [INFO] [1744588070.879356010] [drone_home1.controller]: Going to [(29.639567, -82.361102)]: 9269817.34 meters
[controller-2] [INFO] [1744588070.977401601] [drone_home1.controller]: Bearing: 262.53°
[controller-2] [INFO] [1744588070.979315797] [drone_home1.controller]: Going to [(29.639567, -82.361102)]: 9269817.34 meters
[controller-2] [INFO] [1744588071.077282126] [drone_home1.controller]: Bearing: 262.53°
[controller-2] [INFO] [1744588071.078847806] [drone_home1.controller]: Going to [(29.639567, -82.361102)]: 9269817.34 meters
[controller-2] [INFO] [1744588071.177894563] [drone_home1.controller]: Bearing: 262.53°
[controller-2] [INFO] [1744588071.179578677] [drone_home1.controller]: Going to [(29.639567, -82.361102)]: 9269817.34 meters
[controller-2] [INFO] [1744588071.276560900] [drone_home1.controller]: Bearing: 262.53°
[controller-2] [INFO] [1744588071.277727344] [drone_home1.controller]: Going to [(29.639567, -82.361102)]: 9269817.34 meters
[controller-2] [INFO] [1744588071.376870711] [drone_home1.controller]: Bearing: 262.53°
[controller-2] [INFO] [1744588071.378226085] [drone_home1.controller]: Going to [(29.639567, -82.361102)]: 9269817.34 meters
[controller-2] [INFO] [1744588071.476587363] [drone_home1.controller]: Bearing: 262.53°
[controller-2] [INFO] [1744588071.477549197] [drone_home1.controller]: Going to [(29.639567, -82.361102)]: 9269817.34 meters
[controller-2] [INFO] [1744588071.576579730] [drone_home1.controller]: Bearing: 262.53°
[controller-2] [INFO] [1744588071.577651613] [drone_home1.controller]: Going to [(29.639567, -82.361102)]: 9269817.34 meters
[controller-2] [INFO] [1744588071.676540800] [drone_home1.controller]: Bearing: 262.53°
[controller-2] [INFO] [1744588071.677598955] [drone_home1.controller]: Going to [(29.639567, -82.361102)]: 9269817.34 meters
[controller-2] [INFO] [1744588071.777957470] [drone_home1.controller]: Bearing: 262.53°
[controller-2] [INFO] [1744588071.778879720] [drone_home1.controller]: Going to [(29.639567, -82.361102)]: 9269817.34 meters
[controller-2] [INFO] [1744588071.877143173] [drone_home1.controller]: Bearing: 262.53°
[controller-2] [INFO] [1744588071.878481395] [drone_home1.controller]: Going to [(29.639567, -82.361102)]: 9269817.34 meters
[controller-2] [INFO] [1744588071.976515053] [drone_home1.controller]: Bearing: 262.53°
[controller-2] [INFO] [1744588071.977419159] [drone_home1.controller]: Going to [(29.639567, -82.361102)]: 9269817.34 meters
[controller-2] [INFO] [1744588072.077772173] [drone_home1.controller]: Bearing: 262.53°
[controller-2] [INFO] [1744588072.079946339] [drone_home1.controller]: Going to [(29.639567, -82.361102)]: 9269817.34 meters
[controller-2] [INFO] [1744588072.177354651] [drone_home1.controller]: Bearing: 262.53°
[controller-2] [INFO] [1744588072.179097582] [drone_home1.controller]: Going to [(29.639567, -82.361102)]: 9269817.34 meters
[controller-2] [INFO] [1744588072.278142935] [drone_home1.controller]: Bearing: 262.53°
[controller-2] [INFO] [1744588072.280040107] [drone_home1.controller]: Going to [(29.639567, -82.361102)]: 9269817.34 meters
[controller-2] [INFO] [1744588072.377497059] [drone_home1.controller]: Bearing: 262.53°
[controller-2] [INFO] [1744588072.379190933] [drone_home1.controller]: Going to [(29.639567, -82.361102)]: 9269817.34 meters
[controller-2] [INFO] [1744588072.477695865] [drone_home1.controller]: Bearing: 262.53°
[controller-2] [INFO] [1744588072.479379434] [drone_home1.controller]: Going to [(29.639567, -82.361102)]: 9269817.34 meters
[controller-2] [INFO] [1744588072.578060624] [drone_home1.controller]: Bearing: 262.53°
[controller-2] [INFO] [1744588072.580512617] [drone_home1.controller]: Going to [(29.639567, -82.361102)]: 9269817.34 meters
[controller-2] [INFO] [1744588072.677476637] [drone_home1.controller]: Bearing: 262.53°
[controller-2] [INFO] [1744588072.679571571] [drone_home1.controller]: Going to [(29.639567, -82.361102)]: 9269817.34 meters
[controller-2] [INFO] [1744588072.776988427] [drone_home1.controller]: Bearing: 262.53°
[controller-2] [INFO] [1744588072.778734045] [drone_home1.controller]: Going to [(29.639567, -82.361102)]: 9269817.34 meters
[controller-2] [INFO] [1744588072.877423875] [drone_home1.controller]: Bearing: 262.53°
[controller-2] [INFO] [1744588072.880216992] [drone_home1.controller]: Going to [(29.639567, -82.361102)]: 9269817.34 meters
[controller-2] [INFO] [1744588072.977650392] [drone_home1.controller]: Bearing: 262.53°
[controller-2] [INFO] [1744588072.979328874] [drone_home1.controller]: Going to [(29.639567, -82.361102)]: 9269817.34 meters
[controller-2] [INFO] [1744588073.077302187] [drone_home1.controller]: Bearing: 262.53°
[controller-2] [INFO] [1744588073.078220533] [drone_home1.controller]: Going to [(29.639567, -82.361102)]: 9269817.34 meters
[controller-2] [INFO] [1744588073.176643227] [drone_home1.controller]: Bearing: 262.53°
[controller-2] [INFO] [1744588073.177913353] [drone_home1.controller]: Going to [(29.639567, -82.361102)]: 9269817.34 meters
[controller-2] [INFO] [1744588073.277293530] [drone_home1.controller]: Bearing: 262.53°
[controller-2] [INFO] [1744588073.278181507] [drone_home1.controller]: Going to [(29.639567, -82.361102)]: 9269817.34 meters
[controller-2] [INFO] [1744588073.376623850] [drone_home1.controller]: Bearing: 262.53°
[controller-2] [INFO] [1744588073.378458973] [drone_home1.controller]: Going to [(29.639567, -82.361102)]: 9269817.34 meters
[controller-2] [INFO] [1744588073.476776995] [drone_home1.controller]: Bearing: 262.53°
[controller-2] [INFO] [1744588073.477823022] [drone_home1.controller]: Going to [(29.639567, -82.361102)]: 9269817.34 meters
[controller-2] [INFO] [1744588073.577329184] [drone_home1.controller]: Bearing: 262.53°
[controller-2] [INFO] [1744588073.579079954] [drone_home1.controller]: Going to [(29.639567, -82.361102)]: 9269817.34 meters
[controller-2] [INFO] [1744588073.677371384] [drone_home1.controller]: Bearing: 262.53°
[controller-2] [INFO] [1744588073.679054089] [drone_home1.controller]: Going to [(29.639567, -82.361102)]: 9269817.34 meters
[controller-2] [INFO] [1744588073.777501680] [drone_home1.controller]: Bearing: 262.53°
[controller-2] [INFO] [1744588073.779170658] [drone_home1.controller]: Going to [(29.639567, -82.361102)]: 9269817.34 meters
[controller-2] [INFO] [1744588073.878493938] [drone_home1.controller]: Bearing: 262.53°
[controller-2] [INFO] [1744588073.880689161] [drone_home1.controller]: Going to [(29.639567, -82.361102)]: 9269817.34 meters
[controller-2] [INFO] [1744588073.977487711] [drone_home1.controller]: Bearing: 262.53°
[controller-2] [INFO] [1744588073.979211121] [drone_home1.controller]: Going to [(29.639567, -82.361102)]: 9269817.34 meters
[controller-2] [INFO] [1744588074.077700316] [drone_home1.controller]: Bearing: 262.53°
[controller-2] [INFO] [1744588074.079293260] [drone_home1.controller]: Going to [(29.639567, -82.361102)]: 9269817.34 meters
[controller-2] [INFO] [1744588074.178082203] [drone_home1.controller]: Bearing: 262.53°
[controller-2] [INFO] [1744588074.179743180] [drone_home1.controller]: Going to [(29.639567, -82.361102)]: 9269817.34 meters
[controller-2] [INFO] [1744588074.277463920] [drone_home1.controller]: Bearing: 262.53°
[controller-2] [INFO] [1744588074.279004320] [drone_home1.controller]: Going to [(29.639567, -82.361102)]: 9269817.34 meters
[controller-2] [INFO] [1744588074.377442187] [drone_home1.controller]: Bearing: 262.53°
[controller-2] [INFO] [1744588074.379160061] [drone_home1.controller]: Going to [(29.639567, -82.361102)]: 9269817.34 meters
[controller-2] [INFO] [1744588074.477476199] [drone_home1.controller]: Bearing: 262.53°
[controller-2] [INFO] [1744588074.479078967] [drone_home1.controller]: Going to [(29.639567, -82.361102)]: 9269817.34 meters
[controller-2] [INFO] [1744588074.577448962] [drone_home1.controller]: Bearing: 262.53°
[controller-2] [INFO] [1744588074.579053235] [drone_home1.controller]: Going to [(29.639567, -82.361102)]: 9269817.34 meters
[controller-2] [INFO] [1744588074.677430397] [drone_home1.controller]: Bearing: 262.53°
[controller-2] [INFO] [1744588074.679068174] [drone_home1.controller]: Going to [(29.639567, -82.361102)]: 9269817.34 meters
[controller-2] [INFO] [1744588074.778278657] [drone_home1.controller]: Bearing: 262.53°
[controller-2] [INFO] [1744588074.780753339] [drone_home1.controller]: Going to [(29.639567, -82.361102)]: 9269817.34 meters
[controller-2] [INFO] [1744588074.876570411] [drone_home1.controller]: Bearing: 262.53°
[controller-2] [INFO] [1744588074.877576021] [drone_home1.controller]: Going to [(29.639567, -82.361102)]: 9269817.34 meters
[controller-2] [INFO] [1744588074.976941770] [drone_home1.controller]: Bearing: 262.53°
[controller-2] [INFO] [1744588074.978020117] [drone_home1.controller]: Going to [(29.639567, -82.361102)]: 9269817.34 meters
[controller-2] [INFO] [1744588075.076514532] [drone_home1.controller]: Bearing: 262.53°
[controller-2] [INFO] [1744588075.078933117] [drone_home1.controller]: Going to [(29.639567, -82.361102)]: 9269817.34 meters
[controller-2] [INFO] [1744588075.178134804] [drone_home1.controller]: Bearing: 262.53°
[controller-2] [INFO] [1744588075.180232138] [drone_home1.controller]: Going to [(29.639567, -82.361102)]: 9269817.34 meters
[controller-2] [INFO] [1744588075.276581507] [drone_home1.controller]: Bearing: 262.53°
[controller-2] [INFO] [1744588075.277778096] [drone_home1.controller]: Going to [(29.639567, -82.361102)]: 9269817.34 meters
[controller-2] [INFO] [1744588075.376541922] [drone_home1.controller]: Bearing: 262.53°
[controller-2] [INFO] [1744588075.377732206] [drone_home1.controller]: Going to [(29.639567, -82.361102)]: 9269817.34 meters
[controller-2] [INFO] [1744588075.476490177] [drone_home1.controller]: Bearing: 262.53°
[controller-2] [INFO] [1744588075.477558540] [drone_home1.controller]: Going to [(29.639567, -82.361102)]: 9269817.34 meters
[controller-2] [INFO] [1744588075.577670028] [drone_home1.controller]: Bearing: 262.53°
[controller-2] [INFO] [1744588075.579796867] [drone_home1.controller]: Going to [(29.639567, -82.361102)]: 9269817.34 meters
[controller-2] [INFO] [1744588075.677537130] [drone_home1.controller]: Bearing: 262.53°
[controller-2] [INFO] [1744588075.678617590] [drone_home1.controller]: Going to [(29.639567, -82.361102)]: 9269817.34 meters
[controller-2] [INFO] [1744588075.777863437] [drone_home1.controller]: Bearing: 262.53°
[controller-2] [INFO] [1744588075.779009753] [drone_home1.controller]: Going to [(29.639567, -82.361102)]: 9269817.34 meters
[controller-2] [INFO] [1744588075.876707840] [drone_home1.controller]: Bearing: 262.53°
[controller-2] [INFO] [1744588075.877860140] [drone_home1.controller]: Going to [(29.639567, -82.361102)]: 9269817.34 meters
[controller-2] [INFO] [1744588075.977308646] [drone_home1.controller]: Bearing: 262.53°
[controller-2] [INFO] [1744588075.978218992] [drone_home1.controller]: Going to [(29.639567, -82.361102)]: 9269817.34 meters
[controller-2] [INFO] [1744588076.077786893] [drone_home1.controller]: Bearing: 262.53°
[controller-2] [INFO] [1744588076.078962458] [drone_home1.controller]: Going to [(29.639567, -82.361102)]: 9269817.34 meters
[controller-2] [INFO] [1744588076.177333068] [drone_home1.controller]: Bearing: 262.53°
[controller-2] [INFO] [1744588076.180886737] [drone_home1.controller]: Going to [(29.639567, -82.361102)]: 9269817.34 meters
[controller-2] [INFO] [1744588076.277604530] [drone_home1.controller]: Bearing: 262.53°
[controller-2] [INFO] [1744588076.278470139] [drone_home1.controller]: Going to [(29.639567, -82.361102)]: 9269817.34 meters
[controller-2] [INFO] [1744588076.376657643] [drone_home1.controller]: Bearing: 262.53°
[controller-2] [INFO] [1744588076.378548895] [drone_home1.controller]: Going to [(29.639567, -82.361102)]: 9269817.34 meters
[controller-2] [INFO] [1744588076.477318805] [drone_home1.controller]: Bearing: 262.53°
[controller-2] [INFO] [1744588076.478202719] [drone_home1.controller]: Going to [(29.639567, -82.361102)]: 9269817.34 meters
[controller-2] [INFO] [1744588076.577249816] [drone_home1.controller]: Bearing: 262.53°
[controller-2] [INFO] [1744588076.578723751] [drone_home1.controller]: Going to [(29.639567, -82.361102)]: 9269817.34 meters
[controller-2] [INFO] [1744588076.677239099] [drone_home1.controller]: Bearing: 262.53°
[controller-2] [INFO] [1744588076.678110692] [drone_home1.controller]: Going to [(29.639567, -82.361102)]: 9269817.34 meters
[controller-2] [INFO] [1744588076.777362720] [drone_home1.controller]: Bearing: 262.53°
[controller-2] [INFO] [1744588076.778303401] [drone_home1.controller]: Going to [(29.639567, -82.361102)]: 9269817.34 meters
[controller-2] [INFO] [1744588076.877301666] [drone_home1.controller]: Bearing: 262.53°
[controller-2] [INFO] [1744588076.878180427] [drone_home1.controller]: Going to [(29.639567, -82.361102)]: 9269817.34 meters
[controller-2] [INFO] [1744588076.977396294] [drone_home1.controller]: Bearing: 262.53°
[controller-2] [INFO] [1744588076.978282224] [drone_home1.controller]: Going to [(29.639567, -82.361102)]: 9269817.34 meters
[controller-2] [INFO] [1744588077.077123914] [drone_home1.controller]: Bearing: 262.53°
[controller-2] [INFO] [1744588077.078395319] [drone_home1.controller]: Going to [(29.639567, -82.361102)]: 9269817.34 meters
[controller-2] [INFO] [1744588077.177213106] [drone_home1.controller]: Bearing: 262.53°
[controller-2] [INFO] [1744588077.179079173] [drone_home1.controller]: Going to [(29.639567, -82.361102)]: 9269817.34 meters
[controller-2] [INFO] [1744588077.277371002] [drone_home1.controller]: Bearing: 262.53°
[controller-2] [INFO] [1744588077.279449841] [drone_home1.controller]: Going to [(29.639567, -82.361102)]: 9269817.34 meters
[controller-2] [INFO] [1744588077.377447170] [drone_home1.controller]: Bearing: 262.53°
[controller-2] [INFO] [1744588077.379026867] [drone_home1.controller]: Going to [(29.639567, -82.361102)]: 9269817.34 meters
[controller-2] [INFO] [1744588077.477768845] [drone_home1.controller]: Bearing: 262.53°
[controller-2] [INFO] [1744588077.479349854] [drone_home1.controller]: Going to [(29.639567, -82.361102)]: 9269817.34 meters
[controller-2] [INFO] [1744588077.577370480] [drone_home1.controller]: Bearing: 262.53°
[controller-2] [INFO] [1744588077.578961121] [drone_home1.controller]: Going to [(29.639567, -82.361102)]: 9269817.34 meters
[controller-2] [INFO] [1744588077.677584889] [drone_home1.controller]: Bearing: 262.53°
[controller-2] [INFO] [1744588077.679143466] [drone_home1.controller]: Going to [(29.639567, -82.361102)]: 9269817.34 meters
[controller-2] [INFO] [1744588077.777321949] [drone_home1.controller]: Bearing: 262.53°
[controller-2] [INFO] [1744588077.778875726] [drone_home1.controller]: Going to [(29.639567, -82.361102)]: 9269817.34 meters
[controller-2] [INFO] [1744588077.877503974] [drone_home1.controller]: Bearing: 262.53°
[controller-2] [INFO] [1744588077.879074295] [drone_home1.controller]: Going to [(29.639567, -82.361102)]: 9269817.34 meters
[controller-2] [INFO] [1744588077.977540430] [drone_home1.controller]: Bearing: 262.53°
[controller-2] [INFO] [1744588077.979153471] [drone_home1.controller]: Going to [(29.639567, -82.361102)]: 9269817.34 meters
[controller-2] [INFO] [1744588078.076753743] [drone_home1.controller]: Bearing: 262.53°
[controller-2] [INFO] [1744588078.077832411] [drone_home1.controller]: Going to [(29.639567, -82.361102)]: 9269817.34 meters
[controller-2] [INFO] [1744588078.176850267] [drone_home1.controller]: Bearing: 262.53°
[controller-2] [INFO] [1744588078.178068584] [drone_home1.controller]: Going to [(29.639567, -82.361102)]: 9269817.34 meters
[controller-2] [INFO] [1744588078.276922535] [drone_home1.controller]: Bearing: 262.53°
[controller-2] [INFO] [1744588078.278156116] [drone_home1.controller]: Going to [(29.639567, -82.361102)]: 9269817.34 meters
[controller-2] [INFO] [1744588078.376691983] [drone_home1.controller]: Bearing: 262.53°
[controller-2] [INFO] [1744588078.377838524] [drone_home1.controller]: Going to [(29.639567, -82.361102)]: 9269817.34 meters
[controller-2] [INFO] [1744588078.478095881] [drone_home1.controller]: Bearing: 262.53°
[controller-2] [INFO] [1744588078.480165247] [drone_home1.controller]: Going to [(29.639567, -82.361102)]: 9269817.34 meters
[controller-2] [INFO] [1744588078.577374284] [drone_home1.controller]: Bearing: 262.53°
[controller-2] [INFO] [1744588078.578894205] [drone_home1.controller]: Going to [(29.639567, -82.361102)]: 9269817.34 meters
[controller-2] [INFO] [1744588078.677686619] [drone_home1.controller]: Bearing: 262.53°
[controller-2] [INFO] [1744588078.679947347] [drone_home1.controller]: Going to [(29.639567, -82.361102)]: 9269817.34 meters
[controller-2] [INFO] [1744588078.778338476] [drone_home1.controller]: Bearing: 262.53°
[controller-2] [INFO] [1744588078.780508835] [drone_home1.controller]: Going to [(29.639567, -82.361102)]: 9269817.34 meters
[controller-2] [INFO] [1744588078.876617765] [drone_home1.controller]: Bearing: 262.53°
[controller-2] [INFO] [1744588078.877647088] [drone_home1.controller]: Going to [(29.639567, -82.361102)]: 9269817.34 meters
[controller-2] [INFO] [1744588078.977198614] [drone_home1.controller]: Bearing: 262.53°
[controller-2] [INFO] [1744588078.978076287] [drone_home1.controller]: Going to [(29.639567, -82.361102)]: 9269817.34 meters
[controller-2] [INFO] [1744588079.077600328] [drone_home1.controller]: Bearing: 262.53°
[controller-2] [INFO] [1744588079.078633011] [drone_home1.controller]: Going to [(29.639567, -82.361102)]: 9269817.34 meters
[controller-2] [INFO] [1744588079.177796185] [drone_home1.controller]: Bearing: 262.53°
[controller-2] [INFO] [1744588079.178719395] [drone_home1.controller]: Going to [(29.639567, -82.361102)]: 9269817.34 meters
[controller-2] [INFO] [1744588079.277779751] [drone_home1.controller]: Bearing: 262.53°
[controller-2] [INFO] [1744588079.278675025] [drone_home1.controller]: Going to [(29.639567, -82.361102)]: 9269817.34 meters
[controller-2] [INFO] [1744588079.377447730] [drone_home1.controller]: Bearing: 262.53°
[controller-2] [INFO] [1744588079.378304923] [drone_home1.controller]: Going to [(29.639567, -82.361102)]: 9269817.34 meters
[controller-2] [INFO] [1744588079.476675416] [drone_home1.controller]: Bearing: 262.53°
[controller-2] [INFO] [1744588079.478106472] [drone_home1.controller]: Going to [(29.639567, -82.361102)]: 9269817.34 meters
[controller-2] [INFO] [1744588079.576650375] [drone_home1.controller]: Bearing: 262.53°
[controller-2] [INFO] [1744588079.580034507] [drone_home1.controller]: Going to [(29.639567, -82.361102)]: 9269817.34 meters
[controller-2] [INFO] [1744588079.677404989] [drone_home1.controller]: Bearing: 262.53°
[controller-2] [INFO] [1744588079.678979342] [drone_home1.controller]: Going to [(29.639567, -82.361102)]: 9269817.34 meters
[controller-2] [INFO] [1744588079.777146729] [drone_home1.controller]: Bearing: 262.53°
[controller-2] [INFO] [1744588079.778837211] [drone_home1.controller]: Going to [(29.639567, -82.361102)]: 9269817.34 meters
[controller-2] [INFO] [1744588079.876587794] [drone_home1.controller]: Bearing: 262.53°
[controller-2] [INFO] [1744588079.878936619] [drone_home1.controller]: Going to [(29.639567, -82.361102)]: 9269817.34 meters
[controller-2] [INFO] [1744588079.977536747] [drone_home1.controller]: Bearing: 262.53°
[controller-2] [INFO] [1744588079.978401876] [drone_home1.controller]: Going to [(29.639567, -82.361102)]: 9269817.34 meters
[controller-2] [INFO] [1744588080.077365082] [drone_home1.controller]: Bearing: 262.53°
[controller-2] [INFO] [1744588080.078265796] [drone_home1.controller]: Going to [(29.639567, -82.361102)]: 9269817.34 meters
[controller-2] [INFO] [1744588080.177396845] [drone_home1.controller]: Bearing: 262.53°
[controller-2] [INFO] [1744588080.178363703] [drone_home1.controller]: Going to [(29.639567, -82.361102)]: 9269817.34 meters
[controller-2] [INFO] [1744588080.276758616] [drone_home1.controller]: Bearing: 262.53°
[controller-2] [INFO] [1744588080.277856516] [drone_home1.controller]: Going to [(29.639567, -82.361102)]: 9269817.34 meters
[controller-2] [INFO] [1744588080.376969069] [drone_home1.controller]: Bearing: 262.53°
[controller-2] [INFO] [1744588080.378014936] [drone_home1.controller]: Going to [(29.639567, -82.361102)]: 9269817.34 meters
[controller-2] [INFO] [1744588080.477731143] [drone_home1.controller]: Bearing: 262.53°
[controller-2] [INFO] [1744588080.479336152] [drone_home1.controller]: Going to [(29.639567, -82.361102)]: 9269817.34 meters
[controller-2] [INFO] [1744588080.578160798] [drone_home1.controller]: Bearing: 262.53°
[controller-2] [INFO] [1744588080.579739183] [drone_home1.controller]: Going to [(29.639567, -82.361102)]: 9269817.34 meters
[controller-2] [INFO] [1744588080.676726241] [drone_home1.controller]: Bearing: 262.53°
[controller-2] [INFO] [1744588080.677856013] [drone_home1.controller]: Going to [(29.639567, -82.361102)]: 9269817.34 meters
[controller-2] [INFO] [1744588080.776686131] [drone_home1.controller]: Bearing: 262.53°
[controller-2] [INFO] [1744588080.777661629] [drone_home1.controller]: Going to [(29.639567, -82.361102)]: 9269817.34 meters
[controller-2] [INFO] [1744588080.876600676] [drone_home1.controller]: Bearing: 262.53°
[controller-2] [INFO] [1744588080.877599023] [drone_home1.controller]: Going to [(29.639567, -82.361102)]: 9269817.34 meters
[controller-2] [INFO] [1744588080.977007131] [drone_home1.controller]: Bearing: 262.53°
[controller-2] [INFO] [1744588080.978813166] [drone_home1.controller]: Going to [(29.639567, -82.361102)]: 9269817.34 meters
[controller-2] [INFO] [1744588081.077403348] [drone_home1.controller]: Bearing: 262.53°
[controller-2] [INFO] [1744588081.080220434] [drone_home1.controller]: Going to [(29.639567, -82.361102)]: 9269817.34 meters
[controller-2] [INFO] [1744588081.177591116] [drone_home1.controller]: Bearing: 262.53°
[controller-2] [INFO] [1744588081.178956443] [drone_home1.controller]: Going to [(29.639567, -82.361102)]: 9269817.34 meters
[controller-2] [INFO] [1744588081.277619010] [drone_home1.controller]: Bearing: 262.53°
[controller-2] [INFO] [1744588081.278611661] [drone_home1.controller]: Going to [(29.639567, -82.361102)]: 9269817.34 meters
[controller-2] [INFO] [1744588081.377507959] [drone_home1.controller]: Bearing: 262.53°
[controller-2] [INFO] [1744588081.378377056] [drone_home1.controller]: Going to [(29.639567, -82.361102)]: 9269817.34 meters
[controller-2] [INFO] [1744588081.477192905] [drone_home1.controller]: Bearing: 262.53°
[controller-2] [INFO] [1744588081.478572376] [drone_home1.controller]: Going to [(29.639567, -82.361102)]: 9269817.34 meters
[controller-2] [INFO] [1744588081.577432066] [drone_home1.controller]: Bearing: 262.53°
[controller-2] [INFO] [1744588081.578995667] [drone_home1.controller]: Going to [(29.639567, -82.361102)]: 9269817.34 meters
[controller-2] [INFO] [1744588081.677456984] [drone_home1.controller]: Bearing: 262.53°
[controller-2] [INFO] [1744588081.679011081] [drone_home1.controller]: Going to [(29.639567, -82.361102)]: 9269817.34 meters
[controller-2] [INFO] [1744588081.777349357] [drone_home1.controller]: Bearing: 262.53°
[controller-2] [INFO] [1744588081.779867240] [drone_home1.controller]: Going to [(29.639567, -82.361102)]: 9269817.34 meters
[controller-2] [INFO] [1744588081.877328738] [drone_home1.controller]: Bearing: 262.53°
[controller-2] [INFO] [1744588081.879274071] [drone_home1.controller]: Going to [(29.639567, -82.361102)]: 9269817.34 meters
[controller-2] [INFO] [1744588081.976620592] [drone_home1.controller]: Bearing: 262.53°
[controller-2] [INFO] [1744588081.978014687] [drone_home1.controller]: Going to [(29.639567, -82.361102)]: 9269817.34 meters
[controller-2] [INFO] [1744588082.076654025] [drone_home1.controller]: Bearing: 262.53°
[controller-2] [INFO] [1744588082.077727125] [drone_home1.controller]: Going to [(29.639567, -82.361102)]: 9269817.34 meters
[controller-2] [INFO] [1744588082.177401323] [drone_home1.controller]: Bearing: 262.53°
[controller-2] [INFO] [1744588082.178935195] [drone_home1.controller]: Going to [(29.639567, -82.361102)]: 9269817.34 meters
[controller-2] [INFO] [1744588082.277478821] [drone_home1.controller]: Bearing: 262.53°
[controller-2] [INFO] [1744588082.278667762] [drone_home1.controller]: Going to [(29.639567, -82.361102)]: 9269817.34 meters
[controller-2] [INFO] [1744588082.377201052] [drone_home1.controller]: Bearing: 262.53°
[controller-2] [INFO] [1744588082.378743948] [drone_home1.controller]: Going to [(29.639567, -82.361102)]: 9269817.34 meters
[controller-2] [INFO] [1744588082.477176789] [drone_home1.controller]: Bearing: 262.53°
[controller-2] [INFO] [1744588082.478037726] [drone_home1.controller]: Going to [(29.639567, -82.361102)]: 9269817.34 meters
[controller-2] [INFO] [1744588082.576834698] [drone_home1.controller]: Bearing: 262.53°
[controller-2] [INFO] [1744588082.578018391] [drone_home1.controller]: Going to [(29.639567, -82.361102)]: 9269817.34 meters
[controller-2] [INFO] [1744588082.676520000] [drone_home1.controller]: Bearing: 262.53°
[controller-2] [INFO] [1744588082.677451403] [drone_home1.controller]: Going to [(29.639567, -82.361102)]: 9269817.34 meters
[controller-2] [INFO] [1744588082.777426980] [drone_home1.controller]: Bearing: 262.53°
[controller-2] [INFO] [1744588082.778947188] [drone_home1.controller]: Going to [(29.639567, -82.361102)]: 9269817.34 meters
[controller-2] [INFO] [1744588082.877002553] [drone_home1.controller]: Bearing: 262.53°
[controller-2] [INFO] [1744588082.881341351] [drone_home1.controller]: Going to [(29.639567, -82.361102)]: 9269817.34 meters
[controller-2] [INFO] [1744588082.977662521] [drone_home1.controller]: Bearing: 262.53°
[controller-2] [INFO] [1744588082.979217994] [drone_home1.controller]: Going to [(29.639567, -82.361102)]: 9269817.34 meters
[controller-2] [INFO] [1744588083.077475219] [drone_home1.controller]: Bearing: 262.53°
[controller-2] [INFO] [1744588083.079016868] [drone_home1.controller]: Going to [(29.639567, -82.361102)]: 9269817.34 meters
[controller-2] [INFO] [1744588083.178382746] [drone_home1.controller]: Bearing: 262.53°
[controller-2] [INFO] [1744588083.179604775] [drone_home1.controller]: Going to [(29.639567, -82.361102)]: 9269817.34 meters
[controller-2] [INFO] [1744588083.277657935] [drone_home1.controller]: Bearing: 262.53°
[controller-2] [INFO] [1744588083.280277195] [drone_home1.controller]: Going to [(29.639567, -82.361102)]: 9269817.34 meters
[controller-2] [INFO] [1744588083.376682049] [drone_home1.controller]: Bearing: 262.53°
[controller-2] [INFO] [1744588083.377658700] [drone_home1.controller]: Going to [(29.639567, -82.361102)]: 9269817.34 meters
[controller-2] [INFO] [1744588083.477457191] [drone_home1.controller]: Bearing: 262.53°
[controller-2] [INFO] [1744588083.478324624] [drone_home1.controller]: Going to [(29.639567, -82.361102)]: 9269817.34 meters
[controller-2] [INFO] [1744588083.577714950] [drone_home1.controller]: Bearing: 262.53°
[controller-2] [INFO] [1744588083.578575248] [drone_home1.controller]: Going to [(29.639567, -82.361102)]: 9269817.34 meters
[controller-2] [INFO] [1744588083.676471670] [drone_home1.controller]: Bearing: 262.53°
[controller-2] [INFO] [1744588083.677842981] [drone_home1.controller]: Going to [(29.639567, -82.361102)]: 9269817.34 meters
[controller-2] [INFO] [1744588083.776489043] [drone_home1.controller]: Bearing: 262.53°
[controller-2] [INFO] [1744588083.777395581] [drone_home1.controller]: Going to [(29.639567, -82.361102)]: 9269817.34 meters
[controller-2] [INFO] [1744588083.876548625] [drone_home1.controller]: Bearing: 262.53°
[controller-2] [INFO] [1744588083.877490811] [drone_home1.controller]: Going to [(29.639567, -82.361102)]: 9269817.34 meters
[controller-2] [INFO] [1744588083.976699855] [drone_home1.controller]: Bearing: 262.53°
[controller-2] [INFO] [1744588083.977924412] [drone_home1.controller]: Going to [(29.639567, -82.361102)]: 9269817.34 meters
[controller-2] [INFO] [1744588084.077133267] [drone_home1.controller]: Bearing: 262.53°
[controller-2] [INFO] [1744588084.079722768] [drone_home1.controller]: Going to [(29.639567, -82.361102)]: 9269817.34 meters
[controller-2] [INFO] [1744588084.176861265] [drone_home1.controller]: Bearing: 262.53°
[controller-2] [INFO] [1744588084.178220640] [drone_home1.controller]: Going to [(29.639567, -82.361102)]: 9269817.34 meters
[controller-2] [INFO] [1744588084.276554862] [drone_home1.controller]: Bearing: 262.53°
[controller-2] [INFO] [1744588084.277891356] [drone_home1.controller]: Going to [(29.639567, -82.361102)]: 9269817.34 meters
[controller-2] [INFO] [1744588084.376511822] [drone_home1.controller]: Bearing: 262.53°
[controller-2] [INFO] [1744588084.377605722] [drone_home1.controller]: Going to [(29.639567, -82.361102)]: 9269817.34 meters
[controller-2] [INFO] [1744588084.476525198] [drone_home1.controller]: Bearing: 262.53°
[controller-2] [INFO] [1744588084.477510489] [drone_home1.controller]: Going to [(29.639567, -82.361102)]: 9269817.34 meters
[controller-2] [INFO] [1744588084.577533402] [drone_home1.controller]: Bearing: 262.53°
[controller-2] [INFO] [1744588084.578649414] [drone_home1.controller]: Going to [(29.639567, -82.361102)]: 9269817.34 meters
[controller-2] [INFO] [1744588084.676544815] [drone_home1.controller]: Bearing: 262.53°
[controller-2] [INFO] [1744588084.677927774] [drone_home1.controller]: Going to [(29.639567, -82.361102)]: 9269817.34 meters
[controller-2] [INFO] [1744588084.776552848] [drone_home1.controller]: Bearing: 262.53°
[controller-2] [INFO] [1744588084.777609019] [drone_home1.controller]: Going to [(29.639567, -82.361102)]: 9269817.34 meters
[controller-2] [INFO] [1744588084.877699453] [drone_home1.controller]: Bearing: 262.53°
[controller-2] [INFO] [1744588084.879294798] [drone_home1.controller]: Going to [(29.639567, -82.361102)]: 9269817.34 meters
[controller-2] [INFO] [1744588084.976542384] [drone_home1.controller]: Bearing: 262.53°
[controller-2] [INFO] [1744588084.977506267] [drone_home1.controller]: Going to [(29.639567, -82.361102)]: 9269817.34 meters
[controller-2] [INFO] [1744588085.076573396] [drone_home1.controller]: Bearing: 262.53°
[controller-2] [INFO] [1744588085.078739499] [drone_home1.controller]: Going to [(29.639567, -82.361102)]: 9269817.34 meters
[controller-2] [INFO] [1744588085.176702393] [drone_home1.controller]: Bearing: 262.53°
[controller-2] [INFO] [1744588085.178368843] [drone_home1.controller]: Going to [(29.639567, -82.361102)]: 9269817.34 meters
[controller-2] [INFO] [1744588085.276852638] [drone_home1.controller]: Bearing: 262.53°
[controller-2] [INFO] [1744588085.278132556] [drone_home1.controller]: Going to [(29.639567, -82.361102)]: 9269817.34 meters
[controller-2] [INFO] [1744588085.376822530] [drone_home1.controller]: Bearing: 262.53°
[controller-2] [INFO] [1744588085.377867373] [drone_home1.controller]: Going to [(29.639567, -82.361102)]: 9269817.34 meters
[controller-2] [INFO] [1744588085.477477709] [drone_home1.controller]: Bearing: 262.53°
[controller-2] [INFO] [1744588085.478341814] [drone_home1.controller]: Going to [(29.639567, -82.361102)]: 9269817.34 meters
[controller-2] [INFO] [1744588085.577573297] [drone_home1.controller]: Bearing: 262.53°
[controller-2] [INFO] [1744588085.578472923] [drone_home1.controller]: Going to [(29.639567, -82.361102)]: 9269817.34 meters
[controller-2] [INFO] [1744588085.676827917] [drone_home1.controller]: Bearing: 262.53°
[controller-2] [INFO] [1744588085.680028144] [drone_home1.controller]: Going to [(29.639567, -82.361102)]: 9269817.34 meters
[controller-2] [INFO] [1744588085.777437911] [drone_home1.controller]: Bearing: 262.53°
[controller-2] [INFO] [1744588085.778336129] [drone_home1.controller]: Going to [(29.639567, -82.361102)]: 9269817.34 meters
[controller-2] [INFO] [1744588085.877338458] [drone_home1.controller]: Bearing: 262.53°
[controller-2] [INFO] [1744588085.878204068] [drone_home1.controller]: Going to [(29.639567, -82.361102)]: 9269817.34 meters
[controller-2] [INFO] [1744588085.977338174] [drone_home1.controller]: Bearing: 262.53°
[controller-2] [INFO] [1744588085.978205159] [drone_home1.controller]: Going to [(29.639567, -82.361102)]: 9269817.34 meters
[controller-2] [INFO] [1744588086.078870197] [drone_home1.controller]: Bearing: 262.53°
[controller-2] [INFO] [1744588086.081576467] [drone_home1.controller]: Going to [(29.639567, -82.361102)]: 9269817.34 meters
[controller-2] [INFO] [1744588086.176891398] [drone_home1.controller]: Bearing: 262.53°
[controller-2] [INFO] [1744588086.177798864] [drone_home1.controller]: Going to [(29.639567, -82.361102)]: 9269817.34 meters
[controller-2] [INFO] [1744588086.277202897] [drone_home1.controller]: Bearing: 262.53°
[controller-2] [INFO] [1744588086.278127739] [drone_home1.controller]: Going to [(29.639567, -82.361102)]: 9269817.34 meters
[controller-2] [INFO] [1744588086.377326873] [drone_home1.controller]: Bearing: 262.53°
[controller-2] [INFO] [1744588086.378206723] [drone_home1.controller]: Going to [(29.639567, -82.361102)]: 9269817.34 meters
[controller-2] [INFO] [1744588086.477409377] [drone_home1.controller]: Bearing: 262.53°
[controller-2] [INFO] [1744588086.478275979] [drone_home1.controller]: Going to [(29.639567, -82.361102)]: 9269817.34 meters
[controller-2] [INFO] [1744588086.576794306] [drone_home1.controller]: Bearing: 262.53°
[controller-2] [INFO] [1744588086.578000687] [drone_home1.controller]: Going to [(29.639567, -82.361102)]: 9269817.34 meters
[controller-2] [INFO] [1744588086.676559686] [drone_home1.controller]: Bearing: 262.53°
[controller-2] [INFO] [1744588086.677548945] [drone_home1.controller]: Going to [(29.639567, -82.361102)]: 9269817.34 meters
[controller-2] [INFO] [1744588086.778551939] [drone_home1.controller]: Bearing: 262.53°
[controller-2] [INFO] [1744588086.780928829] [drone_home1.controller]: Going to [(29.639567, -82.361102)]: 9269817.34 meters
[controller-2] [INFO] [1744588086.877567712] [drone_home1.controller]: Bearing: 262.53°
[controller-2] [INFO] [1744588086.879117393] [drone_home1.controller]: Going to [(29.639567, -82.361102)]: 9269817.34 meters
[controller-2] [INFO] [1744588086.978118061] [drone_home1.controller]: Bearing: 262.53°
[controller-2] [INFO] [1744588086.979169112] [drone_home1.controller]: Going to [(29.639567, -82.361102)]: 9269817.34 meters
[controller-2] [INFO] [1744588087.076861161] [drone_home1.controller]: Bearing: 262.53°
[controller-2] [INFO] [1744588087.077916532] [drone_home1.controller]: Going to [(29.639567, -82.361102)]: 9269817.34 meters
[controller-2] [INFO] [1744588087.177592571] [drone_home1.controller]: Bearing: 262.53°
[controller-2] [INFO] [1744588087.178650215] [drone_home1.controller]: Going to [(29.639567, -82.361102)]: 9269817.34 meters
[controller-2] [INFO] [1744588087.276641275] [drone_home1.controller]: Bearing: 262.53°
[controller-2] [INFO] [1744588087.277620294] [drone_home1.controller]: Going to [(29.639567, -82.361102)]: 9269817.34 meters
[controller-2] [INFO] [1744588087.376548868] [drone_home1.controller]: Bearing: 262.53°
[controller-2] [INFO] [1744588087.377900659] [drone_home1.controller]: Going to [(29.639567, -82.361102)]: 9269817.34 meters
[controller-2] [INFO] [1744588087.476577103] [drone_home1.controller]: Bearing: 262.53°
[controller-2] [INFO] [1744588087.477707739] [drone_home1.controller]: Going to [(29.639567, -82.361102)]: 9269817.34 meters
[controller-2] [INFO] [1744588087.576666490] [drone_home1.controller]: Bearing: 262.53°
[controller-2] [INFO] [1744588087.577665925] [drone_home1.controller]: Going to [(29.639567, -82.361102)]: 9269817.34 meters
[controller-2] [INFO] [1744588087.676511779] [drone_home1.controller]: Bearing: 262.53°
[controller-2] [INFO] [1744588087.677418925] [drone_home1.controller]: Going to [(29.639567, -82.361102)]: 9269817.34 meters
[controller-2] [INFO] [1744588087.776544558] [drone_home1.controller]: Bearing: 262.53°
[controller-2] [INFO] [1744588087.777451288] [drone_home1.controller]: Going to [(29.639567, -82.361102)]: 9269817.34 meters
[controller-2] [INFO] [1744588087.876654361] [drone_home1.controller]: Bearing: 262.53°
[controller-2] [INFO] [1744588087.877659428] [drone_home1.controller]: Going to [(29.639567, -82.361102)]: 9269817.34 meters
[controller-2] [INFO] [1744588087.976835078] [drone_home1.controller]: Bearing: 262.53°
[controller-2] [INFO] [1744588087.978180757] [drone_home1.controller]: Going to [(29.639567, -82.361102)]: 9269817.34 meters
[controller-2] [INFO] [1744588088.077793213] [drone_home1.controller]: Bearing: 262.53°
[controller-2] [INFO] [1744588088.079405647] [drone_home1.controller]: Going to [(29.639567, -82.361102)]: 9269817.34 meters
[controller-2] [INFO] [1744588088.177253381] [drone_home1.controller]: Bearing: 262.53°
[controller-2] [INFO] [1744588088.178142863] [drone_home1.controller]: Going to [(29.639567, -82.361102)]: 9269817.34 meters
[controller-2] [INFO] [1744588088.276951951] [drone_home1.controller]: Bearing: 262.53°
[controller-2] [INFO] [1744588088.278016923] [drone_home1.controller]: Going to [(29.639567, -82.361102)]: 9269817.34 meters
[controller-2] [INFO] [1744588088.376661850] [drone_home1.controller]: Bearing: 262.53°
[controller-2] [INFO] [1744588088.377677925] [drone_home1.controller]: Going to [(29.639567, -82.361102)]: 9269817.34 meters
[controller-2] [INFO] [1744588088.477664914] [drone_home1.controller]: Bearing: 262.53°
[controller-2] [INFO] [1744588088.479209891] [drone_home1.controller]: Going to [(29.639567, -82.361102)]: 9269817.34 meters
[controller-2] [INFO] [1744588088.576710421] [drone_home1.controller]: Bearing: 262.53°
[controller-2] [INFO] [1744588088.578211526] [drone_home1.controller]: Going to [(29.639567, -82.361102)]: 9269817.34 meters
[controller-2] [INFO] [1744588088.677162312] [drone_home1.controller]: Bearing: 262.53°
[controller-2] [INFO] [1744588088.678047538] [drone_home1.controller]: Going to [(29.639567, -82.361102)]: 9269817.34 meters
[controller-2] [INFO] [1744588088.777136917] [drone_home1.controller]: Bearing: 262.53°
[controller-2] [INFO] [1744588088.778006623] [drone_home1.controller]: Going to [(29.639567, -82.361102)]: 9269817.34 meters
[controller-2] [INFO] [1744588088.877402662] [drone_home1.controller]: Bearing: 262.53°
[controller-2] [INFO] [1744588088.878325456] [drone_home1.controller]: Going to [(29.639567, -82.361102)]: 9269817.34 meters
[controller-2] [INFO] [1744588088.984957511] [drone_home1.controller]: Bearing: 262.53°
[controller-2] [INFO] [1744588088.986289269] [drone_home1.controller]: Going to [(29.639567, -82.361102)]: 9269817.34 meters
[controller-2] [INFO] [1744588089.077001855] [drone_home1.controller]: Bearing: 262.53°
[controller-2] [INFO] [1744588089.078994005] [drone_home1.controller]: Going to [(29.639567, -82.361102)]: 9269817.34 meters
[controller-2] [INFO] [1744588089.177660727] [drone_home1.controller]: Bearing: 262.53°
[controller-2] [INFO] [1744588089.178950086] [drone_home1.controller]: Going to [(29.639567, -82.361102)]: 9269817.34 meters
[controller-2] [INFO] [1744588089.276825759] [drone_home1.controller]: Bearing: 262.53°
[controller-2] [INFO] [1744588089.277988620] [drone_home1.controller]: Going to [(29.639567, -82.361102)]: 9269817.34 meters
[controller-2] [INFO] [1744588089.376821392] [drone_home1.controller]: Bearing: 262.53°
[controller-2] [INFO] [1744588089.377823771] [drone_home1.controller]: Going to [(29.639567, -82.361102)]: 9269817.34 meters
[controller-2] [INFO] [1744588089.476632830] [drone_home1.controller]: Bearing: 262.53°
[controller-2] [INFO] [1744588089.477643914] [drone_home1.controller]: Going to [(29.639567, -82.361102)]: 9269817.34 meters
[controller-2] [INFO] [1744588089.576772049] [drone_home1.controller]: Bearing: 262.53°
[controller-2] [INFO] [1744588089.577731323] [drone_home1.controller]: Going to [(29.639567, -82.361102)]: 9269817.34 meters
[controller-2] [INFO] [1744588089.677429193] [drone_home1.controller]: Bearing: 262.53°
[controller-2] [INFO] [1744588089.678970938] [drone_home1.controller]: Going to [(29.639567, -82.361102)]: 9269817.34 meters
[controller-2] [INFO] [1744588089.777694717] [drone_home1.controller]: Bearing: 262.53°
[controller-2] [INFO] [1744588089.779242382] [drone_home1.controller]: Going to [(29.639567, -82.361102)]: 9269817.34 meters
[controller-2] [INFO] [1744588089.877464619] [drone_home1.controller]: Bearing: 262.53°
[controller-2] [INFO] [1744588089.879013084] [drone_home1.controller]: Going to [(29.639567, -82.361102)]: 9269817.34 meters
[controller-2] [INFO] [1744588089.977789087] [drone_home1.controller]: Bearing: 262.53°
[controller-2] [INFO] [1744588089.979301008] [drone_home1.controller]: Going to [(29.639567, -82.361102)]: 9269817.34 meters
[controller-2] [INFO] [1744588090.077309069] [drone_home1.controller]: Bearing: 262.53°
[controller-2] [INFO] [1744588090.078386361] [drone_home1.controller]: Going to [(29.639567, -82.361102)]: 9269817.34 meters
[controller-2] [INFO] [1744588090.177574820] [drone_home1.controller]: Bearing: 262.53°
[controller-2] [INFO] [1744588090.178593967] [drone_home1.controller]: Going to [(29.639567, -82.361102)]: 9269817.34 meters
[controller-2] [INFO] [1744588090.277217652] [drone_home1.controller]: Bearing: 262.53°
[controller-2] [INFO] [1744588090.278086462] [drone_home1.controller]: Going to [(29.639567, -82.361102)]: 9269817.34 meters
[controller-2] [INFO] [1744588090.376512128] [drone_home1.controller]: Bearing: 262.53°
[controller-2] [INFO] [1744588090.378912763] [drone_home1.controller]: Going to [(29.639567, -82.361102)]: 9269817.34 meters
[controller-2] [INFO] [1744588090.477446174] [drone_home1.controller]: Bearing: 262.53°
[controller-2] [INFO] [1744588090.478310088] [drone_home1.controller]: Going to [(29.639567, -82.361102)]: 9269817.34 meters
[controller-2] [INFO] [1744588090.577435570] [drone_home1.controller]: Bearing: 262.53°
[controller-2] [INFO] [1744588090.578314844] [drone_home1.controller]: Going to [(29.639567, -82.361102)]: 9269817.34 meters
[controller-2] [INFO] [1744588090.677317061] [drone_home1.controller]: Bearing: 262.53°
[controller-2] [INFO] [1744588090.678202127] [drone_home1.controller]: Going to [(29.639567, -82.361102)]: 9269817.34 meters
[controller-2] [INFO] [1744588090.777462714] [drone_home1.controller]: Bearing: 262.53°
[controller-2] [INFO] [1744588090.778353988] [drone_home1.controller]: Going to [(29.639567, -82.361102)]: 9269817.34 meters
[controller-2] [INFO] [1744588090.877297485] [drone_home1.controller]: Bearing: 262.53°
[controller-2] [INFO] [1744588090.878208791] [drone_home1.controller]: Going to [(29.639567, -82.361102)]: 9269817.34 meters
[controller-2] [INFO] [1744588090.977225312] [drone_home1.controller]: Bearing: 262.53°
[controller-2] [INFO] [1744588090.978139978] [drone_home1.controller]: Going to [(29.639567, -82.361102)]: 9269817.34 meters
[controller-2] [INFO] [1744588091.076789329] [drone_home1.controller]: Bearing: 262.53°
[controller-2] [INFO] [1744588091.078121920] [drone_home1.controller]: Going to [(29.639567, -82.361102)]: 9269817.34 meters
[controller-2] [INFO] [1744588091.177732947] [drone_home1.controller]: Bearing: 262.53°
[controller-2] [INFO] [1744588091.179264452] [drone_home1.controller]: Going to [(29.639567, -82.361102)]: 9269817.34 meters
[controller-2] [INFO] [1744588091.277661321] [drone_home1.controller]: Bearing: 262.53°
[controller-2] [INFO] [1744588091.280207077] [drone_home1.controller]: Going to [(29.639567, -82.361102)]: 9269817.34 meters
[controller-2] [INFO] [1744588091.377312604] [drone_home1.controller]: Bearing: 262.53°
[controller-2] [INFO] [1744588091.378848109] [drone_home1.controller]: Going to [(29.639567, -82.361102)]: 9269817.34 meters
[controller-2] [INFO] [1744588091.477583542] [drone_home1.controller]: Bearing: 262.53°
[controller-2] [INFO] [1744588091.479778446] [drone_home1.controller]: Going to [(29.639567, -82.361102)]: 9269817.34 meters
[controller-2] [INFO] [1744588091.576727332] [drone_home1.controller]: Bearing: 262.53°
[controller-2] [INFO] [1744588091.579109150] [drone_home1.controller]: Going to [(29.639567, -82.361102)]: 9269817.34 meters
[controller-2] [INFO] [1744588091.677485475] [drone_home1.controller]: Bearing: 262.53°
[controller-2] [INFO] [1744588091.679316855] [drone_home1.controller]: Going to [(29.639567, -82.361102)]: 9269817.34 meters
[controller-2] [INFO] [1744588091.777461050] [drone_home1.controller]: Bearing: 262.53°
[controller-2] [INFO] [1744588091.780048247] [drone_home1.controller]: Going to [(29.639567, -82.361102)]: 9269817.34 meters
[controller-2] [INFO] [1744588091.876485126] [drone_home1.controller]: Bearing: 262.53°
[controller-2] [INFO] [1744588091.877433009] [drone_home1.controller]: Going to [(29.639567, -82.361102)]: 9269817.34 meters
[controller-2] [INFO] [1744588091.978636373] [drone_home1.controller]: Bearing: 262.53°
[controller-2] [INFO] [1744588091.980021316] [drone_home1.controller]: Going to [(29.639567, -82.361102)]: 9269817.34 meters
[controller-2] [INFO] [1744588092.078080872] [drone_home1.controller]: Bearing: 262.53°
[controller-2] [INFO] [1744588092.079126420] [drone_home1.controller]: Going to [(29.639567, -82.361102)]: 9269817.34 meters
[controller-2] [INFO] [1744588092.177210360] [drone_home1.controller]: Bearing: 262.53°
[controller-2] [INFO] [1744588092.178495399] [drone_home1.controller]: Going to [(29.639567, -82.361102)]: 9269817.34 meters
[controller-2] [INFO] [1744588092.276539883] [drone_home1.controller]: Bearing: 262.53°
[controller-2] [INFO] [1744588092.277806617] [drone_home1.controller]: Going to [(29.639567, -82.361102)]: 9269817.34 meters
[controller-2] [INFO] [1744588092.376780392] [drone_home1.controller]: Bearing: 262.53°
[controller-2] [INFO] [1744588092.378038774] [drone_home1.controller]: Going to [(29.639567, -82.361102)]: 9269817.34 meters
[controller-2] [INFO] [1744588092.477205191] [drone_home1.controller]: Bearing: 262.53°
[controller-2] [INFO] [1744588092.478141105] [drone_home1.controller]: Going to [(29.639567, -82.361102)]: 9269817.34 meters
[controller-2] [INFO] [1744588092.578008650] [drone_home1.controller]: Bearing: 262.53°
[controller-2] [INFO] [1744588092.578984021] [drone_home1.controller]: Going to [(29.639567, -82.361102)]: 9269817.34 meters
[controller-2] [INFO] [1744588092.677832706] [drone_home1.controller]: Bearing: 262.53°
[controller-2] [INFO] [1744588092.678807277] [drone_home1.controller]: Going to [(29.639567, -82.361102)]: 9269817.34 meters
[controller-2] [INFO] [1744588092.779072874] [drone_home1.controller]: Bearing: 262.53°
[controller-2] [INFO] [1744588092.781099104] [drone_home1.controller]: Going to [(29.639567, -82.361102)]: 9269817.34 meters
[controller-2] [INFO] [1744588092.876825419] [drone_home1.controller]: Bearing: 262.53°
[controller-2] [INFO] [1744588092.878108025] [drone_home1.controller]: Going to [(29.639567, -82.361102)]: 9269817.34 meters
[controller-2] [INFO] [1744588092.976599490] [drone_home1.controller]: Bearing: 262.53°
[controller-2] [INFO] [1744588092.977632750] [drone_home1.controller]: Going to [(29.639567, -82.361102)]: 9269817.34 meters
[controller-2] [INFO] [1744588093.076564830] [drone_home1.controller]: Bearing: 262.53°
[controller-2] [INFO] [1744588093.077691467] [drone_home1.controller]: Going to [(29.639567, -82.361102)]: 9269817.34 meters
[controller-2] [INFO] [1744588093.176568635] [drone_home1.controller]: Bearing: 262.53°
[controller-2] [INFO] [1744588093.177693992] [drone_home1.controller]: Going to [(29.639567, -82.361102)]: 9269817.34 meters
[controller-2] [INFO] [1744588093.277575748] [drone_home1.controller]: Bearing: 262.53°
[controller-2] [INFO] [1744588093.279095605] [drone_home1.controller]: Going to [(29.639567, -82.361102)]: 9269817.34 meters
[controller-2] [INFO] [1744588093.377634081] [drone_home1.controller]: Bearing: 262.53°
[controller-2] [INFO] [1744588093.379808506] [drone_home1.controller]: Going to [(29.639567, -82.361102)]: 9269817.34 meters
[controller-2] [INFO] [1744588093.477596190] [drone_home1.controller]: Bearing: 262.53°
[controller-2] [INFO] [1744588093.479895000] [drone_home1.controller]: Going to [(29.639567, -82.361102)]: 9269817.34 meters
[controller-2] [INFO] [1744588093.576488815] [drone_home1.controller]: Bearing: 262.53°
[controller-2] [INFO] [1744588093.577954015] [drone_home1.controller]: Going to [(29.639567, -82.361102)]: 9269817.34 meters
[controller-2] [INFO] [1744588093.676433707] [drone_home1.controller]: Bearing: 262.53°
[controller-2] [INFO] [1744588093.677479607] [drone_home1.controller]: Going to [(29.639567, -82.361102)]: 9269817.34 meters
[controller-2] [INFO] [1744588093.777170576] [drone_home1.controller]: Bearing: 262.53°
[controller-2] [INFO] [1744588093.778035898] [drone_home1.controller]: Going to [(29.639567, -82.361102)]: 9269817.34 meters
[controller-2] [INFO] [1744588093.877473713] [drone_home1.controller]: Bearing: 262.53°
[controller-2] [INFO] [1744588093.878352155] [drone_home1.controller]: Going to [(29.639567, -82.361102)]: 9269817.34 meters
[controller-2] [INFO] [1744588093.977301420] [drone_home1.controller]: Bearing: 262.53°
[controller-2] [INFO] [1744588093.978166134] [drone_home1.controller]: Going to [(29.639567, -82.361102)]: 9269817.34 meters
[controller-2] [INFO] [1744588094.077891826] [drone_home1.controller]: Bearing: 262.53°
[controller-2] [INFO] [1744588094.078842908] [drone_home1.controller]: Going to [(29.639567, -82.361102)]: 9269817.34 meters
[controller-2] [INFO] [1744588094.177703056] [drone_home1.controller]: Bearing: 262.53°
[controller-2] [INFO] [1744588094.178601498] [drone_home1.controller]: Going to [(29.639567, -82.361102)]: 9269817.34 meters
[controller-2] [INFO] [1744588094.276590627] [drone_home1.controller]: Bearing: 262.53°
[controller-2] [INFO] [1744588094.277634703] [drone_home1.controller]: Going to [(29.639567, -82.361102)]: 9269817.34 meters
[controller-2] [INFO] [1744588094.378327383] [drone_home1.controller]: Bearing: 262.53°
[controller-2] [INFO] [1744588094.380013738] [drone_home1.controller]: Going to [(29.639567, -82.361102)]: 9269817.34 meters
[controller-2] [INFO] [1744588094.477548462] [drone_home1.controller]: Bearing: 262.53°
[controller-2] [INFO] [1744588094.478433624] [drone_home1.controller]: Going to [(29.639567, -82.361102)]: 9269817.34 meters
[controller-2] [INFO] [1744588094.577224170] [drone_home1.controller]: Bearing: 262.53°
[controller-2] [INFO] [1744588094.578084820] [drone_home1.controller]: Going to [(29.639567, -82.361102)]: 9269817.34 meters
[controller-2] [INFO] [1744588094.677373388] [drone_home1.controller]: Bearing: 262.53°
[controller-2] [INFO] [1744588094.678264790] [drone_home1.controller]: Going to [(29.639567, -82.361102)]: 9269817.34 meters
[controller-2] [INFO] [1744588094.776642340] [drone_home1.controller]: Bearing: 262.53°
[controller-2] [INFO] [1744588094.777596111] [drone_home1.controller]: Going to [(29.639567, -82.361102)]: 9269817.34 meters
[controller-2] [INFO] [1744588094.876680772] [drone_home1.controller]: Bearing: 262.53°
[controller-2] [INFO] [1744588094.877824721] [drone_home1.controller]: Going to [(29.639567, -82.361102)]: 9269817.34 meters
[controller-2] [INFO] [1744588094.977500653] [drone_home1.controller]: Bearing: 262.53°
[controller-2] [INFO] [1744588094.979096159] [drone_home1.controller]: Going to [(29.639567, -82.361102)]: 9269817.34 meters
[controller-2] [INFO] [1744588095.077262541] [drone_home1.controller]: Bearing: 262.53°
[controller-2] [INFO] [1744588095.078171991] [drone_home1.controller]: Going to [(29.639567, -82.361102)]: 9269817.34 meters
[controller-2] [INFO] [1744588095.176640713] [drone_home1.controller]: Bearing: 262.53°
[controller-2] [INFO] [1744588095.177605332] [drone_home1.controller]: Going to [(29.639567, -82.361102)]: 9269817.34 meters
[controller-2] [INFO] [1744588095.276938319] [drone_home1.controller]: Bearing: 262.53°
[controller-2] [INFO] [1744588095.278219262] [drone_home1.controller]: Going to [(29.639567, -82.361102)]: 9269817.34 meters
[controller-2] [INFO] [1744588095.376596078] [drone_home1.controller]: Bearing: 262.53°
[controller-2] [INFO] [1744588095.377526809] [drone_home1.controller]: Going to [(29.639567, -82.361102)]: 9269817.34 meters
[controller-2] [INFO] [1744588095.477405434] [drone_home1.controller]: Bearing: 262.53°
[controller-2] [INFO] [1744588095.478950220] [drone_home1.controller]: Going to [(29.639567, -82.361102)]: 9269817.34 meters
[controller-2] [INFO] [1744588095.576626388] [drone_home1.controller]: Bearing: 262.53°
[controller-2] [INFO] [1744588095.577853442] [drone_home1.controller]: Going to [(29.639567, -82.361102)]: 9269817.34 meters
[controller-2] [INFO] [1744588095.677361632] [drone_home1.controller]: Bearing: 262.53°
[controller-2] [INFO] [1744588095.678241129] [drone_home1.controller]: Going to [(29.639567, -82.361102)]: 9269817.34 meters
[controller-2] [INFO] [1744588095.778628561] [drone_home1.controller]: Bearing: 262.53°
[controller-2] [INFO] [1744588095.779792446] [drone_home1.controller]: Going to [(29.639567, -82.361102)]: 9269817.34 meters
[controller-2] [INFO] [1744588095.876720670] [drone_home1.controller]: Bearing: 262.53°
[controller-2] [INFO] [1744588095.878009997] [drone_home1.controller]: Going to [(29.639567, -82.361102)]: 9269817.34 meters
[controller-2] [INFO] [1744588095.977566315] [drone_home1.controller]: Bearing: 262.53°
[controller-2] [INFO] [1744588095.979158204] [drone_home1.controller]: Going to [(29.639567, -82.361102)]: 9269817.34 meters
[controller-2] [INFO] [1744588096.076734694] [drone_home1.controller]: Bearing: 262.53°
[controller-2] [INFO] [1744588096.078166998] [drone_home1.controller]: Going to [(29.639567, -82.361102)]: 9269817.34 meters
[controller-2] [INFO] [1744588096.177555221] [drone_home1.controller]: Bearing: 262.53°
[controller-2] [INFO] [1744588096.179377162] [drone_home1.controller]: Going to [(29.639567, -82.361102)]: 9269817.34 meters
[controller-2] [INFO] [1744588096.277423449] [drone_home1.controller]: Bearing: 262.53°
[controller-2] [INFO] [1744588096.278344484] [drone_home1.controller]: Going to [(29.639567, -82.361102)]: 9269817.34 meters
[controller-2] [INFO] [1744588096.376633270] [drone_home1.controller]: Bearing: 262.53°
[controller-2] [INFO] [1744588096.377579169] [drone_home1.controller]: Going to [(29.639567, -82.361102)]: 9269817.34 meters
[controller-2] [INFO] [1744588096.476750941] [drone_home1.controller]: Bearing: 262.53°
[controller-2] [INFO] [1744588096.478413136] [drone_home1.controller]: Going to [(29.639567, -82.361102)]: 9269817.34 meters
[controller-2] [INFO] [1744588096.577772495] [drone_home1.controller]: Bearing: 262.53°
[controller-2] [INFO] [1744588096.580152137] [drone_home1.controller]: Going to [(29.639567, -82.361102)]: 9269817.34 meters
[controller-2] [INFO] [1744588096.677541010] [drone_home1.controller]: Bearing: 262.53°
[controller-2] [INFO] [1744588096.678439036] [drone_home1.controller]: Going to [(29.639567, -82.361102)]: 9269817.34 meters
[controller-2] [INFO] [1744588096.777305909] [drone_home1.controller]: Bearing: 262.53°
[controller-2] [INFO] [1744588096.779233355] [drone_home1.controller]: Going to [(29.639567, -82.361102)]: 9269817.34 meters
[controller-2] [INFO] [1744588096.876626227] [drone_home1.controller]: Bearing: 262.53°
[controller-2] [INFO] [1744588096.877784800] [drone_home1.controller]: Going to [(29.639567, -82.361102)]: 9269817.34 meters
[controller-2] [INFO] [1744588096.976616825] [drone_home1.controller]: Bearing: 262.53°
[controller-2] [INFO] [1744588096.977668836] [drone_home1.controller]: Going to [(29.639567, -82.361102)]: 9269817.34 meters
[controller-2] [INFO] [1744588097.076733058] [drone_home1.controller]: Bearing: 262.53°
[controller-2] [INFO] [1744588097.077880431] [drone_home1.controller]: Going to [(29.639567, -82.361102)]: 9269817.34 meters
[controller-2] [INFO] [1744588097.176596553] [drone_home1.controller]: Bearing: 262.53°
[controller-2] [INFO] [1744588097.177717558] [drone_home1.controller]: Going to [(29.639567, -82.361102)]: 9269817.34 meters
[controller-2] [INFO] [1744588097.276501328] [drone_home1.controller]: Bearing: 262.53°
[controller-2] [INFO] [1744588097.277825439] [drone_home1.controller]: Going to [(29.639567, -82.361102)]: 9269817.34 meters
[controller-2] [INFO] [1744588097.376884029] [drone_home1.controller]: Bearing: 262.53°
[controller-2] [INFO] [1744588097.378007530] [drone_home1.controller]: Going to [(29.639567, -82.361102)]: 9269817.34 meters
[controller-2] [INFO] [1744588097.477743343] [drone_home1.controller]: Bearing: 262.53°
[controller-2] [INFO] [1744588097.479819847] [drone_home1.controller]: Going to [(29.639567, -82.361102)]: 9269817.34 meters
[controller-2] [INFO] [1744588097.576526826] [drone_home1.controller]: Bearing: 262.53°
[controller-2] [INFO] [1744588097.577521270] [drone_home1.controller]: Going to [(29.639567, -82.361102)]: 9269817.34 meters
[controller-2] [INFO] [1744588097.678775116] [drone_home1.controller]: Bearing: 262.53°
[controller-2] [INFO] [1744588097.683468833] [drone_home1.controller]: Going to [(29.639567, -82.361102)]: 9269817.34 meters
[controller-2] [INFO] [1744588097.777069090] [drone_home1.controller]: Bearing: 262.53°
[controller-2] [INFO] [1744588097.778012652] [drone_home1.controller]: Going to [(29.639567, -82.361102)]: 9269817.34 meters
[controller-2] [INFO] [1744588097.877178571] [drone_home1.controller]: Bearing: 262.53°
[controller-2] [INFO] [1744588097.878104694] [drone_home1.controller]: Going to [(29.639567, -82.361102)]: 9269817.34 meters
[controller-2] [INFO] [1744588097.976590125] [drone_home1.controller]: Bearing: 262.53°
[controller-2] [INFO] [1744588097.977592313] [drone_home1.controller]: Going to [(29.639567, -82.361102)]: 9269817.34 meters
[controller-2] [INFO] [1744588098.076556855] [drone_home1.controller]: Bearing: 262.53°
[controller-2] [INFO] [1744588098.077550115] [drone_home1.controller]: Going to [(29.639567, -82.361102)]: 9269817.34 meters
[controller-2] [INFO] [1744588098.176637668] [drone_home1.controller]: Bearing: 262.53°
[controller-2] [INFO] [1744588098.180100331] [drone_home1.controller]: Going to [(29.639567, -82.361102)]: 9269817.34 meters
[controller-2] [INFO] [1744588098.276698736] [drone_home1.controller]: Bearing: 262.53°
[controller-2] [INFO] [1744588098.277829981] [drone_home1.controller]: Going to [(29.639567, -82.361102)]: 9269817.34 meters
[controller-2] [INFO] [1744588098.376731099] [drone_home1.controller]: Bearing: 262.53°
[controller-2] [INFO] [1744588098.377673926] [drone_home1.controller]: Going to [(29.639567, -82.361102)]: 9269817.34 meters
[controller-2] [INFO] [1744588098.476460836] [drone_home1.controller]: Bearing: 262.53°
[controller-2] [INFO] [1744588098.477389710] [drone_home1.controller]: Going to [(29.639567, -82.361102)]: 9269817.34 meters
[controller-2] [INFO] [1744588098.576558192] [drone_home1.controller]: Bearing: 262.53°
[controller-2] [INFO] [1744588098.577594076] [drone_home1.controller]: Going to [(29.639567, -82.361102)]: 9269817.34 meters
[controller-2] [INFO] [1744588098.678191982] [drone_home1.controller]: Bearing: 262.53°
[controller-2] [INFO] [1744588098.679211705] [drone_home1.controller]: Going to [(29.639567, -82.361102)]: 9269817.34 meters
[controller-2] [INFO] [1744588098.776762089] [drone_home1.controller]: Bearing: 262.53°
[controller-2] [INFO] [1744588098.777784309] [drone_home1.controller]: Going to [(29.639567, -82.361102)]: 9269817.34 meters
[controller-2] [INFO] [1744588098.876807253] [drone_home1.controller]: Bearing: 262.53°
[controller-2] [INFO] [1744588098.878229797] [drone_home1.controller]: Going to [(29.639567, -82.361102)]: 9269817.34 meters
[controller-2] [INFO] [1744588098.977154340] [drone_home1.controller]: Bearing: 262.53°
[controller-2] [INFO] [1744588098.978429555] [drone_home1.controller]: Going to [(29.639567, -82.361102)]: 9269817.34 meters
[controller-2] [INFO] [1744588099.076788173] [drone_home1.controller]: Bearing: 262.53°
[controller-2] [INFO] [1744588099.077877562] [drone_home1.controller]: Going to [(29.639567, -82.361102)]: 9269817.34 meters
[controller-2] [INFO] [1744588099.176549113] [drone_home1.controller]: Bearing: 262.53°
[controller-2] [INFO] [1744588099.177584900] [drone_home1.controller]: Going to [(29.639567, -82.361102)]: 9269817.34 meters
[controller-2] [INFO] [1744588099.276651272] [drone_home1.controller]: Bearing: 262.53°
[controller-2] [INFO] [1744588099.277624659] [drone_home1.controller]: Going to [(29.639567, -82.361102)]: 9269817.34 meters
[controller-2] [INFO] [1744588099.376767479] [drone_home1.controller]: Bearing: 262.53°
[controller-2] [INFO] [1744588099.377852196] [drone_home1.controller]: Going to [(29.639567, -82.361102)]: 9269817.34 meters
[controller-2] [INFO] [1744588099.476636036] [drone_home1.controller]: Bearing: 262.53°
[controller-2] [INFO] [1744588099.477616431] [drone_home1.controller]: Going to [(29.639567, -82.361102)]: 9269817.34 meters
[controller-2] [INFO] [1744588099.576648210] [drone_home1.controller]: Bearing: 262.53°
[controller-2] [INFO] [1744588099.577655197] [drone_home1.controller]: Going to [(29.639567, -82.361102)]: 9269817.34 meters
[controller-2] [INFO] [1744588099.676604960] [drone_home1.controller]: Bearing: 262.53°
[controller-2] [INFO] [1744588099.677634347] [drone_home1.controller]: Going to [(29.639567, -82.361102)]: 9269817.34 meters
[controller-2] [INFO] [1744588099.776627598] [drone_home1.controller]: Bearing: 262.53°
[controller-2] [INFO] [1744588099.777788347] [drone_home1.controller]: Going to [(29.639567, -82.361102)]: 9269817.34 meters
[controller-2] [INFO] [1744588099.877288643] [drone_home1.controller]: Bearing: 262.53°
[controller-2] [INFO] [1744588099.878202382] [drone_home1.controller]: Going to [(29.639567, -82.361102)]: 9269817.34 meters
[controller-2] [INFO] [1744588099.976510537] [drone_home1.controller]: Bearing: 262.53°
[controller-2] [INFO] [1744588099.977481524] [drone_home1.controller]: Going to [(29.639567, -82.361102)]: 9269817.34 meters
[controller-2] [INFO] [1744588100.076665434] [drone_home1.controller]: Bearing: 262.53°
[controller-2] [INFO] [1744588100.077748007] [drone_home1.controller]: Going to [(29.639567, -82.361102)]: 9269817.34 meters
[controller-2] [INFO] [1744588100.178760003] [drone_home1.controller]: Bearing: 262.53°
[controller-2] [INFO] [1744588100.180612952] [drone_home1.controller]: Going to [(29.639567, -82.361102)]: 9269817.34 meters
[controller-2] [INFO] [1744588100.277018528] [drone_home1.controller]: Bearing: 262.53°
[controller-2] [INFO] [1744588100.278867925] [drone_home1.controller]: Going to [(29.639567, -82.361102)]: 9269817.34 meters
[controller-2] [INFO] [1744588100.376933456] [drone_home1.controller]: Bearing: 262.53°
[controller-2] [INFO] [1744588100.377882042] [drone_home1.controller]: Going to [(29.639567, -82.361102)]: 9269817.34 meters
[controller-2] [INFO] [1744588100.479880162] [drone_home1.controller]: Bearing: 262.53°
[controller-2] [INFO] [1744588100.481487668] [drone_home1.controller]: Going to [(29.639567, -82.361102)]: 9269817.34 meters
[controller-2] [INFO] [1744588100.576728399] [drone_home1.controller]: Bearing: 262.53°
[controller-2] [INFO] [1744588100.577807867] [drone_home1.controller]: Going to [(29.639567, -82.361102)]: 9269817.34 meters
[controller-2] [INFO] [1744588100.677296358] [drone_home1.controller]: Bearing: 262.53°
[controller-2] [INFO] [1744588100.678369682] [drone_home1.controller]: Going to [(29.639567, -82.361102)]: 9269817.34 meters
[controller-2] [INFO] [1744588100.776718544] [drone_home1.controller]: Bearing: 262.53°
[controller-2] [INFO] [1744588100.777893533] [drone_home1.controller]: Going to [(29.639567, -82.361102)]: 9269817.34 meters
[controller-2] [INFO] [1744588100.878664823] [drone_home1.controller]: Bearing: 262.53°
[controller-2] [INFO] [1744588100.879577633] [drone_home1.controller]: Going to [(29.639567, -82.361102)]: 9269817.34 meters
[controller-2] [INFO] [1744588100.978038081] [drone_home1.controller]: Bearing: 262.53°
[controller-2] [INFO] [1744588100.979042092] [drone_home1.controller]: Going to [(29.639567, -82.361102)]: 9269817.34 meters
[controller-2] [INFO] [1744588101.077154345] [drone_home1.controller]: Bearing: 262.53°
[controller-2] [INFO] [1744588101.078386359] [drone_home1.controller]: Going to [(29.639567, -82.361102)]: 9269817.34 meters
[controller-2] [INFO] [1744588101.180469506] [drone_home1.controller]: Bearing: 262.53°
[controller-2] [INFO] [1744588101.181488398] [drone_home1.controller]: Going to [(29.639567, -82.361102)]: 9269817.34 meters
[controller-2] [INFO] [1744588101.276746411] [drone_home1.controller]: Bearing: 262.53°
[controller-2] [INFO] [1744588101.279735885] [drone_home1.controller]: Going to [(29.639567, -82.361102)]: 9269817.34 meters
[controller-2] [INFO] [1744588101.378052878] [drone_home1.controller]: Bearing: 262.53°
[controller-2] [INFO] [1744588101.378931000] [drone_home1.controller]: Going to [(29.639567, -82.361102)]: 9269817.34 meters
[controller-2] [INFO] [1744588101.476901364] [drone_home1.controller]: Bearing: 262.53°
[controller-2] [INFO] [1744588101.477941216] [drone_home1.controller]: Going to [(29.639567, -82.361102)]: 9269817.34 meters
[controller-2] [INFO] [1744588101.576611940] [drone_home1.controller]: Bearing: 262.53°
[controller-2] [INFO] [1744588101.577531438] [drone_home1.controller]: Going to [(29.639567, -82.361102)]: 9269817.34 meters
[controller-2] [INFO] [1744588101.676461301] [drone_home1.controller]: Bearing: 262.53°
[controller-2] [INFO] [1744588101.677413952] [drone_home1.controller]: Going to [(29.639567, -82.361102)]: 9269817.34 meters
[controller-2] [INFO] [1744588101.777126096] [drone_home1.controller]: Bearing: 262.53°
[controller-2] [INFO] [1744588101.778493344] [drone_home1.controller]: Going to [(29.639567, -82.361102)]: 9269817.34 meters
[controller-2] [INFO] [1744588101.876710911] [drone_home1.controller]: Bearing: 262.53°
[controller-2] [INFO] [1744588101.878029806] [drone_home1.controller]: Going to [(29.639567, -82.361102)]: 9269817.34 meters
[controller-2] [INFO] [1744588101.979186415] [drone_home1.controller]: Bearing: 262.53°
[controller-2] [INFO] [1744588101.981153157] [drone_home1.controller]: Going to [(29.639567, -82.361102)]: 9269817.34 meters
[controller-2] [INFO] [1744588102.076711112] [drone_home1.controller]: Bearing: 262.53°
[controller-2] [INFO] [1744588102.077703091] [drone_home1.controller]: Going to [(29.639567, -82.361102)]: 9269817.34 meters
[controller-2] [INFO] [1744588102.176702910] [drone_home1.controller]: Bearing: 262.53°
[controller-2] [INFO] [1744588102.177906667] [drone_home1.controller]: Going to [(29.639567, -82.361102)]: 9269817.34 meters
[controller-2] [INFO] [1744588102.276920950] [drone_home1.controller]: Bearing: 262.53°
[controller-2] [INFO] [1744588102.277884321] [drone_home1.controller]: Going to [(29.639567, -82.361102)]: 9269817.34 meters
[controller-2] [INFO] [1744588102.376712234] [drone_home1.controller]: Bearing: 262.53°
[controller-2] [INFO] [1744588102.377918263] [drone_home1.controller]: Going to [(29.639567, -82.361102)]: 9269817.34 meters
[controller-2] [INFO] [1744588102.477509577] [drone_home1.controller]: Bearing: 262.53°
[controller-2] [INFO] [1744588102.479192732] [drone_home1.controller]: Going to [(29.639567, -82.361102)]: 9269817.34 meters
[controller-2] [INFO] [1744588102.577914435] [drone_home1.controller]: Bearing: 262.53°
[controller-2] [INFO] [1744588102.580121980] [drone_home1.controller]: Going to [(29.639567, -82.361102)]: 9269817.34 meters
[controller-2] [INFO] [1744588102.678303038] [drone_home1.controller]: Bearing: 262.53°
[controller-2] [INFO] [1744588102.680018033] [drone_home1.controller]: Going to [(29.639567, -82.361102)]: 9269817.34 meters
[controller-2] [INFO] [1744588102.778697592] [drone_home1.controller]: Bearing: 262.53°
[controller-2] [INFO] [1744588102.780055016] [drone_home1.controller]: Going to [(29.639567, -82.361102)]: 9269817.34 meters
[controller-2] [INFO] [1744588102.878375978] [drone_home1.controller]: Bearing: 262.53°
[controller-2] [INFO] [1744588102.879302133] [drone_home1.controller]: Going to [(29.639567, -82.361102)]: 9269817.34 meters
[controller-2] [INFO] [1744588102.976591084] [drone_home1.controller]: Bearing: 262.53°
[controller-2] [INFO] [1744588102.977548951] [drone_home1.controller]: Going to [(29.639567, -82.361102)]: 9269817.34 meters
[controller-2] [INFO] [1744588103.076696741] [drone_home1.controller]: Bearing: 262.53°
[controller-2] [INFO] [1744588103.077693904] [drone_home1.controller]: Going to [(29.639567, -82.361102)]: 9269817.34 meters
[controller-2] [INFO] [1744588103.177348869] [drone_home1.controller]: Bearing: 262.53°
[controller-2] [INFO] [1744588103.178927607] [drone_home1.controller]: Going to [(29.639567, -82.361102)]: 9269817.34 meters
[controller-2] [INFO] [1744588103.277726434] [drone_home1.controller]: Bearing: 262.53°
[controller-2] [INFO] [1744588103.280350016] [drone_home1.controller]: Going to [(29.639567, -82.361102)]: 9269817.34 meters
[controller-2] [INFO] [1744588103.377613465] [drone_home1.controller]: Bearing: 262.53°
[controller-2] [INFO] [1744588103.379168235] [drone_home1.controller]: Going to [(29.639567, -82.361102)]: 9269817.34 meters
[controller-2] [INFO] [1744588103.478516252] [drone_home1.controller]: Bearing: 262.53°
[controller-2] [INFO] [1744588103.480120654] [drone_home1.controller]: Going to [(29.639567, -82.361102)]: 9269817.34 meters
[controller-2] [INFO] [1744588103.577380679] [drone_home1.controller]: Bearing: 262.53°
[controller-2] [INFO] [1744588103.579364126] [drone_home1.controller]: Going to [(29.639567, -82.361102)]: 9269817.34 meters
[controller-2] [INFO] [1744588103.677592546] [drone_home1.controller]: Bearing: 262.53°
[controller-2] [INFO] [1744588103.679293622] [drone_home1.controller]: Going to [(29.639567, -82.361102)]: 9269817.34 meters
[controller-2] [INFO] [1744588103.778014272] [drone_home1.controller]: Bearing: 262.53°
[controller-2] [INFO] [1744588103.779758836] [drone_home1.controller]: Going to [(29.639567, -82.361102)]: 9269817.34 meters
[controller-2] [INFO] [1744588103.877479730] [drone_home1.controller]: Bearing: 262.53°
[controller-2] [INFO] [1744588103.879095300] [drone_home1.controller]: Going to [(29.639567, -82.361102)]: 9269817.34 meters
[controller-2] [INFO] [1744588103.977952880] [drone_home1.controller]: Bearing: 262.53°
[controller-2] [INFO] [1744588103.980221482] [drone_home1.controller]: Going to [(29.639567, -82.361102)]: 9269817.34 meters
[controller-2] [INFO] [1744588104.076618235] [drone_home1.controller]: Bearing: 262.53°
[controller-2] [INFO] [1744588104.077607206] [drone_home1.controller]: Going to [(29.639567, -82.361102)]: 9269817.34 meters
[controller-2] [INFO] [1744588104.176757880] [drone_home1.controller]: Bearing: 262.53°
[controller-2] [INFO] [1744588104.178124167] [drone_home1.controller]: Going to [(29.639567, -82.361102)]: 9269817.34 meters
[controller-2] [INFO] [1744588104.276539984] [drone_home1.controller]: Bearing: 262.53°
[controller-2] [INFO] [1744588104.277599228] [drone_home1.controller]: Going to [(29.639567, -82.361102)]: 9269817.34 meters
[controller-2] [INFO] [1744588104.376509931] [drone_home1.controller]: Bearing: 262.53°
[controller-2] [INFO] [1744588104.377449302] [drone_home1.controller]: Going to [(29.639567, -82.361102)]: 9269817.34 meters
[controller-2] [INFO] [1744588104.476823337] [drone_home1.controller]: Bearing: 262.53°
[controller-2] [INFO] [1744588104.478498301] [drone_home1.controller]: Going to [(29.639567, -82.361102)]: 9269817.34 meters
[controller-2] [INFO] [1744588104.577422091] [drone_home1.controller]: Bearing: 262.53°
[controller-2] [INFO] [1744588104.578974077] [drone_home1.controller]: Going to [(29.639567, -82.361102)]: 9269817.34 meters
[controller-2] [INFO] [1744588104.677339813] [drone_home1.controller]: Bearing: 262.53°
[controller-2] [INFO] [1744588104.678899671] [drone_home1.controller]: Going to [(29.639567, -82.361102)]: 9269817.34 meters
[controller-2] [INFO] [1744588104.777435554] [drone_home1.controller]: Bearing: 262.53°
[controller-2] [INFO] [1744588104.778989555] [drone_home1.controller]: Going to [(29.639567, -82.361102)]: 9269817.34 meters
[controller-2] [INFO] [1744588104.877468701] [drone_home1.controller]: Bearing: 262.53°
[controller-2] [INFO] [1744588104.879011471] [drone_home1.controller]: Going to [(29.639567, -82.361102)]: 9269817.34 meters
[controller-2] [INFO] [1744588104.977494520] [drone_home1.controller]: Bearing: 262.53°
[controller-2] [INFO] [1744588104.979097451] [drone_home1.controller]: Going to [(29.639567, -82.361102)]: 9269817.34 meters
[controller-2] [INFO] [1744588105.078249150] [drone_home1.controller]: Bearing: 262.53°
[controller-2] [INFO] [1744588105.079419947] [drone_home1.controller]: Going to [(29.639567, -82.361102)]: 9269817.34 meters
[controller-2] [INFO] [1744588105.177578419] [drone_home1.controller]: Bearing: 262.53°
[controller-2] [INFO] [1744588105.180230002] [drone_home1.controller]: Going to [(29.639567, -82.361102)]: 9269817.34 meters
[controller-2] [INFO] [1744588105.277620241] [drone_home1.controller]: Bearing: 262.53°
[controller-2] [INFO] [1744588105.280035565] [drone_home1.controller]: Going to [(29.639567, -82.361102)]: 9269817.34 meters
[controller-2] [INFO] [1744588105.377336524] [drone_home1.controller]: Bearing: 262.53°
[controller-2] [INFO] [1744588105.378873341] [drone_home1.controller]: Going to [(29.639567, -82.361102)]: 9269817.34 meters
[controller-2] [INFO] [1744588105.477427722] [drone_home1.controller]: Bearing: 262.53°
[controller-2] [INFO] [1744588105.479041981] [drone_home1.controller]: Going to [(29.639567, -82.361102)]: 9269817.34 meters
[controller-2] [INFO] [1744588105.576802049] [drone_home1.controller]: Bearing: 262.53°
[controller-2] [INFO] [1744588105.577794476] [drone_home1.controller]: Going to [(29.639567, -82.361102)]: 9269817.34 meters
[controller-2] [INFO] [1744588105.676668092] [drone_home1.controller]: Bearing: 262.53°
[controller-2] [INFO] [1744588105.677692392] [drone_home1.controller]: Going to [(29.639567, -82.361102)]: 9269817.34 meters
[controller-2] [INFO] [1744588105.776705242] [drone_home1.controller]: Bearing: 262.53°
[controller-2] [INFO] [1744588105.778196524] [drone_home1.controller]: Going to [(29.639567, -82.361102)]: 9269817.34 meters
[controller-2] [INFO] [1744588105.876601815] [drone_home1.controller]: Bearing: 262.53°
[controller-2] [INFO] [1744588105.877526305] [drone_home1.controller]: Going to [(29.639567, -82.361102)]: 9269817.34 meters
[controller-2] [INFO] [1744588105.976990169] [drone_home1.controller]: Bearing: 262.53°
[controller-2] [INFO] [1744588105.978899375] [drone_home1.controller]: Going to [(29.639567, -82.361102)]: 9269817.34 meters
[controller-2] [INFO] [1744588106.077387740] [drone_home1.controller]: Bearing: 262.53°
[controller-2] [INFO] [1744588106.078950446] [drone_home1.controller]: Going to [(29.639567, -82.361102)]: 9269817.34 meters
[controller-2] [INFO] [1744588106.178079300] [drone_home1.controller]: Bearing: 262.53°
[controller-2] [INFO] [1744588106.180758979] [drone_home1.controller]: Going to [(29.639567, -82.361102)]: 9269817.34 meters
[controller-2] [INFO] [1744588106.276787573] [drone_home1.controller]: Bearing: 262.53°
[controller-2] [INFO] [1744588106.280196381] [drone_home1.controller]: Going to [(29.639567, -82.361102)]: 9269817.34 meters
[controller-2] [INFO] [1744588106.377970211] [drone_home1.controller]: Bearing: 262.53°
[controller-2] [INFO] [1744588106.379648374] [drone_home1.controller]: Going to [(29.639567, -82.361102)]: 9269817.34 meters
[controller-2] [INFO] [1744588106.478498537] [drone_home1.controller]: Bearing: 262.53°
[controller-2] [INFO] [1744588106.480047163] [drone_home1.controller]: Going to [(29.639567, -82.361102)]: 9269817.34 meters
[controller-2] [INFO] [1744588106.576715796] [drone_home1.controller]: Bearing: 262.53°
[controller-2] [INFO] [1744588106.577963715] [drone_home1.controller]: Going to [(29.639567, -82.361102)]: 9269817.34 meters
[controller-2] [INFO] [1744588106.676661908] [drone_home1.controller]: Bearing: 262.53°
[controller-2] [INFO] [1744588106.678602218] [drone_home1.controller]: Going to [(29.639567, -82.361102)]: 9269817.34 meters
[controller-2] [INFO] [1744588106.777223322] [drone_home1.controller]: Bearing: 262.53°
[controller-2] [INFO] [1744588106.778096484] [drone_home1.controller]: Going to [(29.639567, -82.361102)]: 9269817.34 meters
[controller-2] [INFO] [1744588106.876642419] [drone_home1.controller]: Bearing: 262.53°
[controller-2] [INFO] [1744588106.877655487] [drone_home1.controller]: Going to [(29.639567, -82.361102)]: 9269817.34 meters
[controller-2] [INFO] [1744588106.978044035] [drone_home1.controller]: Bearing: 262.53°
[controller-2] [INFO] [1744588106.981900496] [drone_home1.controller]: Going to [(29.639567, -82.361102)]: 9269817.34 meters
[controller-2] [INFO] [1744588107.076768662] [drone_home1.controller]: Bearing: 262.53°
[controller-2] [INFO] [1744588107.079377940] [drone_home1.controller]: Going to [(29.639567, -82.361102)]: 9269817.34 meters
[controller-2] [INFO] [1744588107.176732632] [drone_home1.controller]: Bearing: 262.53°
[controller-2] [INFO] [1744588107.178735119] [drone_home1.controller]: Going to [(29.639567, -82.361102)]: 9269817.34 meters
[controller-2] [INFO] [1744588107.276619033] [drone_home1.controller]: Bearing: 262.53°
[controller-2] [INFO] [1744588107.277644005] [drone_home1.controller]: Going to [(29.639567, -82.361102)]: 9269817.34 meters
[controller-2] [INFO] [1744588107.376611932] [drone_home1.controller]: Bearing: 262.53°
[controller-2] [INFO] [1744588107.378368880] [drone_home1.controller]: Going to [(29.639567, -82.361102)]: 9269817.34 meters
[controller-2] [INFO] [1744588107.476591806] [drone_home1.controller]: Bearing: 262.53°
[controller-2] [INFO] [1744588107.477594697] [drone_home1.controller]: Going to [(29.639567, -82.361102)]: 9269817.34 meters
[controller-2] [INFO] [1744588107.576813507] [drone_home1.controller]: Bearing: 262.53°
[controller-2] [INFO] [1744588107.577880751] [drone_home1.controller]: Going to [(29.639567, -82.361102)]: 9269817.34 meters
[controller-2] [INFO] [1744588107.677025191] [drone_home1.controller]: Bearing: 262.53°
[controller-2] [INFO] [1744588107.678868221] [drone_home1.controller]: Going to [(29.639567, -82.361102)]: 9269817.34 meters
[controller-2] [INFO] [1744588107.776772199] [drone_home1.controller]: Bearing: 262.53°
[controller-2] [INFO] [1744588107.782394312] [drone_home1.controller]: Going to [(29.639567, -82.361102)]: 9269817.34 meters
[controller-2] [INFO] [1744588107.876513158] [drone_home1.controller]: Bearing: 262.53°
[controller-2] [INFO] [1744588107.877721972] [drone_home1.controller]: Going to [(29.639567, -82.361102)]: 9269817.34 meters
[controller-2] [INFO] [1744588107.976612842] [drone_home1.controller]: Bearing: 262.53°
[controller-2] [INFO] [1744588107.977701526] [drone_home1.controller]: Going to [(29.639567, -82.361102)]: 9269817.34 meters
[controller-2] [INFO] [1744588108.076620366] [drone_home1.controller]: Bearing: 262.53°
[controller-2] [INFO] [1744588108.079778162] [drone_home1.controller]: Going to [(29.639567, -82.361102)]: 9269817.34 meters
[controller-2] [INFO] [1744588108.177575229] [drone_home1.controller]: Bearing: 262.53°
[controller-2] [INFO] [1744588108.180518367] [drone_home1.controller]: Going to [(29.639567, -82.361102)]: 9269817.34 meters
[controller-2] [INFO] [1744588108.277225566] [drone_home1.controller]: Bearing: 262.53°
[controller-2] [INFO] [1744588108.278420428] [drone_home1.controller]: Going to [(29.639567, -82.361102)]: 9269817.34 meters
[controller-2] [INFO] [1744588108.376874591] [drone_home1.controller]: Bearing: 262.53°
[controller-2] [INFO] [1744588108.379165081] [drone_home1.controller]: Going to [(29.639567, -82.361102)]: 9269817.34 meters
[controller-2] [INFO] [1744588108.476804259] [drone_home1.controller]: Bearing: 262.53°
[controller-2] [INFO] [1744588108.477905423] [drone_home1.controller]: Going to [(29.639567, -82.361102)]: 9269817.34 meters
[controller-2] [INFO] [1744588108.576697062] [drone_home1.controller]: Bearing: 262.53°
[controller-2] [INFO] [1744588108.577665137] [drone_home1.controller]: Going to [(29.639567, -82.361102)]: 9269817.34 meters
[controller-2] [INFO] [1744588108.676855564] [drone_home1.controller]: Bearing: 262.53°
[controller-2] [INFO] [1744588108.678124923] [drone_home1.controller]: Going to [(29.639567, -82.361102)]: 9269817.34 meters
[controller-2] [INFO] [1744588108.777497561] [drone_home1.controller]: Bearing: 262.53°
[controller-2] [INFO] [1744588108.778421475] [drone_home1.controller]: Going to [(29.639567, -82.361102)]: 9269817.34 meters
[controller-2] [INFO] [1744588108.877811969] [drone_home1.controller]: Bearing: 262.53°
[controller-2] [INFO] [1744588108.878687947] [drone_home1.controller]: Going to [(29.639567, -82.361102)]: 9269817.34 meters
[controller-2] [INFO] [1744588108.977870022] [drone_home1.controller]: Bearing: 262.53°
[controller-2] [INFO] [1744588108.978914514] [drone_home1.controller]: Going to [(29.639567, -82.361102)]: 9269817.34 meters
[controller-2] [INFO] [1744588109.076728575] [drone_home1.controller]: Bearing: 262.53°
[controller-2] [INFO] [1744588109.077877101] [drone_home1.controller]: Going to [(29.639567, -82.361102)]: 9269817.34 meters
[controller-2] [INFO] [1744588109.177277325] [drone_home1.controller]: Bearing: 262.53°
[controller-2] [INFO] [1744588109.178170743] [drone_home1.controller]: Going to [(29.639567, -82.361102)]: 9269817.34 meters
[controller-2] [INFO] [1744588109.276568492] [drone_home1.controller]: Bearing: 262.53°
[controller-2] [INFO] [1744588109.280037556] [drone_home1.controller]: Going to [(29.639567, -82.361102)]: 9269817.34 meters
[controller-2] [INFO] [1744588109.377233690] [drone_home1.controller]: Bearing: 262.53°
[controller-2] [INFO] [1744588109.378099268] [drone_home1.controller]: Going to [(29.639567, -82.361102)]: 9269817.34 meters
[controller-2] [INFO] [1744588109.477386499] [drone_home1.controller]: Bearing: 262.53°
[controller-2] [INFO] [1744588109.478309966] [drone_home1.controller]: Going to [(29.639567, -82.361102)]: 9269817.34 meters
[controller-2] [INFO] [1744588109.577995313] [drone_home1.controller]: Bearing: 262.53°
[controller-2] [INFO] [1744588109.579589316] [drone_home1.controller]: Going to [(29.639567, -82.361102)]: 9269817.34 meters
[controller-2] [INFO] [1744588109.677248272] [drone_home1.controller]: Bearing: 262.53°
[controller-2] [INFO] [1744588109.678423677] [drone_home1.controller]: Going to [(29.639567, -82.361102)]: 9269817.34 meters
[controller-2] [INFO] [1744588109.777016180] [drone_home1.controller]: Bearing: 262.53°
[controller-2] [INFO] [1744588109.779992822] [drone_home1.controller]: Going to [(29.639567, -82.361102)]: 9269817.34 meters
[controller-2] [INFO] [1744588109.876611734] [drone_home1.controller]: Bearing: 262.53°
[controller-2] [INFO] [1744588109.877616674] [drone_home1.controller]: Going to [(29.639567, -82.361102)]: 9269817.34 meters
[controller-2] [INFO] [1744588109.976963329] [drone_home1.controller]: Bearing: 262.53°
[controller-2] [INFO] [1744588109.977996685] [drone_home1.controller]: Going to [(29.639567, -82.361102)]: 9269817.34 meters
[controller-2] [INFO] [1744588110.076588486] [drone_home1.controller]: Bearing: 262.53°
[controller-2] [INFO] [1744588110.077679314] [drone_home1.controller]: Going to [(29.639567, -82.361102)]: 9269817.34 meters
[controller-2] [INFO] [1744588110.177316695] [drone_home1.controller]: Bearing: 262.53°
[controller-2] [INFO] [1744588110.178834217] [drone_home1.controller]: Going to [(29.639567, -82.361102)]: 9269817.34 meters
[controller-2] [INFO] [1744588110.277344737] [drone_home1.controller]: Bearing: 262.53°
[controller-2] [INFO] [1744588110.278898579] [drone_home1.controller]: Going to [(29.639567, -82.361102)]: 9269817.34 meters
[controller-2] [INFO] [1744588110.377665486] [drone_home1.controller]: Bearing: 262.53°
[controller-2] [INFO] [1744588110.379717446] [drone_home1.controller]: Going to [(29.639567, -82.361102)]: 9269817.34 meters
[controller-2] [INFO] [1744588110.479209609] [drone_home1.controller]: Bearing: 262.53°
[controller-2] [INFO] [1744588110.480658554] [drone_home1.controller]: Going to [(29.639567, -82.361102)]: 9269817.34 meters
[controller-2] [INFO] [1744588110.577657248] [drone_home1.controller]: Bearing: 262.53°
[controller-2] [INFO] [1744588110.578708333] [drone_home1.controller]: Going to [(29.639567, -82.361102)]: 9269817.34 meters
[controller-2] [INFO] [1744588110.677311974] [drone_home1.controller]: Bearing: 262.53°
[controller-2] [INFO] [1744588110.678199600] [drone_home1.controller]: Going to [(29.639567, -82.361102)]: 9269817.34 meters
[controller-2] [INFO] [1744588110.776639495] [drone_home1.controller]: Bearing: 262.53°
[controller-2] [INFO] [1744588110.777587858] [drone_home1.controller]: Going to [(29.639567, -82.361102)]: 9269817.34 meters
[controller-2] [INFO] [1744588110.877209815] [drone_home1.controller]: Bearing: 262.53°
[controller-2] [INFO] [1744588110.878399749] [drone_home1.controller]: Going to [(29.639567, -82.361102)]: 9269817.34 meters
[controller-2] [INFO] [1744588110.976595001] [drone_home1.controller]: Bearing: 262.53°
[controller-2] [INFO] [1744588110.977547908] [drone_home1.controller]: Going to [(29.639567, -82.361102)]: 9269817.34 meters
[controller-2] [INFO] [1744588111.076667717] [drone_home1.controller]: Bearing: 262.53°
[controller-2] [INFO] [1744588111.077646800] [drone_home1.controller]: Going to [(29.639567, -82.361102)]: 9269817.34 meters
[controller-2] [INFO] [1744588111.177473658] [drone_home1.controller]: Bearing: 262.53°
[controller-2] [INFO] [1744588111.179406961] [drone_home1.controller]: Going to [(29.639567, -82.361102)]: 9269817.34 meters
[controller-2] [INFO] [1744588111.277994508] [drone_home1.controller]: Bearing: 262.53°
[controller-2] [INFO] [1744588111.279981635] [drone_home1.controller]: Going to [(29.639567, -82.361102)]: 9269817.34 meters
[controller-2] [INFO] [1744588111.377351632] [drone_home1.controller]: Bearing: 262.53°
[controller-2] [INFO] [1744588111.379293062] [drone_home1.controller]: Going to [(29.639567, -82.361102)]: 9269817.34 meters
[controller-2] [INFO] [1744588111.476623859] [drone_home1.controller]: Bearing: 262.53°
[controller-2] [INFO] [1744588111.477820705] [drone_home1.controller]: Going to [(29.639567, -82.361102)]: 9269817.34 meters
[controller-2] [INFO] [1744588111.577424360] [drone_home1.controller]: Bearing: 262.53°
[controller-2] [INFO] [1744588111.579000826] [drone_home1.controller]: Going to [(29.639567, -82.361102)]: 9269817.34 meters
[controller-2] [INFO] [1744588111.677472052] [drone_home1.controller]: Bearing: 262.53°
[controller-2] [INFO] [1744588111.681574180] [drone_home1.controller]: Going to [(29.639567, -82.361102)]: 9269817.34 meters
[controller-2] [INFO] [1744588111.777400286] [drone_home1.controller]: Bearing: 262.53°
[controller-2] [INFO] [1744588111.780285760] [drone_home1.controller]: Going to [(29.639567, -82.361102)]: 9269817.34 meters
[controller-2] [INFO] [1744588111.877401994] [drone_home1.controller]: Bearing: 262.53°
[controller-2] [INFO] [1744588111.878271572] [drone_home1.controller]: Going to [(29.639567, -82.361102)]: 9269817.34 meters
[controller-2] [INFO] [1744588111.976807215] [drone_home1.controller]: Bearing: 262.53°
[controller-2] [INFO] [1744588111.978614948] [drone_home1.controller]: Going to [(29.639567, -82.361102)]: 9269817.34 meters
[controller-2] [INFO] [1744588112.077082815] [drone_home1.controller]: Bearing: 262.53°
[controller-2] [INFO] [1744588112.078201100] [drone_home1.controller]: Going to [(29.639567, -82.361102)]: 9269817.34 meters
[controller-2] [INFO] [1744588112.179621066] [drone_home1.controller]: Bearing: 262.53°
[controller-2] [INFO] [1744588112.180756280] [drone_home1.controller]: Going to [(29.639567, -82.361102)]: 9269817.34 meters
[controller-2] [INFO] [1744588112.276857720] [drone_home1.controller]: Bearing: 262.53°
[controller-2] [INFO] [1744588112.280419617] [drone_home1.controller]: Going to [(29.639567, -82.361102)]: 9269817.34 meters
[controller-2] [INFO] [1744588112.378967806] [drone_home1.controller]: Bearing: 262.53°
[controller-2] [INFO] [1744588112.380954646] [drone_home1.controller]: Going to [(29.639567, -82.361102)]: 9269817.34 meters
[controller-2] [INFO] [1744588112.476586640] [drone_home1.controller]: Bearing: 262.53°
[controller-2] [INFO] [1744588112.477569148] [drone_home1.controller]: Going to [(29.639567, -82.361102)]: 9269817.34 meters
[controller-2] [INFO] [1744588112.576651903] [drone_home1.controller]: Bearing: 262.53°
[controller-2] [INFO] [1744588112.577651339] [drone_home1.controller]: Going to [(29.639567, -82.361102)]: 9269817.34 meters
[controller-2] [INFO] [1744588112.676618412] [drone_home1.controller]: Bearing: 262.53°
[controller-2] [INFO] [1744588112.677674169] [drone_home1.controller]: Going to [(29.639567, -82.361102)]: 9269817.34 meters
[controller-2] [INFO] [1744588112.777448228] [drone_home1.controller]: Bearing: 262.53°
[controller-2] [INFO] [1744588112.779873280] [drone_home1.controller]: Going to [(29.639567, -82.361102)]: 9269817.34 meters
[controller-2] [INFO] [1744588112.877447889] [drone_home1.controller]: Bearing: 262.53°
[controller-2] [INFO] [1744588112.880794168] [drone_home1.controller]: Going to [(29.639567, -82.361102)]: 9269817.34 meters
[controller-2] [INFO] [1744588112.977794915] [drone_home1.controller]: Bearing: 262.53°
[controller-2] [INFO] [1744588112.979980797] [drone_home1.controller]: Going to [(29.639567, -82.361102)]: 9269817.34 meters
[controller-2] [INFO] [1744588113.077626865] [drone_home1.controller]: Bearing: 262.53°
[controller-2] [INFO] [1744588113.079443654] [drone_home1.controller]: Going to [(29.639567, -82.361102)]: 9269817.34 meters
[controller-2] [INFO] [1744588113.177473791] [drone_home1.controller]: Bearing: 262.53°
[controller-2] [INFO] [1744588113.179093554] [drone_home1.controller]: Going to [(29.639567, -82.361102)]: 9269817.34 meters
[controller-2] [INFO] [1744588113.277400334] [drone_home1.controller]: Bearing: 262.53°
[controller-2] [INFO] [1744588113.278950528] [drone_home1.controller]: Going to [(29.639567, -82.361102)]: 9269817.34 meters
[controller-2] [INFO] [1744588113.377299005] [drone_home1.controller]: Bearing: 262.53°
[controller-2] [INFO] [1744588113.379150290] [drone_home1.controller]: Going to [(29.639567, -82.361102)]: 9269817.34 meters
[controller-2] [INFO] [1744588113.477392302] [drone_home1.controller]: Bearing: 262.53°
[controller-2] [INFO] [1744588113.478930688] [drone_home1.controller]: Going to [(29.639567, -82.361102)]: 9269817.34 meters
[controller-2] [INFO] [1744588113.576651029] [drone_home1.controller]: Bearing: 262.53°
[controller-2] [INFO] [1744588113.577921412] [drone_home1.controller]: Going to [(29.639567, -82.361102)]: 9269817.34 meters
[controller-2] [INFO] [1744588113.677341837] [drone_home1.controller]: Bearing: 262.53°
[controller-2] [INFO] [1744588113.679186051] [drone_home1.controller]: Going to [(29.639567, -82.361102)]: 9269817.34 meters
[controller-2] [INFO] [1744588113.779292852] [drone_home1.controller]: Bearing: 262.53°
[controller-2] [INFO] [1744588113.781220298] [drone_home1.controller]: Going to [(29.639567, -82.361102)]: 9269817.34 meters
[controller-2] [INFO] [1744588113.877508527] [drone_home1.controller]: Bearing: 262.53°
[controller-2] [INFO] [1744588113.879090881] [drone_home1.controller]: Going to [(29.639567, -82.361102)]: 9269817.34 meters
[controller-2] [INFO] [1744588113.977468702] [drone_home1.controller]: Bearing: 262.53°
[controller-2] [INFO] [1744588113.979036593] [drone_home1.controller]: Going to [(29.639567, -82.361102)]: 9269817.34 meters
[controller-2] [INFO] [1744588114.077506832] [drone_home1.controller]: Bearing: 262.53°
[controller-2] [INFO] [1744588114.079056962] [drone_home1.controller]: Going to [(29.639567, -82.361102)]: 9269817.34 meters
[controller-2] [INFO] [1744588114.177919591] [drone_home1.controller]: Bearing: 262.53°
[controller-2] [INFO] [1744588114.179709916] [drone_home1.controller]: Going to [(29.639567, -82.361102)]: 9269817.34 meters
[controller-2] [INFO] [1744588114.277338483] [drone_home1.controller]: Bearing: 262.53°
[controller-2] [INFO] [1744588114.278851364] [drone_home1.controller]: Going to [(29.639567, -82.361102)]: 9269817.34 meters
[controller-2] [INFO] [1744588114.377492006] [drone_home1.controller]: Bearing: 262.53°
[controller-2] [INFO] [1744588114.379109177] [drone_home1.controller]: Going to [(29.639567, -82.361102)]: 9269817.34 meters
[controller-2] [INFO] [1744588114.477616314] [drone_home1.controller]: Bearing: 262.53°
[controller-2] [INFO] [1744588114.479536592] [drone_home1.controller]: Going to [(29.639567, -82.361102)]: 9269817.34 meters
[controller-2] [INFO] [1744588114.576638081] [drone_home1.controller]: Bearing: 262.53°
[controller-2] [INFO] [1744588114.577634444] [drone_home1.controller]: Going to [(29.639567, -82.361102)]: 9269817.34 meters
[controller-2] [INFO] [1744588114.676632307] [drone_home1.controller]: Bearing: 262.53°
[controller-2] [INFO] [1744588114.678792908] [drone_home1.controller]: Going to [(29.639567, -82.361102)]: 9269817.34 meters
[controller-2] [INFO] [1744588114.776674661] [drone_home1.controller]: Bearing: 262.53°
[controller-2] [INFO] [1744588114.777869875] [drone_home1.controller]: Going to [(29.639567, -82.361102)]: 9269817.34 meters
[controller-2] [INFO] [1744588114.878147977] [drone_home1.controller]: Bearing: 262.53°
[controller-2] [INFO] [1744588114.879681659] [drone_home1.controller]: Going to [(29.639567, -82.361102)]: 9269817.34 meters
[controller-2] [INFO] [1744588114.976716714] [drone_home1.controller]: Bearing: 262.53°
[controller-2] [INFO] [1744588114.977773270] [drone_home1.controller]: Going to [(29.639567, -82.361102)]: 9269817.34 meters
[controller-2] [INFO] [1744588115.076607932] [drone_home1.controller]: Bearing: 262.53°
[controller-2] [INFO] [1744588115.077692873] [drone_home1.controller]: Going to [(29.639567, -82.361102)]: 9269817.34 meters
[controller-2] [INFO] [1744588115.177233688] [drone_home1.controller]: Bearing: 262.53°
[controller-2] [INFO] [1744588115.178185539] [drone_home1.controller]: Going to [(29.639567, -82.361102)]: 9269817.34 meters
[controller-2] [INFO] [1744588115.277696433] [drone_home1.controller]: Bearing: 262.53°
[controller-2] [INFO] [1744588115.278623996] [drone_home1.controller]: Going to [(29.639567, -82.361102)]: 9269817.34 meters
[controller-2] [INFO] [1744588115.377716326] [drone_home1.controller]: Bearing: 262.53°
[controller-2] [INFO] [1744588115.379695357] [drone_home1.controller]: Going to [(29.639567, -82.361102)]: 9269817.34 meters
[controller-2] [INFO] [1744588115.476928497] [drone_home1.controller]: Bearing: 262.53°
[controller-2] [INFO] [1744588115.477997213] [drone_home1.controller]: Going to [(29.639567, -82.361102)]: 9269817.34 meters
[controller-2] [INFO] [1744588115.577470507] [drone_home1.controller]: Bearing: 262.53°
[controller-2] [INFO] [1744588115.578397142] [drone_home1.controller]: Going to [(29.639567, -82.361102)]: 9269817.34 meters
[controller-2] [INFO] [1744588115.676896377] [drone_home1.controller]: Bearing: 262.53°
[controller-2] [INFO] [1744588115.678275177] [drone_home1.controller]: Going to [(29.639567, -82.361102)]: 9269817.34 meters
[controller-2] [INFO] [1744588115.776510089] [drone_home1.controller]: Bearing: 262.53°
[controller-2] [INFO] [1744588115.777506708] [drone_home1.controller]: Going to [(29.639567, -82.361102)]: 9269817.34 meters
[controller-2] [INFO] [1744588115.877537417] [drone_home1.controller]: Bearing: 262.53°
[controller-2] [INFO] [1744588115.878428243] [drone_home1.controller]: Going to [(29.639567, -82.361102)]: 9269817.34 meters
[controller-2] [INFO] [1744588115.977830689] [drone_home1.controller]: Bearing: 262.53°
[controller-2] [INFO] [1744588115.978733355] [drone_home1.controller]: Going to [(29.639567, -82.361102)]: 9269817.34 meters
[controller-2] [INFO] [1744588116.077301136] [drone_home1.controller]: Bearing: 262.53°
[controller-2] [INFO] [1744588116.079251047] [drone_home1.controller]: Going to [(29.639567, -82.361102)]: 9269817.34 meters
[controller-2] [INFO] [1744588116.177295302] [drone_home1.controller]: Bearing: 262.53°
[controller-2] [INFO] [1744588116.178205649] [drone_home1.controller]: Going to [(29.639567, -82.361102)]: 9269817.34 meters
[controller-2] [INFO] [1744588116.277149883] [drone_home1.controller]: Bearing: 262.53°
[controller-2] [INFO] [1744588116.278008389] [drone_home1.controller]: Going to [(29.639567, -82.361102)]: 9269817.34 meters
[controller-2] [INFO] [1744588116.377144497] [drone_home1.controller]: Bearing: 262.53°
[controller-2] [INFO] [1744588116.378037980] [drone_home1.controller]: Going to [(29.639567, -82.361102)]: 9269817.34 meters
[controller-2] [INFO] [1744588116.477336586] [drone_home1.controller]: Bearing: 262.53°
[controller-2] [INFO] [1744588116.478846363] [drone_home1.controller]: Going to [(29.639567, -82.361102)]: 9269817.34 meters
[controller-2] [INFO] [1744588116.577336608] [drone_home1.controller]: Bearing: 262.53°
[controller-2] [INFO] [1744588116.579039860] [drone_home1.controller]: Going to [(29.639567, -82.361102)]: 9269817.34 meters
[controller-2] [INFO] [1744588116.677571545] [drone_home1.controller]: Bearing: 262.53°
[controller-2] [INFO] [1744588116.679169580] [drone_home1.controller]: Going to [(29.639567, -82.361102)]: 9269817.34 meters
[controller-2] [INFO] [1744588116.777656752] [drone_home1.controller]: Bearing: 262.53°
[controller-2] [INFO] [1744588116.779626823] [drone_home1.controller]: Going to [(29.639567, -82.361102)]: 9269817.34 meters
[controller-2] [INFO] [1744588116.877511205] [drone_home1.controller]: Bearing: 262.53°
[controller-2] [INFO] [1744588116.879070103] [drone_home1.controller]: Going to [(29.639567, -82.361102)]: 9269817.34 meters
[controller-2] [INFO] [1744588116.977597244] [drone_home1.controller]: Bearing: 262.53°
[controller-2] [INFO] [1744588116.979136846] [drone_home1.controller]: Going to [(29.639567, -82.361102)]: 9269817.34 meters
[controller-2] [INFO] [1744588117.078791874] [drone_home1.controller]: Bearing: 262.53°
[controller-2] [INFO] [1744588117.080791034] [drone_home1.controller]: Going to [(29.639567, -82.361102)]: 9269817.34 meters
[controller-2] [INFO] [1744588117.176722210] [drone_home1.controller]: Bearing: 262.53°
[controller-2] [INFO] [1744588117.177794383] [drone_home1.controller]: Going to [(29.639567, -82.361102)]: 9269817.34 meters
[controller-2] [INFO] [1744588117.276625401] [drone_home1.controller]: Bearing: 262.53°
[controller-2] [INFO] [1744588117.278660913] [drone_home1.controller]: Going to [(29.639567, -82.361102)]: 9269817.34 meters
[controller-2] [INFO] [1744588117.376584881] [drone_home1.controller]: Bearing: 262.53°
[controller-2] [INFO] [1744588117.377606589] [drone_home1.controller]: Going to [(29.639567, -82.361102)]: 9269817.34 meters
[controller-2] [INFO] [1744588117.476558537] [drone_home1.controller]: Bearing: 262.53°
[controller-2] [INFO] [1744588117.477695830] [drone_home1.controller]: Going to [(29.639567, -82.361102)]: 9269817.34 meters
[controller-2] [INFO] [1744588117.576599842] [drone_home1.controller]: Bearing: 262.53°
[controller-2] [INFO] [1744588117.577866929] [drone_home1.controller]: Going to [(29.639567, -82.361102)]: 9269817.34 meters
[controller-2] [INFO] [1744588117.676531705] [drone_home1.controller]: Bearing: 262.53°
[controller-2] [INFO] [1744588117.677427588] [drone_home1.controller]: Going to [(29.639567, -82.361102)]: 9269817.34 meters
[controller-2] [INFO] [1744588117.777630719] [drone_home1.controller]: Bearing: 262.53°
[controller-2] [INFO] [1744588117.779451060] [drone_home1.controller]: Going to [(29.639567, -82.361102)]: 9269817.34 meters
[controller-2] [INFO] [1744588117.877555862] [drone_home1.controller]: Bearing: 262.53°
[controller-2] [INFO] [1744588117.879124105] [drone_home1.controller]: Going to [(29.639567, -82.361102)]: 9269817.34 meters
[controller-2] [INFO] [1744588117.977031496] [drone_home1.controller]: Bearing: 262.53°
[controller-2] [INFO] [1744588117.978112373] [drone_home1.controller]: Going to [(29.639567, -82.361102)]: 9269817.34 meters
[controller-2] [INFO] [1744588118.077736299] [drone_home1.controller]: Bearing: 262.53°
[controller-2] [INFO] [1744588118.078692086] [drone_home1.controller]: Going to [(29.639567, -82.361102)]: 9269817.34 meters
[controller-2] [INFO] [1744588118.177623972] [drone_home1.controller]: Bearing: 262.53°
[controller-2] [INFO] [1744588118.179165942] [drone_home1.controller]: Going to [(29.639567, -82.361102)]: 9269817.34 meters
[controller-2] [INFO] [1744588118.276654354] [drone_home1.controller]: Bearing: 262.53°
[controller-2] [INFO] [1744588118.277713951] [drone_home1.controller]: Going to [(29.639567, -82.361102)]: 9269817.34 meters
[controller-2] [INFO] [1744588118.376909936] [drone_home1.controller]: Bearing: 262.53°
[controller-2] [INFO] [1744588118.378575011] [drone_home1.controller]: Going to [(29.639567, -82.361102)]: 9269817.34 meters
[controller-2] [INFO] [1744588118.477518513] [drone_home1.controller]: Bearing: 262.53°
[controller-2] [INFO] [1744588118.478404316] [drone_home1.controller]: Going to [(29.639567, -82.361102)]: 9269817.34 meters
[controller-2] [INFO] [1744588118.576934437] [drone_home1.controller]: Bearing: 262.53°
[controller-2] [INFO] [1744588118.580090954] [drone_home1.controller]: Going to [(29.639567, -82.361102)]: 9269817.34 meters
[controller-2] [INFO] [1744588118.677358532] [drone_home1.controller]: Bearing: 262.53°
[controller-2] [INFO] [1744588118.678295183] [drone_home1.controller]: Going to [(29.639567, -82.361102)]: 9269817.34 meters
[controller-2] [INFO] [1744588118.777428511] [drone_home1.controller]: Bearing: 262.53°
[controller-2] [INFO] [1744588118.778333258] [drone_home1.controller]: Going to [(29.639567, -82.361102)]: 9269817.34 meters
[controller-2] [INFO] [1744588118.879479250] [drone_home1.controller]: Bearing: 262.53°
[controller-2] [INFO] [1744588118.881365672] [drone_home1.controller]: Going to [(29.639567, -82.361102)]: 9269817.34 meters
[controller-2] [INFO] [1744588118.977539541] [drone_home1.controller]: Bearing: 262.53°
[controller-2] [INFO] [1744588118.979452044] [drone_home1.controller]: Going to [(29.639567, -82.361102)]: 9269817.34 meters
[controller-2] [INFO] [1744588119.077542929] [drone_home1.controller]: Bearing: 262.53°
[controller-2] [INFO] [1744588119.079080707] [drone_home1.controller]: Going to [(29.639567, -82.361102)]: 9269817.34 meters
[controller-2] [INFO] [1744588119.177553230] [drone_home1.controller]: Bearing: 262.53°
[controller-2] [INFO] [1744588119.179098784] [drone_home1.controller]: Going to [(29.639567, -82.361102)]: 9269817.34 meters
[controller-2] [INFO] [1744588119.277378312] [drone_home1.controller]: Bearing: 262.53°
[controller-2] [INFO] [1744588119.279067836] [drone_home1.controller]: Going to [(29.639567, -82.361102)]: 9269817.34 meters
[controller-2] [INFO] [1744588119.378258127] [drone_home1.controller]: Bearing: 262.53°
[controller-2] [INFO] [1744588119.379814945] [drone_home1.controller]: Going to [(29.639567, -82.361102)]: 9269817.34 meters
[controller-2] [INFO] [1744588119.476796346] [drone_home1.controller]: Bearing: 262.53°
[controller-2] [INFO] [1744588119.477953159] [drone_home1.controller]: Going to [(29.639567, -82.361102)]: 9269817.34 meters
[controller-2] [INFO] [1744588119.576730165] [drone_home1.controller]: Bearing: 262.53°
[controller-2] [INFO] [1744588119.578693709] [drone_home1.controller]: Going to [(29.639567, -82.361102)]: 9269817.34 meters
[controller-2] [INFO] [1744588119.676840275] [drone_home1.controller]: Bearing: 262.53°
[controller-2] [INFO] [1744588119.677874655] [drone_home1.controller]: Going to [(29.639567, -82.361102)]: 9269817.34 meters
[controller-2] [INFO] [1744588119.776719886] [drone_home1.controller]: Bearing: 262.53°
[controller-2] [INFO] [1744588119.777782811] [drone_home1.controller]: Going to [(29.639567, -82.361102)]: 9269817.34 meters
[controller-2] [INFO] [1744588119.877231728] [drone_home1.controller]: Bearing: 262.53°
[controller-2] [INFO] [1744588119.878157595] [drone_home1.controller]: Going to [(29.639567, -82.361102)]: 9269817.34 meters
[controller-2] [INFO] [1744588119.976826408] [drone_home1.controller]: Bearing: 262.53°
[controller-2] [INFO] [1744588119.977987318] [drone_home1.controller]: Going to [(29.639567, -82.361102)]: 9269817.34 meters
[controller-2] [INFO] [1744588120.077537134] [drone_home1.controller]: Bearing: 262.53°
[controller-2] [INFO] [1744588120.078579194] [drone_home1.controller]: Going to [(29.639567, -82.361102)]: 9269817.34 meters
[controller-2] [INFO] [1744588120.176567201] [drone_home1.controller]: Bearing: 262.53°
[controller-2] [INFO] [1744588120.177616717] [drone_home1.controller]: Going to [(29.639567, -82.361102)]: 9269817.34 meters
[controller-2] [INFO] [1744588120.277380905] [drone_home1.controller]: Bearing: 262.53°
[controller-2] [INFO] [1744588120.279045916] [drone_home1.controller]: Going to [(29.639567, -82.361102)]: 9269817.34 meters
[controller-2] [INFO] [1744588120.377366791] [drone_home1.controller]: Bearing: 262.53°
[controller-2] [INFO] [1744588120.379049179] [drone_home1.controller]: Going to [(29.639567, -82.361102)]: 9269817.34 meters
[controller-2] [INFO] [1744588120.477392998] [drone_home1.controller]: Bearing: 262.53°
[controller-2] [INFO] [1744588120.478923704] [drone_home1.controller]: Going to [(29.639567, -82.361102)]: 9269817.34 meters
[controller-2] [INFO] [1744588120.577492997] [drone_home1.controller]: Bearing: 262.53°
[controller-2] [INFO] [1744588120.579059896] [drone_home1.controller]: Going to [(29.639567, -82.361102)]: 9269817.34 meters
[controller-2] [INFO] [1744588120.677421986] [drone_home1.controller]: Bearing: 262.53°
[controller-2] [INFO] [1744588120.678994325] [drone_home1.controller]: Going to [(29.639567, -82.361102)]: 9269817.34 meters
[controller-2] [INFO] [1744588120.777457153] [drone_home1.controller]: Bearing: 262.53°
[controller-2] [INFO] [1744588120.779017332] [drone_home1.controller]: Going to [(29.639567, -82.361102)]: 9269817.34 meters
[controller-2] [INFO] [1744588120.877537792] [drone_home1.controller]: Bearing: 262.53°
[controller-2] [INFO] [1744588120.879064435] [drone_home1.controller]: Going to [(29.639567, -82.361102)]: 9269817.34 meters
[controller-2] [INFO] [1744588120.976698133] [drone_home1.controller]: Bearing: 262.53°
[controller-2] [INFO] [1744588120.977774978] [drone_home1.controller]: Going to [(29.639567, -82.361102)]: 9269817.34 meters
[controller-2] [INFO] [1744588121.076830838] [drone_home1.controller]: Bearing: 262.53°
[controller-2] [INFO] [1744588121.078699404] [drone_home1.controller]: Going to [(29.639567, -82.361102)]: 9269817.34 meters
[controller-2] [INFO] [1744588121.177442750] [drone_home1.controller]: Bearing: 262.53°
[controller-2] [INFO] [1744588121.178972656] [drone_home1.controller]: Going to [(29.639567, -82.361102)]: 9269817.34 meters
[controller-2] [INFO] [1744588121.277728705] [drone_home1.controller]: Bearing: 262.53°
[controller-2] [INFO] [1744588121.279748089] [drone_home1.controller]: Going to [(29.639567, -82.361102)]: 9269817.34 meters
[controller-2] [INFO] [1744588121.377850275] [drone_home1.controller]: Bearing: 262.53°
[controller-2] [INFO] [1744588121.381391981] [drone_home1.controller]: Going to [(29.639567, -82.361102)]: 9269817.34 meters
[controller-2] [INFO] [1744588121.477377053] [drone_home1.controller]: Bearing: 262.53°
[controller-2] [INFO] [1744588121.478981616] [drone_home1.controller]: Going to [(29.639567, -82.361102)]: 9269817.34 meters
[controller-2] [INFO] [1744588121.577969957] [drone_home1.controller]: Bearing: 262.53°
[controller-2] [INFO] [1744588121.580341985] [drone_home1.controller]: Going to [(29.639567, -82.361102)]: 9269817.34 meters
[controller-2] [INFO] [1744588121.679250452] [drone_home1.controller]: Bearing: 262.53°
[controller-2] [INFO] [1744588121.680905512] [drone_home1.controller]: Going to [(29.639567, -82.361102)]: 9269817.34 meters
[controller-2] [INFO] [1744588121.776642389] [drone_home1.controller]: Bearing: 262.53°
[controller-2] [INFO] [1744588121.777919973] [drone_home1.controller]: Going to [(29.639567, -82.361102)]: 9269817.34 meters
[controller-2] [INFO] [1744588121.877458495] [drone_home1.controller]: Bearing: 262.53°
[controller-2] [INFO] [1744588121.879163796] [drone_home1.controller]: Going to [(29.639567, -82.361102)]: 9269817.34 meters
[controller-2] [INFO] [1744588121.978261193] [drone_home1.controller]: Bearing: 262.53°
[controller-2] [INFO] [1744588121.979330966] [drone_home1.controller]: Going to [(29.639567, -82.361102)]: 9269817.34 meters
[controller-2] [INFO] [1744588122.076662232] [drone_home1.controller]: Bearing: 262.53°
[controller-2] [INFO] [1744588122.077800485] [drone_home1.controller]: Going to [(29.639567, -82.361102)]: 9269817.34 meters
[controller-2] [INFO] [1744588122.176641434] [drone_home1.controller]: Bearing: 262.53°
[controller-2] [INFO] [1744588122.177621061] [drone_home1.controller]: Going to [(29.639567, -82.361102)]: 9269817.34 meters
[controller-2] [INFO] [1744588122.277213666] [drone_home1.controller]: Bearing: 262.53°
[controller-2] [INFO] [1744588122.278145005] [drone_home1.controller]: Going to [(29.639567, -82.361102)]: 9269817.34 meters
[controller-2] [INFO] [1744588122.377178212] [drone_home1.controller]: Bearing: 262.53°
[controller-2] [INFO] [1744588122.378058191] [drone_home1.controller]: Going to [(29.639567, -82.361102)]: 9269817.34 meters
[controller-2] [INFO] [1744588122.478199250] [drone_home1.controller]: Bearing: 262.53°
[controller-2] [INFO] [1744588122.479343392] [drone_home1.controller]: Going to [(29.639567, -82.361102)]: 9269817.34 meters
[controller-2] [INFO] [1744588122.577161800] [drone_home1.controller]: Bearing: 262.53°
[controller-2] [INFO] [1744588122.580028778] [drone_home1.controller]: Going to [(29.639567, -82.361102)]: 9269817.34 meters
[controller-2] [INFO] [1744588122.677171498] [drone_home1.controller]: Bearing: 262.53°
[controller-2] [INFO] [1744588122.678033045] [drone_home1.controller]: Going to [(29.639567, -82.361102)]: 9269817.34 meters
[controller-2] [INFO] [1744588122.777494896] [drone_home1.controller]: Bearing: 262.53°
[controller-2] [INFO] [1744588122.778372219] [drone_home1.controller]: Going to [(29.639567, -82.361102)]: 9269817.34 meters
[controller-2] [INFO] [1744588122.876855211] [drone_home1.controller]: Bearing: 262.53°
[controller-2] [INFO] [1744588122.880854938] [drone_home1.controller]: Going to [(29.639567, -82.361102)]: 9269817.34 meters
[controller-2] [INFO] [1744588122.976669899] [drone_home1.controller]: Bearing: 262.53°
[controller-2] [INFO] [1744588122.979436748] [drone_home1.controller]: Going to [(29.639567, -82.361102)]: 9269817.34 meters
[controller-2] [INFO] [1744588123.076837520] [drone_home1.controller]: Bearing: 262.53°
[controller-2] [INFO] [1744588123.078207201] [drone_home1.controller]: Going to [(29.639567, -82.361102)]: 9269817.34 meters
[controller-2] [INFO] [1744588123.176760659] [drone_home1.controller]: Bearing: 262.53°
[controller-2] [INFO] [1744588123.177926305] [drone_home1.controller]: Going to [(29.639567, -82.361102)]: 9269817.34 meters
[controller-2] [INFO] [1744588123.276937913] [drone_home1.controller]: Bearing: 262.53°
[controller-2] [INFO] [1744588123.279934525] [drone_home1.controller]: Going to [(29.639567, -82.361102)]: 9269817.34 meters
[controller-2] [INFO] [1744588123.376529305] [drone_home1.controller]: Bearing: 262.53°
[controller-2] [INFO] [1744588123.377719175] [drone_home1.controller]: Going to [(29.639567, -82.361102)]: 9269817.34 meters
[controller-2] [INFO] [1744588123.476532381] [drone_home1.controller]: Bearing: 262.53°
[controller-2] [INFO] [1744588123.477548457] [drone_home1.controller]: Going to [(29.639567, -82.361102)]: 9269817.34 meters
[controller-2] [INFO] [1744588123.577366090] [drone_home1.controller]: Bearing: 262.53°
[controller-2] [INFO] [1744588123.579011390] [drone_home1.controller]: Going to [(29.639567, -82.361102)]: 9269817.34 meters
[controller-2] [INFO] [1744588123.677696818] [drone_home1.controller]: Bearing: 262.53°
[controller-2] [INFO] [1744588123.680109135] [drone_home1.controller]: Going to [(29.639567, -82.361102)]: 9269817.34 meters
[controller-2] [INFO] [1744588123.777328786] [drone_home1.controller]: Bearing: 262.53°
[controller-2] [INFO] [1744588123.779274665] [drone_home1.controller]: Going to [(29.639567, -82.361102)]: 9269817.34 meters
[controller-2] [INFO] [1744588123.876614509] [drone_home1.controller]: Bearing: 262.53°
[controller-2] [INFO] [1744588123.878117663] [drone_home1.controller]: Going to [(29.639567, -82.361102)]: 9269817.34 meters
[controller-2] [INFO] [1744588123.976649554] [drone_home1.controller]: Bearing: 262.53°
[controller-2] [INFO] [1744588123.978288773] [drone_home1.controller]: Going to [(29.639567, -82.361102)]: 9269817.34 meters
[controller-2] [INFO] [1744588124.076515190] [drone_home1.controller]: Bearing: 262.53°
[controller-2] [INFO] [1744588124.077486017] [drone_home1.controller]: Going to [(29.639567, -82.361102)]: 9269817.34 meters
[controller-2] [INFO] [1744588124.176885888] [drone_home1.controller]: Bearing: 262.53°
[controller-2] [INFO] [1744588124.178140303] [drone_home1.controller]: Going to [(29.639567, -82.361102)]: 9269817.34 meters
[controller-2] [INFO] [1744588124.277806321] [drone_home1.controller]: Bearing: 262.53°
[controller-2] [INFO] [1744588124.278772156] [drone_home1.controller]: Going to [(29.639567, -82.361102)]: 9269817.34 meters
[controller-2] [INFO] [1744588124.376936236] [drone_home1.controller]: Bearing: 262.53°
[controller-2] [INFO] [1744588124.378051001] [drone_home1.controller]: Going to [(29.639567, -82.361102)]: 9269817.34 meters
[controller-2] [INFO] [1744588124.476645870] [drone_home1.controller]: Bearing: 262.53°
[controller-2] [INFO] [1744588124.479351311] [drone_home1.controller]: Going to [(29.639567, -82.361102)]: 9269817.34 meters
[controller-2] [INFO] [1744588124.576798710] [drone_home1.controller]: Bearing: 262.53°
[controller-2] [INFO] [1744588124.579803578] [drone_home1.controller]: Going to [(29.639567, -82.361102)]: 9269817.34 meters
[controller-2] [INFO] [1744588124.676775420] [drone_home1.controller]: Bearing: 262.53°
[controller-2] [INFO] [1744588124.677801480] [drone_home1.controller]: Going to [(29.639567, -82.361102)]: 9269817.34 meters
[controller-2] [INFO] [1744588124.776764705] [drone_home1.controller]: Bearing: 262.53°
[controller-2] [INFO] [1744588124.777780653] [drone_home1.controller]: Going to [(29.639567, -82.361102)]: 9269817.34 meters
[controller-2] [INFO] [1744588124.876742343] [drone_home1.controller]: Bearing: 262.53°
[controller-2] [INFO] [1744588124.878144311] [drone_home1.controller]: Going to [(29.639567, -82.361102)]: 9269817.34 meters
[controller-2] [INFO] [1744588124.976638763] [drone_home1.controller]: Bearing: 262.53°
[controller-2] [INFO] [1744588124.977613143] [drone_home1.controller]: Going to [(29.639567, -82.361102)]: 9269817.34 meters
[controller-2] [INFO] [1744588125.077995139] [drone_home1.controller]: Bearing: 262.53°
[controller-2] [INFO] [1744588125.080550497] [drone_home1.controller]: Going to [(29.639567, -82.361102)]: 9269817.34 meters
[controller-2] [INFO] [1744588125.177409795] [drone_home1.controller]: Bearing: 262.53°
[controller-2] [INFO] [1744588125.178947606] [drone_home1.controller]: Going to [(29.639567, -82.361102)]: 9269817.34 meters
[controller-2] [INFO] [1744588125.277419115] [drone_home1.controller]: Bearing: 262.53°
[controller-2] [INFO] [1744588125.279918729] [drone_home1.controller]: Going to [(29.639567, -82.361102)]: 9269817.34 meters
[controller-2] [INFO] [1744588125.377419475] [drone_home1.controller]: Bearing: 262.53°
[controller-2] [INFO] [1744588125.378970693] [drone_home1.controller]: Going to [(29.639567, -82.361102)]: 9269817.34 meters
[controller-2] [INFO] [1744588125.477423962] [drone_home1.controller]: Bearing: 262.53°
[controller-2] [INFO] [1744588125.479560052] [drone_home1.controller]: Going to [(29.639567, -82.361102)]: 9269817.34 meters
[controller-2] [INFO] [1744588125.576554808] [drone_home1.controller]: Bearing: 262.53°
[controller-2] [INFO] [1744588125.577908584] [drone_home1.controller]: Going to [(29.639567, -82.361102)]: 9269817.34 meters
[controller-2] [INFO] [1744588125.677495434] [drone_home1.controller]: Bearing: 262.53°
[controller-2] [INFO] [1744588125.678474102] [drone_home1.controller]: Going to [(29.639567, -82.361102)]: 9269817.34 meters
[controller-2] [INFO] [1744588125.777222255] [drone_home1.controller]: Bearing: 262.53°
[controller-2] [INFO] [1744588125.778101497] [drone_home1.controller]: Going to [(29.639567, -82.361102)]: 9269817.34 meters
[controller-2] [INFO] [1744588125.876743793] [drone_home1.controller]: Bearing: 262.53°
[controller-2] [INFO] [1744588125.878107969] [drone_home1.controller]: Going to [(29.639567, -82.361102)]: 9269817.34 meters
[controller-2] [INFO] [1744588125.976540086] [drone_home1.controller]: Bearing: 262.53°
[controller-2] [INFO] [1744588125.977872198] [drone_home1.controller]: Going to [(29.639567, -82.361102)]: 9269817.34 meters
[controller-2] [INFO] [1744588126.077301704] [drone_home1.controller]: Bearing: 262.53°
[controller-2] [INFO] [1744588126.079828102] [drone_home1.controller]: Going to [(29.639567, -82.361102)]: 9269817.34 meters
[controller-2] [INFO] [1744588126.177594645] [drone_home1.controller]: Bearing: 262.53°
[controller-2] [INFO] [1744588126.179167624] [drone_home1.controller]: Going to [(29.639567, -82.361102)]: 9269817.34 meters
[controller-2] [INFO] [1744588126.277590526] [drone_home1.controller]: Bearing: 262.53°
[controller-2] [INFO] [1744588126.279315699] [drone_home1.controller]: Going to [(29.639567, -82.361102)]: 9269817.34 meters
[controller-2] [INFO] [1744588126.377461798] [drone_home1.controller]: Bearing: 262.53°
[controller-2] [INFO] [1744588126.379017849] [drone_home1.controller]: Going to [(29.639567, -82.361102)]: 9269817.34 meters
[controller-2] [INFO] [1744588126.477443727] [drone_home1.controller]: Bearing: 262.53°
[controller-2] [INFO] [1744588126.479035458] [drone_home1.controller]: Going to [(29.639567, -82.361102)]: 9269817.34 meters
[controller-2] [INFO] [1744588126.577524122] [drone_home1.controller]: Bearing: 262.53°
[controller-2] [INFO] [1744588126.579149581] [drone_home1.controller]: Going to [(29.639567, -82.361102)]: 9269817.34 meters
[controller-2] [INFO] [1744588126.677403778] [drone_home1.controller]: Bearing: 262.53°
[controller-2] [INFO] [1744588126.679587548] [drone_home1.controller]: Going to [(29.639567, -82.361102)]: 9269817.34 meters
[controller-2] [INFO] [1744588126.777691310] [drone_home1.controller]: Bearing: 262.53°
[controller-2] [INFO] [1744588126.779495556] [drone_home1.controller]: Going to [(29.639567, -82.361102)]: 9269817.34 meters
[controller-2] [INFO] [1744588126.878278623] [drone_home1.controller]: Bearing: 262.53°
[controller-2] [INFO] [1744588126.879294187] [drone_home1.controller]: Going to [(29.639567, -82.361102)]: 9269817.34 meters
[controller-2] [INFO] [1744588126.978149927] [drone_home1.controller]: Bearing: 262.53°
[controller-2] [INFO] [1744588126.980146046] [drone_home1.controller]: Going to [(29.639567, -82.361102)]: 9269817.34 meters
[controller-2] [INFO] [1744588127.077547754] [drone_home1.controller]: Bearing: 262.53°
[controller-2] [INFO] [1744588127.080242730] [drone_home1.controller]: Going to [(29.639567, -82.361102)]: 9269817.34 meters
[controller-2] [INFO] [1744588127.177407284] [drone_home1.controller]: Bearing: 262.53°
[controller-2] [INFO] [1744588127.179432236] [drone_home1.controller]: Going to [(29.639567, -82.361102)]: 9269817.34 meters
[controller-2] [INFO] [1744588127.276462195] [drone_home1.controller]: Bearing: 262.53°
[controller-2] [INFO] [1744588127.277536480] [drone_home1.controller]: Going to [(29.639567, -82.361102)]: 9269817.34 meters
[controller-2] [INFO] [1744588127.376536383] [drone_home1.controller]: Bearing: 262.53°
[controller-2] [INFO] [1744588127.377784334] [drone_home1.controller]: Going to [(29.639567, -82.361102)]: 9269817.34 meters
[controller-2] [INFO] [1744588127.476444554] [drone_home1.controller]: Bearing: 262.53°
[controller-2] [INFO] [1744588127.477674200] [drone_home1.controller]: Going to [(29.639567, -82.361102)]: 9269817.34 meters
[controller-2] [INFO] [1744588127.576573206] [drone_home1.controller]: Bearing: 262.53°
[controller-2] [INFO] [1744588127.578211370] [drone_home1.controller]: Going to [(29.639567, -82.361102)]: 9269817.34 meters
[controller-2] [INFO] [1744588127.676761604] [drone_home1.controller]: Bearing: 262.53°
[controller-2] [INFO] [1744588127.678340246] [drone_home1.controller]: Going to [(29.639567, -82.361102)]: 9269817.34 meters
[controller-2] [INFO] [1744588127.776935537] [drone_home1.controller]: Bearing: 262.53°
[controller-2] [INFO] [1744588127.777974429] [drone_home1.controller]: Going to [(29.639567, -82.361102)]: 9269817.34 meters
[controller-2] [INFO] [1744588127.877282240] [drone_home1.controller]: Bearing: 262.53°
[controller-2] [INFO] [1744588127.878470094] [drone_home1.controller]: Going to [(29.639567, -82.361102)]: 9269817.34 meters
[controller-2] [INFO] [1744588127.976722053] [drone_home1.controller]: Bearing: 262.53°
[controller-2] [INFO] [1744588127.977746545] [drone_home1.controller]: Going to [(29.639567, -82.361102)]: 9269817.34 meters
[controller-2] [INFO] [1744588128.076789298] [drone_home1.controller]: Bearing: 262.53°
[controller-2] [INFO] [1744588128.077951104] [drone_home1.controller]: Going to [(29.639567, -82.361102)]: 9269817.34 meters
[controller-2] [INFO] [1744588128.179672641] [drone_home1.controller]: Bearing: 262.53°
[controller-2] [INFO] [1744588128.181519191] [drone_home1.controller]: Going to [(29.639567, -82.361102)]: 9269817.34 meters
[controller-2] [INFO] [1744588128.277431443] [drone_home1.controller]: Bearing: 262.53°
[controller-2] [INFO] [1744588128.279015942] [drone_home1.controller]: Going to [(29.639567, -82.361102)]: 9269817.34 meters
[controller-2] [INFO] [1744588128.377364959] [drone_home1.controller]: Bearing: 262.53°
[controller-2] [INFO] [1744588128.378914482] [drone_home1.controller]: Going to [(29.639567, -82.361102)]: 9269817.34 meters
[controller-2] [INFO] [1744588128.477769137] [drone_home1.controller]: Bearing: 262.53°
[controller-2] [INFO] [1744588128.479881738] [drone_home1.controller]: Going to [(29.639567, -82.361102)]: 9269817.34 meters
[controller-2] [INFO] [1744588128.577446778] [drone_home1.controller]: Bearing: 262.53°
[controller-2] [INFO] [1744588128.579009453] [drone_home1.controller]: Going to [(29.639567, -82.361102)]: 9269817.34 meters
[controller-2] [INFO] [1744588128.676657597] [drone_home1.controller]: Bearing: 262.53°
[controller-2] [INFO] [1744588128.678175920] [drone_home1.controller]: Going to [(29.639567, -82.361102)]: 9269817.34 meters
[controller-2] [INFO] [1744588128.777203185] [drone_home1.controller]: Bearing: 262.53°
[controller-2] [INFO] [1744588128.778082651] [drone_home1.controller]: Going to [(29.639567, -82.361102)]: 9269817.34 meters
[controller-2] [INFO] [1744588128.876459317] [drone_home1.controller]: Bearing: 262.53°
[controller-2] [INFO] [1744588128.877437217] [drone_home1.controller]: Going to [(29.639567, -82.361102)]: 9269817.34 meters
[controller-2] [INFO] [1744588128.978277847] [drone_home1.controller]: Bearing: 262.53°
[controller-2] [INFO] [1744588128.980035340] [drone_home1.controller]: Going to [(29.639567, -82.361102)]: 9269817.34 meters
[controller-2] [INFO] [1744588129.078434695] [drone_home1.controller]: Bearing: 262.53°
[controller-2] [INFO] [1744588129.083123712] [drone_home1.controller]: Going to [(29.639567, -82.361102)]: 9269817.34 meters
[controller-2] [INFO] [1744588129.176599840] [drone_home1.controller]: Bearing: 262.53°
[controller-2] [INFO] [1744588129.177969904] [drone_home1.controller]: Going to [(29.639567, -82.361102)]: 9269817.34 meters
[controller-2] [INFO] [1744588129.276654735] [drone_home1.controller]: Bearing: 262.53°
[controller-2] [INFO] [1744588129.278155393] [drone_home1.controller]: Going to [(29.639567, -82.361102)]: 9269817.34 meters
[controller-2] [INFO] [1744588129.376523484] [drone_home1.controller]: Bearing: 262.53°
[controller-2] [INFO] [1744588129.377571433] [drone_home1.controller]: Going to [(29.639567, -82.361102)]: 9269817.34 meters
[controller-2] [INFO] [1744588129.476692525] [drone_home1.controller]: Bearing: 262.53°
[controller-2] [INFO] [1744588129.477766202] [drone_home1.controller]: Going to [(29.639567, -82.361102)]: 9269817.34 meters
[controller-2] [INFO] [1744588129.577501349] [drone_home1.controller]: Bearing: 262.53°
[controller-2] [INFO] [1744588129.579048472] [drone_home1.controller]: Going to [(29.639567, -82.361102)]: 9269817.34 meters
[controller-2] [INFO] [1744588129.678326686] [drone_home1.controller]: Bearing: 262.53°
[controller-2] [INFO] [1744588129.679890896] [drone_home1.controller]: Going to [(29.639567, -82.361102)]: 9269817.34 meters
[controller-2] [INFO] [1744588129.777426881] [drone_home1.controller]: Bearing: 262.53°
[controller-2] [INFO] [1744588129.778945012] [drone_home1.controller]: Going to [(29.639567, -82.361102)]: 9269817.34 meters
[controller-2] [INFO] [1744588129.876576198] [drone_home1.controller]: Bearing: 262.53°
[controller-2] [INFO] [1744588129.878410908] [drone_home1.controller]: Going to [(29.639567, -82.361102)]: 9269817.34 meters
[controller-2] [INFO] [1744588129.978014182] [drone_home1.controller]: Bearing: 262.53°
[controller-2] [INFO] [1744588129.979860604] [drone_home1.controller]: Going to [(29.639567, -82.361102)]: 9269817.34 meters
[controller-2] [INFO] [1744588130.077612016] [drone_home1.controller]: Bearing: 262.53°
[controller-2] [INFO] [1744588130.079215972] [drone_home1.controller]: Going to [(29.639567, -82.361102)]: 9269817.34 meters
[controller-2] [INFO] [1744588130.177448383] [drone_home1.controller]: Bearing: 262.53°
[controller-2] [INFO] [1744588130.179184468] [drone_home1.controller]: Going to [(29.639567, -82.361102)]: 9269817.34 meters
[controller-2] [INFO] [1744588130.277403790] [drone_home1.controller]: Bearing: 262.53°
[controller-2] [INFO] [1744588130.279100419] [drone_home1.controller]: Going to [(29.639567, -82.361102)]: 9269817.34 meters
[controller-2] [INFO] [1744588130.377364798] [drone_home1.controller]: Bearing: 262.53°
[controller-2] [INFO] [1744588130.379296277] [drone_home1.controller]: Going to [(29.639567, -82.361102)]: 9269817.34 meters
[controller-2] [INFO] [1744588130.477314094] [drone_home1.controller]: Bearing: 262.53°
[controller-2] [INFO] [1744588130.478874369] [drone_home1.controller]: Going to [(29.639567, -82.361102)]: 9269817.34 meters
[controller-2] [INFO] [1744588130.577367807] [drone_home1.controller]: Bearing: 262.53°
[controller-2] [INFO] [1744588130.578920241] [drone_home1.controller]: Going to [(29.639567, -82.361102)]: 9269817.34 meters
[controller-2] [INFO] [1744588130.677427792] [drone_home1.controller]: Bearing: 262.53°
[controller-2] [INFO] [1744588130.678953442] [drone_home1.controller]: Going to [(29.639567, -82.361102)]: 9269817.34 meters
[controller-2] [INFO] [1744588130.777491905] [drone_home1.controller]: Bearing: 262.53°
[controller-2] [INFO] [1744588130.779157653] [drone_home1.controller]: Going to [(29.639567, -82.361102)]: 9269817.34 meters
[controller-2] [INFO] [1744588130.876750440] [drone_home1.controller]: Bearing: 262.53°
[controller-2] [INFO] [1744588130.878354267] [drone_home1.controller]: Going to [(29.639567, -82.361102)]: 9269817.34 meters
[controller-2] [INFO] [1744588130.976759768] [drone_home1.controller]: Bearing: 262.53°
[controller-2] [INFO] [1744588130.978418956] [drone_home1.controller]: Going to [(29.639567, -82.361102)]: 9269817.34 meters
[controller-2] [INFO] [1744588131.077439730] [drone_home1.controller]: Bearing: 262.53°
[controller-2] [INFO] [1744588131.078995525] [drone_home1.controller]: Going to [(29.639567, -82.361102)]: 9269817.34 meters
[controller-2] [INFO] [1744588131.177523269] [drone_home1.controller]: Bearing: 262.53°
[controller-2] [INFO] [1744588131.179506365] [drone_home1.controller]: Going to [(29.639567, -82.361102)]: 9269817.34 meters
[controller-2] [INFO] [1744588131.277379285] [drone_home1.controller]: Bearing: 262.53°
[controller-2] [INFO] [1744588131.278911239] [drone_home1.controller]: Going to [(29.639567, -82.361102)]: 9269817.34 meters
[controller-2] [INFO] [1744588131.376706783] [drone_home1.controller]: Bearing: 262.53°
[controller-2] [INFO] [1744588131.377693163] [drone_home1.controller]: Going to [(29.639567, -82.361102)]: 9269817.34 meters
[controller-2] [INFO] [1744588131.477569147] [drone_home1.controller]: Bearing: 262.53°
[controller-2] [INFO] [1744588131.479515218] [drone_home1.controller]: Going to [(29.639567, -82.361102)]: 9269817.34 meters
[controller-2] [INFO] [1744588131.577367307] [drone_home1.controller]: Bearing: 262.53°
[controller-2] [INFO] [1744588131.579306594] [drone_home1.controller]: Going to [(29.639567, -82.361102)]: 9269817.34 meters
[controller-2] [INFO] [1744588131.677359164] [drone_home1.controller]: Bearing: 262.53°
[controller-2] [INFO] [1744588131.679405845] [drone_home1.controller]: Going to [(29.639567, -82.361102)]: 9269817.34 meters
[controller-2] [INFO] [1744588131.776656518] [drone_home1.controller]: Bearing: 262.53°
[controller-2] [INFO] [1744588131.777706226] [drone_home1.controller]: Going to [(29.639567, -82.361102)]: 9269817.34 meters
[controller-2] [INFO] [1744588131.877800101] [drone_home1.controller]: Bearing: 262.53°
[controller-2] [INFO] [1744588131.879319832] [drone_home1.controller]: Going to [(29.639567, -82.361102)]: 9269817.34 meters
[controller-2] [INFO] [1744588131.977432851] [drone_home1.controller]: Bearing: 262.53°
[controller-2] [INFO] [1744588131.980392566] [drone_home1.controller]: Going to [(29.639567, -82.361102)]: 9269817.34 meters
[controller-2] [INFO] [1744588132.077356613] [drone_home1.controller]: Bearing: 262.53°
[controller-2] [INFO] [1744588132.079762658] [drone_home1.controller]: Going to [(29.639567, -82.361102)]: 9269817.34 meters
[controller-2] [INFO] [1744588132.177880607] [drone_home1.controller]: Bearing: 262.53°
[controller-2] [INFO] [1744588132.180937444] [drone_home1.controller]: Going to [(29.639567, -82.361102)]: 9269817.34 meters
[controller-2] [INFO] [1744588132.276604771] [drone_home1.controller]: Bearing: 262.53°
[controller-2] [INFO] [1744588132.277842610] [drone_home1.controller]: Going to [(29.639567, -82.361102)]: 9269817.34 meters
[controller-2] [INFO] [1744588132.376686551] [drone_home1.controller]: Bearing: 262.53°
[controller-2] [INFO] [1744588132.377619683] [drone_home1.controller]: Going to [(29.639567, -82.361102)]: 9269817.34 meters
[controller-2] [INFO] [1744588132.477158609] [drone_home1.controller]: Bearing: 262.53°
[controller-2] [INFO] [1744588132.478187357] [drone_home1.controller]: Going to [(29.639567, -82.361102)]: 9269817.34 meters
[controller-2] [INFO] [1744588132.577257221] [drone_home1.controller]: Bearing: 262.53°
[controller-2] [INFO] [1744588132.579182300] [drone_home1.controller]: Going to [(29.639567, -82.361102)]: 9269817.34 meters
[controller-2] [INFO] [1744588132.677394906] [drone_home1.controller]: Bearing: 262.53°
[controller-2] [INFO] [1744588132.680344766] [drone_home1.controller]: Going to [(29.639567, -82.361102)]: 9269817.34 meters
[controller-2] [INFO] [1744588132.777674193] [drone_home1.controller]: Bearing: 262.53°
[controller-2] [INFO] [1744588132.779155299] [drone_home1.controller]: Going to [(29.639567, -82.361102)]: 9269817.34 meters
[controller-2] [INFO] [1744588132.876947420] [drone_home1.controller]: Bearing: 262.53°
[controller-2] [INFO] [1744588132.880476679] [drone_home1.controller]: Going to [(29.639567, -82.361102)]: 9269817.34 meters
[controller-2] [INFO] [1744588132.976879407] [drone_home1.controller]: Bearing: 262.53°
[controller-2] [INFO] [1744588132.978206879] [drone_home1.controller]: Going to [(29.639567, -82.361102)]: 9269817.34 meters
[controller-2] [INFO] [1744588133.077572332] [drone_home1.controller]: Bearing: 262.53°
[controller-2] [INFO] [1744588133.078459446] [drone_home1.controller]: Going to [(29.639567, -82.361102)]: 9269817.34 meters
[controller-2] [INFO] [1744588133.176605269] [drone_home1.controller]: Bearing: 262.53°
[controller-2] [INFO] [1744588133.177608865] [drone_home1.controller]: Going to [(29.639567, -82.361102)]: 9269817.34 meters
[controller-2] [INFO] [1744588133.276593546] [drone_home1.controller]: Bearing: 262.53°
[controller-2] [INFO] [1744588133.277572630] [drone_home1.controller]: Going to [(29.639567, -82.361102)]: 9269817.34 meters
[controller-2] [INFO] [1744588133.376598495] [drone_home1.controller]: Bearing: 262.53°
[controller-2] [INFO] [1744588133.377654540] [drone_home1.controller]: Going to [(29.639567, -82.361102)]: 9269817.34 meters
[controller-2] [INFO] [1744588133.476560468] [drone_home1.controller]: Bearing: 262.53°
[controller-2] [INFO] [1744588133.477472895] [drone_home1.controller]: Going to [(29.639567, -82.361102)]: 9269817.34 meters
[controller-2] [INFO] [1744588133.576526345] [drone_home1.controller]: Bearing: 262.53°
[controller-2] [INFO] [1744588133.577486004] [drone_home1.controller]: Going to [(29.639567, -82.361102)]: 9269817.34 meters
[controller-2] [INFO] [1744588133.676441085] [drone_home1.controller]: Bearing: 262.53°
[controller-2] [INFO] [1744588133.678212530] [drone_home1.controller]: Going to [(29.639567, -82.361102)]: 9269817.34 meters
[controller-2] [INFO] [1744588133.776548211] [drone_home1.controller]: Bearing: 262.53°
[controller-2] [INFO] [1744588133.777504287] [drone_home1.controller]: Going to [(29.639567, -82.361102)]: 9269817.34 meters
[controller-2] [INFO] [1744588133.876912685] [drone_home1.controller]: Bearing: 262.53°
[controller-2] [INFO] [1744588133.878315741] [drone_home1.controller]: Going to [(29.639567, -82.361102)]: 9269817.34 meters
[controller-2] [INFO] [1744588133.977586218] [drone_home1.controller]: Bearing: 262.53°
[controller-2] [INFO] [1744588133.979177469] [drone_home1.controller]: Going to [(29.639567, -82.361102)]: 9269817.34 meters
[controller-2] [INFO] [1744588134.077695073] [drone_home1.controller]: Bearing: 262.53°
[controller-2] [INFO] [1744588134.079888284] [drone_home1.controller]: Going to [(29.639567, -82.361102)]: 9269817.34 meters
[controller-2] [INFO] [1744588134.177876762] [drone_home1.controller]: Bearing: 262.53°
[controller-2] [INFO] [1744588134.179431853] [drone_home1.controller]: Going to [(29.639567, -82.361102)]: 9269817.34 meters
[controller-2] [INFO] [1744588134.277889425] [drone_home1.controller]: Bearing: 262.53°
[controller-2] [INFO] [1744588134.280141548] [drone_home1.controller]: Going to [(29.639567, -82.361102)]: 9269817.34 meters
[controller-2] [INFO] [1744588134.378151179] [drone_home1.controller]: Bearing: 262.53°
[controller-2] [INFO] [1744588134.379959361] [drone_home1.controller]: Going to [(29.639567, -82.361102)]: 9269817.34 meters
[controller-2] [INFO] [1744588134.477529434] [drone_home1.controller]: Bearing: 262.53°
[controller-2] [INFO] [1744588134.479099405] [drone_home1.controller]: Going to [(29.639567, -82.361102)]: 9269817.34 meters
[controller-2] [INFO] [1744588134.578820256] [drone_home1.controller]: Bearing: 262.53°
[controller-2] [INFO] [1744588134.581913093] [drone_home1.controller]: Going to [(29.639567, -82.361102)]: 9269817.34 meters
[controller-2] [INFO] [1744588134.677371813] [drone_home1.controller]: Bearing: 262.53°
[controller-2] [INFO] [1744588134.678893720] [drone_home1.controller]: Going to [(29.639567, -82.361102)]: 9269817.34 meters
[controller-2] [INFO] [1744588134.776597075] [drone_home1.controller]: Bearing: 262.53°
[controller-2] [INFO] [1744588134.777653055] [drone_home1.controller]: Going to [(29.639567, -82.361102)]: 9269817.34 meters
[controller-2] [INFO] [1744588134.876959758] [drone_home1.controller]: Bearing: 262.53°
[controller-2] [INFO] [1744588134.878040955] [drone_home1.controller]: Going to [(29.639567, -82.361102)]: 9269817.34 meters
[controller-2] [INFO] [1744588134.976475199] [drone_home1.controller]: Bearing: 262.53°
[controller-2] [INFO] [1744588134.977397354] [drone_home1.controller]: Going to [(29.639567, -82.361102)]: 9269817.34 meters
[controller-2] [INFO] [1744588135.076567031] [drone_home1.controller]: Bearing: 262.53°
[controller-2] [INFO] [1744588135.077689349] [drone_home1.controller]: Going to [(29.639567, -82.361102)]: 9269817.34 meters
[controller-2] [INFO] [1744588135.176906292] [drone_home1.controller]: Bearing: 262.53°
[controller-2] [INFO] [1744588135.177831871] [drone_home1.controller]: Going to [(29.639567, -82.361102)]: 9269817.34 meters
[controller-2] [INFO] [1744588135.276699081] [drone_home1.controller]: Bearing: 262.53°
[controller-2] [INFO] [1744588135.277949496] [drone_home1.controller]: Going to [(29.639567, -82.361102)]: 9269817.34 meters
[controller-2] [INFO] [1744588135.377045702] [drone_home1.controller]: Bearing: 262.53°
[controller-2] [INFO] [1744588135.377961553] [drone_home1.controller]: Going to [(29.639567, -82.361102)]: 9269817.34 meters
[controller-2] [INFO] [1744588135.476666105] [drone_home1.controller]: Bearing: 262.53°
[controller-2] [INFO] [1744588135.477859016] [drone_home1.controller]: Going to [(29.639567, -82.361102)]: 9269817.34 meters
[controller-2] [INFO] [1744588135.577093911] [drone_home1.controller]: Bearing: 262.53°
[controller-2] [INFO] [1744588135.578100291] [drone_home1.controller]: Going to [(29.639567, -82.361102)]: 9269817.34 meters
[controller-2] [INFO] [1744588135.677976570] [drone_home1.controller]: Bearing: 262.53°
[controller-2] [INFO] [1744588135.678900869] [drone_home1.controller]: Going to [(29.639567, -82.361102)]: 9269817.34 meters
[controller-2] [INFO] [1744588135.777656750] [drone_home1.controller]: Bearing: 262.53°
[controller-2] [INFO] [1744588135.778599641] [drone_home1.controller]: Going to [(29.639567, -82.361102)]: 9269817.34 meters
[controller-2] [INFO] [1744588135.877299074] [drone_home1.controller]: Bearing: 262.53°
[controller-2] [INFO] [1744588135.878176812] [drone_home1.controller]: Going to [(29.639567, -82.361102)]: 9269817.34 meters
[controller-2] [INFO] [1744588135.977229817] [drone_home1.controller]: Bearing: 262.53°
[controller-2] [INFO] [1744588135.978100292] [drone_home1.controller]: Going to [(29.639567, -82.361102)]: 9269817.34 meters
[controller-2] [INFO] [1744588136.076698636] [drone_home1.controller]: Bearing: 262.53°
[controller-2] [INFO] [1744588136.077739321] [drone_home1.controller]: Going to [(29.639567, -82.361102)]: 9269817.34 meters
[controller-2] [INFO] [1744588136.177488943] [drone_home1.controller]: Bearing: 262.53°
[controller-2] [INFO] [1744588136.179127747] [drone_home1.controller]: Going to [(29.639567, -82.361102)]: 9269817.34 meters
[controller-2] [INFO] [1744588136.277351335] [drone_home1.controller]: Bearing: 262.53°
[controller-2] [INFO] [1744588136.279501985] [drone_home1.controller]: Going to [(29.639567, -82.361102)]: 9269817.34 meters
[controller-2] [INFO] [1744588136.376556696] [drone_home1.controller]: Bearing: 262.53°
[controller-2] [INFO] [1744588136.377531139] [drone_home1.controller]: Going to [(29.639567, -82.361102)]: 9269817.34 meters
[controller-2] [INFO] [1744588136.476804340] [drone_home1.controller]: Bearing: 262.53°
[controller-2] [INFO] [1744588136.477869825] [drone_home1.controller]: Going to [(29.639567, -82.361102)]: 9269817.34 meters
[controller-2] [INFO] [1744588136.576529867] [drone_home1.controller]: Bearing: 262.53°
[controller-2] [INFO] [1744588136.577577623] [drone_home1.controller]: Going to [(29.639567, -82.361102)]: 9269817.34 meters
[controller-2] [INFO] [1744588136.676440899] [drone_home1.controller]: Bearing: 262.53°
[controller-2] [INFO] [1744588136.677352366] [drone_home1.controller]: Going to [(29.639567, -82.361102)]: 9269817.34 meters
[controller-2] [INFO] [1744588136.777626315] [drone_home1.controller]: Bearing: 262.53°
[controller-2] [INFO] [1744588136.779804966] [drone_home1.controller]: Going to [(29.639567, -82.361102)]: 9269817.34 meters
[controller-2] [INFO] [1744588136.877601605] [drone_home1.controller]: Bearing: 262.53°
[controller-2] [INFO] [1744588136.879160952] [drone_home1.controller]: Going to [(29.639567, -82.361102)]: 9269817.34 meters
[controller-2] [INFO] [1744588136.977982659] [drone_home1.controller]: Bearing: 262.53°
[controller-2] [INFO] [1744588136.979541462] [drone_home1.controller]: Going to [(29.639567, -82.361102)]: 9269817.34 meters
[controller-2] [INFO] [1744588137.077452888] [drone_home1.controller]: Bearing: 262.53°
[controller-2] [INFO] [1744588137.079023595] [drone_home1.controller]: Going to [(29.639567, -82.361102)]: 9269817.34 meters
[controller-2] [INFO] [1744588137.177293489] [drone_home1.controller]: Bearing: 262.53°
[controller-2] [INFO] [1744588137.178165115] [drone_home1.controller]: Going to [(29.639567, -82.361102)]: 9269817.34 meters
[controller-2] [INFO] [1744588137.276958344] [drone_home1.controller]: Bearing: 262.53°
[controller-2] [INFO] [1744588137.278041077] [drone_home1.controller]: Going to [(29.639567, -82.361102)]: 9269817.34 meters
[controller-2] [INFO] [1744588137.376778049] [drone_home1.controller]: Bearing: 262.53°
[controller-2] [INFO] [1744588137.377779853] [drone_home1.controller]: Going to [(29.639567, -82.361102)]: 9269817.34 meters
[controller-2] [INFO] [1744588137.476646875] [drone_home1.controller]: Bearing: 262.53°
[controller-2] [INFO] [1744588137.477626662] [drone_home1.controller]: Going to [(29.639567, -82.361102)]: 9269817.34 meters
[controller-2] [INFO] [1744588137.576650230] [drone_home1.controller]: Bearing: 262.53°
[controller-2] [INFO] [1744588137.578132616] [drone_home1.controller]: Going to [(29.639567, -82.361102)]: 9269817.34 meters
[controller-2] [INFO] [1744588137.676591856] [drone_home1.controller]: Bearing: 262.53°
[controller-2] [INFO] [1744588137.677657309] [drone_home1.controller]: Going to [(29.639567, -82.361102)]: 9269817.34 meters
[controller-2] [INFO] [1744588137.777496215] [drone_home1.controller]: Bearing: 262.53°
[controller-2] [INFO] [1744588137.779042057] [drone_home1.controller]: Going to [(29.639567, -82.361102)]: 9269817.34 meters
[controller-2] [INFO] [1744588137.877524530] [drone_home1.controller]: Bearing: 262.53°
[controller-2] [INFO] [1744588137.879106149] [drone_home1.controller]: Going to [(29.639567, -82.361102)]: 9269817.34 meters
[controller-2] [INFO] [1744588137.976671107] [drone_home1.controller]: Bearing: 262.53°
[controller-2] [INFO] [1744588137.977628111] [drone_home1.controller]: Going to [(29.639567, -82.361102)]: 9269817.34 meters
[controller-2] [INFO] [1744588138.076515869] [drone_home1.controller]: Bearing: 262.53°
[controller-2] [INFO] [1744588138.077816461] [drone_home1.controller]: Going to [(29.639567, -82.361102)]: 9269817.34 meters
[controller-2] [INFO] [1744588138.177519654] [drone_home1.controller]: Bearing: 262.53°
[controller-2] [INFO] [1744588138.179889795] [drone_home1.controller]: Going to [(29.639567, -82.361102)]: 9269817.34 meters
[controller-2] [INFO] [1744588138.277734470] [drone_home1.controller]: Bearing: 262.53°
[controller-2] [INFO] [1744588138.279294360] [drone_home1.controller]: Going to [(29.639567, -82.361102)]: 9269817.34 meters
[controller-2] [INFO] [1744588138.376711446] [drone_home1.controller]: Bearing: 262.53°
[controller-2] [INFO] [1744588138.378389226] [drone_home1.controller]: Going to [(29.639567, -82.361102)]: 9269817.34 meters
[controller-2] [INFO] [1744588138.476694738] [drone_home1.controller]: Bearing: 262.53°
[controller-2] [INFO] [1744588138.478357254] [drone_home1.controller]: Going to [(29.639567, -82.361102)]: 9269817.34 meters
[controller-2] [INFO] [1744588138.576695407] [drone_home1.controller]: Bearing: 262.53°
[controller-2] [INFO] [1744588138.577910366] [drone_home1.controller]: Going to [(29.639567, -82.361102)]: 9269817.34 meters
[controller-2] [INFO] [1744588138.677213234] [drone_home1.controller]: Bearing: 262.53°
[controller-2] [INFO] [1744588138.680039060] [drone_home1.controller]: Going to [(29.639567, -82.361102)]: 9269817.34 meters
[controller-2] [INFO] [1744588138.776768297] [drone_home1.controller]: Bearing: 262.53°
[controller-2] [INFO] [1744588138.777798422] [drone_home1.controller]: Going to [(29.639567, -82.361102)]: 9269817.34 meters
[controller-2] [INFO] [1744588138.876896552] [drone_home1.controller]: Bearing: 262.53°
[controller-2] [INFO] [1744588138.878043733] [drone_home1.controller]: Going to [(29.639567, -82.361102)]: 9269817.34 meters
[controller-2] [INFO] [1744588138.976681058] [drone_home1.controller]: Bearing: 262.53°
[controller-2] [INFO] [1744588138.978022162] [drone_home1.controller]: Going to [(29.639567, -82.361102)]: 9269817.34 meters
[controller-2] [INFO] [1744588139.076580510] [drone_home1.controller]: Bearing: 262.53°
[controller-2] [INFO] [1744588139.078576022] [drone_home1.controller]: Going to [(29.639567, -82.361102)]: 9269817.34 meters
[controller-2] [INFO] [1744588139.177500871] [drone_home1.controller]: Bearing: 262.53°
[controller-2] [INFO] [1744588139.179572929] [drone_home1.controller]: Going to [(29.639567, -82.361102)]: 9269817.34 meters
[controller-2] [INFO] [1744588139.277349828] [drone_home1.controller]: Bearing: 262.53°
[controller-2] [INFO] [1744588139.279957315] [drone_home1.controller]: Going to [(29.639567, -82.361102)]: 9269817.34 meters
[controller-2] [INFO] [1744588139.379149176] [drone_home1.controller]: Bearing: 262.53°
[controller-2] [INFO] [1744588139.380836012] [drone_home1.controller]: Going to [(29.639567, -82.361102)]: 9269817.34 meters
[controller-2] [INFO] [1744588139.476866234] [drone_home1.controller]: Bearing: 262.53°
[controller-2] [INFO] [1744588139.478204234] [drone_home1.controller]: Going to [(29.639567, -82.361102)]: 9269817.34 meters
[controller-2] [INFO] [1744588139.576532564] [drone_home1.controller]: Bearing: 262.53°
[controller-2] [INFO] [1744588139.577518624] [drone_home1.controller]: Going to [(29.639567, -82.361102)]: 9269817.34 meters
[controller-2] [INFO] [1744588139.676690516] [drone_home1.controller]: Bearing: 262.53°
[controller-2] [INFO] [1744588139.678172678] [drone_home1.controller]: Going to [(29.639567, -82.361102)]: 9269817.34 meters
[controller-2] [INFO] [1744588139.776687730] [drone_home1.controller]: Bearing: 262.53°
[controller-2] [INFO] [1744588139.778122628] [drone_home1.controller]: Going to [(29.639567, -82.361102)]: 9269817.34 meters
[controller-2] [INFO] [1744588139.876616496] [drone_home1.controller]: Bearing: 262.53°
[controller-2] [INFO] [1744588139.877612316] [drone_home1.controller]: Going to [(29.639567, -82.361102)]: 9269817.34 meters
[controller-2] [INFO] [1744588139.976927090] [drone_home1.controller]: Bearing: 262.53°
[controller-2] [INFO] [1744588139.977938014] [drone_home1.controller]: Going to [(29.639567, -82.361102)]: 9269817.34 meters
[controller-2] [INFO] [1744588140.076523052] [drone_home1.controller]: Bearing: 262.53°
[controller-2] [INFO] [1744588140.078292225] [drone_home1.controller]: Going to [(29.639567, -82.361102)]: 9269817.34 meters
[controller-2] [INFO] [1744588140.176604172] [drone_home1.controller]: Bearing: 262.53°
[controller-2] [INFO] [1744588140.177836795] [drone_home1.controller]: Going to [(29.639567, -82.361102)]: 9269817.34 meters
[controller-2] [INFO] [1744588140.277541847] [drone_home1.controller]: Bearing: 262.53°
[controller-2] [INFO] [1744588140.279112234] [drone_home1.controller]: Going to [(29.639567, -82.361102)]: 9269817.34 meters
[controller-2] [INFO] [1744588140.378095902] [drone_home1.controller]: Bearing: 262.53°
[controller-2] [INFO] [1744588140.379698545] [drone_home1.controller]: Going to [(29.639567, -82.361102)]: 9269817.34 meters
[controller-2] [INFO] [1744588140.477492054] [drone_home1.controller]: Bearing: 262.53°
[controller-2] [INFO] [1744588140.480036821] [drone_home1.controller]: Going to [(29.639567, -82.361102)]: 9269817.34 meters
[controller-2] [INFO] [1744588140.577631159] [drone_home1.controller]: Bearing: 262.53°
[controller-2] [INFO] [1744588140.580482938] [drone_home1.controller]: Going to [(29.639567, -82.361102)]: 9269817.34 meters
[controller-2] [INFO] [1744588140.677598102] [drone_home1.controller]: Bearing: 262.53°
[controller-2] [INFO] [1744588140.680312375] [drone_home1.controller]: Going to [(29.639567, -82.361102)]: 9269817.34 meters
[controller-2] [INFO] [1744588140.777482676] [drone_home1.controller]: Bearing: 262.53°
[controller-2] [INFO] [1744588140.779040935] [drone_home1.controller]: Going to [(29.639567, -82.361102)]: 9269817.34 meters
[controller-2] [INFO] [1744588140.876832556] [drone_home1.controller]: Bearing: 262.53°
[controller-2] [INFO] [1744588140.878116764] [drone_home1.controller]: Going to [(29.639567, -82.361102)]: 9269817.34 meters
[controller-2] [INFO] [1744588140.976652105] [drone_home1.controller]: Bearing: 262.53°
[controller-2] [INFO] [1744588140.977625621] [drone_home1.controller]: Going to [(29.639567, -82.361102)]: 9269817.34 meters
[controller-2] [INFO] [1744588141.076586441] [drone_home1.controller]: Bearing: 262.53°
[controller-2] [INFO] [1744588141.078035579] [drone_home1.controller]: Going to [(29.639567, -82.361102)]: 9269817.34 meters
[controller-2] [INFO] [1744588141.176585706] [drone_home1.controller]: Bearing: 262.53°
[controller-2] [INFO] [1744588141.177541014] [drone_home1.controller]: Going to [(29.639567, -82.361102)]: 9269817.34 meters
[controller-2] [INFO] [1744588141.276563019] [drone_home1.controller]: Bearing: 262.53°
[controller-2] [INFO] [1744588141.277552279] [drone_home1.controller]: Going to [(29.639567, -82.361102)]: 9269817.34 meters
[controller-2] [INFO] [1744588141.376598828] [drone_home1.controller]: Bearing: 262.53°
[controller-2] [INFO] [1744588141.378048670] [drone_home1.controller]: Going to [(29.639567, -82.361102)]: 9269817.34 meters
[controller-2] [INFO] [1744588141.476565773] [drone_home1.controller]: Bearing: 262.53°
[controller-2] [INFO] [1744588141.477697403] [drone_home1.controller]: Going to [(29.639567, -82.361102)]: 9269817.34 meters
[controller-2] [INFO] [1744588141.576764080] [drone_home1.controller]: Bearing: 262.53°
[controller-2] [INFO] [1744588141.577783517] [drone_home1.controller]: Going to [(29.639567, -82.361102)]: 9269817.34 meters
[controller-2] [INFO] [1744588141.677594779] [drone_home1.controller]: Bearing: 262.53°
[controller-2] [INFO] [1744588141.679241487] [drone_home1.controller]: Going to [(29.639567, -82.361102)]: 9269817.34 meters
[controller-2] [INFO] [1744588141.777406586] [drone_home1.controller]: Bearing: 262.53°
[controller-2] [INFO] [1744588141.779038510] [drone_home1.controller]: Going to [(29.639567, -82.361102)]: 9269817.34 meters
[controller-2] [INFO] [1744588141.877503324] [drone_home1.controller]: Bearing: 262.53°
[controller-2] [INFO] [1744588141.879469524] [drone_home1.controller]: Going to [(29.639567, -82.361102)]: 9269817.34 meters
[controller-2] [INFO] [1744588141.977480701] [drone_home1.controller]: Bearing: 262.53°
[controller-2] [INFO] [1744588141.979278803] [drone_home1.controller]: Going to [(29.639567, -82.361102)]: 9269817.34 meters
[controller-2] [INFO] [1744588142.077405086] [drone_home1.controller]: Bearing: 262.53°
[controller-2] [INFO] [1744588142.079446295] [drone_home1.controller]: Going to [(29.639567, -82.361102)]: 9269817.34 meters
[controller-2] [INFO] [1744588142.177406912] [drone_home1.controller]: Bearing: 262.53°
[controller-2] [INFO] [1744588142.179645116] [drone_home1.controller]: Going to [(29.639567, -82.361102)]: 9269817.34 meters
[controller-2] [INFO] [1744588142.276635897] [drone_home1.controller]: Bearing: 262.53°
[controller-2] [INFO] [1744588142.278467696] [drone_home1.controller]: Going to [(29.639567, -82.361102)]: 9269817.34 meters
[controller-2] [INFO] [1744588142.376612571] [drone_home1.controller]: Bearing: 262.53°
[controller-2] [INFO] [1744588142.378108334] [drone_home1.controller]: Going to [(29.639567, -82.361102)]: 9269817.34 meters
[controller-2] [INFO] [1744588142.476630110] [drone_home1.controller]: Bearing: 262.53°
[controller-2] [INFO] [1744588142.477921998] [drone_home1.controller]: Going to [(29.639567, -82.361102)]: 9269817.34 meters
[controller-2] [INFO] [1744588142.577425002] [drone_home1.controller]: Bearing: 262.53°
[controller-2] [INFO] [1744588142.578615480] [drone_home1.controller]: Going to [(29.639567, -82.361102)]: 9269817.34 meters
[controller-2] [INFO] [1744588142.676454656] [drone_home1.controller]: Bearing: 262.53°
[controller-2] [INFO] [1744588142.677386444] [drone_home1.controller]: Going to [(29.639567, -82.361102)]: 9269817.34 meters
[controller-2] [INFO] [1744588142.776557220] [drone_home1.controller]: Bearing: 262.53°
[controller-2] [INFO] [1744588142.777506608] [drone_home1.controller]: Going to [(29.639567, -82.361102)]: 9269817.34 meters
[controller-2] [INFO] [1744588142.880119474] [drone_home1.controller]: Bearing: 262.53°
[controller-2] [INFO] [1744588142.881833223] [drone_home1.controller]: Going to [(29.639567, -82.361102)]: 9269817.34 meters
[controller-2] [INFO] [1744588142.977329458] [drone_home1.controller]: Bearing: 262.53°
[controller-2] [INFO] [1744588142.979738735] [drone_home1.controller]: Going to [(29.639567, -82.361102)]: 9269817.34 meters
[controller-2] [INFO] [1744588143.077671002] [drone_home1.controller]: Bearing: 262.53°
[controller-2] [INFO] [1744588143.079587569] [drone_home1.controller]: Going to [(29.639567, -82.361102)]: 9269817.34 meters
[controller-2] [INFO] [1744588143.177428954] [drone_home1.controller]: Bearing: 262.53°
[controller-2] [INFO] [1744588143.178997774] [drone_home1.controller]: Going to [(29.639567, -82.361102)]: 9269817.34 meters
[controller-2] [INFO] [1744588143.277554432] [drone_home1.controller]: Bearing: 262.53°
[controller-2] [INFO] [1744588143.279093618] [drone_home1.controller]: Going to [(29.639567, -82.361102)]: 9269817.34 meters
[controller-2] [INFO] [1744588143.392215094] [drone_home1.controller]: Bearing: 262.53°
[controller-2] [INFO] [1744588143.394771829] [drone_home1.controller]: Going to [(29.639567, -82.361102)]: 9269817.34 meters
[controller-2] [INFO] [1744588143.478432946] [drone_home1.controller]: Bearing: 262.53°
[controller-2] [INFO] [1744588143.479391901] [drone_home1.controller]: Going to [(29.639567, -82.361102)]: 9269817.34 meters
[controller-2] [INFO] [1744588143.580455566] [drone_home1.controller]: Bearing: 262.53°
[controller-2] [INFO] [1744588143.581482299] [drone_home1.controller]: Going to [(29.639567, -82.361102)]: 9269817.34 meters
[controller-2] [INFO] [1744588143.677033800] [drone_home1.controller]: Bearing: 262.53°
[controller-2] [INFO] [1744588143.680304976] [drone_home1.controller]: Going to [(29.639567, -82.361102)]: 9269817.34 meters
[controller-2] [INFO] [1744588143.776535078] [drone_home1.controller]: Bearing: 262.53°
[controller-2] [INFO] [1744588143.777505042] [drone_home1.controller]: Going to [(29.639567, -82.361102)]: 9269817.34 meters
[controller-2] [INFO] [1744588143.877441557] [drone_home1.controller]: Bearing: 262.53°
[controller-2] [INFO] [1744588143.880649340] [drone_home1.controller]: Going to [(29.639567, -82.361102)]: 9269817.34 meters
[controller-2] [INFO] [1744588143.977467065] [drone_home1.controller]: Bearing: 262.53°
[controller-2] [INFO] [1744588143.979043084] [drone_home1.controller]: Going to [(29.639567, -82.361102)]: 9269817.34 meters
[controller-2] [INFO] [1744588144.078233095] [drone_home1.controller]: Bearing: 262.53°
[controller-2] [INFO] [1744588144.080858855] [drone_home1.controller]: Going to [(29.639567, -82.361102)]: 9269817.34 meters
[controller-2] [INFO] [1744588144.177354849] [drone_home1.controller]: Bearing: 262.53°
[controller-2] [INFO] [1744588144.178903316] [drone_home1.controller]: Going to [(29.639567, -82.361102)]: 9269817.34 meters
[controller-2] [INFO] [1744588144.277005282] [drone_home1.controller]: Bearing: 262.53°
[controller-2] [INFO] [1744588144.277972365] [drone_home1.controller]: Going to [(29.639567, -82.361102)]: 9269817.34 meters
[controller-2] [INFO] [1744588144.376824677] [drone_home1.controller]: Bearing: 262.53°
[controller-2] [INFO] [1744588144.377879985] [drone_home1.controller]: Going to [(29.639567, -82.361102)]: 9269817.34 meters
[controller-2] [INFO] [1744588144.476733896] [drone_home1.controller]: Bearing: 262.53°
[controller-2] [INFO] [1744588144.479558987] [drone_home1.controller]: Going to [(29.639567, -82.361102)]: 9269817.34 meters
[controller-2] [INFO] [1744588144.577166515] [drone_home1.controller]: Bearing: 262.53°
[controller-2] [INFO] [1744588144.578655333] [drone_home1.controller]: Going to [(29.639567, -82.361102)]: 9269817.34 meters
[controller-2] [INFO] [1744588144.676802355] [drone_home1.controller]: Bearing: 262.53°
[controller-2] [INFO] [1744588144.677967714] [drone_home1.controller]: Going to [(29.639567, -82.361102)]: 9269817.34 meters
[controller-2] [INFO] [1744588144.777188285] [drone_home1.controller]: Bearing: 262.53°
[controller-2] [INFO] [1744588144.778085288] [drone_home1.controller]: Going to [(29.639567, -82.361102)]: 9269817.34 meters
[controller-2] [INFO] [1744588144.876718364] [drone_home1.controller]: Bearing: 262.53°
[controller-2] [INFO] [1744588144.877668168] [drone_home1.controller]: Going to [(29.639567, -82.361102)]: 9269817.34 meters
[controller-2] [INFO] [1744588144.976599712] [drone_home1.controller]: Bearing: 262.53°
[controller-2] [INFO] [1744588144.978796155] [drone_home1.controller]: Going to [(29.639567, -82.361102)]: 9269817.34 meters
[controller-2] [INFO] [1744588145.076529573] [drone_home1.controller]: Bearing: 262.53°
[controller-2] [INFO] [1744588145.077712372] [drone_home1.controller]: Going to [(29.639567, -82.361102)]: 9269817.34 meters
[controller-2] [INFO] [1744588145.177008017] [drone_home1.controller]: Bearing: 262.53°
[controller-2] [INFO] [1744588145.178242305] [drone_home1.controller]: Going to [(29.639567, -82.361102)]: 9269817.34 meters
[controller-2] [INFO] [1744588145.277365596] [drone_home1.controller]: Bearing: 262.53°
[controller-2] [INFO] [1744588145.278236327] [drone_home1.controller]: Going to [(29.639567, -82.361102)]: 9269817.34 meters
[controller-2] [INFO] [1744588145.378536945] [drone_home1.controller]: Bearing: 262.53°
[controller-2] [INFO] [1744588145.379445596] [drone_home1.controller]: Going to [(29.639567, -82.361102)]: 9269817.34 meters
[controller-2] [INFO] [1744588145.477853135] [drone_home1.controller]: Bearing: 262.53°
[controller-2] [INFO] [1744588145.478763130] [drone_home1.controller]: Going to [(29.639567, -82.361102)]: 9269817.34 meters
[controller-2] [INFO] [1744588145.577001131] [drone_home1.controller]: Bearing: 262.53°
[controller-2] [INFO] [1744588145.577944086] [drone_home1.controller]: Going to [(29.639567, -82.361102)]: 9269817.34 meters
[controller-2] [INFO] [1744588145.676482155] [drone_home1.controller]: Bearing: 262.53°
[controller-2] [INFO] [1744588145.677934013] [drone_home1.controller]: Going to [(29.639567, -82.361102)]: 9269817.34 meters
[controller-2] [INFO] [1744588145.777198458] [drone_home1.controller]: Bearing: 262.53°
[controller-2] [INFO] [1744588145.780466210] [drone_home1.controller]: Going to [(29.639567, -82.361102)]: 9269817.34 meters
[controller-2] [INFO] [1744588145.876708122] [drone_home1.controller]: Bearing: 262.53°
[controller-2] [INFO] [1744588145.878289806] [drone_home1.controller]: Going to [(29.639567, -82.361102)]: 9269817.34 meters
[controller-2] [INFO] [1744588145.977310696] [drone_home1.controller]: Bearing: 262.53°
[controller-2] [INFO] [1744588145.978335733] [drone_home1.controller]: Going to [(29.639567, -82.361102)]: 9269817.34 meters
[controller-2] [INFO] [1744588146.078458141] [drone_home1.controller]: Bearing: 262.53°
[controller-2] [INFO] [1744588146.079936816] [drone_home1.controller]: Going to [(29.639567, -82.361102)]: 9269817.34 meters
[controller-2] [INFO] [1744588146.176816337] [drone_home1.controller]: Bearing: 262.53°
[controller-2] [INFO] [1744588146.178981003] [drone_home1.controller]: Going to [(29.639567, -82.361102)]: 9269817.34 meters
[controller-2] [INFO] [1744588146.277753700] [drone_home1.controller]: Bearing: 262.53°
[controller-2] [INFO] [1744588146.279750877] [drone_home1.controller]: Going to [(29.639567, -82.361102)]: 9269817.34 meters
[controller-2] [INFO] [1744588146.376606910] [drone_home1.controller]: Bearing: 262.53°
[controller-2] [INFO] [1744588146.378593910] [drone_home1.controller]: Going to [(29.639567, -82.361102)]: 9269817.34 meters
[controller-2] [INFO] [1744588146.476624806] [drone_home1.controller]: Bearing: 262.53°
[controller-2] [INFO] [1744588146.477984470] [drone_home1.controller]: Going to [(29.639567, -82.361102)]: 9269817.34 meters
[controller-2] [INFO] [1744588146.576678062] [drone_home1.controller]: Bearing: 262.53°
[controller-2] [INFO] [1744588146.577975006] [drone_home1.controller]: Going to [(29.639567, -82.361102)]: 9269817.34 meters
[controller-2] [INFO] [1744588146.676578004] [drone_home1.controller]: Bearing: 262.53°
[controller-2] [INFO] [1744588146.677543264] [drone_home1.controller]: Going to [(29.639567, -82.361102)]: 9269817.34 meters
[controller-2] [INFO] [1744588146.776898816] [drone_home1.controller]: Bearing: 262.53°
[controller-2] [INFO] [1744588146.777892812] [drone_home1.controller]: Going to [(29.639567, -82.361102)]: 9269817.34 meters
[controller-2] [INFO] [1744588146.876540899] [drone_home1.controller]: Bearing: 262.53°
[controller-2] [INFO] [1744588146.877493199] [drone_home1.controller]: Going to [(29.639567, -82.361102)]: 9269817.34 meters
[controller-2] [INFO] [1744588146.977663865] [drone_home1.controller]: Bearing: 262.53°
[controller-2] [INFO] [1744588146.979662961] [drone_home1.controller]: Going to [(29.639567, -82.361102)]: 9269817.34 meters
[controller-2] [INFO] [1744588147.077915492] [drone_home1.controller]: Bearing: 262.53°
[controller-2] [INFO] [1744588147.079781947] [drone_home1.controller]: Going to [(29.639567, -82.361102)]: 9269817.34 meters
[controller-2] [INFO] [1744588147.177569321] [drone_home1.controller]: Bearing: 262.53°
[controller-2] [INFO] [1744588147.178423156] [drone_home1.controller]: Going to [(29.639567, -82.361102)]: 9269817.34 meters
[controller-2] [INFO] [1744588147.277460625] [drone_home1.controller]: Bearing: 262.53°
[controller-2] [INFO] [1744588147.278324667] [drone_home1.controller]: Going to [(29.639567, -82.361102)]: 9269817.34 meters
[controller-2] [INFO] [1744588147.380014873] [drone_home1.controller]: Bearing: 262.53°
[controller-2] [INFO] [1744588147.380989797] [drone_home1.controller]: Going to [(29.639567, -82.361102)]: 9269817.34 meters
[controller-2] [INFO] [1744588147.477293377] [drone_home1.controller]: Bearing: 262.53°
[controller-2] [INFO] [1744588147.478253708] [drone_home1.controller]: Going to [(29.639567, -82.361102)]: 9269817.34 meters
[controller-2] [INFO] [1744588147.577322154] [drone_home1.controller]: Bearing: 262.53°
[controller-2] [INFO] [1744588147.579812040] [drone_home1.controller]: Going to [(29.639567, -82.361102)]: 9269817.34 meters
[controller-2] [INFO] [1744588147.676676523] [drone_home1.controller]: Bearing: 262.53°
[controller-2] [INFO] [1744588147.677653271] [drone_home1.controller]: Going to [(29.639567, -82.361102)]: 9269817.34 meters
[controller-2] [INFO] [1744588147.777654720] [drone_home1.controller]: Bearing: 262.53°
[controller-2] [INFO] [1744588147.779787706] [drone_home1.controller]: Going to [(29.639567, -82.361102)]: 9269817.34 meters
[controller-2] [INFO] [1744588147.877388357] [drone_home1.controller]: Bearing: 262.53°
[controller-2] [INFO] [1744588147.881989438] [drone_home1.controller]: Going to [(29.639567, -82.361102)]: 9269817.34 meters
[controller-2] [INFO] [1744588147.976648485] [drone_home1.controller]: Bearing: 262.53°
[controller-2] [INFO] [1744588147.977941205] [drone_home1.controller]: Going to [(29.639567, -82.361102)]: 9269817.34 meters
[controller-2] [INFO] [1744588148.076623247] [drone_home1.controller]: Bearing: 262.53°
[controller-2] [INFO] [1744588148.077807965] [drone_home1.controller]: Going to [(29.639567, -82.361102)]: 9269817.34 meters
[controller-2] [INFO] [1744588148.178496048] [drone_home1.controller]: Bearing: 262.53°
[controller-2] [INFO] [1744588148.180624010] [drone_home1.controller]: Going to [(29.639567, -82.361102)]: 9269817.34 meters
[controller-2] [INFO] [1744588148.277562799] [drone_home1.controller]: Bearing: 262.53°
[controller-2] [INFO] [1744588148.282101062] [drone_home1.controller]: Going to [(29.639567, -82.361102)]: 9269817.34 meters
[controller-2] [INFO] [1744588148.376847376] [drone_home1.controller]: Bearing: 262.53°
[controller-2] [INFO] [1744588148.377862909] [drone_home1.controller]: Going to [(29.639567, -82.361102)]: 9269817.34 meters
[controller-2] [INFO] [1744588148.480053858] [drone_home1.controller]: Bearing: 262.53°
[controller-2] [INFO] [1744588148.481646869] [drone_home1.controller]: Going to [(29.639567, -82.361102)]: 9269817.34 meters
[controller-2] [INFO] [1744588148.576582465] [drone_home1.controller]: Bearing: 262.53°
[controller-2] [INFO] [1744588148.577587566] [drone_home1.controller]: Going to [(29.639567, -82.361102)]: 9269817.34 meters
[controller-2] [INFO] [1744588148.679026794] [drone_home1.controller]: Bearing: 262.53°
[controller-2] [INFO] [1744588148.679987733] [drone_home1.controller]: Going to [(29.639567, -82.361102)]: 9269817.34 meters
[controller-2] [INFO] [1744588148.776799672] [drone_home1.controller]: Bearing: 262.53°
[controller-2] [INFO] [1744588148.777739428] [drone_home1.controller]: Going to [(29.639567, -82.361102)]: 9269817.34 meters
[controller-2] [INFO] [1744588148.876710882] [drone_home1.controller]: Bearing: 262.53°
[controller-2] [INFO] [1744588148.878211924] [drone_home1.controller]: Going to [(29.639567, -82.361102)]: 9269817.34 meters
[controller-2] [INFO] [1744588148.976706604] [drone_home1.controller]: Bearing: 262.53°
[controller-2] [INFO] [1744588148.981320484] [drone_home1.controller]: Going to [(29.639567, -82.361102)]: 9269817.34 meters
[controller-2] [INFO] [1744588149.077765348] [drone_home1.controller]: Bearing: 262.53°
[controller-2] [INFO] [1744588149.078625646] [drone_home1.controller]: Going to [(29.639567, -82.361102)]: 9269817.34 meters
[controller-2] [INFO] [1744588149.177510764] [drone_home1.controller]: Bearing: 262.53°
[controller-2] [INFO] [1744588149.178382935] [drone_home1.controller]: Going to [(29.639567, -82.361102)]: 9269817.34 meters
[controller-2] [INFO] [1744588149.276820911] [drone_home1.controller]: Bearing: 262.53°
[controller-2] [INFO] [1744588149.277773915] [drone_home1.controller]: Going to [(29.639567, -82.361102)]: 9269817.34 meters
[controller-2] [INFO] [1744588149.376819770] [drone_home1.controller]: Bearing: 262.53°
[controller-2] [INFO] [1744588149.377869415] [drone_home1.controller]: Going to [(29.639567, -82.361102)]: 9269817.34 meters
[controller-2] [INFO] [1744588149.477180970] [drone_home1.controller]: Bearing: 262.53°
[controller-2] [INFO] [1744588149.478449114] [drone_home1.controller]: Going to [(29.639567, -82.361102)]: 9269817.34 meters
[controller-2] [INFO] [1744588149.576642031] [drone_home1.controller]: Bearing: 262.53°
[controller-2] [INFO] [1744588149.577632059] [drone_home1.controller]: Going to [(29.639567, -82.361102)]: 9269817.34 meters
[controller-2] [INFO] [1744588149.677177153] [drone_home1.controller]: Bearing: 262.53°
[controller-2] [INFO] [1744588149.678216078] [drone_home1.controller]: Going to [(29.639567, -82.361102)]: 9269817.34 meters
[controller-2] [INFO] [1744588149.777329166] [drone_home1.controller]: Bearing: 262.53°
[controller-2] [INFO] [1744588149.778479645] [drone_home1.controller]: Going to [(29.639567, -82.361102)]: 9269817.34 meters
[controller-2] [INFO] [1744588149.877179288] [drone_home1.controller]: Bearing: 262.53°
[controller-2] [INFO] [1744588149.878208421] [drone_home1.controller]: Going to [(29.639567, -82.361102)]: 9269817.34 meters
[controller-2] [INFO] [1744588149.976937217] [drone_home1.controller]: Bearing: 262.53°
[controller-2] [INFO] [1744588149.978211280] [drone_home1.controller]: Going to [(29.639567, -82.361102)]: 9269817.34 meters
[controller-2] [INFO] [1744588150.077377074] [drone_home1.controller]: Bearing: 262.53°
[controller-2] [INFO] [1744588150.078437055] [drone_home1.controller]: Going to [(29.639567, -82.361102)]: 9269817.34 meters
[controller-2] [INFO] [1744588150.177434880] [drone_home1.controller]: Bearing: 262.53°
[controller-2] [INFO] [1744588150.180337475] [drone_home1.controller]: Going to [(29.639567, -82.361102)]: 9269817.34 meters
[controller-2] [INFO] [1744588150.276563650] [drone_home1.controller]: Bearing: 262.53°
[controller-2] [INFO] [1744588150.277584750] [drone_home1.controller]: Going to [(29.639567, -82.361102)]: 9269817.34 meters
[controller-2] [INFO] [1744588150.376524142] [drone_home1.controller]: Bearing: 262.53°
[controller-2] [INFO] [1744588150.377460185] [drone_home1.controller]: Going to [(29.639567, -82.361102)]: 9269817.34 meters
[controller-2] [INFO] [1744588150.479203643] [drone_home1.controller]: Bearing: 262.53°
[controller-2] [INFO] [1744588150.481431159] [drone_home1.controller]: Going to [(29.639567, -82.361102)]: 9269817.34 meters
[controller-2] [INFO] [1744588150.577725334] [drone_home1.controller]: Bearing: 262.53°
[controller-2] [INFO] [1744588150.580375894] [drone_home1.controller]: Going to [(29.639567, -82.361102)]: 9269817.34 meters
[controller-2] [INFO] [1744588150.677385950] [drone_home1.controller]: Bearing: 262.53°
[controller-2] [INFO] [1744588150.679449368] [drone_home1.controller]: Going to [(29.639567, -82.361102)]: 9269817.34 meters
[controller-2] [INFO] [1744588150.776620162] [drone_home1.controller]: Bearing: 262.53°
[controller-2] [INFO] [1744588150.777635566] [drone_home1.controller]: Going to [(29.639567, -82.361102)]: 9269817.34 meters
[controller-2] [INFO] [1744588150.876899538] [drone_home1.controller]: Bearing: 262.53°
[controller-2] [INFO] [1744588150.878431461] [drone_home1.controller]: Going to [(29.639567, -82.361102)]: 9269817.34 meters
[controller-2] [INFO] [1744588150.977572775] [drone_home1.controller]: Bearing: 262.53°
[controller-2] [INFO] [1744588150.978516594] [drone_home1.controller]: Going to [(29.639567, -82.361102)]: 9269817.34 meters
[controller-2] [INFO] [1744588151.077510931] [drone_home1.controller]: Bearing: 262.53°
[controller-2] [INFO] [1744588151.078683074] [drone_home1.controller]: Going to [(29.639567, -82.361102)]: 9269817.34 meters
[controller-2] [INFO] [1744588151.177282206] [drone_home1.controller]: Bearing: 262.53°
[controller-2] [INFO] [1744588151.178160041] [drone_home1.controller]: Going to [(29.639567, -82.361102)]: 9269817.34 meters
[controller-2] [INFO] [1744588151.277423278] [drone_home1.controller]: Bearing: 262.53°
[controller-2] [INFO] [1744588151.278367034] [drone_home1.controller]: Going to [(29.639567, -82.361102)]: 9269817.34 meters
[controller-2] [INFO] [1744588151.376472400] [drone_home1.controller]: Bearing: 262.53°
[controller-2] [INFO] [1744588151.377761248] [drone_home1.controller]: Going to [(29.639567, -82.361102)]: 9269817.34 meters
[controller-2] [INFO] [1744588151.476773602] [drone_home1.controller]: Bearing: 262.53°
[controller-2] [INFO] [1744588151.477817935] [drone_home1.controller]: Going to [(29.639567, -82.361102)]: 9269817.34 meters
[controller-2] [INFO] [1744588151.576552845] [drone_home1.controller]: Bearing: 262.53°
[controller-2] [INFO] [1744588151.579289359] [drone_home1.controller]: Going to [(29.639567, -82.361102)]: 9269817.34 meters
[controller-2] [INFO] [1744588151.677239651] [drone_home1.controller]: Bearing: 262.53°
[controller-2] [INFO] [1744588151.678138382] [drone_home1.controller]: Going to [(29.639567, -82.361102)]: 9269817.34 meters
[controller-2] [INFO] [1744588151.777422227] [drone_home1.controller]: Bearing: 262.53°
[controller-2] [INFO] [1744588151.778350303] [drone_home1.controller]: Going to [(29.639567, -82.361102)]: 9269817.34 meters
[controller-2] [INFO] [1744588151.876626679] [drone_home1.controller]: Bearing: 262.53°
[controller-2] [INFO] [1744588151.877723429] [drone_home1.controller]: Going to [(29.639567, -82.361102)]: 9269817.34 meters
[controller-2] [INFO] [1744588151.977163884] [drone_home1.controller]: Bearing: 262.53°
[controller-2] [INFO] [1744588151.978034967] [drone_home1.controller]: Going to [(29.639567, -82.361102)]: 9269817.34 meters
[controller-2] [INFO] [1744588152.076485106] [drone_home1.controller]: Bearing: 262.53°
[controller-2] [INFO] [1744588152.077512543] [drone_home1.controller]: Going to [(29.639567, -82.361102)]: 9269817.34 meters
[controller-2] [INFO] [1744588152.177278539] [drone_home1.controller]: Bearing: 262.53°
[controller-2] [INFO] [1744588152.179835466] [drone_home1.controller]: Going to [(29.639567, -82.361102)]: 9269817.34 meters
[controller-2] [INFO] [1744588152.277252538] [drone_home1.controller]: Bearing: 262.53°
[controller-2] [INFO] [1744588152.278138917] [drone_home1.controller]: Going to [(29.639567, -82.361102)]: 9269817.34 meters
[controller-2] [INFO] [1744588152.376588033] [drone_home1.controller]: Bearing: 262.53°
[controller-2] [INFO] [1744588152.377482028] [drone_home1.controller]: Going to [(29.639567, -82.361102)]: 9269817.34 meters
[controller-2] [INFO] [1744588152.476864435] [drone_home1.controller]: Bearing: 262.53°
[controller-2] [INFO] [1744588152.477857503] [drone_home1.controller]: Going to [(29.639567, -82.361102)]: 9269817.34 meters
[controller-2] [INFO] [1744588152.576728064] [drone_home1.controller]: Bearing: 262.53°
[controller-2] [INFO] [1744588152.578177458] [drone_home1.controller]: Going to [(29.639567, -82.361102)]: 9269817.34 meters
[controller-2] [INFO] [1744588152.676588782] [drone_home1.controller]: Bearing: 262.53°
[controller-2] [INFO] [1744588152.677924766] [drone_home1.controller]: Going to [(29.639567, -82.361102)]: 9269817.34 meters
[controller-2] [INFO] [1744588152.776606717] [drone_home1.controller]: Bearing: 262.53°
[controller-2] [INFO] [1744588152.777607721] [drone_home1.controller]: Going to [(29.639567, -82.361102)]: 9269817.34 meters
[controller-2] [INFO] [1744588152.876678957] [drone_home1.controller]: Bearing: 262.53°
[controller-2] [INFO] [1744588152.877677369] [drone_home1.controller]: Going to [(29.639567, -82.361102)]: 9269817.34 meters
[controller-2] [INFO] [1744588152.977813322] [drone_home1.controller]: Bearing: 262.53°
[controller-2] [INFO] [1744588152.980366441] [drone_home1.controller]: Going to [(29.639567, -82.361102)]: 9269817.34 meters
[controller-2] [INFO] [1744588153.079440910] [drone_home1.controller]: Bearing: 262.53°
[controller-2] [INFO] [1744588153.082526388] [drone_home1.controller]: Going to [(29.639567, -82.361102)]: 9269817.34 meters
[controller-2] [INFO] [1744588153.177504646] [drone_home1.controller]: Bearing: 262.53°
[controller-2] [INFO] [1744588153.179087194] [drone_home1.controller]: Going to [(29.639567, -82.361102)]: 9269817.34 meters
[controller-2] [INFO] [1744588153.277691161] [drone_home1.controller]: Bearing: 262.53°
[controller-2] [INFO] [1744588153.280975745] [drone_home1.controller]: Going to [(29.639567, -82.361102)]: 9269817.34 meters
[controller-2] [INFO] [1744588153.376770749] [drone_home1.controller]: Bearing: 262.53°
[controller-2] [INFO] [1744588153.379655233] [drone_home1.controller]: Going to [(29.639567, -82.361102)]: 9269817.34 meters
[controller-2] [INFO] [1744588153.477209107] [drone_home1.controller]: Bearing: 262.53°
[controller-2] [INFO] [1744588153.478635493] [drone_home1.controller]: Going to [(29.639567, -82.361102)]: 9269817.34 meters
[controller-2] [INFO] [1744588153.577482055] [drone_home1.controller]: Bearing: 262.53°
[controller-2] [INFO] [1744588153.579654049] [drone_home1.controller]: Going to [(29.639567, -82.361102)]: 9269817.34 meters
[controller-2] [INFO] [1744588153.677565656] [drone_home1.controller]: Bearing: 262.53°
[controller-2] [INFO] [1744588153.679481967] [drone_home1.controller]: Going to [(29.639567, -82.361102)]: 9269817.34 meters
[controller-2] [INFO] [1744588153.778100815] [drone_home1.controller]: Bearing: 262.53°
[controller-2] [INFO] [1744588153.779696866] [drone_home1.controller]: Going to [(29.639567, -82.361102)]: 9269817.34 meters
[controller-2] [INFO] [1744588153.877348470] [drone_home1.controller]: Bearing: 262.53°
[controller-2] [INFO] [1744588153.879338510] [drone_home1.controller]: Going to [(29.639567, -82.361102)]: 9269817.34 meters
[controller-2] [INFO] [1744588153.977418119] [drone_home1.controller]: Bearing: 262.53°
[controller-2] [INFO] [1744588153.978981018] [drone_home1.controller]: Going to [(29.639567, -82.361102)]: 9269817.34 meters
[controller-2] [INFO] [1744588154.077371735] [drone_home1.controller]: Bearing: 262.53°
[controller-2] [INFO] [1744588154.079334543] [drone_home1.controller]: Going to [(29.639567, -82.361102)]: 9269817.34 meters
[controller-2] [INFO] [1744588154.177460010] [drone_home1.controller]: Bearing: 262.53°
[controller-2] [INFO] [1744588154.180072874] [drone_home1.controller]: Going to [(29.639567, -82.361102)]: 9269817.34 meters
[controller-2] [INFO] [1744588154.277791999] [drone_home1.controller]: Bearing: 262.53°
[controller-2] [INFO] [1744588154.279360114] [drone_home1.controller]: Going to [(29.639567, -82.361102)]: 9269817.34 meters
[controller-2] [INFO] [1744588154.378335095] [drone_home1.controller]: Bearing: 262.53°
[controller-2] [INFO] [1744588154.380459313] [drone_home1.controller]: Going to [(29.639567, -82.361102)]: 9269817.34 meters
[controller-2] [INFO] [1744588154.477888995] [drone_home1.controller]: Bearing: 262.53°
[controller-2] [INFO] [1744588154.479788442] [drone_home1.controller]: Going to [(29.639567, -82.361102)]: 9269817.34 meters
[controller-2] [INFO] [1744588154.577674674] [drone_home1.controller]: Bearing: 262.53°
[controller-2] [INFO] [1744588154.579401127] [drone_home1.controller]: Going to [(29.639567, -82.361102)]: 9269817.34 meters
[controller-2] [INFO] [1744588154.677420384] [drone_home1.controller]: Bearing: 262.53°
[controller-2] [INFO] [1744588154.678981939] [drone_home1.controller]: Going to [(29.639567, -82.361102)]: 9269817.34 meters
[controller-2] [INFO] [1744588154.777826166] [drone_home1.controller]: Bearing: 262.53°
[controller-2] [INFO] [1744588154.780892508] [drone_home1.controller]: Going to [(29.639567, -82.361102)]: 9269817.34 meters
[controller-2] [INFO] [1744588154.876628889] [drone_home1.controller]: Bearing: 262.53°
[controller-2] [INFO] [1744588154.877625797] [drone_home1.controller]: Going to [(29.639567, -82.361102)]: 9269817.34 meters
[controller-2] [INFO] [1744588154.977089392] [drone_home1.controller]: Bearing: 262.53°
[controller-2] [INFO] [1744588154.978043707] [drone_home1.controller]: Going to [(29.639567, -82.361102)]: 9269817.34 meters
[controller-2] [INFO] [1744588155.076678429] [drone_home1.controller]: Bearing: 262.53°
[controller-2] [INFO] [1744588155.077714698] [drone_home1.controller]: Going to [(29.639567, -82.361102)]: 9269817.34 meters
[controller-2] [INFO] [1744588155.176625103] [drone_home1.controller]: Bearing: 262.53°
[controller-2] [INFO] [1744588155.177650523] [drone_home1.controller]: Going to [(29.639567, -82.361102)]: 9269817.34 meters
[controller-2] [INFO] [1744588155.278772828] [drone_home1.controller]: Bearing: 262.53°
[controller-2] [INFO] [1744588155.280078892] [drone_home1.controller]: Going to [(29.639567, -82.361102)]: 9269817.34 meters
[controller-2] [INFO] [1744588155.377393949] [drone_home1.controller]: Bearing: 262.53°
[controller-2] [INFO] [1744588155.378935536] [drone_home1.controller]: Going to [(29.639567, -82.361102)]: 9269817.34 meters
[controller-2] [INFO] [1744588155.477371023] [drone_home1.controller]: Bearing: 262.53°
[controller-2] [INFO] [1744588155.478957123] [drone_home1.controller]: Going to [(29.639567, -82.361102)]: 9269817.34 meters
[controller-2] [INFO] [1744588155.577670661] [drone_home1.controller]: Bearing: 262.53°
[controller-2] [INFO] [1744588155.580094371] [drone_home1.controller]: Going to [(29.639567, -82.361102)]: 9269817.34 meters
[controller-2] [INFO] [1744588155.677444469] [drone_home1.controller]: Bearing: 262.53°
[controller-2] [INFO] [1744588155.679135402] [drone_home1.controller]: Going to [(29.639567, -82.361102)]: 9269817.34 meters
[controller-2] [INFO] [1744588155.777983982] [drone_home1.controller]: Bearing: 262.53°
[controller-2] [INFO] [1744588155.779392320] [drone_home1.controller]: Going to [(29.639567, -82.361102)]: 9269817.34 meters
[controller-2] [INFO] [1744588155.877521787] [drone_home1.controller]: Bearing: 262.53°
[controller-2] [INFO] [1744588155.879129775] [drone_home1.controller]: Going to [(29.639567, -82.361102)]: 9269817.34 meters
[controller-2] [INFO] [1744588155.977496589] [drone_home1.controller]: Bearing: 262.53°
[controller-2] [INFO] [1744588155.979073505] [drone_home1.controller]: Going to [(29.639567, -82.361102)]: 9269817.34 meters
[controller-2] [INFO] [1744588156.079054036] [drone_home1.controller]: Bearing: 262.53°
[controller-2] [INFO] [1744588156.081668308] [drone_home1.controller]: Going to [(29.639567, -82.361102)]: 9269817.34 meters
[controller-2] [INFO] [1744588156.177454707] [drone_home1.controller]: Bearing: 262.53°
[controller-2] [INFO] [1744588156.179354859] [drone_home1.controller]: Going to [(29.639567, -82.361102)]: 9269817.34 meters
[controller-2] [INFO] [1744588156.277387110] [drone_home1.controller]: Bearing: 262.53°
[controller-2] [INFO] [1744588156.279920037] [drone_home1.controller]: Going to [(29.639567, -82.361102)]: 9269817.34 meters
[controller-2] [INFO] [1744588156.377370522] [drone_home1.controller]: Bearing: 262.53°
[controller-2] [INFO] [1744588156.379511604] [drone_home1.controller]: Going to [(29.639567, -82.361102)]: 9269817.34 meters
[controller-2] [INFO] [1744588156.476753702] [drone_home1.controller]: Bearing: 262.53°
[controller-2] [INFO] [1744588156.478165687] [drone_home1.controller]: Going to [(29.639567, -82.361102)]: 9269817.34 meters
[controller-2] [INFO] [1744588156.576491670] [drone_home1.controller]: Bearing: 262.53°
[controller-2] [INFO] [1744588156.577457122] [drone_home1.controller]: Going to [(29.639567, -82.361102)]: 9269817.34 meters
[controller-2] [INFO] [1744588156.676546730] [drone_home1.controller]: Bearing: 262.53°
[controller-2] [INFO] [1744588156.677503798] [drone_home1.controller]: Going to [(29.639567, -82.361102)]: 9269817.34 meters
[controller-2] [INFO] [1744588156.777235046] [drone_home1.controller]: Bearing: 262.53°
[controller-2] [INFO] [1744588156.778109105] [drone_home1.controller]: Going to [(29.639567, -82.361102)]: 9269817.34 meters
[controller-2] [INFO] [1744588156.877253946] [drone_home1.controller]: Bearing: 262.53°
[controller-2] [INFO] [1744588156.880443841] [drone_home1.controller]: Going to [(29.639567, -82.361102)]: 9269817.34 meters
[controller-2] [INFO] [1744588156.977324462] [drone_home1.controller]: Bearing: 262.53°
[controller-2] [INFO] [1744588156.978323611] [drone_home1.controller]: Going to [(29.639567, -82.361102)]: 9269817.34 meters
[controller-2] [INFO] [1744588157.078860822] [drone_home1.controller]: Bearing: 262.53°
[controller-2] [INFO] [1744588157.081142322] [drone_home1.controller]: Going to [(29.639567, -82.361102)]: 9269817.34 meters
[controller-2] [INFO] [1744588157.177547706] [drone_home1.controller]: Bearing: 262.53°
[controller-2] [INFO] [1744588157.178514694] [drone_home1.controller]: Going to [(29.639567, -82.361102)]: 9269817.34 meters
[controller-2] [INFO] [1744588157.277312780] [drone_home1.controller]: Bearing: 262.53°
[controller-2] [INFO] [1744588157.278465786] [drone_home1.controller]: Going to [(29.639567, -82.361102)]: 9269817.34 meters
[controller-2] [INFO] [1744588157.377245984] [drone_home1.controller]: Bearing: 262.53°
[controller-2] [INFO] [1744588157.379722303] [drone_home1.controller]: Going to [(29.639567, -82.361102)]: 9269817.34 meters
[controller-2] [INFO] [1744588157.476983345] [drone_home1.controller]: Bearing: 262.53°
[controller-2] [INFO] [1744588157.478036318] [drone_home1.controller]: Going to [(29.639567, -82.361102)]: 9269817.34 meters
[controller-2] [INFO] [1744588157.577437324] [drone_home1.controller]: Bearing: 262.53°
[controller-2] [INFO] [1744588157.578671131] [drone_home1.controller]: Going to [(29.639567, -82.361102)]: 9269817.34 meters
[controller-2] [INFO] [1744588157.677443328] [drone_home1.controller]: Bearing: 262.53°
[controller-2] [INFO] [1744588157.679209238] [drone_home1.controller]: Going to [(29.639567, -82.361102)]: 9269817.34 meters
[controller-2] [INFO] [1744588157.777268211] [drone_home1.controller]: Bearing: 262.53°
[controller-2] [INFO] [1744588157.778161918] [drone_home1.controller]: Going to [(29.639567, -82.361102)]: 9269817.34 meters
[controller-2] [INFO] [1744588157.876708385] [drone_home1.controller]: Bearing: 262.53°
[controller-2] [INFO] [1744588157.877742573] [drone_home1.controller]: Going to [(29.639567, -82.361102)]: 9269817.34 meters
[controller-2] [INFO] [1744588157.976576500] [drone_home1.controller]: Bearing: 262.53°
[controller-2] [INFO] [1744588157.977488447] [drone_home1.controller]: Going to [(29.639567, -82.361102)]: 9269817.34 meters
[controller-2] [INFO] [1744588158.076537801] [drone_home1.controller]: Bearing: 262.53°
[controller-2] [INFO] [1744588158.077507733] [drone_home1.controller]: Going to [(29.639567, -82.361102)]: 9269817.34 meters
[controller-2] [INFO] [1744588158.177306952] [drone_home1.controller]: Bearing: 262.53°
[controller-2] [INFO] [1744588158.180126315] [drone_home1.controller]: Going to [(29.639567, -82.361102)]: 9269817.34 meters
[controller-2] [INFO] [1744588158.276620213] [drone_home1.controller]: Bearing: 262.53°
[controller-2] [INFO] [1744588158.277551905] [drone_home1.controller]: Going to [(29.639567, -82.361102)]: 9269817.34 meters
[controller-2] [INFO] [1744588158.377264051] [drone_home1.controller]: Bearing: 262.53°
[controller-2] [INFO] [1744588158.380338041] [drone_home1.controller]: Going to [(29.639567, -82.361102)]: 9269817.34 meters
[controller-2] [INFO] [1744588158.477527468] [drone_home1.controller]: Bearing: 262.53°
[controller-2] [INFO] [1744588158.479105535] [drone_home1.controller]: Going to [(29.639567, -82.361102)]: 9269817.34 meters
[controller-2] [INFO] [1744588158.576742872] [drone_home1.controller]: Bearing: 262.53°
[controller-2] [INFO] [1744588158.577697572] [drone_home1.controller]: Going to [(29.639567, -82.361102)]: 9269817.34 meters
[controller-2] [INFO] [1744588158.676604300] [drone_home1.controller]: Bearing: 262.53°
[controller-2] [INFO] [1744588158.677695001] [drone_home1.controller]: Going to [(29.639567, -82.361102)]: 9269817.34 meters
[controller-2] [INFO] [1744588158.777908050] [drone_home1.controller]: Bearing: 262.53°
[controller-2] [INFO] [1744588158.778989919] [drone_home1.controller]: Going to [(29.639567, -82.361102)]: 9269817.34 meters
[controller-2] [INFO] [1744588158.877670693] [drone_home1.controller]: Bearing: 262.53°
[controller-2] [INFO] [1744588158.878613232] [drone_home1.controller]: Going to [(29.639567, -82.361102)]: 9269817.34 meters
[controller-2] [INFO] [1744588158.977413111] [drone_home1.controller]: Bearing: 262.53°
[controller-2] [INFO] [1744588158.978329346] [drone_home1.controller]: Going to [(29.639567, -82.361102)]: 9269817.34 meters
[controller-2] [INFO] [1744588159.077428750] [drone_home1.controller]: Bearing: 262.53°
[controller-2] [INFO] [1744588159.078886688] [drone_home1.controller]: Going to [(29.639567, -82.361102)]: 9269817.34 meters
[controller-2] [INFO] [1744588159.177318275] [drone_home1.controller]: Bearing: 262.53°
[controller-2] [INFO] [1744588159.178305839] [drone_home1.controller]: Going to [(29.639567, -82.361102)]: 9269817.34 meters
[controller-2] [INFO] [1744588159.277194713] [drone_home1.controller]: Bearing: 262.53°
[controller-2] [INFO] [1744588159.278067299] [drone_home1.controller]: Going to [(29.639567, -82.361102)]: 9269817.34 meters
[controller-2] [INFO] [1744588159.377442674] [drone_home1.controller]: Bearing: 262.53°
[controller-2] [INFO] [1744588159.378316157] [drone_home1.controller]: Going to [(29.639567, -82.361102)]: 9269817.34 meters
[controller-2] [INFO] [1744588159.477225798] [drone_home1.controller]: Bearing: 262.53°
[controller-2] [INFO] [1744588159.478236627] [drone_home1.controller]: Going to [(29.639567, -82.361102)]: 9269817.34 meters
[controller-2] [INFO] [1744588159.577051291] [drone_home1.controller]: Bearing: 262.53°
[controller-2] [INFO] [1744588159.578393004] [drone_home1.controller]: Going to [(29.639567, -82.361102)]: 9269817.34 meters
[controller-2] [INFO] [1744588159.677697850] [drone_home1.controller]: Bearing: 262.53°
[controller-2] [INFO] [1744588159.679286030] [drone_home1.controller]: Going to [(29.639567, -82.361102)]: 9269817.34 meters
[controller-2] [INFO] [1744588159.777379661] [drone_home1.controller]: Bearing: 262.53°
[controller-2] [INFO] [1744588159.780473267] [drone_home1.controller]: Going to [(29.639567, -82.361102)]: 9269817.34 meters
[controller-2] [INFO] [1744588159.876929054] [drone_home1.controller]: Bearing: 262.53°
[controller-2] [INFO] [1744588159.881264308] [drone_home1.controller]: Going to [(29.639567, -82.361102)]: 9269817.34 meters
[controller-2] [INFO] [1744588159.977558973] [drone_home1.controller]: Bearing: 262.53°
[controller-2] [INFO] [1744588159.979081743] [drone_home1.controller]: Going to [(29.639567, -82.361102)]: 9269817.34 meters
[controller-2] [INFO] [1744588160.076679113] [drone_home1.controller]: Bearing: 262.53°
[controller-2] [INFO] [1744588160.077674358] [drone_home1.controller]: Going to [(29.639567, -82.361102)]: 9269817.34 meters
[controller-2] [INFO] [1744588160.178266581] [drone_home1.controller]: Bearing: 262.53°
[controller-2] [INFO] [1744588160.179881577] [drone_home1.controller]: Going to [(29.639567, -82.361102)]: 9269817.34 meters
[controller-2] [INFO] [1744588160.277385026] [drone_home1.controller]: Bearing: 262.53°
[controller-2] [INFO] [1744588160.278971893] [drone_home1.controller]: Going to [(29.639567, -82.361102)]: 9269817.34 meters
[controller-2] [INFO] [1744588160.377433722] [drone_home1.controller]: Bearing: 262.53°
[controller-2] [INFO] [1744588160.378985517] [drone_home1.controller]: Going to [(29.639567, -82.361102)]: 9269817.34 meters
[controller-2] [INFO] [1744588160.477634836] [drone_home1.controller]: Bearing: 262.53°
[controller-2] [INFO] [1744588160.479673678] [drone_home1.controller]: Going to [(29.639567, -82.361102)]: 9269817.34 meters
[controller-2] [INFO] [1744588160.577420138] [drone_home1.controller]: Bearing: 262.53°
[controller-2] [INFO] [1744588160.578989021] [drone_home1.controller]: Going to [(29.639567, -82.361102)]: 9269817.34 meters
[controller-2] [INFO] [1744588160.677421890] [drone_home1.controller]: Bearing: 262.53°
[controller-2] [INFO] [1744588160.680075042] [drone_home1.controller]: Going to [(29.639567, -82.361102)]: 9269817.34 meters
[controller-2] [INFO] [1744588160.777375961] [drone_home1.controller]: Bearing: 262.53°
[controller-2] [INFO] [1744588160.778965933] [drone_home1.controller]: Going to [(29.639567, -82.361102)]: 9269817.34 meters
[controller-2] [INFO] [1744588160.876540326] [drone_home1.controller]: Bearing: 262.53°
[controller-2] [INFO] [1744588160.877599155] [drone_home1.controller]: Going to [(29.639567, -82.361102)]: 9269817.34 meters
[controller-2] [INFO] [1744588160.976847330] [drone_home1.controller]: Bearing: 262.53°
[controller-2] [INFO] [1744588160.978372597] [drone_home1.controller]: Going to [(29.639567, -82.361102)]: 9269817.34 meters
[controller-2] [INFO] [1744588161.076574071] [drone_home1.controller]: Bearing: 262.53°
[controller-2] [INFO] [1744588161.078075658] [drone_home1.controller]: Going to [(29.639567, -82.361102)]: 9269817.34 meters
[controller-2] [INFO] [1744588161.176832755] [drone_home1.controller]: Bearing: 262.53°
[controller-2] [INFO] [1744588161.179206577] [drone_home1.controller]: Going to [(29.639567, -82.361102)]: 9269817.34 meters
[controller-2] [INFO] [1744588161.277998811] [drone_home1.controller]: Bearing: 262.53°
[controller-2] [INFO] [1744588161.279574702] [drone_home1.controller]: Going to [(29.639567, -82.361102)]: 9269817.34 meters
[controller-2] [INFO] [1744588161.376647747] [drone_home1.controller]: Bearing: 262.53°
[controller-2] [INFO] [1744588161.378074132] [drone_home1.controller]: Going to [(29.639567, -82.361102)]: 9269817.34 meters
[controller-2] [INFO] [1744588161.476652348] [drone_home1.controller]: Bearing: 262.53°
[controller-2] [INFO] [1744588161.479236828] [drone_home1.controller]: Going to [(29.639567, -82.361102)]: 9269817.34 meters
[controller-2] [INFO] [1744588161.577301820] [drone_home1.controller]: Bearing: 262.53°
[controller-2] [INFO] [1744588161.578880592] [drone_home1.controller]: Going to [(29.639567, -82.361102)]: 9269817.34 meters
[controller-2] [INFO] [1744588161.677460055] [drone_home1.controller]: Bearing: 262.53°
[controller-2] [INFO] [1744588161.678379587] [drone_home1.controller]: Going to [(29.639567, -82.361102)]: 9269817.34 meters
[controller-2] [INFO] [1744588161.777478416] [drone_home1.controller]: Bearing: 262.53°
[controller-2] [INFO] [1744588161.779052740] [drone_home1.controller]: Going to [(29.639567, -82.361102)]: 9269817.34 meters
[controller-2] [INFO] [1744588161.876787009] [drone_home1.controller]: Bearing: 262.53°
[controller-2] [INFO] [1744588161.880817875] [drone_home1.controller]: Going to [(29.639567, -82.361102)]: 9269817.34 meters
[controller-2] [INFO] [1744588161.977610820] [drone_home1.controller]: Bearing: 262.53°
[controller-2] [INFO] [1744588161.979177111] [drone_home1.controller]: Going to [(29.639567, -82.361102)]: 9269817.34 meters
[controller-2] [INFO] [1744588162.077642910] [drone_home1.controller]: Bearing: 262.53°
[controller-2] [INFO] [1744588162.079773240] [drone_home1.controller]: Going to [(29.639567, -82.361102)]: 9269817.34 meters
[controller-2] [INFO] [1744588162.177450549] [drone_home1.controller]: Bearing: 262.53°
[controller-2] [INFO] [1744588162.178991496] [drone_home1.controller]: Going to [(29.639567, -82.361102)]: 9269817.34 meters
[controller-2] [INFO] [1744588162.277900437] [drone_home1.controller]: Bearing: 262.53°
[controller-2] [INFO] [1744588162.278845632] [drone_home1.controller]: Going to [(29.639567, -82.361102)]: 9269817.34 meters
[controller-2] [INFO] [1744588162.376698240] [drone_home1.controller]: Bearing: 262.53°
[controller-2] [INFO] [1744588162.378090929] [drone_home1.controller]: Going to [(29.639567, -82.361102)]: 9269817.34 meters
[controller-2] [INFO] [1744588162.477313505] [drone_home1.controller]: Bearing: 262.53°
[controller-2] [INFO] [1744588162.478868404] [drone_home1.controller]: Going to [(29.639567, -82.361102)]: 9269817.34 meters
[controller-2] [INFO] [1744588162.577469437] [drone_home1.controller]: Bearing: 262.53°
[controller-2] [INFO] [1744588162.579046161] [drone_home1.controller]: Going to [(29.639567, -82.361102)]: 9269817.34 meters
[controller-2] [INFO] [1744588162.678608101] [drone_home1.controller]: Bearing: 262.53°
[controller-2] [INFO] [1744588162.680555517] [drone_home1.controller]: Going to [(29.639567, -82.361102)]: 9269817.34 meters
[controller-2] [INFO] [1744588162.777460657] [drone_home1.controller]: Bearing: 262.53°
[controller-2] [INFO] [1744588162.778433789] [drone_home1.controller]: Going to [(29.639567, -82.361102)]: 9269817.34 meters
[controller-2] [INFO] [1744588162.877194471] [drone_home1.controller]: Bearing: 262.53°
[controller-2] [INFO] [1744588162.878555416] [drone_home1.controller]: Going to [(29.639567, -82.361102)]: 9269817.34 meters
[controller-2] [INFO] [1744588162.977484613] [drone_home1.controller]: Bearing: 262.53°
[controller-2] [INFO] [1744588162.979067448] [drone_home1.controller]: Going to [(29.639567, -82.361102)]: 9269817.34 meters
[controller-2] [INFO] [1744588163.077195804] [drone_home1.controller]: Bearing: 262.53°
[controller-2] [INFO] [1744588163.078471148] [drone_home1.controller]: Going to [(29.639567, -82.361102)]: 9269817.34 meters
[controller-2] [INFO] [1744588163.176571759] [drone_home1.controller]: Bearing: 262.53°
[controller-2] [INFO] [1744588163.180394526] [drone_home1.controller]: Going to [(29.639567, -82.361102)]: 9269817.34 meters
[controller-2] [INFO] [1744588163.276841453] [drone_home1.controller]: Bearing: 262.53°
[controller-2] [INFO] [1744588163.277879866] [drone_home1.controller]: Going to [(29.639567, -82.361102)]: 9269817.34 meters
[controller-2] [INFO] [1744588163.378278042] [drone_home1.controller]: Bearing: 262.53°
[controller-2] [INFO] [1744588163.379849165] [drone_home1.controller]: Going to [(29.639567, -82.361102)]: 9269817.34 meters
[controller-2] [INFO] [1744588163.480238669] [drone_home1.controller]: Bearing: 262.53°
[controller-2] [INFO] [1744588163.483683288] [drone_home1.controller]: Going to [(29.639567, -82.361102)]: 9269817.34 meters
[controller-2] [INFO] [1744588163.577346404] [drone_home1.controller]: Bearing: 262.53°
[controller-2] [INFO] [1744588163.578936024] [drone_home1.controller]: Going to [(29.639567, -82.361102)]: 9269817.34 meters
[controller-2] [INFO] [1744588163.677463104] [drone_home1.controller]: Bearing: 262.53°
[controller-2] [INFO] [1744588163.679232694] [drone_home1.controller]: Going to [(29.639567, -82.361102)]: 9269817.34 meters
[controller-2] [INFO] [1744588163.777407674] [drone_home1.controller]: Bearing: 262.53°
[controller-2] [INFO] [1744588163.778977742] [drone_home1.controller]: Going to [(29.639567, -82.361102)]: 9269817.34 meters
[controller-2] [INFO] [1744588163.877655352] [drone_home1.controller]: Bearing: 262.53°
[controller-2] [INFO] [1744588163.879232140] [drone_home1.controller]: Going to [(29.639567, -82.361102)]: 9269817.34 meters
[controller-2] [INFO] [1744588163.977903222] [drone_home1.controller]: Bearing: 262.53°
[controller-2] [INFO] [1744588163.979504106] [drone_home1.controller]: Going to [(29.639567, -82.361102)]: 9269817.34 meters
[controller-2] [INFO] [1744588164.077346091] [drone_home1.controller]: Bearing: 262.53°
[controller-2] [INFO] [1744588164.079072704] [drone_home1.controller]: Going to [(29.639567, -82.361102)]: 9269817.34 meters
[controller-2] [INFO] [1744588164.178332499] [drone_home1.controller]: Bearing: 262.53°
[controller-2] [INFO] [1744588164.180024296] [drone_home1.controller]: Going to [(29.639567, -82.361102)]: 9269817.34 meters
[controller-2] [INFO] [1744588164.277448356] [drone_home1.controller]: Bearing: 262.53°
[controller-2] [INFO] [1744588164.279523102] [drone_home1.controller]: Going to [(29.639567, -82.361102)]: 9269817.34 meters
[controller-2] [INFO] [1744588164.377654946] [drone_home1.controller]: Bearing: 262.53°
[controller-2] [INFO] [1744588164.379213078] [drone_home1.controller]: Going to [(29.639567, -82.361102)]: 9269817.34 meters
[controller-2] [INFO] [1744588164.477541533] [drone_home1.controller]: Bearing: 262.53°
[controller-2] [INFO] [1744588164.479110832] [drone_home1.controller]: Going to [(29.639567, -82.361102)]: 9269817.34 meters
[controller-2] [INFO] [1744588164.576885904] [drone_home1.controller]: Bearing: 262.53°
[controller-2] [INFO] [1744588164.579714036] [drone_home1.controller]: Going to [(29.639567, -82.361102)]: 9269817.34 meters
[controller-2] [INFO] [1744588164.676869676] [drone_home1.controller]: Bearing: 262.53°
[controller-2] [INFO] [1744588164.677885401] [drone_home1.controller]: Going to [(29.639567, -82.361102)]: 9269817.34 meters
[controller-2] [INFO] [1744588164.776546020] [drone_home1.controller]: Bearing: 262.53°
[controller-2] [INFO] [1744588164.778547517] [drone_home1.controller]: Going to [(29.639567, -82.361102)]: 9269817.34 meters
[controller-2] [INFO] [1744588164.876667649] [drone_home1.controller]: Bearing: 262.53°
[controller-2] [INFO] [1744588164.878421303] [drone_home1.controller]: Going to [(29.639567, -82.361102)]: 9269817.34 meters
[controller-2] [INFO] [1744588164.976912832] [drone_home1.controller]: Bearing: 262.53°
[controller-2] [INFO] [1744588164.978337394] [drone_home1.controller]: Going to [(29.639567, -82.361102)]: 9269817.34 meters
[controller-2] [INFO] [1744588165.076616921] [drone_home1.controller]: Bearing: 262.53°
[controller-2] [INFO] [1744588165.078484624] [drone_home1.controller]: Going to [(29.639567, -82.361102)]: 9269817.34 meters
[controller-2] [INFO] [1744588165.177600482] [drone_home1.controller]: Bearing: 262.53°
[controller-2] [INFO] [1744588165.179776221] [drone_home1.controller]: Going to [(29.639567, -82.361102)]: 9269817.34 meters
[controller-2] [INFO] [1744588165.277359708] [drone_home1.controller]: Bearing: 262.53°
[controller-2] [INFO] [1744588165.279122482] [drone_home1.controller]: Going to [(29.639567, -82.361102)]: 9269817.34 meters
[controller-2] [INFO] [1744588165.376497454] [drone_home1.controller]: Bearing: 262.53°
[controller-2] [INFO] [1744588165.378876524] [drone_home1.controller]: Going to [(29.639567, -82.361102)]: 9269817.34 meters
[controller-2] [INFO] [1744588165.476638093] [drone_home1.controller]: Bearing: 262.53°
[controller-2] [INFO] [1744588165.477883452] [drone_home1.controller]: Going to [(29.639567, -82.361102)]: 9269817.34 meters
[controller-2] [INFO] [1744588165.577314418] [drone_home1.controller]: Bearing: 262.53°
[controller-2] [INFO] [1744588165.578864581] [drone_home1.controller]: Going to [(29.639567, -82.361102)]: 9269817.34 meters
[controller-2] [INFO] [1744588165.677369295] [drone_home1.controller]: Bearing: 262.53°
[controller-2] [INFO] [1744588165.678899522] [drone_home1.controller]: Going to [(29.639567, -82.361102)]: 9269817.34 meters
[controller-2] [INFO] [1744588165.777694896] [drone_home1.controller]: Bearing: 262.53°
[controller-2] [INFO] [1744588165.779235395] [drone_home1.controller]: Going to [(29.639567, -82.361102)]: 9269817.34 meters
[controller-2] [INFO] [1744588165.877395977] [drone_home1.controller]: Bearing: 262.53°
[controller-2] [INFO] [1744588165.879075262] [drone_home1.controller]: Going to [(29.639567, -82.361102)]: 9269817.34 meters
[controller-2] [INFO] [1744588165.976787998] [drone_home1.controller]: Bearing: 262.53°
[controller-2] [INFO] [1744588165.978746871] [drone_home1.controller]: Going to [(29.639567, -82.361102)]: 9269817.34 meters
[controller-2] [INFO] [1744588166.076737915] [drone_home1.controller]: Bearing: 262.53°
[controller-2] [INFO] [1744588166.078258222] [drone_home1.controller]: Going to [(29.639567, -82.361102)]: 9269817.34 meters
[controller-2] [INFO] [1744588166.176652312] [drone_home1.controller]: Bearing: 262.53°
[controller-2] [INFO] [1744588166.178011657] [drone_home1.controller]: Going to [(29.639567, -82.361102)]: 9269817.34 meters
[controller-2] [INFO] [1744588166.276542228] [drone_home1.controller]: Bearing: 262.53°
[controller-2] [INFO] [1744588166.277496480] [drone_home1.controller]: Going to [(29.639567, -82.361102)]: 9269817.34 meters
[controller-2] [INFO] [1744588166.377391741] [drone_home1.controller]: Bearing: 262.53°
[controller-2] [INFO] [1744588166.380026141] [drone_home1.controller]: Going to [(29.639567, -82.361102)]: 9269817.34 meters
[controller-2] [INFO] [1744588166.477481116] [drone_home1.controller]: Bearing: 262.53°
[controller-2] [INFO] [1744588166.478987406] [drone_home1.controller]: Going to [(29.639567, -82.361102)]: 9269817.34 meters
[controller-2] [INFO] [1744588166.576750672] [drone_home1.controller]: Bearing: 262.53°
[controller-2] [INFO] [1744588166.578246051] [drone_home1.controller]: Going to [(29.639567, -82.361102)]: 9269817.34 meters
[controller-2] [INFO] [1744588166.677572664] [drone_home1.controller]: Bearing: 262.53°
[controller-2] [INFO] [1744588166.679590929] [drone_home1.controller]: Going to [(29.639567, -82.361102)]: 9269817.34 meters
[controller-2] [INFO] [1744588166.777787865] [drone_home1.controller]: Bearing: 262.53°
[controller-2] [INFO] [1744588166.780841375] [drone_home1.controller]: Going to [(29.639567, -82.361102)]: 9269817.34 meters
[controller-2] [INFO] [1744588166.877382577] [drone_home1.controller]: Bearing: 262.53°
[controller-2] [INFO] [1744588166.879568365] [drone_home1.controller]: Going to [(29.639567, -82.361102)]: 9269817.34 meters
[controller-2] [INFO] [1744588166.976654374] [drone_home1.controller]: Bearing: 262.53°
[controller-2] [INFO] [1744588166.979609707] [drone_home1.controller]: Going to [(29.639567, -82.361102)]: 9269817.34 meters
[controller-2] [INFO] [1744588167.077354701] [drone_home1.controller]: Bearing: 262.53°
[controller-2] [INFO] [1744588167.079694890] [drone_home1.controller]: Going to [(29.639567, -82.361102)]: 9269817.34 meters
