[INFO] [launch]: All log files can be found below /root/.ros/log/2025-04-13-15-52-22-370202-drone-home-276
[INFO] [launch]: Default logging verbosity is set to INFO
[INFO] [cv_controller-1]: process started with pid [278]
[INFO] [controller-2]: process started with pid [280]
[INFO] [pwm_publisher-3]: process started with pid [282]
[INFO] [gps_publisher-4]: process started with pid [284]
[INFO] [imu_publisher-5]: process started with pid [286]
[INFO] [drive_hardware-6]: process started with pid [288]
[cv_controller-1] [INFO] [1744573943.634588676] [drone_home1.sim]: CV Controller running
[gps_publisher-4] [INFO] [1744573943.843231902] [drone_home1.gps_publisher]: Connected GPS on /dev/ttyUSB0
[gps_publisher-4] [INFO] [1744573943.846444608] [drone_home1.gps_publisher]: GPS Initialized
[controller-2] [INFO] [1744573943.872094186] [drone_home1.controller]: Controller running
[imu_publisher-5] [INFO] [1744573945.157992274] [drone_home1.imu_publisher]: Calibration status: (False, 'Calibration (sys:0, gyro:0, accel:3, mag:0)')
[imu_publisher-5] [INFO] [1744573945.661688298] [drone_home1.imu_publisher]: Calibration status: (False, 'Calibration (sys:3, gyro:3, accel:3, mag:0)')
[imu_publisher-5] [INFO] [1744573946.166789784] [drone_home1.imu_publisher]: Calibration status: (False, 'Calibration (sys:3, gyro:3, accel:1, mag:0)')
[imu_publisher-5] [INFO] [1744573946.669819928] [drone_home1.imu_publisher]: Calibration status: (False, 'Calibration (sys:3, gyro:3, accel:1, mag:0)')
[imu_publisher-5] [INFO] [1744573947.175420364] [drone_home1.imu_publisher]: Calibration status: (False, 'Calibration (sys:3, gyro:3, accel:1, mag:0)')
[imu_publisher-5] [INFO] [1744573947.679088808] [drone_home1.imu_publisher]: Calibration status: (False, 'Calibration (sys:3, gyro:3, accel:1, mag:0)')
[imu_publisher-5] [INFO] [1744573948.183236393] [drone_home1.imu_publisher]: Calibration status: (False, 'Calibration (sys:3, gyro:3, accel:1, mag:0)')
[imu_publisher-5] [INFO] [1744573948.685694474] [drone_home1.imu_publisher]: Calibration status: (False, 'Calibration (sys:3, gyro:3, accel:1, mag:0)')
[imu_publisher-5] [INFO] [1744573949.188444051] [drone_home1.imu_publisher]: Calibration status: (False, 'Calibration (sys:3, gyro:3, accel:1, mag:0)')
[imu_publisher-5] [INFO] [1744573949.691818036] [drone_home1.imu_publisher]: Calibration status: (False, 'Calibration (sys:3, gyro:3, accel:1, mag:0)')
[imu_publisher-5] [INFO] [1744573950.194243725] [drone_home1.imu_publisher]: Calibration status: (False, 'Calibration (sys:3, gyro:3, accel:1, mag:0)')
[controller-2] [INFO] [1744573950.210877806] [drone_home1.controller]: Service request to change coordinate custom_messages.srv.SetCoordinate_Request(new_coordinate=sensor_msgs.msg.NavSatFix(header=std_msgs.msg.Header(stamp=builtin_interfaces.msg.Time(sec=0, nanosec=0), frame_id=''), status=sensor_msgs.msg.NavSatStatus(status=0, service=0), latitude=29.647124, longitude=-82.347037, altitude=0.0, position_covariance=array([0., 0., 0., 0., 0., 0., 0., 0., 0.]), position_covariance_type=0))
[controller-2] [INFO] [1744573950.211820000] [drone_home1.controller]: Waypoints now: [(29.647124, -82.347037)]
[drive_hardware-6] [INFO] [1744573950.371152965] [drone_home1.drive_hardware]: Service request to change drive mode custom_messages.srv.SetMode_Request(mode='automatic')
[drive_hardware-6] [INFO] [1744573950.373778744] [drone_home1.drive_hardware]: Drive mode now: automatic
[imu_publisher-5] [INFO] [1744573950.697287520] [drone_home1.imu_publisher]: Calibration status: (False, 'Calibration (sys:3, gyro:3, accel:1, mag:0)')
[imu_publisher-5] [INFO] [1744573951.199664857] [drone_home1.imu_publisher]: Calibration status: (False, 'Calibration (sys:3, gyro:3, accel:1, mag:0)')
[imu_publisher-5] [INFO] [1744573951.702086754] [drone_home1.imu_publisher]: Calibration status: (False, 'Calibration (sys:3, gyro:3, accel:1, mag:0)')
[imu_publisher-5] [INFO] [1744573952.204758411] [drone_home1.imu_publisher]: Calibration status: (False, 'Calibration (sys:3, gyro:3, accel:1, mag:0)')
[imu_publisher-5] [INFO] [1744573952.707187611] [drone_home1.imu_publisher]: Calibration status: (False, 'Calibration (sys:3, gyro:3, accel:1, mag:0)')
[imu_publisher-5] [INFO] [1744573953.210868965] [drone_home1.imu_publisher]: Calibration status: (False, 'Calibration (sys:3, gyro:3, accel:1, mag:0)')
[imu_publisher-5] [INFO] [1744573953.714646645] [drone_home1.imu_publisher]: Calibration status: (False, 'Calibration (sys:3, gyro:3, accel:1, mag:0)')
[imu_publisher-5] [INFO] [1744573954.217091196] [drone_home1.imu_publisher]: Calibration status: (False, 'Calibration (sys:3, gyro:3, accel:1, mag:0)')
[imu_publisher-5] [INFO] [1744573954.725564126] [drone_home1.imu_publisher]: Calibration status: (False, 'Calibration (sys:3, gyro:3, accel:1, mag:0)')
[imu_publisher-5] [INFO] [1744573955.228567964] [drone_home1.imu_publisher]: Calibration status: (False, 'Calibration (sys:3, gyro:3, accel:1, mag:0)')
[imu_publisher-5] [INFO] [1744573955.732570181] [drone_home1.imu_publisher]: Calibration status: (False, 'Calibration (sys:3, gyro:3, accel:1, mag:0)')
[imu_publisher-5] [INFO] [1744573956.235501397] [drone_home1.imu_publisher]: Calibration status: (False, 'Calibration (sys:3, gyro:3, accel:1, mag:0)')
[imu_publisher-5] [INFO] [1744573956.738198740] [drone_home1.imu_publisher]: Calibration status: (False, 'Calibration (sys:3, gyro:3, accel:1, mag:0)')
[imu_publisher-5] [INFO] [1744573957.241240149] [drone_home1.imu_publisher]: Calibration status: (False, 'Calibration (sys:3, gyro:3, accel:1, mag:0)')
[imu_publisher-5] [INFO] [1744573957.745177159] [drone_home1.imu_publisher]: Calibration status: (False, 'Calibration (sys:3, gyro:3, accel:1, mag:0)')
[imu_publisher-5] [INFO] [1744573958.248140850] [drone_home1.imu_publisher]: Calibration status: (False, 'Calibration (sys:3, gyro:3, accel:1, mag:0)')
[imu_publisher-5] [INFO] [1744573958.750667153] [drone_home1.imu_publisher]: Calibration status: (False, 'Calibration (sys:3, gyro:3, accel:1, mag:0)')
[imu_publisher-5] [INFO] [1744573959.253252061] [drone_home1.imu_publisher]: Calibration status: (False, 'Calibration (sys:3, gyro:3, accel:1, mag:0)')
[imu_publisher-5] [INFO] [1744573959.758680722] [drone_home1.imu_publisher]: Calibration status: (False, 'Calibration (sys:3, gyro:3, accel:1, mag:0)')
[imu_publisher-5] [INFO] [1744573960.261078936] [drone_home1.imu_publisher]: Calibration status: (False, 'Calibration (sys:3, gyro:3, accel:1, mag:0)')
[imu_publisher-5] [INFO] [1744573960.764728805] [drone_home1.imu_publisher]: Calibration status: (False, 'Calibration (sys:3, gyro:3, accel:1, mag:0)')
[imu_publisher-5] [INFO] [1744573961.267875110] [drone_home1.imu_publisher]: Calibration status: (False, 'Calibration (sys:3, gyro:3, accel:1, mag:0)')
[imu_publisher-5] [INFO] [1744573961.770973071] [drone_home1.imu_publisher]: Calibration status: (False, 'Calibration (sys:3, gyro:3, accel:1, mag:0)')
[imu_publisher-5] [INFO] [1744573962.274419931] [drone_home1.imu_publisher]: Calibration status: (False, 'Calibration (sys:3, gyro:3, accel:1, mag:0)')
[imu_publisher-5] [INFO] [1744573962.777098198] [drone_home1.imu_publisher]: Calibration status: (False, 'Calibration (sys:3, gyro:3, accel:1, mag:0)')
[imu_publisher-5] [INFO] [1744573963.280212411] [drone_home1.imu_publisher]: Calibration status: (False, 'Calibration (sys:3, gyro:3, accel:1, mag:0)')
[imu_publisher-5] [INFO] [1744573963.782849726] [drone_home1.imu_publisher]: Calibration status: (False, 'Calibration (sys:3, gyro:3, accel:1, mag:0)')
[imu_publisher-5] [INFO] [1744573964.285229484] [drone_home1.imu_publisher]: Calibration status: (False, 'Calibration (sys:3, gyro:3, accel:1, mag:0)')
[imu_publisher-5] [INFO] [1744573964.787896585] [drone_home1.imu_publisher]: Calibration status: (False, 'Calibration (sys:3, gyro:3, accel:1, mag:0)')
[imu_publisher-5] [INFO] [1744573965.291076893] [drone_home1.imu_publisher]: Calibration status: (False, 'Calibration (sys:3, gyro:3, accel:1, mag:0)')
[imu_publisher-5] [INFO] [1744573965.794289832] [drone_home1.imu_publisher]: Calibration status: (False, 'Calibration (sys:3, gyro:3, accel:1, mag:0)')
[imu_publisher-5] [INFO] [1744573966.297821839] [drone_home1.imu_publisher]: Calibration status: (False, 'Calibration (sys:3, gyro:3, accel:1, mag:0)')
[imu_publisher-5] [INFO] [1744573966.801195124] [drone_home1.imu_publisher]: Calibration status: (False, 'Calibration (sys:2, gyro:3, accel:1, mag:3)')
[imu_publisher-5] [INFO] [1744573967.303591250] [drone_home1.imu_publisher]: Calibration status: (False, 'Calibration (sys:2, gyro:3, accel:1, mag:3)')
[imu_publisher-5] [INFO] [1744573967.805786264] [drone_home1.imu_publisher]: Calibration status: (False, 'Calibration (sys:1, gyro:3, accel:1, mag:3)')
[imu_publisher-5] [INFO] [1744573968.308170180] [drone_home1.imu_publisher]: Calibration status: (False, 'Calibration (sys:0, gyro:3, accel:1, mag:3)')
[imu_publisher-5] [INFO] [1744573968.810138206] [drone_home1.imu_publisher]: Calibration status: (False, 'Calibration (sys:2, gyro:3, accel:1, mag:3)')
[imu_publisher-5] [INFO] [1744573969.312546054] [drone_home1.imu_publisher]: Calibration status: (False, 'Calibration (sys:3, gyro:3, accel:1, mag:3)')
[imu_publisher-5] [INFO] [1744573969.814827620] [drone_home1.imu_publisher]: Calibration status: (False, 'Calibration (sys:3, gyro:3, accel:1, mag:3)')
[imu_publisher-5] [INFO] [1744573970.317360884] [drone_home1.imu_publisher]: Calibration status: (False, 'Calibration (sys:3, gyro:3, accel:1, mag:3)')
[imu_publisher-5] [INFO] [1744573970.819700225] [drone_home1.imu_publisher]: Calibration status: (False, 'Calibration (sys:3, gyro:3, accel:1, mag:3)')
[imu_publisher-5] [INFO] [1744573971.322212804] [drone_home1.imu_publisher]: Calibration status: (False, 'Calibration (sys:3, gyro:3, accel:1, mag:3)')
[imu_publisher-5] [INFO] [1744573971.824923852] [drone_home1.imu_publisher]: Calibration status: (False, 'Calibration (sys:3, gyro:3, accel:1, mag:3)')
[imu_publisher-5] [INFO] [1744573972.327395597] [drone_home1.imu_publisher]: Calibration status: (False, 'Calibration (sys:3, gyro:3, accel:1, mag:3)')
[imu_publisher-5] [INFO] [1744573972.829861239] [drone_home1.imu_publisher]: Calibration status: (False, 'Calibration (sys:3, gyro:3, accel:1, mag:3)')
[imu_publisher-5] [INFO] [1744573973.332500354] [drone_home1.imu_publisher]: Calibration status: (False, 'Calibration (sys:3, gyro:3, accel:1, mag:3)')
[imu_publisher-5] [INFO] [1744573973.834811129] [drone_home1.imu_publisher]: Calibration status: (False, 'Calibration (sys:3, gyro:3, accel:1, mag:3)')
[imu_publisher-5] [INFO] [1744573974.337197460] [drone_home1.imu_publisher]: Calibration status: (False, 'Calibration (sys:3, gyro:3, accel:1, mag:3)')
[imu_publisher-5] [INFO] [1744573974.839700066] [drone_home1.imu_publisher]: Calibration status: (False, 'Calibration (sys:3, gyro:3, accel:1, mag:3)')
[imu_publisher-5] [INFO] [1744573975.342398906] [drone_home1.imu_publisher]: Calibration status: (False, 'Calibration (sys:3, gyro:3, accel:1, mag:3)')
[imu_publisher-5] [INFO] [1744573975.844819271] [drone_home1.imu_publisher]: Calibration status: (False, 'Calibration (sys:3, gyro:3, accel:1, mag:3)')
[imu_publisher-5] [INFO] [1744573976.347939908] [drone_home1.imu_publisher]: Calibration status: (False, 'Calibration (sys:3, gyro:3, accel:1, mag:3)')
[imu_publisher-5] [INFO] [1744573976.850277176] [drone_home1.imu_publisher]: Calibration status: (False, 'Calibration (sys:3, gyro:3, accel:1, mag:3)')
[imu_publisher-5] [INFO] [1744573977.352836253] [drone_home1.imu_publisher]: Calibration status: (False, 'Calibration (sys:3, gyro:3, accel:1, mag:3)')
[imu_publisher-5] [INFO] [1744573977.855517345] [drone_home1.imu_publisher]: Calibration status: (False, 'Calibration (sys:3, gyro:3, accel:1, mag:3)')
[imu_publisher-5] [INFO] [1744573978.357468727] [drone_home1.imu_publisher]: Calibration status: (False, 'Calibration (sys:3, gyro:3, accel:1, mag:3)')
[imu_publisher-5] [INFO] [1744573978.861070644] [drone_home1.imu_publisher]: Calibration status: (False, 'Calibration (sys:3, gyro:3, accel:1, mag:3)')
[imu_publisher-5] [INFO] [1744573979.363612485] [drone_home1.imu_publisher]: Calibration status: (False, 'Calibration (sys:2, gyro:3, accel:1, mag:3)')
[imu_publisher-5] [INFO] [1744573979.865662169] [drone_home1.imu_publisher]: Calibration status: (False, 'Calibration (sys:1, gyro:3, accel:1, mag:3)')
[imu_publisher-5] [INFO] [1744573980.368066987] [drone_home1.imu_publisher]: Calibration status: (False, 'Calibration (sys:2, gyro:3, accel:1, mag:3)')
[imu_publisher-5] [INFO] [1744573980.870391970] [drone_home1.imu_publisher]: Calibration status: (False, 'Calibration (sys:3, gyro:3, accel:1, mag:3)')
[imu_publisher-5] [INFO] [1744573981.372791250] [drone_home1.imu_publisher]: Calibration status: (False, 'Calibration (sys:3, gyro:3, accel:1, mag:3)')
[imu_publisher-5] [INFO] [1744573981.875261509] [drone_home1.imu_publisher]: Calibration status: (False, 'Calibration (sys:3, gyro:3, accel:1, mag:3)')
[imu_publisher-5] [INFO] [1744573982.377875792] [drone_home1.imu_publisher]: Calibration status: (False, 'Calibration (sys:3, gyro:3, accel:1, mag:3)')
[imu_publisher-5] [INFO] [1744573982.880735872] [drone_home1.imu_publisher]: Calibration status: (False, 'Calibration (sys:3, gyro:3, accel:1, mag:3)')
[imu_publisher-5] [INFO] [1744573983.383485236] [drone_home1.imu_publisher]: Calibration status: (False, 'Calibration (sys:3, gyro:3, accel:1, mag:3)')
[imu_publisher-5] [INFO] [1744573983.886295240] [drone_home1.imu_publisher]: Calibration status: (False, 'Calibration (sys:3, gyro:3, accel:1, mag:3)')
[imu_publisher-5] [INFO] [1744573984.389112242] [drone_home1.imu_publisher]: Calibration status: (False, 'Calibration (sys:3, gyro:3, accel:1, mag:3)')
[imu_publisher-5] [INFO] [1744573984.891999846] [drone_home1.imu_publisher]: Calibration status: (False, 'Calibration (sys:3, gyro:3, accel:1, mag:3)')
[imu_publisher-5] [INFO] [1744573985.394586545] [drone_home1.imu_publisher]: Calibration status: (False, 'Calibration (sys:3, gyro:3, accel:1, mag:3)')
[imu_publisher-5] [INFO] [1744573985.897350405] [drone_home1.imu_publisher]: Calibration status: (False, 'Calibration (sys:2, gyro:3, accel:1, mag:3)')
[imu_publisher-5] [INFO] [1744573986.400172285] [drone_home1.imu_publisher]: Calibration status: (False, 'Calibration (sys:3, gyro:3, accel:1, mag:3)')
[imu_publisher-5] [INFO] [1744573986.902759863] [drone_home1.imu_publisher]: Calibration status: (False, 'Calibration (sys:3, gyro:3, accel:1, mag:3)')
[imu_publisher-5] [INFO] [1744573987.405578225] [drone_home1.imu_publisher]: Calibration status: (False, 'Calibration (sys:3, gyro:3, accel:1, mag:3)')
[imu_publisher-5] [INFO] [1744573987.908165706] [drone_home1.imu_publisher]: Calibration status: (False, 'Calibration (sys:3, gyro:3, accel:1, mag:3)')
[imu_publisher-5] [INFO] [1744573988.410950316] [drone_home1.imu_publisher]: Calibration status: (False, 'Calibration (sys:3, gyro:3, accel:1, mag:3)')
[imu_publisher-5] [INFO] [1744573988.913944109] [drone_home1.imu_publisher]: Calibration status: (False, 'Calibration (sys:3, gyro:3, accel:1, mag:3)')
[imu_publisher-5] [INFO] [1744573989.416657813] [drone_home1.imu_publisher]: Calibration status: (False, 'Calibration (sys:3, gyro:3, accel:1, mag:3)')
[imu_publisher-5] [INFO] [1744573989.919434643] [drone_home1.imu_publisher]: Calibration status: (False, 'Calibration (sys:3, gyro:3, accel:1, mag:3)')
[imu_publisher-5] [INFO] [1744573990.422211209] [drone_home1.imu_publisher]: Calibration status: (False, 'Calibration (sys:3, gyro:3, accel:1, mag:3)')
[imu_publisher-5] [INFO] [1744573990.925030787] [drone_home1.imu_publisher]: Calibration status: (False, 'Calibration (sys:3, gyro:3, accel:1, mag:3)')
[imu_publisher-5] [INFO] [1744573991.428711516] [drone_home1.imu_publisher]: Calibration status: (False, 'Calibration (sys:3, gyro:3, accel:1, mag:3)')
[imu_publisher-5] [INFO] [1744573991.931382569] [drone_home1.imu_publisher]: Calibration status: (False, 'Calibration (sys:3, gyro:3, accel:1, mag:3)')
[imu_publisher-5] [INFO] [1744573992.434261619] [drone_home1.imu_publisher]: Calibration status: (False, 'Calibration (sys:3, gyro:3, accel:1, mag:3)')
[imu_publisher-5] [INFO] [1744573992.936534332] [drone_home1.imu_publisher]: Calibration status: (False, 'Calibration (sys:3, gyro:3, accel:1, mag:3)')
[imu_publisher-5] [INFO] [1744573993.438955594] [drone_home1.imu_publisher]: Calibration status: (False, 'Calibration (sys:3, gyro:3, accel:1, mag:3)')
[imu_publisher-5] [INFO] [1744573993.941717829] [drone_home1.imu_publisher]: Calibration status: (False, 'Calibration (sys:3, gyro:3, accel:1, mag:3)')
[imu_publisher-5] [INFO] [1744573994.444571524] [drone_home1.imu_publisher]: Calibration status: (False, 'Calibration (sys:3, gyro:3, accel:1, mag:3)')
[imu_publisher-5] [INFO] [1744573994.947333506] [drone_home1.imu_publisher]: Calibration status: (False, 'Calibration (sys:3, gyro:3, accel:1, mag:3)')
[imu_publisher-5] [INFO] [1744573995.450279351] [drone_home1.imu_publisher]: Calibration status: (False, 'Calibration (sys:3, gyro:3, accel:1, mag:3)')
[imu_publisher-5] [INFO] [1744573995.952866378] [drone_home1.imu_publisher]: Calibration status: (False, 'Calibration (sys:3, gyro:3, accel:1, mag:3)')
[imu_publisher-5] [INFO] [1744573996.455681589] [drone_home1.imu_publisher]: Calibration status: (False, 'Calibration (sys:3, gyro:3, accel:1, mag:3)')
[imu_publisher-5] [INFO] [1744573996.958479546] [drone_home1.imu_publisher]: Calibration status: (False, 'Calibration (sys:3, gyro:3, accel:1, mag:3)')
[imu_publisher-5] [INFO] [1744573997.461160674] [drone_home1.imu_publisher]: Calibration status: (False, 'Calibration (sys:3, gyro:3, accel:1, mag:3)')
[imu_publisher-5] [INFO] [1744573997.963965057] [drone_home1.imu_publisher]: Calibration status: (False, 'Calibration (sys:3, gyro:3, accel:1, mag:3)')
[imu_publisher-5] [INFO] [1744573998.466684534] [drone_home1.imu_publisher]: Calibration status: (False, 'Calibration (sys:3, gyro:3, accel:1, mag:3)')
[imu_publisher-5] [INFO] [1744573998.969520033] [drone_home1.imu_publisher]: Calibration status: (False, 'Calibration (sys:3, gyro:3, accel:1, mag:3)')
[imu_publisher-5] [INFO] [1744573999.472324790] [drone_home1.imu_publisher]: Calibration status: (False, 'Calibration (sys:3, gyro:3, accel:1, mag:3)')
[imu_publisher-5] [INFO] [1744573999.974888355] [drone_home1.imu_publisher]: Calibration status: (False, 'Calibration (sys:3, gyro:3, accel:1, mag:3)')
[imu_publisher-5] [INFO] [1744574000.478513888] [drone_home1.imu_publisher]: Calibration status: (False, 'Calibration (sys:3, gyro:3, accel:1, mag:3)')
[imu_publisher-5] [INFO] [1744574000.981174840] [drone_home1.imu_publisher]: Calibration status: (False, 'Calibration (sys:3, gyro:3, accel:1, mag:3)')
[imu_publisher-5] [INFO] [1744574001.483479736] [drone_home1.imu_publisher]: Calibration status: (False, 'Calibration (sys:3, gyro:3, accel:1, mag:3)')
[imu_publisher-5] [INFO] [1744574001.986025437] [drone_home1.imu_publisher]: Calibration status: (False, 'Calibration (sys:3, gyro:3, accel:1, mag:3)')
[imu_publisher-5] [INFO] [1744574002.488680739] [drone_home1.imu_publisher]: Calibration status: (False, 'Calibration (sys:3, gyro:3, accel:1, mag:3)')
[imu_publisher-5] [INFO] [1744574002.991477622] [drone_home1.imu_publisher]: Calibration status: (False, 'Calibration (sys:3, gyro:3, accel:1, mag:3)')
[imu_publisher-5] [INFO] [1744574003.494282273] [drone_home1.imu_publisher]: Calibration status: (False, 'Calibration (sys:3, gyro:3, accel:1, mag:3)')
[imu_publisher-5] [INFO] [1744574003.997296347] [drone_home1.imu_publisher]: Calibration status: (False, 'Calibration (sys:3, gyro:3, accel:1, mag:3)')
[imu_publisher-5] [INFO] [1744574004.500080881] [drone_home1.imu_publisher]: Calibration status: (False, 'Calibration (sys:3, gyro:3, accel:1, mag:3)')
[imu_publisher-5] [INFO] [1744574005.003161945] [drone_home1.imu_publisher]: Calibration status: (False, 'Calibration (sys:3, gyro:3, accel:1, mag:3)')
[imu_publisher-5] [INFO] [1744574005.506961074] [drone_home1.imu_publisher]: Calibration status: (False, 'Calibration (sys:3, gyro:3, accel:1, mag:3)')
[imu_publisher-5] [INFO] [1744574006.010643805] [drone_home1.imu_publisher]: Calibration status: (False, 'Calibration (sys:3, gyro:3, accel:1, mag:3)')
[imu_publisher-5] [INFO] [1744574006.513142257] [drone_home1.imu_publisher]: Calibration status: (False, 'Calibration (sys:3, gyro:3, accel:1, mag:3)')
[imu_publisher-5] [INFO] [1744574007.015750539] [drone_home1.imu_publisher]: Calibration status: (False, 'Calibration (sys:3, gyro:3, accel:1, mag:3)')
[imu_publisher-5] [INFO] [1744574007.519060653] [drone_home1.imu_publisher]: Calibration status: (False, 'Calibration (sys:3, gyro:3, accel:1, mag:3)')
[imu_publisher-5] [INFO] [1744574008.021192459] [drone_home1.imu_publisher]: Calibration status: (False, 'Calibration (sys:3, gyro:3, accel:1, mag:3)')
[imu_publisher-5] [INFO] [1744574008.524189617] [drone_home1.imu_publisher]: Calibration status: (False, 'Calibration (sys:3, gyro:3, accel:1, mag:3)')
[imu_publisher-5] [INFO] [1744574009.026537521] [drone_home1.imu_publisher]: Calibration status: (False, 'Calibration (sys:3, gyro:3, accel:1, mag:3)')
[imu_publisher-5] [INFO] [1744574009.528889607] [drone_home1.imu_publisher]: Calibration status: (False, 'Calibration (sys:3, gyro:3, accel:1, mag:3)')
[imu_publisher-5] [INFO] [1744574010.031292778] [drone_home1.imu_publisher]: Calibration status: (False, 'Calibration (sys:3, gyro:3, accel:1, mag:3)')
[imu_publisher-5] [INFO] [1744574010.533554898] [drone_home1.imu_publisher]: Calibration status: (False, 'Calibration (sys:3, gyro:3, accel:1, mag:3)')
[imu_publisher-5] [INFO] [1744574011.036034833] [drone_home1.imu_publisher]: Calibration status: (False, 'Calibration (sys:3, gyro:3, accel:1, mag:3)')
[imu_publisher-5] [INFO] [1744574011.538350833] [drone_home1.imu_publisher]: Calibration status: (False, 'Calibration (sys:3, gyro:3, accel:1, mag:3)')
[imu_publisher-5] [INFO] [1744574012.040887133] [drone_home1.imu_publisher]: Calibration status: (False, 'Calibration (sys:3, gyro:3, accel:1, mag:3)')
[imu_publisher-5] [INFO] [1744574012.543714016] [drone_home1.imu_publisher]: Calibration status: (False, 'Calibration (sys:3, gyro:3, accel:1, mag:3)')
[imu_publisher-5] [INFO] [1744574013.046301415] [drone_home1.imu_publisher]: Calibration status: (False, 'Calibration (sys:3, gyro:3, accel:1, mag:3)')
[imu_publisher-5] [INFO] [1744574013.549120026] [drone_home1.imu_publisher]: Calibration status: (False, 'Calibration (sys:3, gyro:3, accel:1, mag:3)')
[imu_publisher-5] [INFO] [1744574014.052012715] [drone_home1.imu_publisher]: Calibration status: (False, 'Calibration (sys:3, gyro:3, accel:1, mag:3)')
[imu_publisher-5] [INFO] [1744574014.554950540] [drone_home1.imu_publisher]: Calibration status: (False, 'Calibration (sys:3, gyro:3, accel:1, mag:3)')
[imu_publisher-5] [INFO] [1744574015.057586835] [drone_home1.imu_publisher]: Calibration status: (False, 'Calibration (sys:3, gyro:3, accel:1, mag:3)')
[imu_publisher-5] [INFO] [1744574015.560788478] [drone_home1.imu_publisher]: Calibration status: (False, 'Calibration (sys:3, gyro:3, accel:1, mag:3)')
[imu_publisher-5] [INFO] [1744574016.063258741] [drone_home1.imu_publisher]: Calibration status: (False, 'Calibration (sys:3, gyro:3, accel:1, mag:3)')
[imu_publisher-5] [INFO] [1744574016.566375693] [drone_home1.imu_publisher]: Calibration status: (False, 'Calibration (sys:3, gyro:3, accel:1, mag:3)')
[imu_publisher-5] [INFO] [1744574017.068714436] [drone_home1.imu_publisher]: Calibration status: (False, 'Calibration (sys:3, gyro:3, accel:1, mag:3)')
[imu_publisher-5] [INFO] [1744574017.572696127] [drone_home1.imu_publisher]: Calibration status: (False, 'Calibration (sys:3, gyro:3, accel:1, mag:3)')
[imu_publisher-5] [INFO] [1744574018.075090069] [drone_home1.imu_publisher]: Calibration status: (False, 'Calibration (sys:3, gyro:3, accel:1, mag:3)')
[imu_publisher-5] [INFO] [1744574018.577479594] [drone_home1.imu_publisher]: Calibration status: (False, 'Calibration (sys:3, gyro:3, accel:1, mag:3)')
[imu_publisher-5] [INFO] [1744574019.079916843] [drone_home1.imu_publisher]: Calibration status: (False, 'Calibration (sys:3, gyro:3, accel:1, mag:3)')
[imu_publisher-5] [INFO] [1744574019.582457733] [drone_home1.imu_publisher]: Calibration status: (False, 'Calibration (sys:3, gyro:3, accel:1, mag:3)')
[imu_publisher-5] [INFO] [1744574020.085224150] [drone_home1.imu_publisher]: Calibration status: (False, 'Calibration (sys:3, gyro:3, accel:1, mag:3)')
[imu_publisher-5] [INFO] [1744574020.588034565] [drone_home1.imu_publisher]: Calibration status: (False, 'Calibration (sys:3, gyro:3, accel:1, mag:3)')
[imu_publisher-5] [INFO] [1744574021.090749251] [drone_home1.imu_publisher]: Calibration status: (False, 'Calibration (sys:3, gyro:3, accel:1, mag:3)')
[imu_publisher-5] [INFO] [1744574021.593557425] [drone_home1.imu_publisher]: Calibration status: (False, 'Calibration (sys:3, gyro:3, accel:1, mag:3)')
[imu_publisher-5] [INFO] [1744574022.096235524] [drone_home1.imu_publisher]: Calibration status: (False, 'Calibration (sys:3, gyro:3, accel:1, mag:3)')
[imu_publisher-5] [INFO] [1744574022.598874500] [drone_home1.imu_publisher]: Calibration status: (False, 'Calibration (sys:3, gyro:3, accel:1, mag:3)')
[imu_publisher-5] [INFO] [1744574023.101626949] [drone_home1.imu_publisher]: Calibration status: (False, 'Calibration (sys:3, gyro:3, accel:1, mag:3)')
[imu_publisher-5] [INFO] [1744574023.604278155] [drone_home1.imu_publisher]: Calibration status: (False, 'Calibration (sys:3, gyro:3, accel:1, mag:3)')
[imu_publisher-5] [INFO] [1744574024.106998177] [drone_home1.imu_publisher]: Calibration status: (False, 'Calibration (sys:3, gyro:3, accel:1, mag:3)')
[imu_publisher-5] [INFO] [1744574024.610728534] [drone_home1.imu_publisher]: Calibration status: (False, 'Calibration (sys:3, gyro:3, accel:1, mag:3)')
[imu_publisher-5] [INFO] [1744574025.112629697] [drone_home1.imu_publisher]: Calibration status: (False, 'Calibration (sys:3, gyro:3, accel:1, mag:3)')
[imu_publisher-5] [INFO] [1744574025.615085478] [drone_home1.imu_publisher]: Calibration status: (False, 'Calibration (sys:3, gyro:3, accel:1, mag:3)')
[imu_publisher-5] [INFO] [1744574026.117840871] [drone_home1.imu_publisher]: Calibration status: (False, 'Calibration (sys:3, gyro:3, accel:1, mag:3)')
[imu_publisher-5] [INFO] [1744574026.620804194] [drone_home1.imu_publisher]: Calibration status: (False, 'Calibration (sys:3, gyro:3, accel:1, mag:3)')
[imu_publisher-5] [INFO] [1744574027.123455390] [drone_home1.imu_publisher]: Calibration status: (False, 'Calibration (sys:3, gyro:3, accel:1, mag:3)')
[imu_publisher-5] [INFO] [1744574027.626694616] [drone_home1.imu_publisher]: Calibration status: (False, 'Calibration (sys:3, gyro:3, accel:1, mag:3)')
[imu_publisher-5] [INFO] [1744574028.128935923] [drone_home1.imu_publisher]: Calibration status: (False, 'Calibration (sys:3, gyro:3, accel:1, mag:3)')
[imu_publisher-5] [INFO] [1744574028.632308380] [drone_home1.imu_publisher]: Calibration status: (False, 'Calibration (sys:3, gyro:3, accel:1, mag:3)')
[imu_publisher-5] [INFO] [1744574029.135891565] [drone_home1.imu_publisher]: Calibration status: (False, 'Calibration (sys:3, gyro:3, accel:1, mag:3)')
[imu_publisher-5] [INFO] [1744574029.638364905] [drone_home1.imu_publisher]: Calibration status: (False, 'Calibration (sys:3, gyro:3, accel:1, mag:3)')
[imu_publisher-5] [INFO] [1744574030.140828088] [drone_home1.imu_publisher]: Calibration status: (False, 'Calibration (sys:3, gyro:3, accel:1, mag:3)')
[imu_publisher-5] [INFO] [1744574030.643181864] [drone_home1.imu_publisher]: Calibration status: (False, 'Calibration (sys:3, gyro:3, accel:1, mag:3)')
[imu_publisher-5] [INFO] [1744574031.145790881] [drone_home1.imu_publisher]: Calibration status: (False, 'Calibration (sys:3, gyro:3, accel:1, mag:3)')
[imu_publisher-5] [INFO] [1744574031.648239282] [drone_home1.imu_publisher]: Calibration status: (False, 'Calibration (sys:3, gyro:3, accel:1, mag:3)')
[imu_publisher-5] [INFO] [1744574032.151347242] [drone_home1.imu_publisher]: Calibration status: (False, 'Calibration (sys:3, gyro:3, accel:1, mag:3)')
[imu_publisher-5] [INFO] [1744574032.653681669] [drone_home1.imu_publisher]: Calibration status: (False, 'Calibration (sys:3, gyro:3, accel:1, mag:3)')
[imu_publisher-5] [INFO] [1744574033.156279974] [drone_home1.imu_publisher]: Calibration status: (False, 'Calibration (sys:3, gyro:3, accel:1, mag:3)')
[imu_publisher-5] [INFO] [1744574033.658967817] [drone_home1.imu_publisher]: Calibration status: (False, 'Calibration (sys:3, gyro:3, accel:1, mag:3)')
[imu_publisher-5] [INFO] [1744574034.161703072] [drone_home1.imu_publisher]: Calibration status: (False, 'Calibration (sys:3, gyro:3, accel:1, mag:3)')
[imu_publisher-5] [INFO] [1744574034.664423115] [drone_home1.imu_publisher]: Calibration status: (False, 'Calibration (sys:3, gyro:3, accel:1, mag:3)')
[imu_publisher-5] [INFO] [1744574035.167173544] [drone_home1.imu_publisher]: Calibration status: (False, 'Calibration (sys:3, gyro:3, accel:1, mag:3)')
[imu_publisher-5] [INFO] [1744574035.669909264] [drone_home1.imu_publisher]: Calibration status: (False, 'Calibration (sys:3, gyro:3, accel:1, mag:3)')
[imu_publisher-5] [INFO] [1744574036.172966272] [drone_home1.imu_publisher]: Calibration status: (False, 'Calibration (sys:3, gyro:3, accel:1, mag:3)')
[imu_publisher-5] [INFO] [1744574036.675466538] [drone_home1.imu_publisher]: Calibration status: (False, 'Calibration (sys:3, gyro:3, accel:1, mag:3)')
[imu_publisher-5] [INFO] [1744574037.178769439] [drone_home1.imu_publisher]: Calibration status: (False, 'Calibration (sys:3, gyro:3, accel:1, mag:3)')
[imu_publisher-5] [INFO] [1744574037.681442912] [drone_home1.imu_publisher]: Calibration status: (False, 'Calibration (sys:3, gyro:3, accel:1, mag:3)')
[imu_publisher-5] [INFO] [1744574038.183910209] [drone_home1.imu_publisher]: Calibration status: (False, 'Calibration (sys:3, gyro:3, accel:1, mag:3)')
[imu_publisher-5] [INFO] [1744574038.686185190] [drone_home1.imu_publisher]: Calibration status: (False, 'Calibration (sys:3, gyro:3, accel:1, mag:3)')
[imu_publisher-5] [INFO] [1744574039.188589796] [drone_home1.imu_publisher]: Calibration status: (False, 'Calibration (sys:3, gyro:3, accel:1, mag:3)')
[imu_publisher-5] [INFO] [1744574039.691097870] [drone_home1.imu_publisher]: Calibration status: (False, 'Calibration (sys:3, gyro:3, accel:1, mag:3)')
[imu_publisher-5] [INFO] [1744574040.194048649] [drone_home1.imu_publisher]: Calibration status: (False, 'Calibration (sys:3, gyro:3, accel:1, mag:3)')
[imu_publisher-5] [INFO] [1744574040.696514137] [drone_home1.imu_publisher]: Calibration status: (False, 'Calibration (sys:3, gyro:3, accel:1, mag:3)')
[imu_publisher-5] [INFO] [1744574041.199137863] [drone_home1.imu_publisher]: Calibration status: (False, 'Calibration (sys:3, gyro:3, accel:1, mag:3)')
[imu_publisher-5] [INFO] [1744574041.701666937] [drone_home1.imu_publisher]: Calibration status: (False, 'Calibration (sys:3, gyro:3, accel:1, mag:3)')
[imu_publisher-5] [INFO] [1744574042.204854923] [drone_home1.imu_publisher]: Calibration status: (False, 'Calibration (sys:3, gyro:3, accel:1, mag:3)')
[imu_publisher-5] [INFO] [1744574042.707663808] [drone_home1.imu_publisher]: Calibration status: (False, 'Calibration (sys:3, gyro:3, accel:1, mag:3)')
[imu_publisher-5] [INFO] [1744574043.211458122] [drone_home1.imu_publisher]: Calibration status: (False, 'Calibration (sys:3, gyro:3, accel:1, mag:3)')
[imu_publisher-5] [INFO] [1744574043.713479661] [drone_home1.imu_publisher]: Calibration status: (False, 'Calibration (sys:3, gyro:3, accel:1, mag:3)')
[imu_publisher-5] [INFO] [1744574044.216019432] [drone_home1.imu_publisher]: Calibration status: (False, 'Calibration (sys:3, gyro:3, accel:1, mag:3)')
[imu_publisher-5] [INFO] [1744574044.718455579] [drone_home1.imu_publisher]: Calibration status: (False, 'Calibration (sys:3, gyro:3, accel:1, mag:3)')
[imu_publisher-5] [INFO] [1744574045.220913575] [drone_home1.imu_publisher]: Calibration status: (False, 'Calibration (sys:3, gyro:3, accel:1, mag:3)')
[imu_publisher-5] [INFO] [1744574045.723260922] [drone_home1.imu_publisher]: Calibration status: (False, 'Calibration (sys:3, gyro:3, accel:1, mag:3)')
[imu_publisher-5] [INFO] [1744574046.226201581] [drone_home1.imu_publisher]: Calibration status: (False, 'Calibration (sys:3, gyro:3, accel:1, mag:3)')
[imu_publisher-5] [INFO] [1744574046.728717602] [drone_home1.imu_publisher]: Calibration status: (False, 'Calibration (sys:3, gyro:3, accel:1, mag:3)')
[imu_publisher-5] [INFO] [1744574047.231136044] [drone_home1.imu_publisher]: Calibration status: (False, 'Calibration (sys:3, gyro:3, accel:1, mag:3)')
[imu_publisher-5] [INFO] [1744574047.734298352] [drone_home1.imu_publisher]: Calibration status: (False, 'Calibration (sys:3, gyro:3, accel:1, mag:3)')
[imu_publisher-5] [INFO] [1744574048.237419662] [drone_home1.imu_publisher]: Calibration status: (False, 'Calibration (sys:3, gyro:3, accel:1, mag:3)')
[imu_publisher-5] [INFO] [1744574048.740489730] [drone_home1.imu_publisher]: Calibration status: (False, 'Calibration (sys:3, gyro:3, accel:1, mag:3)')
[imu_publisher-5] [INFO] [1744574049.243126650] [drone_home1.imu_publisher]: Calibration status: (False, 'Calibration (sys:3, gyro:3, accel:1, mag:3)')
[imu_publisher-5] [INFO] [1744574049.745545965] [drone_home1.imu_publisher]: Calibration status: (False, 'Calibration (sys:3, gyro:3, accel:1, mag:3)')
[imu_publisher-5] [INFO] [1744574050.248571973] [drone_home1.imu_publisher]: Calibration status: (False, 'Calibration (sys:3, gyro:3, accel:1, mag:3)')
[imu_publisher-5] [INFO] [1744574050.751411621] [drone_home1.imu_publisher]: Calibration status: (False, 'Calibration (sys:3, gyro:3, accel:1, mag:3)')
[imu_publisher-5] [INFO] [1744574051.253507101] [drone_home1.imu_publisher]: Calibration status: (False, 'Calibration (sys:3, gyro:3, accel:1, mag:3)')
[imu_publisher-5] [INFO] [1744574051.756597679] [drone_home1.imu_publisher]: Calibration status: (False, 'Calibration (sys:3, gyro:3, accel:1, mag:3)')
[imu_publisher-5] [INFO] [1744574052.259297871] [drone_home1.imu_publisher]: Calibration status: (False, 'Calibration (sys:3, gyro:3, accel:1, mag:3)')
[imu_publisher-5] [INFO] [1744574052.762740390] [drone_home1.imu_publisher]: Calibration status: (False, 'Calibration (sys:3, gyro:3, accel:1, mag:3)')
[imu_publisher-5] [INFO] [1744574053.266387951] [drone_home1.imu_publisher]: Calibration status: (False, 'Calibration (sys:3, gyro:3, accel:1, mag:3)')
[imu_publisher-5] [INFO] [1744574053.769496752] [drone_home1.imu_publisher]: Calibration status: (False, 'Calibration (sys:3, gyro:3, accel:1, mag:3)')
[imu_publisher-5] [INFO] [1744574054.272632091] [drone_home1.imu_publisher]: Calibration status: (False, 'Calibration (sys:3, gyro:3, accel:1, mag:3)')
[imu_publisher-5] [INFO] [1744574054.775614337] [drone_home1.imu_publisher]: Calibration status: (False, 'Calibration (sys:3, gyro:3, accel:1, mag:3)')
[imu_publisher-5] [INFO] [1744574055.278443721] [drone_home1.imu_publisher]: Calibration status: (False, 'Calibration (sys:2, gyro:3, accel:1, mag:3)')
[imu_publisher-5] [INFO] [1744574055.781320545] [drone_home1.imu_publisher]: Calibration status: (False, 'Calibration (sys:2, gyro:3, accel:1, mag:3)')
[imu_publisher-5] [INFO] [1744574056.284586170] [drone_home1.imu_publisher]: Calibration status: (False, 'Calibration (sys:2, gyro:3, accel:1, mag:3)')
[imu_publisher-5] [INFO] [1744574056.787676994] [drone_home1.imu_publisher]: Calibration status: (False, 'Calibration (sys:2, gyro:3, accel:1, mag:3)')
[imu_publisher-5] [INFO] [1744574057.290345281] [drone_home1.imu_publisher]: Calibration status: (False, 'Calibration (sys:3, gyro:3, accel:1, mag:3)')
[imu_publisher-5] [INFO] [1744574057.794112765] [drone_home1.imu_publisher]: Calibration status: (False, 'Calibration (sys:3, gyro:3, accel:1, mag:3)')
[imu_publisher-5] [INFO] [1744574058.297818949] [drone_home1.imu_publisher]: Calibration status: (False, 'Calibration (sys:3, gyro:3, accel:1, mag:3)')
[imu_publisher-5] [INFO] [1744574058.800565830] [drone_home1.imu_publisher]: Calibration status: (False, 'Calibration (sys:3, gyro:3, accel:1, mag:3)')
[imu_publisher-5] [INFO] [1744574059.303034091] [drone_home1.imu_publisher]: Calibration status: (False, 'Calibration (sys:3, gyro:3, accel:1, mag:3)')
[imu_publisher-5] [INFO] [1744574059.806397683] [drone_home1.imu_publisher]: Calibration status: (False, 'Calibration (sys:3, gyro:3, accel:1, mag:3)')
[imu_publisher-5] [INFO] [1744574060.310021533] [drone_home1.imu_publisher]: Calibration status: (False, 'Calibration (sys:3, gyro:3, accel:1, mag:3)')
[imu_publisher-5] [INFO] [1744574060.812583021] [drone_home1.imu_publisher]: Calibration status: (False, 'Calibration (sys:3, gyro:3, accel:1, mag:3)')
[imu_publisher-5] [INFO] [1744574061.314989997] [drone_home1.imu_publisher]: Calibration status: (False, 'Calibration (sys:3, gyro:3, accel:1, mag:3)')
[imu_publisher-5] [INFO] [1744574061.817846312] [drone_home1.imu_publisher]: Calibration status: (False, 'Calibration (sys:3, gyro:3, accel:1, mag:3)')
[imu_publisher-5] [INFO] [1744574062.320303081] [drone_home1.imu_publisher]: Calibration status: (False, 'Calibration (sys:3, gyro:3, accel:1, mag:3)')
[imu_publisher-5] [INFO] [1744574062.822781496] [drone_home1.imu_publisher]: Calibration status: (False, 'Calibration (sys:3, gyro:3, accel:1, mag:3)')
[imu_publisher-5] [INFO] [1744574063.325656247] [drone_home1.imu_publisher]: Calibration status: (False, 'Calibration (sys:3, gyro:3, accel:1, mag:3)')
[imu_publisher-5] [INFO] [1744574063.829105062] [drone_home1.imu_publisher]: Calibration status: (False, 'Calibration (sys:3, gyro:3, accel:1, mag:3)')
[imu_publisher-5] [INFO] [1744574064.331443645] [drone_home1.imu_publisher]: Calibration status: (False, 'Calibration (sys:3, gyro:3, accel:1, mag:3)')
[imu_publisher-5] [INFO] [1744574064.833451742] [drone_home1.imu_publisher]: Calibration status: (False, 'Calibration (sys:3, gyro:3, accel:1, mag:3)')
[imu_publisher-5] [INFO] [1744574065.335876343] [drone_home1.imu_publisher]: Calibration status: (False, 'Calibration (sys:3, gyro:3, accel:1, mag:3)')
[imu_publisher-5] [INFO] [1744574065.838245325] [drone_home1.imu_publisher]: Calibration status: (False, 'Calibration (sys:3, gyro:3, accel:1, mag:3)')
[imu_publisher-5] [INFO] [1744574066.340862933] [drone_home1.imu_publisher]: Calibration status: (False, 'Calibration (sys:3, gyro:3, accel:1, mag:3)')
[imu_publisher-5] [INFO] [1744574066.843398783] [drone_home1.imu_publisher]: Calibration status: (False, 'Calibration (sys:3, gyro:3, accel:1, mag:3)')
[imu_publisher-5] [INFO] [1744574067.346143196] [drone_home1.imu_publisher]: Calibration status: (False, 'Calibration (sys:3, gyro:3, accel:1, mag:3)')
[imu_publisher-5] [INFO] [1744574067.848706203] [drone_home1.imu_publisher]: Calibration status: (False, 'Calibration (sys:3, gyro:3, accel:1, mag:3)')
[imu_publisher-5] [INFO] [1744574068.351714779] [drone_home1.imu_publisher]: Calibration status: (False, 'Calibration (sys:3, gyro:3, accel:1, mag:3)')
[imu_publisher-5] [INFO] [1744574068.854274807] [drone_home1.imu_publisher]: Calibration status: (False, 'Calibration (sys:3, gyro:3, accel:1, mag:3)')
[imu_publisher-5] [INFO] [1744574069.356823874] [drone_home1.imu_publisher]: Calibration status: (False, 'Calibration (sys:3, gyro:3, accel:1, mag:3)')
[imu_publisher-5] [INFO] [1744574069.859423556] [drone_home1.imu_publisher]: Calibration status: (False, 'Calibration (sys:3, gyro:3, accel:1, mag:3)')
[imu_publisher-5] [INFO] [1744574070.362095676] [drone_home1.imu_publisher]: Calibration status: (False, 'Calibration (sys:3, gyro:3, accel:1, mag:3)')
[imu_publisher-5] [INFO] [1744574070.865920899] [drone_home1.imu_publisher]: Calibration status: (False, 'Calibration (sys:3, gyro:3, accel:1, mag:3)')
[imu_publisher-5] [INFO] [1744574071.369139011] [drone_home1.imu_publisher]: Calibration status: (False, 'Calibration (sys:3, gyro:3, accel:1, mag:3)')
[imu_publisher-5] [INFO] [1744574071.872294815] [drone_home1.imu_publisher]: Calibration status: (False, 'Calibration (sys:3, gyro:3, accel:1, mag:3)')
[imu_publisher-5] [INFO] [1744574072.375451986] [drone_home1.imu_publisher]: Calibration status: (False, 'Calibration (sys:3, gyro:3, accel:1, mag:3)')
[imu_publisher-5] [INFO] [1744574072.877781765] [drone_home1.imu_publisher]: Calibration status: (False, 'Calibration (sys:3, gyro:3, accel:1, mag:3)')
[imu_publisher-5] [INFO] [1744574073.380097905] [drone_home1.imu_publisher]: Calibration status: (False, 'Calibration (sys:3, gyro:3, accel:1, mag:3)')
[imu_publisher-5] [INFO] [1744574073.882428455] [drone_home1.imu_publisher]: Calibration status: (False, 'Calibration (sys:3, gyro:3, accel:1, mag:3)')
[imu_publisher-5] [INFO] [1744574074.384756442] [drone_home1.imu_publisher]: Calibration status: (False, 'Calibration (sys:3, gyro:3, accel:1, mag:3)')
[imu_publisher-5] [INFO] [1744574074.887224799] [drone_home1.imu_publisher]: Calibration status: (False, 'Calibration (sys:3, gyro:3, accel:1, mag:3)')
[imu_publisher-5] [INFO] [1744574075.389684293] [drone_home1.imu_publisher]: Calibration status: (False, 'Calibration (sys:3, gyro:3, accel:1, mag:3)')
[imu_publisher-5] [INFO] [1744574075.892219869] [drone_home1.imu_publisher]: Calibration status: (False, 'Calibration (sys:3, gyro:3, accel:1, mag:3)')
[imu_publisher-5] [INFO] [1744574076.394679862] [drone_home1.imu_publisher]: Calibration status: (False, 'Calibration (sys:3, gyro:3, accel:1, mag:3)')
[imu_publisher-5] [INFO] [1744574076.897382445] [drone_home1.imu_publisher]: Calibration status: (False, 'Calibration (sys:3, gyro:3, accel:1, mag:3)')
[imu_publisher-5] [INFO] [1744574077.399993254] [drone_home1.imu_publisher]: Calibration status: (False, 'Calibration (sys:3, gyro:3, accel:1, mag:3)')
[imu_publisher-5] [INFO] [1744574077.902513330] [drone_home1.imu_publisher]: Calibration status: (False, 'Calibration (sys:3, gyro:3, accel:1, mag:3)')
[imu_publisher-5] [INFO] [1744574078.405210063] [drone_home1.imu_publisher]: Calibration status: (False, 'Calibration (sys:3, gyro:3, accel:1, mag:3)')
[imu_publisher-5] [INFO] [1744574078.908337048] [drone_home1.imu_publisher]: Calibration status: (False, 'Calibration (sys:3, gyro:3, accel:1, mag:3)')
[imu_publisher-5] [INFO] [1744574079.410641898] [drone_home1.imu_publisher]: Calibration status: (False, 'Calibration (sys:3, gyro:3, accel:1, mag:3)')
[imu_publisher-5] [INFO] [1744574079.913195684] [drone_home1.imu_publisher]: Calibration status: (False, 'Calibration (sys:3, gyro:3, accel:1, mag:3)')
[imu_publisher-5] [INFO] [1744574080.415965014] [drone_home1.imu_publisher]: Calibration status: (False, 'Calibration (sys:3, gyro:3, accel:1, mag:3)')
[imu_publisher-5] [INFO] [1744574080.918639524] [drone_home1.imu_publisher]: Calibration status: (False, 'Calibration (sys:3, gyro:3, accel:1, mag:3)')
[imu_publisher-5] [INFO] [1744574081.421272673] [drone_home1.imu_publisher]: Calibration status: (False, 'Calibration (sys:3, gyro:3, accel:1, mag:3)')
[imu_publisher-5] [INFO] [1744574081.924179597] [drone_home1.imu_publisher]: Calibration status: (False, 'Calibration (sys:3, gyro:3, accel:1, mag:3)')
[imu_publisher-5] [INFO] [1744574082.427541279] [drone_home1.imu_publisher]: Calibration status: (False, 'Calibration (sys:3, gyro:3, accel:1, mag:3)')
[imu_publisher-5] [INFO] [1744574082.930643084] [drone_home1.imu_publisher]: Calibration status: (False, 'Calibration (sys:3, gyro:3, accel:1, mag:3)')
[imu_publisher-5] [INFO] [1744574083.433029843] [drone_home1.imu_publisher]: Calibration status: (False, 'Calibration (sys:3, gyro:3, accel:1, mag:3)')
[imu_publisher-5] [INFO] [1744574083.935461156] [drone_home1.imu_publisher]: Calibration status: (False, 'Calibration (sys:3, gyro:3, accel:1, mag:3)')
[imu_publisher-5] [INFO] [1744574084.438228187] [drone_home1.imu_publisher]: Calibration status: (False, 'Calibration (sys:3, gyro:3, accel:1, mag:3)')
[imu_publisher-5] [INFO] [1744574084.941069633] [drone_home1.imu_publisher]: Calibration status: (False, 'Calibration (sys:3, gyro:3, accel:1, mag:3)')
[imu_publisher-5] [INFO] [1744574085.444018214] [drone_home1.imu_publisher]: Calibration status: (False, 'Calibration (sys:3, gyro:3, accel:1, mag:3)')
[imu_publisher-5] [INFO] [1744574085.946484581] [drone_home1.imu_publisher]: Calibration status: (False, 'Calibration (sys:3, gyro:3, accel:1, mag:3)')
[imu_publisher-5] [INFO] [1744574086.449021605] [drone_home1.imu_publisher]: Calibration status: (False, 'Calibration (sys:3, gyro:3, accel:1, mag:3)')
[imu_publisher-5] [INFO] [1744574086.951803519] [drone_home1.imu_publisher]: Calibration status: (False, 'Calibration (sys:3, gyro:3, accel:1, mag:3)')
[imu_publisher-5] [INFO] [1744574087.454547415] [drone_home1.imu_publisher]: Calibration status: (False, 'Calibration (sys:3, gyro:3, accel:1, mag:3)')
[imu_publisher-5] [INFO] [1744574087.958004061] [drone_home1.imu_publisher]: Calibration status: (False, 'Calibration (sys:3, gyro:3, accel:1, mag:3)')
[imu_publisher-5] [INFO] [1744574088.460343994] [drone_home1.imu_publisher]: Calibration status: (False, 'Calibration (sys:3, gyro:3, accel:1, mag:3)')
[imu_publisher-5] [INFO] [1744574088.962730701] [drone_home1.imu_publisher]: Calibration status: (False, 'Calibration (sys:3, gyro:3, accel:1, mag:3)')
[imu_publisher-5] [INFO] [1744574089.465346574] [drone_home1.imu_publisher]: Calibration status: (False, 'Calibration (sys:3, gyro:3, accel:1, mag:3)')
[imu_publisher-5] [INFO] [1744574089.968173612] [drone_home1.imu_publisher]: Calibration status: (False, 'Calibration (sys:3, gyro:3, accel:1, mag:3)')
[imu_publisher-5] [INFO] [1744574090.470885519] [drone_home1.imu_publisher]: Calibration status: (False, 'Calibration (sys:3, gyro:3, accel:1, mag:3)')
[imu_publisher-5] [INFO] [1744574090.974128029] [drone_home1.imu_publisher]: Calibration status: (False, 'Calibration (sys:3, gyro:3, accel:1, mag:3)')
[imu_publisher-5] [INFO] [1744574091.476719452] [drone_home1.imu_publisher]: Calibration status: (False, 'Calibration (sys:3, gyro:3, accel:1, mag:3)')
[imu_publisher-5] [INFO] [1744574091.979184143] [drone_home1.imu_publisher]: Calibration status: (False, 'Calibration (sys:3, gyro:3, accel:1, mag:3)')
[imu_publisher-5] [INFO] [1744574092.481550316] [drone_home1.imu_publisher]: Calibration status: (False, 'Calibration (sys:3, gyro:3, accel:1, mag:3)')
[imu_publisher-5] [INFO] [1744574092.984221549] [drone_home1.imu_publisher]: Calibration status: (False, 'Calibration (sys:3, gyro:3, accel:1, mag:3)')
[imu_publisher-5] [INFO] [1744574093.486726840] [drone_home1.imu_publisher]: Calibration status: (False, 'Calibration (sys:3, gyro:3, accel:1, mag:3)')
[imu_publisher-5] [INFO] [1744574093.989317313] [drone_home1.imu_publisher]: Calibration status: (False, 'Calibration (sys:3, gyro:3, accel:1, mag:3)')
[imu_publisher-5] [INFO] [1744574094.492046882] [drone_home1.imu_publisher]: Calibration status: (False, 'Calibration (sys:3, gyro:3, accel:1, mag:3)')
[imu_publisher-5] [INFO] [1744574094.994840289] [drone_home1.imu_publisher]: Calibration status: (False, 'Calibration (sys:3, gyro:3, accel:1, mag:3)')
[imu_publisher-5] [INFO] [1744574095.497820091] [drone_home1.imu_publisher]: Calibration status: (False, 'Calibration (sys:3, gyro:3, accel:1, mag:3)')
[imu_publisher-5] [INFO] [1744574096.001163777] [drone_home1.imu_publisher]: Calibration status: (False, 'Calibration (sys:3, gyro:3, accel:1, mag:3)')
[imu_publisher-5] [INFO] [1744574096.504367959] [drone_home1.imu_publisher]: Calibration status: (False, 'Calibration (sys:3, gyro:3, accel:1, mag:3)')
[imu_publisher-5] [INFO] [1744574097.007488905] [drone_home1.imu_publisher]: Calibration status: (False, 'Calibration (sys:3, gyro:3, accel:1, mag:3)')
[imu_publisher-5] [INFO] [1744574097.510115874] [drone_home1.imu_publisher]: Calibration status: (False, 'Calibration (sys:3, gyro:3, accel:1, mag:3)')
[imu_publisher-5] [INFO] [1744574098.013195914] [drone_home1.imu_publisher]: Calibration status: (False, 'Calibration (sys:3, gyro:3, accel:1, mag:3)')
[imu_publisher-5] [INFO] [1744574098.516419508] [drone_home1.imu_publisher]: Calibration status: (False, 'Calibration (sys:3, gyro:3, accel:1, mag:3)')
[imu_publisher-5] [INFO] [1744574099.018855839] [drone_home1.imu_publisher]: Calibration status: (False, 'Calibration (sys:3, gyro:3, accel:1, mag:3)')
[imu_publisher-5] [INFO] [1744574099.521889154] [drone_home1.imu_publisher]: Calibration status: (False, 'Calibration (sys:3, gyro:3, accel:1, mag:3)')
[imu_publisher-5] [INFO] [1744574100.024372973] [drone_home1.imu_publisher]: Calibration status: (False, 'Calibration (sys:3, gyro:3, accel:1, mag:3)')
[imu_publisher-5] [INFO] [1744574100.527526102] [drone_home1.imu_publisher]: Calibration status: (False, 'Calibration (sys:3, gyro:3, accel:1, mag:3)')
[imu_publisher-5] [INFO] [1744574101.029509040] [drone_home1.imu_publisher]: Calibration status: (False, 'Calibration (sys:3, gyro:3, accel:1, mag:3)')
[imu_publisher-5] [INFO] [1744574101.531849185] [drone_home1.imu_publisher]: Calibration status: (False, 'Calibration (sys:3, gyro:3, accel:1, mag:3)')
[imu_publisher-5] [INFO] [1744574102.034034310] [drone_home1.imu_publisher]: Calibration status: (False, 'Calibration (sys:3, gyro:3, accel:1, mag:3)')
[imu_publisher-5] [INFO] [1744574102.536441601] [drone_home1.imu_publisher]: Calibration status: (False, 'Calibration (sys:3, gyro:3, accel:1, mag:3)')
[imu_publisher-5] [INFO] [1744574103.038798549] [drone_home1.imu_publisher]: Calibration status: (False, 'Calibration (sys:3, gyro:3, accel:1, mag:3)')
[imu_publisher-5] [INFO] [1744574103.541210395] [drone_home1.imu_publisher]: Calibration status: (False, 'Calibration (sys:3, gyro:3, accel:1, mag:3)')
[imu_publisher-5] [INFO] [1744574104.043601337] [drone_home1.imu_publisher]: Calibration status: (False, 'Calibration (sys:3, gyro:3, accel:1, mag:3)')
[imu_publisher-5] [INFO] [1744574104.546675652] [drone_home1.imu_publisher]: Calibration status: (False, 'Calibration (sys:3, gyro:3, accel:1, mag:3)')
[imu_publisher-5] [INFO] [1744574105.049772328] [drone_home1.imu_publisher]: Calibration status: (False, 'Calibration (sys:3, gyro:3, accel:1, mag:3)')
[imu_publisher-5] [INFO] [1744574105.552275727] [drone_home1.imu_publisher]: Calibration status: (False, 'Calibration (sys:3, gyro:3, accel:1, mag:3)')
[imu_publisher-5] [INFO] [1744574106.054888945] [drone_home1.imu_publisher]: Calibration status: (False, 'Calibration (sys:3, gyro:3, accel:1, mag:3)')
[imu_publisher-5] [INFO] [1744574106.558010912] [drone_home1.imu_publisher]: Calibration status: (False, 'Calibration (sys:3, gyro:3, accel:1, mag:3)')
[imu_publisher-5] [INFO] [1744574107.060356778] [drone_home1.imu_publisher]: Calibration status: (False, 'Calibration (sys:3, gyro:3, accel:1, mag:3)')
[imu_publisher-5] [INFO] [1744574107.562680818] [drone_home1.imu_publisher]: Calibration status: (False, 'Calibration (sys:3, gyro:3, accel:1, mag:3)')
[imu_publisher-5] [INFO] [1744574108.065163382] [drone_home1.imu_publisher]: Calibration status: (False, 'Calibration (sys:3, gyro:3, accel:1, mag:3)')
[imu_publisher-5] [INFO] [1744574108.567661146] [drone_home1.imu_publisher]: Calibration status: (False, 'Calibration (sys:3, gyro:3, accel:1, mag:3)')
[imu_publisher-5] [INFO] [1744574109.070431871] [drone_home1.imu_publisher]: Calibration status: (False, 'Calibration (sys:3, gyro:3, accel:1, mag:3)')
[imu_publisher-5] [INFO] [1744574109.573241096] [drone_home1.imu_publisher]: Calibration status: (False, 'Calibration (sys:3, gyro:3, accel:1, mag:3)')
[imu_publisher-5] [INFO] [1744574110.075923299] [drone_home1.imu_publisher]: Calibration status: (False, 'Calibration (sys:3, gyro:3, accel:1, mag:3)')
[imu_publisher-5] [INFO] [1744574110.579242329] [drone_home1.imu_publisher]: Calibration status: (False, 'Calibration (sys:3, gyro:3, accel:1, mag:3)')
[imu_publisher-5] [INFO] [1744574111.081692903] [drone_home1.imu_publisher]: Calibration status: (False, 'Calibration (sys:3, gyro:3, accel:1, mag:3)')
[imu_publisher-5] [INFO] [1744574111.584109692] [drone_home1.imu_publisher]: Calibration status: (False, 'Calibration (sys:3, gyro:3, accel:1, mag:3)')
[imu_publisher-5] [INFO] [1744574112.086893683] [drone_home1.imu_publisher]: Calibration status: (False, 'Calibration (sys:3, gyro:3, accel:1, mag:3)')
[imu_publisher-5] [INFO] [1744574112.589703029] [drone_home1.imu_publisher]: Calibration status: (False, 'Calibration (sys:3, gyro:3, accel:1, mag:3)')
[imu_publisher-5] [INFO] [1744574113.093334760] [drone_home1.imu_publisher]: Calibration status: (False, 'Calibration (sys:3, gyro:3, accel:1, mag:3)')
[imu_publisher-5] [INFO] [1744574113.596639485] [drone_home1.imu_publisher]: Calibration status: (False, 'Calibration (sys:3, gyro:3, accel:1, mag:3)')
[imu_publisher-5] [INFO] [1744574114.099702783] [drone_home1.imu_publisher]: Calibration status: (False, 'Calibration (sys:3, gyro:3, accel:1, mag:3)')
[imu_publisher-5] [INFO] [1744574114.602753455] [drone_home1.imu_publisher]: Calibration status: (False, 'Calibration (sys:3, gyro:3, accel:1, mag:3)')
[imu_publisher-5] [INFO] [1744574115.105913367] [drone_home1.imu_publisher]: Calibration status: (False, 'Calibration (sys:3, gyro:3, accel:1, mag:3)')
[imu_publisher-5] [INFO] [1744574115.608344855] [drone_home1.imu_publisher]: Calibration status: (False, 'Calibration (sys:3, gyro:3, accel:1, mag:3)')
[imu_publisher-5] [INFO] [1744574116.110732778] [drone_home1.imu_publisher]: Calibration status: (False, 'Calibration (sys:3, gyro:3, accel:1, mag:3)')
[imu_publisher-5] [INFO] [1744574116.613050894] [drone_home1.imu_publisher]: Calibration status: (False, 'Calibration (sys:3, gyro:3, accel:1, mag:3)')
[imu_publisher-5] [INFO] [1744574117.115503051] [drone_home1.imu_publisher]: Calibration status: (False, 'Calibration (sys:3, gyro:3, accel:1, mag:3)')
[imu_publisher-5] [INFO] [1744574117.617749270] [drone_home1.imu_publisher]: Calibration status: (False, 'Calibration (sys:3, gyro:3, accel:1, mag:3)')
[imu_publisher-5] [INFO] [1744574118.120114521] [drone_home1.imu_publisher]: Calibration status: (False, 'Calibration (sys:3, gyro:3, accel:1, mag:3)')
[imu_publisher-5] [INFO] [1744574118.622415313] [drone_home1.imu_publisher]: Calibration status: (False, 'Calibration (sys:3, gyro:3, accel:1, mag:3)')
[imu_publisher-5] [INFO] [1744574119.124955620] [drone_home1.imu_publisher]: Calibration status: (False, 'Calibration (sys:3, gyro:3, accel:1, mag:3)')
[imu_publisher-5] [INFO] [1744574119.627242568] [drone_home1.imu_publisher]: Calibration status: (False, 'Calibration (sys:3, gyro:3, accel:1, mag:3)')
[imu_publisher-5] [INFO] [1744574120.129914925] [drone_home1.imu_publisher]: Calibration status: (False, 'Calibration (sys:3, gyro:3, accel:1, mag:3)')
[imu_publisher-5] [INFO] [1744574120.632730705] [drone_home1.imu_publisher]: Calibration status: (False, 'Calibration (sys:3, gyro:3, accel:1, mag:3)')
[imu_publisher-5] [INFO] [1744574121.135430405] [drone_home1.imu_publisher]: Calibration status: (False, 'Calibration (sys:3, gyro:3, accel:1, mag:3)')
[imu_publisher-5] [INFO] [1744574121.638274458] [drone_home1.imu_publisher]: Calibration status: (False, 'Calibration (sys:3, gyro:3, accel:1, mag:3)')
[imu_publisher-5] [INFO] [1744574122.142357035] [drone_home1.imu_publisher]: Calibration status: (False, 'Calibration (sys:3, gyro:3, accel:1, mag:3)')
[imu_publisher-5] [INFO] [1744574122.644328724] [drone_home1.imu_publisher]: Calibration status: (False, 'Calibration (sys:3, gyro:3, accel:1, mag:3)')
[imu_publisher-5] [INFO] [1744574123.146692382] [drone_home1.imu_publisher]: Calibration status: (False, 'Calibration (sys:3, gyro:3, accel:1, mag:3)')
[imu_publisher-5] [INFO] [1744574123.649357969] [drone_home1.imu_publisher]: Calibration status: (False, 'Calibration (sys:3, gyro:3, accel:1, mag:3)')
[imu_publisher-5] [INFO] [1744574124.152055640] [drone_home1.imu_publisher]: Calibration status: (False, 'Calibration (sys:3, gyro:3, accel:1, mag:3)')
[imu_publisher-5] [INFO] [1744574124.654511960] [drone_home1.imu_publisher]: Calibration status: (False, 'Calibration (sys:3, gyro:3, accel:1, mag:3)')
[imu_publisher-5] [INFO] [1744574125.157478812] [drone_home1.imu_publisher]: Calibration status: (False, 'Calibration (sys:3, gyro:3, accel:1, mag:3)')
[imu_publisher-5] [INFO] [1744574125.660006868] [drone_home1.imu_publisher]: Calibration status: (False, 'Calibration (sys:3, gyro:3, accel:1, mag:3)')
[imu_publisher-5] [INFO] [1744574126.162766599] [drone_home1.imu_publisher]: Calibration status: (False, 'Calibration (sys:3, gyro:3, accel:1, mag:3)')
[imu_publisher-5] [INFO] [1744574126.665479100] [drone_home1.imu_publisher]: Calibration status: (False, 'Calibration (sys:3, gyro:3, accel:1, mag:3)')
[imu_publisher-5] [INFO] [1744574127.168236230] [drone_home1.imu_publisher]: Calibration status: (False, 'Calibration (sys:3, gyro:3, accel:1, mag:3)')
[imu_publisher-5] [INFO] [1744574127.670943827] [drone_home1.imu_publisher]: Calibration status: (False, 'Calibration (sys:3, gyro:3, accel:1, mag:3)')
[imu_publisher-5] [INFO] [1744574128.174059712] [drone_home1.imu_publisher]: Calibration status: (False, 'Calibration (sys:3, gyro:3, accel:1, mag:3)')
[imu_publisher-5] [INFO] [1744574128.677599458] [drone_home1.imu_publisher]: Calibration status: (False, 'Calibration (sys:3, gyro:3, accel:1, mag:3)')
[imu_publisher-5] [INFO] [1744574129.180310396] [drone_home1.imu_publisher]: Calibration status: (False, 'Calibration (sys:3, gyro:3, accel:1, mag:3)')
[imu_publisher-5] [INFO] [1744574129.683048862] [drone_home1.imu_publisher]: Calibration status: (False, 'Calibration (sys:3, gyro:3, accel:1, mag:3)')
[imu_publisher-5] [INFO] [1744574130.185504457] [drone_home1.imu_publisher]: Calibration status: (False, 'Calibration (sys:3, gyro:3, accel:1, mag:3)')
[imu_publisher-5] [INFO] [1744574130.688559250] [drone_home1.imu_publisher]: Calibration status: (False, 'Calibration (sys:3, gyro:3, accel:1, mag:3)')
[imu_publisher-5] [INFO] [1744574131.191052058] [drone_home1.imu_publisher]: Calibration status: (False, 'Calibration (sys:3, gyro:3, accel:1, mag:3)')
[imu_publisher-5] [INFO] [1744574131.693446090] [drone_home1.imu_publisher]: Calibration status: (False, 'Calibration (sys:3, gyro:3, accel:1, mag:3)')
[imu_publisher-5] [INFO] [1744574132.195997266] [drone_home1.imu_publisher]: Calibration status: (False, 'Calibration (sys:3, gyro:3, accel:1, mag:3)')
[imu_publisher-5] [INFO] [1744574132.698691785] [drone_home1.imu_publisher]: Calibration status: (False, 'Calibration (sys:3, gyro:3, accel:1, mag:3)')
[imu_publisher-5] [INFO] [1744574133.202409333] [drone_home1.imu_publisher]: Calibration status: (False, 'Calibration (sys:3, gyro:3, accel:1, mag:3)')
[imu_publisher-5] [INFO] [1744574133.706191247] [drone_home1.imu_publisher]: Calibration status: (False, 'Calibration (sys:3, gyro:3, accel:1, mag:3)')
[imu_publisher-5] [INFO] [1744574134.208421705] [drone_home1.imu_publisher]: Calibration status: (False, 'Calibration (sys:3, gyro:3, accel:1, mag:3)')
[imu_publisher-5] [INFO] [1744574134.710845303] [drone_home1.imu_publisher]: Calibration status: (False, 'Calibration (sys:3, gyro:3, accel:1, mag:3)')
[imu_publisher-5] [INFO] [1744574135.213135379] [drone_home1.imu_publisher]: Calibration status: (False, 'Calibration (sys:3, gyro:3, accel:1, mag:3)')
[imu_publisher-5] [INFO] [1744574135.715624644] [drone_home1.imu_publisher]: Calibration status: (False, 'Calibration (sys:3, gyro:3, accel:1, mag:3)')
[imu_publisher-5] [INFO] [1744574136.218272749] [drone_home1.imu_publisher]: Calibration status: (False, 'Calibration (sys:3, gyro:3, accel:1, mag:3)')
[imu_publisher-5] [INFO] [1744574136.721053834] [drone_home1.imu_publisher]: Calibration status: (False, 'Calibration (sys:3, gyro:3, accel:1, mag:3)')
[imu_publisher-5] [INFO] [1744574137.223712341] [drone_home1.imu_publisher]: Calibration status: (False, 'Calibration (sys:3, gyro:3, accel:1, mag:3)')
[imu_publisher-5] [INFO] [1744574137.726582552] [drone_home1.imu_publisher]: Calibration status: (False, 'Calibration (sys:3, gyro:3, accel:1, mag:3)')
[imu_publisher-5] [INFO] [1744574138.229373675] [drone_home1.imu_publisher]: Calibration status: (False, 'Calibration (sys:3, gyro:3, accel:1, mag:3)')
[imu_publisher-5] [INFO] [1744574138.732247825] [drone_home1.imu_publisher]: Calibration status: (False, 'Calibration (sys:3, gyro:3, accel:1, mag:3)')
[imu_publisher-5] [INFO] [1744574139.235248303] [drone_home1.imu_publisher]: Calibration status: (False, 'Calibration (sys:3, gyro:3, accel:1, mag:3)')
[imu_publisher-5] [INFO] [1744574139.738145915] [drone_home1.imu_publisher]: Calibration status: (False, 'Calibration (sys:3, gyro:3, accel:1, mag:3)')
[imu_publisher-5] [INFO] [1744574140.240952375] [drone_home1.imu_publisher]: Calibration status: (False, 'Calibration (sys:3, gyro:3, accel:1, mag:3)')
[imu_publisher-5] [INFO] [1744574140.743805639] [drone_home1.imu_publisher]: Calibration status: (False, 'Calibration (sys:3, gyro:3, accel:1, mag:3)')
[imu_publisher-5] [INFO] [1744574141.246811600] [drone_home1.imu_publisher]: Calibration status: (False, 'Calibration (sys:3, gyro:3, accel:1, mag:3)')
[imu_publisher-5] [INFO] [1744574141.749745129] [drone_home1.imu_publisher]: Calibration status: (False, 'Calibration (sys:3, gyro:3, accel:1, mag:3)')
[imu_publisher-5] [INFO] [1744574142.252423406] [drone_home1.imu_publisher]: Calibration status: (False, 'Calibration (sys:3, gyro:3, accel:1, mag:3)')
[imu_publisher-5] [INFO] [1744574142.755024931] [drone_home1.imu_publisher]: Calibration status: (False, 'Calibration (sys:3, gyro:3, accel:1, mag:3)')
[imu_publisher-5] [INFO] [1744574143.257687439] [drone_home1.imu_publisher]: Calibration status: (False, 'Calibration (sys:3, gyro:3, accel:1, mag:3)')
[imu_publisher-5] [INFO] [1744574143.760494995] [drone_home1.imu_publisher]: Calibration status: (False, 'Calibration (sys:3, gyro:3, accel:1, mag:3)')
[imu_publisher-5] [INFO] [1744574144.263500402] [drone_home1.imu_publisher]: Calibration status: (False, 'Calibration (sys:3, gyro:3, accel:1, mag:3)')
[imu_publisher-5] [INFO] [1744574144.766236156] [drone_home1.imu_publisher]: Calibration status: (False, 'Calibration (sys:3, gyro:3, accel:1, mag:3)')
[imu_publisher-5] [INFO] [1744574145.269215715] [drone_home1.imu_publisher]: Calibration status: (False, 'Calibration (sys:3, gyro:3, accel:1, mag:3)')
[imu_publisher-5] [INFO] [1744574145.772154238] [drone_home1.imu_publisher]: Calibration status: (False, 'Calibration (sys:3, gyro:3, accel:1, mag:3)')
[imu_publisher-5] [INFO] [1744574146.275566332] [drone_home1.imu_publisher]: Calibration status: (False, 'Calibration (sys:3, gyro:3, accel:1, mag:3)')
[imu_publisher-5] [INFO] [1744574146.777990320] [drone_home1.imu_publisher]: Calibration status: (False, 'Calibration (sys:3, gyro:3, accel:1, mag:3)')
[imu_publisher-5] [INFO] [1744574147.281458395] [drone_home1.imu_publisher]: Calibration status: (False, 'Calibration (sys:3, gyro:3, accel:1, mag:3)')
[imu_publisher-5] [INFO] [1744574147.784609489] [drone_home1.imu_publisher]: Calibration status: (False, 'Calibration (sys:3, gyro:3, accel:1, mag:3)')
[imu_publisher-5] [INFO] [1744574148.286972003] [drone_home1.imu_publisher]: Calibration status: (False, 'Calibration (sys:3, gyro:3, accel:1, mag:3)')
[imu_publisher-5] [INFO] [1744574148.789297387] [drone_home1.imu_publisher]: Calibration status: (False, 'Calibration (sys:3, gyro:3, accel:1, mag:3)')
[imu_publisher-5] [INFO] [1744574149.292071702] [drone_home1.imu_publisher]: Calibration status: (False, 'Calibration (sys:3, gyro:3, accel:1, mag:3)')
[imu_publisher-5] [INFO] [1744574149.794401738] [drone_home1.imu_publisher]: Calibration status: (False, 'Calibration (sys:3, gyro:3, accel:1, mag:3)')
[imu_publisher-5] [INFO] [1744574150.297210818] [drone_home1.imu_publisher]: Calibration status: (False, 'Calibration (sys:3, gyro:3, accel:1, mag:3)')
[imu_publisher-5] [INFO] [1744574150.799745961] [drone_home1.imu_publisher]: Calibration status: (False, 'Calibration (sys:3, gyro:3, accel:1, mag:3)')
[imu_publisher-5] [INFO] [1744574151.302680562] [drone_home1.imu_publisher]: Calibration status: (False, 'Calibration (sys:3, gyro:3, accel:1, mag:3)')
[imu_publisher-5] [INFO] [1744574151.805482768] [drone_home1.imu_publisher]: Calibration status: (False, 'Calibration (sys:3, gyro:3, accel:1, mag:3)')
[imu_publisher-5] [INFO] [1744574152.308123389] [drone_home1.imu_publisher]: Calibration status: (False, 'Calibration (sys:3, gyro:3, accel:1, mag:3)')
[imu_publisher-5] [INFO] [1744574152.812060652] [drone_home1.imu_publisher]: Calibration status: (False, 'Calibration (sys:3, gyro:3, accel:1, mag:3)')
[imu_publisher-5] [INFO] [1744574153.314409374] [drone_home1.imu_publisher]: Calibration status: (False, 'Calibration (sys:3, gyro:3, accel:1, mag:3)')
[imu_publisher-5] [INFO] [1744574153.817577572] [drone_home1.imu_publisher]: Calibration status: (False, 'Calibration (sys:3, gyro:3, accel:1, mag:3)')
[imu_publisher-5] [INFO] [1744574154.320168204] [drone_home1.imu_publisher]: Calibration status: (False, 'Calibration (sys:3, gyro:3, accel:1, mag:3)')
[imu_publisher-5] [INFO] [1744574154.822492134] [drone_home1.imu_publisher]: Calibration status: (False, 'Calibration (sys:3, gyro:3, accel:1, mag:3)')
[imu_publisher-5] [INFO] [1744574155.324996347] [drone_home1.imu_publisher]: Calibration status: (False, 'Calibration (sys:3, gyro:3, accel:1, mag:3)')
[imu_publisher-5] [INFO] [1744574155.828375206] [drone_home1.imu_publisher]: Calibration status: (False, 'Calibration (sys:3, gyro:3, accel:1, mag:3)')
[imu_publisher-5] [INFO] [1744574156.331461853] [drone_home1.imu_publisher]: Calibration status: (False, 'Calibration (sys:3, gyro:3, accel:1, mag:3)')
[imu_publisher-5] [INFO] [1744574156.833839833] [drone_home1.imu_publisher]: Calibration status: (False, 'Calibration (sys:3, gyro:3, accel:1, mag:3)')
[imu_publisher-5] [INFO] [1744574157.336191369] [drone_home1.imu_publisher]: Calibration status: (False, 'Calibration (sys:3, gyro:3, accel:1, mag:3)')
[imu_publisher-5] [INFO] [1744574157.838540084] [drone_home1.imu_publisher]: Calibration status: (False, 'Calibration (sys:3, gyro:3, accel:1, mag:3)')
[imu_publisher-5] [INFO] [1744574158.341057850] [drone_home1.imu_publisher]: Calibration status: (False, 'Calibration (sys:3, gyro:3, accel:1, mag:3)')
[imu_publisher-5] [INFO] [1744574158.843711968] [drone_home1.imu_publisher]: Calibration status: (False, 'Calibration (sys:3, gyro:3, accel:1, mag:3)')
[imu_publisher-5] [INFO] [1744574159.346409245] [drone_home1.imu_publisher]: Calibration status: (False, 'Calibration (sys:3, gyro:3, accel:1, mag:3)')
[imu_publisher-5] [INFO] [1744574159.849129718] [drone_home1.imu_publisher]: Calibration status: (False, 'Calibration (sys:3, gyro:3, accel:1, mag:3)')
[imu_publisher-5] [INFO] [1744574160.352261395] [drone_home1.imu_publisher]: Calibration status: (False, 'Calibration (sys:3, gyro:3, accel:1, mag:3)')
[imu_publisher-5] [INFO] [1744574160.854986943] [drone_home1.imu_publisher]: Calibration status: (False, 'Calibration (sys:3, gyro:3, accel:1, mag:3)')
[imu_publisher-5] [INFO] [1744574161.357769699] [drone_home1.imu_publisher]: Calibration status: (False, 'Calibration (sys:3, gyro:3, accel:1, mag:3)')
[imu_publisher-5] [INFO] [1744574161.860513857] [drone_home1.imu_publisher]: Calibration status: (False, 'Calibration (sys:3, gyro:3, accel:1, mag:3)')
[imu_publisher-5] [INFO] [1744574162.363204373] [drone_home1.imu_publisher]: Calibration status: (False, 'Calibration (sys:3, gyro:3, accel:1, mag:3)')
[imu_publisher-5] [INFO] [1744574162.866101419] [drone_home1.imu_publisher]: Calibration status: (False, 'Calibration (sys:3, gyro:3, accel:1, mag:3)')
[imu_publisher-5] [INFO] [1744574163.369075707] [drone_home1.imu_publisher]: Calibration status: (False, 'Calibration (sys:3, gyro:3, accel:1, mag:3)')
[imu_publisher-5] [INFO] [1744574163.871816543] [drone_home1.imu_publisher]: Calibration status: (False, 'Calibration (sys:3, gyro:3, accel:1, mag:3)')
[imu_publisher-5] [INFO] [1744574164.374843876] [drone_home1.imu_publisher]: Calibration status: (False, 'Calibration (sys:3, gyro:3, accel:1, mag:3)')
[imu_publisher-5] [INFO] [1744574164.877400311] [drone_home1.imu_publisher]: Calibration status: (False, 'Calibration (sys:3, gyro:3, accel:1, mag:3)')
[imu_publisher-5] [INFO] [1744574165.380158919] [drone_home1.imu_publisher]: Calibration status: (False, 'Calibration (sys:3, gyro:3, accel:1, mag:3)')
[imu_publisher-5] [INFO] [1744574165.882949557] [drone_home1.imu_publisher]: Calibration status: (False, 'Calibration (sys:3, gyro:3, accel:1, mag:3)')
[imu_publisher-5] [INFO] [1744574166.385783483] [drone_home1.imu_publisher]: Calibration status: (False, 'Calibration (sys:3, gyro:3, accel:1, mag:3)')
[imu_publisher-5] [INFO] [1744574166.888634880] [drone_home1.imu_publisher]: Calibration status: (False, 'Calibration (sys:3, gyro:3, accel:1, mag:3)')
[imu_publisher-5] [INFO] [1744574167.391439482] [drone_home1.imu_publisher]: Calibration status: (False, 'Calibration (sys:3, gyro:3, accel:1, mag:3)')
[imu_publisher-5] [INFO] [1744574167.894540923] [drone_home1.imu_publisher]: Calibration status: (False, 'Calibration (sys:3, gyro:3, accel:1, mag:3)')
[imu_publisher-5] [INFO] [1744574168.397241511] [drone_home1.imu_publisher]: Calibration status: (False, 'Calibration (sys:3, gyro:3, accel:1, mag:3)')
[imu_publisher-5] [INFO] [1744574168.900055764] [drone_home1.imu_publisher]: Calibration status: (False, 'Calibration (sys:3, gyro:3, accel:1, mag:3)')
[imu_publisher-5] [INFO] [1744574169.402846872] [drone_home1.imu_publisher]: Calibration status: (False, 'Calibration (sys:3, gyro:3, accel:1, mag:3)')
[imu_publisher-5] [INFO] [1744574169.906048231] [drone_home1.imu_publisher]: Calibration status: (False, 'Calibration (sys:3, gyro:3, accel:1, mag:3)')
[imu_publisher-5] [INFO] [1744574170.408653339] [drone_home1.imu_publisher]: Calibration status: (False, 'Calibration (sys:3, gyro:3, accel:1, mag:3)')
[imu_publisher-5] [INFO] [1744574170.911390769] [drone_home1.imu_publisher]: Calibration status: (False, 'Calibration (sys:3, gyro:3, accel:1, mag:3)')
[imu_publisher-5] [INFO] [1744574171.414565517] [drone_home1.imu_publisher]: Calibration status: (False, 'Calibration (sys:3, gyro:3, accel:1, mag:3)')
[imu_publisher-5] [INFO] [1744574171.917331386] [drone_home1.imu_publisher]: Calibration status: (False, 'Calibration (sys:3, gyro:3, accel:1, mag:3)')
[imu_publisher-5] [INFO] [1744574172.420190434] [drone_home1.imu_publisher]: Calibration status: (False, 'Calibration (sys:3, gyro:3, accel:1, mag:3)')
[imu_publisher-5] [INFO] [1744574172.922931141] [drone_home1.imu_publisher]: Calibration status: (False, 'Calibration (sys:3, gyro:3, accel:1, mag:3)')
[imu_publisher-5] [INFO] [1744574173.425499450] [drone_home1.imu_publisher]: Calibration status: (False, 'Calibration (sys:3, gyro:3, accel:1, mag:3)')
[imu_publisher-5] [INFO] [1744574173.928465275] [drone_home1.imu_publisher]: Calibration status: (False, 'Calibration (sys:3, gyro:3, accel:1, mag:3)')
[imu_publisher-5] [INFO] [1744574174.431021895] [drone_home1.imu_publisher]: Calibration status: (False, 'Calibration (sys:3, gyro:3, accel:1, mag:3)')
[imu_publisher-5] [INFO] [1744574174.933891452] [drone_home1.imu_publisher]: Calibration status: (False, 'Calibration (sys:3, gyro:3, accel:1, mag:3)')
[imu_publisher-5] [INFO] [1744574175.436985392] [drone_home1.imu_publisher]: Calibration status: (False, 'Calibration (sys:3, gyro:3, accel:1, mag:3)')
[imu_publisher-5] [INFO] [1744574175.939703543] [drone_home1.imu_publisher]: Calibration status: (False, 'Calibration (sys:3, gyro:3, accel:1, mag:3)')
[imu_publisher-5] [INFO] [1744574176.442393046] [drone_home1.imu_publisher]: Calibration status: (False, 'Calibration (sys:3, gyro:3, accel:1, mag:3)')
[imu_publisher-5] [INFO] [1744574176.945310971] [drone_home1.imu_publisher]: Calibration status: (False, 'Calibration (sys:3, gyro:3, accel:1, mag:3)')
[imu_publisher-5] [INFO] [1744574177.448435039] [drone_home1.imu_publisher]: Calibration status: (False, 'Calibration (sys:3, gyro:3, accel:1, mag:3)')
[imu_publisher-5] [INFO] [1744574177.950954352] [drone_home1.imu_publisher]: Calibration status: (False, 'Calibration (sys:3, gyro:3, accel:1, mag:3)')
[imu_publisher-5] [INFO] [1744574178.454327956] [drone_home1.imu_publisher]: Calibration status: (False, 'Calibration (sys:3, gyro:3, accel:1, mag:3)')
[imu_publisher-5] [INFO] [1744574178.956996257] [drone_home1.imu_publisher]: Calibration status: (False, 'Calibration (sys:3, gyro:3, accel:1, mag:3)')
[imu_publisher-5] [INFO] [1744574179.461448383] [drone_home1.imu_publisher]: Calibration status: (False, 'Calibration (sys:3, gyro:3, accel:1, mag:3)')
[imu_publisher-5] [INFO] [1744574179.964159781] [drone_home1.imu_publisher]: Calibration status: (False, 'Calibration (sys:3, gyro:3, accel:1, mag:3)')
[imu_publisher-5] [INFO] [1744574180.466544987] [drone_home1.imu_publisher]: Calibration status: (False, 'Calibration (sys:3, gyro:3, accel:1, mag:3)')
[imu_publisher-5] [INFO] [1744574180.968920976] [drone_home1.imu_publisher]: Calibration status: (False, 'Calibration (sys:3, gyro:3, accel:1, mag:3)')
[imu_publisher-5] [INFO] [1744574181.471181723] [drone_home1.imu_publisher]: Calibration status: (False, 'Calibration (sys:3, gyro:3, accel:1, mag:3)')
[imu_publisher-5] [INFO] [1744574181.973941941] [drone_home1.imu_publisher]: Calibration status: (False, 'Calibration (sys:3, gyro:3, accel:1, mag:3)')
[imu_publisher-5] [INFO] [1744574182.477483585] [drone_home1.imu_publisher]: Calibration status: (False, 'Calibration (sys:3, gyro:3, accel:1, mag:3)')
[imu_publisher-5] [INFO] [1744574182.979883496] [drone_home1.imu_publisher]: Calibration status: (False, 'Calibration (sys:3, gyro:3, accel:1, mag:3)')
[imu_publisher-5] [INFO] [1744574183.482316330] [drone_home1.imu_publisher]: Calibration status: (False, 'Calibration (sys:3, gyro:3, accel:1, mag:3)')
[imu_publisher-5] [INFO] [1744574183.985439362] [drone_home1.imu_publisher]: Calibration status: (False, 'Calibration (sys:3, gyro:3, accel:1, mag:3)')
[imu_publisher-5] [INFO] [1744574184.487991041] [drone_home1.imu_publisher]: Calibration status: (False, 'Calibration (sys:3, gyro:3, accel:1, mag:3)')
[imu_publisher-5] [INFO] [1744574184.990691781] [drone_home1.imu_publisher]: Calibration status: (False, 'Calibration (sys:3, gyro:3, accel:1, mag:3)')
[imu_publisher-5] [INFO] [1744574185.493784271] [drone_home1.imu_publisher]: Calibration status: (False, 'Calibration (sys:3, gyro:3, accel:1, mag:3)')
[imu_publisher-5] [INFO] [1744574185.996583791] [drone_home1.imu_publisher]: Calibration status: (False, 'Calibration (sys:3, gyro:3, accel:1, mag:3)')
[imu_publisher-5] [INFO] [1744574186.499375881] [drone_home1.imu_publisher]: Calibration status: (False, 'Calibration (sys:3, gyro:3, accel:1, mag:3)')
[imu_publisher-5] [INFO] [1744574187.001931644] [drone_home1.imu_publisher]: Calibration status: (False, 'Calibration (sys:3, gyro:3, accel:1, mag:3)')
[imu_publisher-5] [INFO] [1744574187.504965176] [drone_home1.imu_publisher]: Calibration status: (False, 'Calibration (sys:3, gyro:3, accel:1, mag:3)')
[imu_publisher-5] [INFO] [1744574188.007959026] [drone_home1.imu_publisher]: Calibration status: (False, 'Calibration (sys:3, gyro:3, accel:1, mag:3)')
[imu_publisher-5] [INFO] [1744574188.510720544] [drone_home1.imu_publisher]: Calibration status: (False, 'Calibration (sys:3, gyro:3, accel:1, mag:3)')
[imu_publisher-5] [INFO] [1744574189.013510574] [drone_home1.imu_publisher]: Calibration status: (False, 'Calibration (sys:3, gyro:3, accel:1, mag:3)')
[imu_publisher-5] [INFO] [1744574189.515806728] [drone_home1.imu_publisher]: Calibration status: (False, 'Calibration (sys:3, gyro:3, accel:1, mag:3)')
[imu_publisher-5] [INFO] [1744574190.018238629] [drone_home1.imu_publisher]: Calibration status: (False, 'Calibration (sys:3, gyro:3, accel:1, mag:3)')
[imu_publisher-5] [INFO] [1744574190.520736800] [drone_home1.imu_publisher]: Calibration status: (False, 'Calibration (sys:3, gyro:3, accel:1, mag:3)')
[imu_publisher-5] [INFO] [1744574191.023810732] [drone_home1.imu_publisher]: Calibration status: (False, 'Calibration (sys:3, gyro:3, accel:1, mag:3)')
[imu_publisher-5] [INFO] [1744574191.526172349] [drone_home1.imu_publisher]: Calibration status: (False, 'Calibration (sys:3, gyro:3, accel:1, mag:3)')
[imu_publisher-5] [INFO] [1744574192.028684018] [drone_home1.imu_publisher]: Calibration status: (False, 'Calibration (sys:3, gyro:3, accel:1, mag:3)')
[imu_publisher-5] [INFO] [1744574192.531879160] [drone_home1.imu_publisher]: Calibration status: (False, 'Calibration (sys:3, gyro:3, accel:1, mag:3)')
[imu_publisher-5] [INFO] [1744574193.034248100] [drone_home1.imu_publisher]: Calibration status: (False, 'Calibration (sys:3, gyro:3, accel:1, mag:3)')
[imu_publisher-5] [INFO] [1744574193.536627563] [drone_home1.imu_publisher]: Calibration status: (False, 'Calibration (sys:3, gyro:3, accel:1, mag:3)')
[imu_publisher-5] [INFO] [1744574194.039406847] [drone_home1.imu_publisher]: Calibration status: (False, 'Calibration (sys:3, gyro:3, accel:1, mag:3)')
[imu_publisher-5] [INFO] [1744574194.542274673] [drone_home1.imu_publisher]: Calibration status: (False, 'Calibration (sys:3, gyro:3, accel:1, mag:3)')
[imu_publisher-5] [INFO] [1744574195.045420491] [drone_home1.imu_publisher]: Calibration status: (False, 'Calibration (sys:3, gyro:3, accel:1, mag:3)')
[imu_publisher-5] [INFO] [1744574195.548641667] [drone_home1.imu_publisher]: Calibration status: (False, 'Calibration (sys:3, gyro:3, accel:1, mag:3)')
[imu_publisher-5] [INFO] [1744574196.052150084] [drone_home1.imu_publisher]: Calibration status: (False, 'Calibration (sys:3, gyro:3, accel:1, mag:3)')
[imu_publisher-5] [INFO] [1744574196.555093135] [drone_home1.imu_publisher]: Calibration status: (False, 'Calibration (sys:3, gyro:3, accel:1, mag:3)')
[imu_publisher-5] [INFO] [1744574197.058017977] [drone_home1.imu_publisher]: Calibration status: (False, 'Calibration (sys:3, gyro:3, accel:1, mag:3)')
[imu_publisher-5] [INFO] [1744574197.561762265] [drone_home1.imu_publisher]: Calibration status: (False, 'Calibration (sys:3, gyro:3, accel:1, mag:3)')
[imu_publisher-5] [INFO] [1744574198.064335636] [drone_home1.imu_publisher]: Calibration status: (False, 'Calibration (sys:3, gyro:3, accel:1, mag:3)')
[imu_publisher-5] [INFO] [1744574198.567374009] [drone_home1.imu_publisher]: Calibration status: (False, 'Calibration (sys:3, gyro:3, accel:1, mag:3)')
[imu_publisher-5] [INFO] [1744574199.070129750] [drone_home1.imu_publisher]: Calibration status: (False, 'Calibration (sys:3, gyro:3, accel:1, mag:3)')
[imu_publisher-5] [INFO] [1744574199.572701481] [drone_home1.imu_publisher]: Calibration status: (False, 'Calibration (sys:3, gyro:3, accel:1, mag:3)')
[imu_publisher-5] [INFO] [1744574200.075096694] [drone_home1.imu_publisher]: Calibration status: (False, 'Calibration (sys:3, gyro:3, accel:1, mag:3)')
[imu_publisher-5] [INFO] [1744574200.577557730] [drone_home1.imu_publisher]: Calibration status: (False, 'Calibration (sys:3, gyro:3, accel:1, mag:3)')
[imu_publisher-5] [INFO] [1744574201.080741347] [drone_home1.imu_publisher]: Calibration status: (False, 'Calibration (sys:3, gyro:3, accel:1, mag:3)')
[imu_publisher-5] [INFO] [1744574201.583140361] [drone_home1.imu_publisher]: Calibration status: (False, 'Calibration (sys:3, gyro:3, accel:1, mag:3)')
[imu_publisher-5] [INFO] [1744574202.086792405] [drone_home1.imu_publisher]: Calibration status: (False, 'Calibration (sys:3, gyro:3, accel:1, mag:3)')
[imu_publisher-5] [INFO] [1744574202.589875885] [drone_home1.imu_publisher]: Calibration status: (False, 'Calibration (sys:3, gyro:3, accel:1, mag:3)')
[imu_publisher-5] [INFO] [1744574203.093297390] [drone_home1.imu_publisher]: Calibration status: (False, 'Calibration (sys:3, gyro:3, accel:1, mag:3)')
[imu_publisher-5] [INFO] [1744574203.596439588] [drone_home1.imu_publisher]: Calibration status: (False, 'Calibration (sys:3, gyro:3, accel:1, mag:3)')
[imu_publisher-5] [INFO] [1744574204.099202990] [drone_home1.imu_publisher]: Calibration status: (False, 'Calibration (sys:3, gyro:3, accel:1, mag:3)')
[imu_publisher-5] [INFO] [1744574204.601514086] [drone_home1.imu_publisher]: Calibration status: (False, 'Calibration (sys:3, gyro:3, accel:1, mag:3)')
[imu_publisher-5] [INFO] [1744574205.104538100] [drone_home1.imu_publisher]: Calibration status: (False, 'Calibration (sys:3, gyro:3, accel:1, mag:3)')
[imu_publisher-5] [INFO] [1744574205.607664099] [drone_home1.imu_publisher]: Calibration status: (False, 'Calibration (sys:3, gyro:3, accel:1, mag:3)')
[imu_publisher-5] [INFO] [1744574206.110672909] [drone_home1.imu_publisher]: Calibration status: (False, 'Calibration (sys:3, gyro:3, accel:1, mag:3)')
[imu_publisher-5] [INFO] [1744574206.613859578] [drone_home1.imu_publisher]: Calibration status: (False, 'Calibration (sys:3, gyro:3, accel:1, mag:3)')
[imu_publisher-5] [INFO] [1744574207.116935203] [drone_home1.imu_publisher]: Calibration status: (False, 'Calibration (sys:3, gyro:3, accel:1, mag:3)')
[imu_publisher-5] [INFO] [1744574207.619968488] [drone_home1.imu_publisher]: Calibration status: (False, 'Calibration (sys:3, gyro:3, accel:1, mag:3)')
[imu_publisher-5] [INFO] [1744574208.122980428] [drone_home1.imu_publisher]: Calibration status: (False, 'Calibration (sys:3, gyro:3, accel:1, mag:3)')
[imu_publisher-5] [INFO] [1744574208.625408475] [drone_home1.imu_publisher]: Calibration status: (False, 'Calibration (sys:3, gyro:3, accel:1, mag:3)')
[imu_publisher-5] [INFO] [1744574209.127701798] [drone_home1.imu_publisher]: Calibration status: (False, 'Calibration (sys:3, gyro:3, accel:1, mag:3)')
[imu_publisher-5] [INFO] [1744574209.629944717] [drone_home1.imu_publisher]: Calibration status: (False, 'Calibration (sys:3, gyro:3, accel:1, mag:3)')
[imu_publisher-5] [INFO] [1744574210.132302199] [drone_home1.imu_publisher]: Calibration status: (False, 'Calibration (sys:3, gyro:3, accel:1, mag:3)')
[imu_publisher-5] [INFO] [1744574210.634602940] [drone_home1.imu_publisher]: Calibration status: (False, 'Calibration (sys:3, gyro:3, accel:1, mag:3)')
[imu_publisher-5] [INFO] [1744574211.137035813] [drone_home1.imu_publisher]: Calibration status: (False, 'Calibration (sys:3, gyro:3, accel:1, mag:3)')
[imu_publisher-5] [INFO] [1744574211.639701940] [drone_home1.imu_publisher]: Calibration status: (False, 'Calibration (sys:3, gyro:3, accel:1, mag:3)')
[imu_publisher-5] [INFO] [1744574212.142598824] [drone_home1.imu_publisher]: Calibration status: (False, 'Calibration (sys:3, gyro:3, accel:1, mag:3)')
[imu_publisher-5] [INFO] [1744574212.645214674] [drone_home1.imu_publisher]: Calibration status: (False, 'Calibration (sys:3, gyro:3, accel:1, mag:3)')
[imu_publisher-5] [INFO] [1744574213.147938143] [drone_home1.imu_publisher]: Calibration status: (False, 'Calibration (sys:3, gyro:3, accel:1, mag:3)')
[imu_publisher-5] [INFO] [1744574213.650842735] [drone_home1.imu_publisher]: Calibration status: (False, 'Calibration (sys:3, gyro:3, accel:1, mag:3)')
[imu_publisher-5] [INFO] [1744574214.153785408] [drone_home1.imu_publisher]: Calibration status: (False, 'Calibration (sys:3, gyro:3, accel:1, mag:3)')
[imu_publisher-5] [INFO] [1744574214.656647437] [drone_home1.imu_publisher]: Calibration status: (False, 'Calibration (sys:3, gyro:3, accel:1, mag:3)')
[imu_publisher-5] [INFO] [1744574215.160031336] [drone_home1.imu_publisher]: Calibration status: (False, 'Calibration (sys:3, gyro:3, accel:1, mag:3)')
[imu_publisher-5] [INFO] [1744574215.662426692] [drone_home1.imu_publisher]: Calibration status: (False, 'Calibration (sys:3, gyro:3, accel:1, mag:3)')
[imu_publisher-5] [INFO] [1744574216.164963651] [drone_home1.imu_publisher]: Calibration status: (False, 'Calibration (sys:3, gyro:3, accel:1, mag:3)')
[imu_publisher-5] [INFO] [1744574216.667622693] [drone_home1.imu_publisher]: Calibration status: (False, 'Calibration (sys:3, gyro:3, accel:1, mag:3)')
[imu_publisher-5] [INFO] [1744574217.170265765] [drone_home1.imu_publisher]: Calibration status: (False, 'Calibration (sys:3, gyro:3, accel:1, mag:3)')
[imu_publisher-5] [INFO] [1744574217.672920772] [drone_home1.imu_publisher]: Calibration status: (False, 'Calibration (sys:3, gyro:3, accel:1, mag:3)')
[imu_publisher-5] [INFO] [1744574218.175660805] [drone_home1.imu_publisher]: Calibration status: (False, 'Calibration (sys:3, gyro:3, accel:1, mag:3)')
[imu_publisher-5] [INFO] [1744574218.679218046] [drone_home1.imu_publisher]: Calibration status: (False, 'Calibration (sys:3, gyro:3, accel:1, mag:3)')
[imu_publisher-5] [INFO] [1744574219.181562224] [drone_home1.imu_publisher]: Calibration status: (False, 'Calibration (sys:3, gyro:3, accel:1, mag:3)')
[imu_publisher-5] [INFO] [1744574219.685001347] [drone_home1.imu_publisher]: Calibration status: (False, 'Calibration (sys:3, gyro:3, accel:1, mag:3)')
[imu_publisher-5] [INFO] [1744574220.187334131] [drone_home1.imu_publisher]: Calibration status: (False, 'Calibration (sys:3, gyro:3, accel:1, mag:3)')
[imu_publisher-5] [INFO] [1744574220.689654433] [drone_home1.imu_publisher]: Calibration status: (False, 'Calibration (sys:3, gyro:3, accel:1, mag:3)')
[imu_publisher-5] [INFO] [1744574221.192538624] [drone_home1.imu_publisher]: Calibration status: (False, 'Calibration (sys:3, gyro:3, accel:1, mag:3)')
[imu_publisher-5] [INFO] [1744574221.695361660] [drone_home1.imu_publisher]: Calibration status: (False, 'Calibration (sys:3, gyro:3, accel:1, mag:3)')
[imu_publisher-5] [INFO] [1744574222.198323995] [drone_home1.imu_publisher]: Calibration status: (False, 'Calibration (sys:3, gyro:3, accel:1, mag:3)')
[imu_publisher-5] [INFO] [1744574222.701041586] [drone_home1.imu_publisher]: Calibration status: (False, 'Calibration (sys:3, gyro:3, accel:1, mag:3)')
[imu_publisher-5] [INFO] [1744574223.203891148] [drone_home1.imu_publisher]: Calibration status: (False, 'Calibration (sys:3, gyro:3, accel:1, mag:3)')
[imu_publisher-5] [INFO] [1744574223.707145489] [drone_home1.imu_publisher]: Calibration status: (False, 'Calibration (sys:3, gyro:3, accel:1, mag:3)')
[imu_publisher-5] [INFO] [1744574224.209396534] [drone_home1.imu_publisher]: Calibration status: (False, 'Calibration (sys:3, gyro:3, accel:1, mag:3)')
[imu_publisher-5] [INFO] [1744574224.712076776] [drone_home1.imu_publisher]: Calibration status: (False, 'Calibration (sys:3, gyro:3, accel:1, mag:3)')
[imu_publisher-5] [INFO] [1744574225.214808315] [drone_home1.imu_publisher]: Calibration status: (False, 'Calibration (sys:3, gyro:3, accel:1, mag:3)')
[imu_publisher-5] [INFO] [1744574225.717638287] [drone_home1.imu_publisher]: Calibration status: (False, 'Calibration (sys:3, gyro:3, accel:1, mag:3)')
[imu_publisher-5] [INFO] [1744574226.220345567] [drone_home1.imu_publisher]: Calibration status: (False, 'Calibration (sys:3, gyro:3, accel:1, mag:3)')
[imu_publisher-5] [INFO] [1744574226.723295478] [drone_home1.imu_publisher]: Calibration status: (False, 'Calibration (sys:3, gyro:3, accel:1, mag:3)')
[imu_publisher-5] [INFO] [1744574227.226308909] [drone_home1.imu_publisher]: Calibration status: (False, 'Calibration (sys:3, gyro:3, accel:1, mag:3)')
[imu_publisher-5] [INFO] [1744574227.730279458] [drone_home1.imu_publisher]: Calibration status: (False, 'Calibration (sys:3, gyro:3, accel:1, mag:3)')
[imu_publisher-5] [INFO] [1744574228.232824873] [drone_home1.imu_publisher]: Calibration status: (False, 'Calibration (sys:3, gyro:3, accel:1, mag:3)')
[imu_publisher-5] [INFO] [1744574228.735470323] [drone_home1.imu_publisher]: Calibration status: (False, 'Calibration (sys:3, gyro:3, accel:1, mag:3)')
[imu_publisher-5] [INFO] [1744574229.237483337] [drone_home1.imu_publisher]: Calibration status: (False, 'Calibration (sys:3, gyro:3, accel:1, mag:3)')
[imu_publisher-5] [INFO] [1744574229.740833191] [drone_home1.imu_publisher]: Calibration status: (False, 'Calibration (sys:3, gyro:3, accel:1, mag:3)')
[imu_publisher-5] [INFO] [1744574230.244075008] [drone_home1.imu_publisher]: Calibration status: (False, 'Calibration (sys:3, gyro:3, accel:1, mag:3)')
[imu_publisher-5] [INFO] [1744574230.746516577] [drone_home1.imu_publisher]: Calibration status: (False, 'Calibration (sys:3, gyro:3, accel:1, mag:3)')
[imu_publisher-5] [INFO] [1744574231.248998210] [drone_home1.imu_publisher]: Calibration status: (False, 'Calibration (sys:3, gyro:3, accel:1, mag:3)')
[imu_publisher-5] [INFO] [1744574231.751498019] [drone_home1.imu_publisher]: Calibration status: (False, 'Calibration (sys:3, gyro:3, accel:1, mag:3)')
[imu_publisher-5] [INFO] [1744574232.253932705] [drone_home1.imu_publisher]: Calibration status: (False, 'Calibration (sys:3, gyro:3, accel:1, mag:3)')
[imu_publisher-5] [INFO] [1744574232.756674952] [drone_home1.imu_publisher]: Calibration status: (False, 'Calibration (sys:3, gyro:3, accel:1, mag:3)')
[imu_publisher-5] [INFO] [1744574233.259181671] [drone_home1.imu_publisher]: Calibration status: (False, 'Calibration (sys:3, gyro:3, accel:1, mag:3)')
[imu_publisher-5] [INFO] [1744574233.761665924] [drone_home1.imu_publisher]: Calibration status: (False, 'Calibration (sys:3, gyro:3, accel:1, mag:3)')
[imu_publisher-5] [INFO] [1744574234.264569582] [drone_home1.imu_publisher]: Calibration status: (False, 'Calibration (sys:3, gyro:3, accel:1, mag:3)')
[imu_publisher-5] [INFO] [1744574234.767452246] [drone_home1.imu_publisher]: Calibration status: (False, 'Calibration (sys:3, gyro:3, accel:1, mag:3)')
[imu_publisher-5] [INFO] [1744574235.269909585] [drone_home1.imu_publisher]: Calibration status: (False, 'Calibration (sys:3, gyro:3, accel:1, mag:3)')
[imu_publisher-5] [INFO] [1744574235.772688245] [drone_home1.imu_publisher]: Calibration status: (False, 'Calibration (sys:3, gyro:3, accel:1, mag:3)')
[imu_publisher-5] [INFO] [1744574236.275457144] [drone_home1.imu_publisher]: Calibration status: (False, 'Calibration (sys:3, gyro:3, accel:1, mag:3)')
[imu_publisher-5] [INFO] [1744574236.778050485] [drone_home1.imu_publisher]: Calibration status: (False, 'Calibration (sys:3, gyro:3, accel:1, mag:3)')
[imu_publisher-5] [INFO] [1744574237.281733555] [drone_home1.imu_publisher]: Calibration status: (False, 'Calibration (sys:3, gyro:3, accel:1, mag:3)')
[imu_publisher-5] [INFO] [1744574237.784572598] [drone_home1.imu_publisher]: Calibration status: (False, 'Calibration (sys:3, gyro:3, accel:1, mag:3)')
[imu_publisher-5] [INFO] [1744574238.286908361] [drone_home1.imu_publisher]: Calibration status: (False, 'Calibration (sys:3, gyro:3, accel:1, mag:3)')
[imu_publisher-5] [INFO] [1744574238.789306814] [drone_home1.imu_publisher]: Calibration status: (False, 'Calibration (sys:3, gyro:3, accel:1, mag:3)')
[imu_publisher-5] [INFO] [1744574239.292022588] [drone_home1.imu_publisher]: Calibration status: (False, 'Calibration (sys:3, gyro:3, accel:1, mag:3)')
[imu_publisher-5] [INFO] [1744574239.795084548] [drone_home1.imu_publisher]: Calibration status: (False, 'Calibration (sys:3, gyro:3, accel:1, mag:3)')
[imu_publisher-5] [INFO] [1744574240.297684349] [drone_home1.imu_publisher]: Calibration status: (False, 'Calibration (sys:3, gyro:3, accel:1, mag:3)')
[imu_publisher-5] [INFO] [1744574240.800382488] [drone_home1.imu_publisher]: Calibration status: (False, 'Calibration (sys:3, gyro:3, accel:1, mag:3)')
[imu_publisher-5] [INFO] [1744574241.303180214] [drone_home1.imu_publisher]: Calibration status: (False, 'Calibration (sys:3, gyro:3, accel:1, mag:3)')
[imu_publisher-5] [INFO] [1744574241.805876465] [drone_home1.imu_publisher]: Calibration status: (False, 'Calibration (sys:3, gyro:3, accel:1, mag:3)')
[imu_publisher-5] [INFO] [1744574242.309262720] [drone_home1.imu_publisher]: Calibration status: (False, 'Calibration (sys:3, gyro:3, accel:1, mag:3)')
[imu_publisher-5] [INFO] [1744574242.811279141] [drone_home1.imu_publisher]: Calibration status: (False, 'Calibration (sys:3, gyro:3, accel:1, mag:3)')
[imu_publisher-5] [INFO] [1744574243.313808856] [drone_home1.imu_publisher]: Calibration status: (False, 'Calibration (sys:3, gyro:3, accel:1, mag:3)')
[imu_publisher-5] [INFO] [1744574243.816625780] [drone_home1.imu_publisher]: Calibration status: (False, 'Calibration (sys:3, gyro:3, accel:1, mag:3)')
[imu_publisher-5] [INFO] [1744574244.319290091] [drone_home1.imu_publisher]: Calibration status: (False, 'Calibration (sys:3, gyro:3, accel:1, mag:3)')
[imu_publisher-5] [INFO] [1744574244.822018884] [drone_home1.imu_publisher]: Calibration status: (False, 'Calibration (sys:3, gyro:3, accel:1, mag:3)')
[imu_publisher-5] [INFO] [1744574245.324850719] [drone_home1.imu_publisher]: Calibration status: (False, 'Calibration (sys:3, gyro:3, accel:1, mag:3)')
[imu_publisher-5] [INFO] [1744574245.828220330] [drone_home1.imu_publisher]: Calibration status: (False, 'Calibration (sys:3, gyro:3, accel:1, mag:3)')
[imu_publisher-5] [INFO] [1744574246.331226346] [drone_home1.imu_publisher]: Calibration status: (False, 'Calibration (sys:3, gyro:3, accel:1, mag:3)')
[imu_publisher-5] [INFO] [1744574246.833586421] [drone_home1.imu_publisher]: Calibration status: (False, 'Calibration (sys:3, gyro:3, accel:1, mag:3)')
[imu_publisher-5] [INFO] [1744574247.336040738] [drone_home1.imu_publisher]: Calibration status: (False, 'Calibration (sys:3, gyro:3, accel:1, mag:3)')
[imu_publisher-5] [INFO] [1744574247.838748088] [drone_home1.imu_publisher]: Calibration status: (False, 'Calibration (sys:3, gyro:3, accel:1, mag:3)')
[imu_publisher-5] [INFO] [1744574248.341424011] [drone_home1.imu_publisher]: Calibration status: (False, 'Calibration (sys:3, gyro:3, accel:1, mag:3)')
[imu_publisher-5] [INFO] [1744574248.844162976] [drone_home1.imu_publisher]: Calibration status: (False, 'Calibration (sys:3, gyro:3, accel:1, mag:3)')
[imu_publisher-5] [INFO] [1744574249.346972439] [drone_home1.imu_publisher]: Calibration status: (False, 'Calibration (sys:3, gyro:3, accel:1, mag:3)')
[imu_publisher-5] [INFO] [1744574249.850801709] [drone_home1.imu_publisher]: Calibration status: (False, 'Calibration (sys:3, gyro:3, accel:1, mag:3)')
[imu_publisher-5] [INFO] [1744574250.353125492] [drone_home1.imu_publisher]: Calibration status: (False, 'Calibration (sys:3, gyro:3, accel:1, mag:3)')
[imu_publisher-5] [INFO] [1744574250.855703075] [drone_home1.imu_publisher]: Calibration status: (False, 'Calibration (sys:3, gyro:3, accel:1, mag:3)')
[imu_publisher-5] [INFO] [1744574251.358374388] [drone_home1.imu_publisher]: Calibration status: (False, 'Calibration (sys:3, gyro:3, accel:1, mag:3)')
[imu_publisher-5] [INFO] [1744574251.860895232] [drone_home1.imu_publisher]: Calibration status: (False, 'Calibration (sys:3, gyro:3, accel:1, mag:3)')
[imu_publisher-5] [INFO] [1744574252.362992414] [drone_home1.imu_publisher]: Calibration status: (False, 'Calibration (sys:3, gyro:3, accel:1, mag:3)')
[imu_publisher-5] [INFO] [1744574252.865623789] [drone_home1.imu_publisher]: Calibration status: (False, 'Calibration (sys:2, gyro:3, accel:1, mag:3)')
[imu_publisher-5] [INFO] [1744574253.368689640] [drone_home1.imu_publisher]: Calibration status: (False, 'Calibration (sys:2, gyro:3, accel:1, mag:3)')
[imu_publisher-5] [INFO] [1744574253.871058606] [drone_home1.imu_publisher]: Calibration status: (False, 'Calibration (sys:2, gyro:3, accel:1, mag:3)')
[imu_publisher-5] [INFO] [1744574254.374366929] [drone_home1.imu_publisher]: Calibration status: (False, 'Calibration (sys:3, gyro:3, accel:1, mag:3)')
[imu_publisher-5] [INFO] [1744574254.878155746] [drone_home1.imu_publisher]: Calibration status: (False, 'Calibration (sys:3, gyro:3, accel:1, mag:3)')
[imu_publisher-5] [INFO] [1744574255.380669163] [drone_home1.imu_publisher]: Calibration status: (False, 'Calibration (sys:0, gyro:3, accel:1, mag:3)')
[imu_publisher-5] [INFO] [1744574255.883098289] [drone_home1.imu_publisher]: Calibration status: (False, 'Calibration (sys:0, gyro:3, accel:1, mag:3)')
[imu_publisher-5] [INFO] [1744574256.385860193] [drone_home1.imu_publisher]: Calibration status: (False, 'Calibration (sys:0, gyro:3, accel:1, mag:3)')
[imu_publisher-5] [INFO] [1744574256.888325064] [drone_home1.imu_publisher]: Calibration status: (False, 'Calibration (sys:0, gyro:3, accel:1, mag:3)')
[imu_publisher-5] [INFO] [1744574257.391530565] [drone_home1.imu_publisher]: Calibration status: (False, 'Calibration (sys:0, gyro:3, accel:1, mag:3)')
[imu_publisher-5] [INFO] [1744574257.894061101] [drone_home1.imu_publisher]: Calibration status: (False, 'Calibration (sys:0, gyro:3, accel:1, mag:3)')
[imu_publisher-5] [INFO] [1744574258.396484850] [drone_home1.imu_publisher]: Calibration status: (False, 'Calibration (sys:0, gyro:3, accel:1, mag:3)')
[imu_publisher-5] [INFO] [1744574258.899316227] [drone_home1.imu_publisher]: Calibration status: (False, 'Calibration (sys:0, gyro:3, accel:1, mag:3)')
[imu_publisher-5] [INFO] [1744574259.402345337] [drone_home1.imu_publisher]: Calibration status: (False, 'Calibration (sys:0, gyro:3, accel:1, mag:3)')
[imu_publisher-5] [INFO] [1744574259.905374095] [drone_home1.imu_publisher]: Calibration status: (False, 'Calibration (sys:0, gyro:3, accel:1, mag:3)')
[imu_publisher-5] [INFO] [1744574260.408095580] [drone_home1.imu_publisher]: Calibration status: (False, 'Calibration (sys:0, gyro:3, accel:1, mag:3)')
[imu_publisher-5] [INFO] [1744574260.911087536] [drone_home1.imu_publisher]: Calibration status: (False, 'Calibration (sys:0, gyro:3, accel:1, mag:3)')
[imu_publisher-5] [INFO] [1744574261.413545300] [drone_home1.imu_publisher]: Calibration status: (False, 'Calibration (sys:0, gyro:3, accel:1, mag:3)')
[imu_publisher-5] [INFO] [1744574261.916203166] [drone_home1.imu_publisher]: Calibration status: (False, 'Calibration (sys:0, gyro:3, accel:1, mag:3)')
[imu_publisher-5] [INFO] [1744574262.418565982] [drone_home1.imu_publisher]: Calibration status: (False, 'Calibration (sys:0, gyro:3, accel:1, mag:3)')
[imu_publisher-5] [INFO] [1744574262.921001152] [drone_home1.imu_publisher]: Calibration status: (False, 'Calibration (sys:0, gyro:3, accel:1, mag:3)')
[imu_publisher-5] [INFO] [1744574263.423705738] [drone_home1.imu_publisher]: Calibration status: (False, 'Calibration (sys:0, gyro:3, accel:1, mag:3)')
[imu_publisher-5] [INFO] [1744574263.927112010] [drone_home1.imu_publisher]: Calibration status: (False, 'Calibration (sys:0, gyro:3, accel:1, mag:3)')
[imu_publisher-5] [INFO] [1744574264.429972025] [drone_home1.imu_publisher]: Calibration status: (False, 'Calibration (sys:0, gyro:3, accel:1, mag:3)')
[imu_publisher-5] [INFO] [1744574264.932412282] [drone_home1.imu_publisher]: Calibration status: (False, 'Calibration (sys:0, gyro:3, accel:1, mag:3)')
[imu_publisher-5] [INFO] [1744574265.434748952] [drone_home1.imu_publisher]: Calibration status: (False, 'Calibration (sys:0, gyro:3, accel:1, mag:3)')
[imu_publisher-5] [INFO] [1744574265.937404767] [drone_home1.imu_publisher]: Calibration status: (False, 'Calibration (sys:0, gyro:3, accel:1, mag:3)')
[imu_publisher-5] [INFO] [1744574266.440010757] [drone_home1.imu_publisher]: Calibration status: (False, 'Calibration (sys:0, gyro:3, accel:1, mag:3)')
[imu_publisher-5] [INFO] [1744574266.942705325] [drone_home1.imu_publisher]: Calibration status: (False, 'Calibration (sys:0, gyro:3, accel:1, mag:3)')
[imu_publisher-5] [INFO] [1744574267.445414390] [drone_home1.imu_publisher]: Calibration status: (False, 'Calibration (sys:0, gyro:3, accel:1, mag:3)')
[imu_publisher-5] [INFO] [1744574267.948382662] [drone_home1.imu_publisher]: Calibration status: (False, 'Calibration (sys:0, gyro:3, accel:1, mag:3)')
[imu_publisher-5] [INFO] [1744574268.450912072] [drone_home1.imu_publisher]: Calibration status: (False, 'Calibration (sys:0, gyro:3, accel:1, mag:3)')
[imu_publisher-5] [INFO] [1744574268.953527917] [drone_home1.imu_publisher]: Calibration status: (False, 'Calibration (sys:0, gyro:3, accel:1, mag:3)')
[imu_publisher-5] [INFO] [1744574269.456201940] [drone_home1.imu_publisher]: Calibration status: (False, 'Calibration (sys:0, gyro:3, accel:1, mag:3)')
[imu_publisher-5] [INFO] [1744574269.959455020] [drone_home1.imu_publisher]: Calibration status: (False, 'Calibration (sys:0, gyro:3, accel:1, mag:3)')
[imu_publisher-5] [INFO] [1744574270.461670756] [drone_home1.imu_publisher]: Calibration status: (False, 'Calibration (sys:0, gyro:3, accel:1, mag:3)')
[imu_publisher-5] [INFO] [1744574270.964412556] [drone_home1.imu_publisher]: Calibration status: (False, 'Calibration (sys:0, gyro:3, accel:1, mag:3)')
[imu_publisher-5] [INFO] [1744574271.467243894] [drone_home1.imu_publisher]: Calibration status: (False, 'Calibration (sys:0, gyro:3, accel:1, mag:3)')
[imu_publisher-5] [INFO] [1744574271.969890907] [drone_home1.imu_publisher]: Calibration status: (False, 'Calibration (sys:0, gyro:3, accel:1, mag:3)')
[imu_publisher-5] [INFO] [1744574272.472721540] [drone_home1.imu_publisher]: Calibration status: (False, 'Calibration (sys:0, gyro:3, accel:1, mag:3)')
[imu_publisher-5] [INFO] [1744574272.975321991] [drone_home1.imu_publisher]: Calibration status: (False, 'Calibration (sys:0, gyro:3, accel:1, mag:3)')
[imu_publisher-5] [INFO] [1744574273.478803045] [drone_home1.imu_publisher]: Calibration status: (False, 'Calibration (sys:0, gyro:3, accel:1, mag:3)')
[imu_publisher-5] [INFO] [1744574273.981196353] [drone_home1.imu_publisher]: Calibration status: (False, 'Calibration (sys:0, gyro:3, accel:1, mag:3)')
[imu_publisher-5] [INFO] [1744574274.483789763] [drone_home1.imu_publisher]: Calibration status: (False, 'Calibration (sys:0, gyro:3, accel:1, mag:3)')
[imu_publisher-5] [INFO] [1744574274.986769072] [drone_home1.imu_publisher]: Calibration status: (False, 'Calibration (sys:0, gyro:3, accel:1, mag:3)')
[imu_publisher-5] [INFO] [1744574275.489390899] [drone_home1.imu_publisher]: Calibration status: (False, 'Calibration (sys:0, gyro:3, accel:1, mag:3)')
[imu_publisher-5] [INFO] [1744574275.992330175] [drone_home1.imu_publisher]: Calibration status: (False, 'Calibration (sys:0, gyro:3, accel:1, mag:3)')
[imu_publisher-5] [INFO] [1744574276.494987618] [drone_home1.imu_publisher]: Calibration status: (False, 'Calibration (sys:0, gyro:3, accel:1, mag:3)')
[imu_publisher-5] [INFO] [1744574276.997812298] [drone_home1.imu_publisher]: Calibration status: (False, 'Calibration (sys:0, gyro:3, accel:1, mag:3)')
[imu_publisher-5] [INFO] [1744574277.500458476] [drone_home1.imu_publisher]: Calibration status: (False, 'Calibration (sys:0, gyro:3, accel:1, mag:3)')
[imu_publisher-5] [INFO] [1744574278.003184145] [drone_home1.imu_publisher]: Calibration status: (False, 'Calibration (sys:0, gyro:3, accel:1, mag:3)')
[imu_publisher-5] [INFO] [1744574278.505826067] [drone_home1.imu_publisher]: Calibration status: (False, 'Calibration (sys:0, gyro:3, accel:1, mag:3)')
[imu_publisher-5] [INFO] [1744574279.008466357] [drone_home1.imu_publisher]: Calibration status: (False, 'Calibration (sys:0, gyro:3, accel:1, mag:3)')
[imu_publisher-5] [INFO] [1744574279.511292988] [drone_home1.imu_publisher]: Calibration status: (False, 'Calibration (sys:0, gyro:3, accel:1, mag:3)')
[imu_publisher-5] [INFO] [1744574280.013791098] [drone_home1.imu_publisher]: Calibration status: (False, 'Calibration (sys:0, gyro:3, accel:1, mag:3)')
[imu_publisher-5] [INFO] [1744574280.516571679] [drone_home1.imu_publisher]: Calibration status: (False, 'Calibration (sys:0, gyro:3, accel:1, mag:3)')
[imu_publisher-5] [INFO] [1744574281.019286627] [drone_home1.imu_publisher]: Calibration status: (False, 'Calibration (sys:0, gyro:3, accel:1, mag:3)')
[imu_publisher-5] [INFO] [1744574281.521937572] [drone_home1.imu_publisher]: Calibration status: (False, 'Calibration (sys:0, gyro:3, accel:1, mag:3)')
[imu_publisher-5] [INFO] [1744574282.024672072] [drone_home1.imu_publisher]: Calibration status: (False, 'Calibration (sys:0, gyro:3, accel:1, mag:3)')
[imu_publisher-5] [INFO] [1744574282.527933980] [drone_home1.imu_publisher]: Calibration status: (False, 'Calibration (sys:0, gyro:3, accel:1, mag:3)')
[imu_publisher-5] [INFO] [1744574283.030977801] [drone_home1.imu_publisher]: Calibration status: (False, 'Calibration (sys:0, gyro:3, accel:1, mag:3)')
[imu_publisher-5] [INFO] [1744574283.533602056] [drone_home1.imu_publisher]: Calibration status: (False, 'Calibration (sys:0, gyro:3, accel:1, mag:3)')
[imu_publisher-5] [INFO] [1744574284.035846333] [drone_home1.imu_publisher]: Calibration status: (False, 'Calibration (sys:0, gyro:3, accel:1, mag:3)')
[imu_publisher-5] [INFO] [1744574284.538483389] [drone_home1.imu_publisher]: Calibration status: (False, 'Calibration (sys:0, gyro:3, accel:1, mag:3)')
[imu_publisher-5] [INFO] [1744574285.040868533] [drone_home1.imu_publisher]: Calibration status: (False, 'Calibration (sys:0, gyro:3, accel:1, mag:3)')
[imu_publisher-5] [INFO] [1744574285.543559094] [drone_home1.imu_publisher]: Calibration status: (False, 'Calibration (sys:0, gyro:3, accel:1, mag:3)')
[imu_publisher-5] [INFO] [1744574286.046078643] [drone_home1.imu_publisher]: Calibration status: (False, 'Calibration (sys:0, gyro:3, accel:1, mag:3)')
[imu_publisher-5] [INFO] [1744574286.549485258] [drone_home1.imu_publisher]: Calibration status: (False, 'Calibration (sys:0, gyro:3, accel:1, mag:3)')
[imu_publisher-5] [INFO] [1744574287.051757310] [drone_home1.imu_publisher]: Calibration status: (False, 'Calibration (sys:0, gyro:3, accel:1, mag:3)')
[imu_publisher-5] [INFO] [1744574287.554908621] [drone_home1.imu_publisher]: Calibration status: (False, 'Calibration (sys:0, gyro:3, accel:1, mag:3)')
[imu_publisher-5] [INFO] [1744574288.058035579] [drone_home1.imu_publisher]: Calibration status: (False, 'Calibration (sys:0, gyro:3, accel:1, mag:3)')
[imu_publisher-5] [INFO] [1744574288.560453939] [drone_home1.imu_publisher]: Calibration status: (False, 'Calibration (sys:0, gyro:3, accel:1, mag:3)')
[imu_publisher-5] [INFO] [1744574289.062833931] [drone_home1.imu_publisher]: Calibration status: (False, 'Calibration (sys:0, gyro:3, accel:1, mag:3)')
[imu_publisher-5] [INFO] [1744574289.565216130] [drone_home1.imu_publisher]: Calibration status: (False, 'Calibration (sys:0, gyro:3, accel:1, mag:3)')
[imu_publisher-5] [INFO] [1744574290.067620025] [drone_home1.imu_publisher]: Calibration status: (False, 'Calibration (sys:0, gyro:3, accel:1, mag:3)')
[imu_publisher-5] [INFO] [1744574290.570289177] [drone_home1.imu_publisher]: Calibration status: (False, 'Calibration (sys:0, gyro:3, accel:1, mag:3)')
[imu_publisher-5] [INFO] [1744574291.073046299] [drone_home1.imu_publisher]: Calibration status: (False, 'Calibration (sys:0, gyro:3, accel:1, mag:3)')
[imu_publisher-5] [INFO] [1744574291.575624087] [drone_home1.imu_publisher]: Calibration status: (False, 'Calibration (sys:0, gyro:3, accel:1, mag:3)')
[imu_publisher-5] [INFO] [1744574292.078273334] [drone_home1.imu_publisher]: Calibration status: (False, 'Calibration (sys:0, gyro:3, accel:1, mag:3)')
[imu_publisher-5] [INFO] [1744574292.581625834] [drone_home1.imu_publisher]: Calibration status: (False, 'Calibration (sys:0, gyro:3, accel:1, mag:3)')
[imu_publisher-5] [INFO] [1744574293.083910749] [drone_home1.imu_publisher]: Calibration status: (False, 'Calibration (sys:0, gyro:3, accel:1, mag:3)')
[imu_publisher-5] [INFO] [1744574293.586528955] [drone_home1.imu_publisher]: Calibration status: (False, 'Calibration (sys:1, gyro:3, accel:1, mag:3)')
[imu_publisher-5] [INFO] [1744574294.089292284] [drone_home1.imu_publisher]: Calibration status: (False, 'Calibration (sys:0, gyro:3, accel:1, mag:3)')
[imu_publisher-5] [INFO] [1744574294.591852984] [drone_home1.imu_publisher]: Calibration status: (False, 'Calibration (sys:0, gyro:3, accel:1, mag:3)')
[imu_publisher-5] [INFO] [1744574295.094514806] [drone_home1.imu_publisher]: Calibration status: (False, 'Calibration (sys:1, gyro:3, accel:1, mag:3)')
[imu_publisher-5] [INFO] [1744574295.597240119] [drone_home1.imu_publisher]: Calibration status: (False, 'Calibration (sys:1, gyro:3, accel:1, mag:3)')
[imu_publisher-5] [INFO] [1744574296.100113563] [drone_home1.imu_publisher]: Calibration status: (False, 'Calibration (sys:0, gyro:3, accel:1, mag:3)')
[imu_publisher-5] [INFO] [1744574296.602485200] [drone_home1.imu_publisher]: Calibration status: (False, 'Calibration (sys:1, gyro:3, accel:1, mag:3)')
[imu_publisher-5] [INFO] [1744574297.105177679] [drone_home1.imu_publisher]: Calibration status: (False, 'Calibration (sys:1, gyro:3, accel:1, mag:3)')
[imu_publisher-5] [INFO] [1744574297.607956145] [drone_home1.imu_publisher]: Calibration status: (False, 'Calibration (sys:1, gyro:3, accel:1, mag:3)')
[imu_publisher-5] [INFO] [1744574298.110498187] [drone_home1.imu_publisher]: Calibration status: (False, 'Calibration (sys:1, gyro:3, accel:1, mag:3)')
[imu_publisher-5] [INFO] [1744574298.613137672] [drone_home1.imu_publisher]: Calibration status: (False, 'Calibration (sys:1, gyro:3, accel:1, mag:3)')
[imu_publisher-5] [INFO] [1744574299.115984844] [drone_home1.imu_publisher]: Calibration status: (False, 'Calibration (sys:1, gyro:3, accel:1, mag:3)')
[imu_publisher-5] [INFO] [1744574299.618596072] [drone_home1.imu_publisher]: Calibration status: (False, 'Calibration (sys:1, gyro:3, accel:1, mag:3)')
[imu_publisher-5] [INFO] [1744574300.121301415] [drone_home1.imu_publisher]: Calibration status: (False, 'Calibration (sys:1, gyro:3, accel:1, mag:3)')
[imu_publisher-5] [INFO] [1744574300.624277934] [drone_home1.imu_publisher]: Calibration status: (False, 'Calibration (sys:2, gyro:3, accel:1, mag:3)')
[imu_publisher-5] [INFO] [1744574301.126863369] [drone_home1.imu_publisher]: Calibration status: (False, 'Calibration (sys:1, gyro:3, accel:1, mag:3)')
[imu_publisher-5] [INFO] [1744574301.629501861] [drone_home1.imu_publisher]: Calibration status: (False, 'Calibration (sys:2, gyro:3, accel:1, mag:3)')
[imu_publisher-5] [INFO] [1744574302.132958267] [drone_home1.imu_publisher]: Calibration status: (False, 'Calibration (sys:2, gyro:3, accel:1, mag:3)')
[imu_publisher-5] [INFO] [1744574302.635384561] [drone_home1.imu_publisher]: Calibration status: (False, 'Calibration (sys:2, gyro:3, accel:1, mag:3)')
[imu_publisher-5] [INFO] [1744574303.137736612] [drone_home1.imu_publisher]: Calibration status: (False, 'Calibration (sys:1, gyro:3, accel:1, mag:3)')
[imu_publisher-5] [INFO] [1744574303.640259901] [drone_home1.imu_publisher]: Calibration status: (False, 'Calibration (sys:2, gyro:3, accel:1, mag:3)')
[imu_publisher-5] [INFO] [1744574304.143019229] [drone_home1.imu_publisher]: Calibration status: (False, 'Calibration (sys:2, gyro:3, accel:1, mag:3)')
[imu_publisher-5] [INFO] [1744574304.645545749] [drone_home1.imu_publisher]: Calibration status: (False, 'Calibration (sys:1, gyro:3, accel:1, mag:3)')
[imu_publisher-5] [INFO] [1744574305.148282260] [drone_home1.imu_publisher]: Calibration status: (False, 'Calibration (sys:1, gyro:3, accel:1, mag:3)')
[imu_publisher-5] [INFO] [1744574305.651057429] [drone_home1.imu_publisher]: Calibration status: (False, 'Calibration (sys:2, gyro:3, accel:1, mag:3)')
[imu_publisher-5] [INFO] [1744574306.153677072] [drone_home1.imu_publisher]: Calibration status: (False, 'Calibration (sys:2, gyro:3, accel:1, mag:3)')
[imu_publisher-5] [INFO] [1744574306.656758265] [drone_home1.imu_publisher]: Calibration status: (False, 'Calibration (sys:2, gyro:3, accel:1, mag:3)')
[imu_publisher-5] [INFO] [1744574307.159924037] [drone_home1.imu_publisher]: Calibration status: (False, 'Calibration (sys:2, gyro:3, accel:1, mag:3)')
[imu_publisher-5] [INFO] [1744574307.662252567] [drone_home1.imu_publisher]: Calibration status: (False, 'Calibration (sys:1, gyro:3, accel:1, mag:3)')
[imu_publisher-5] [INFO] [1744574308.164673292] [drone_home1.imu_publisher]: Calibration status: (False, 'Calibration (sys:2, gyro:3, accel:1, mag:3)')
[imu_publisher-5] [INFO] [1744574308.667363722] [drone_home1.imu_publisher]: Calibration status: (False, 'Calibration (sys:3, gyro:3, accel:1, mag:3)')
[imu_publisher-5] [INFO] [1744574309.170137001] [drone_home1.imu_publisher]: Calibration status: (False, 'Calibration (sys:3, gyro:3, accel:1, mag:3)')
[imu_publisher-5] [INFO] [1744574309.672874984] [drone_home1.imu_publisher]: Calibration status: (False, 'Calibration (sys:2, gyro:3, accel:1, mag:3)')
[imu_publisher-5] [INFO] [1744574310.175504611] [drone_home1.imu_publisher]: Calibration status: (False, 'Calibration (sys:2, gyro:3, accel:1, mag:3)')
[imu_publisher-5] [INFO] [1744574310.678981240] [drone_home1.imu_publisher]: Calibration status: (False, 'Calibration (sys:2, gyro:3, accel:1, mag:3)')
[imu_publisher-5] [INFO] [1744574311.181505968] [drone_home1.imu_publisher]: Calibration status: (False, 'Calibration (sys:2, gyro:3, accel:1, mag:3)')
[imu_publisher-5] [INFO] [1744574311.683866882] [drone_home1.imu_publisher]: Calibration status: (False, 'Calibration (sys:1, gyro:3, accel:1, mag:3)')
[imu_publisher-5] [INFO] [1744574312.186449052] [drone_home1.imu_publisher]: Calibration status: (False, 'Calibration (sys:1, gyro:3, accel:1, mag:3)')
[imu_publisher-5] [INFO] [1744574312.689130200] [drone_home1.imu_publisher]: Calibration status: (False, 'Calibration (sys:1, gyro:3, accel:1, mag:3)')
[imu_publisher-5] [INFO] [1744574313.191913304] [drone_home1.imu_publisher]: Calibration status: (False, 'Calibration (sys:1, gyro:3, accel:1, mag:3)')
[imu_publisher-5] [INFO] [1744574313.694656566] [drone_home1.imu_publisher]: Calibration status: (False, 'Calibration (sys:2, gyro:3, accel:1, mag:3)')
[imu_publisher-5] [INFO] [1744574314.199017862] [drone_home1.imu_publisher]: Calibration status: (False, 'Calibration (sys:2, gyro:3, accel:1, mag:3)')
[imu_publisher-5] [INFO] [1744574314.701531997] [drone_home1.imu_publisher]: Calibration status: (False, 'Calibration (sys:2, gyro:3, accel:1, mag:3)')
[imu_publisher-5] [INFO] [1744574315.205584323] [drone_home1.imu_publisher]: Calibration status: (False, 'Calibration (sys:2, gyro:3, accel:1, mag:3)')
[imu_publisher-5] [INFO] [1744574315.708541639] [drone_home1.imu_publisher]: Calibration status: (False, 'Calibration (sys:2, gyro:3, accel:1, mag:3)')
[imu_publisher-5] [INFO] [1744574316.211625104] [drone_home1.imu_publisher]: Calibration status: (False, 'Calibration (sys:2, gyro:3, accel:1, mag:3)')
[imu_publisher-5] [INFO] [1744574316.713828189] [drone_home1.imu_publisher]: Calibration status: (False, 'Calibration (sys:2, gyro:3, accel:1, mag:3)')
[imu_publisher-5] [INFO] [1744574317.216464024] [drone_home1.imu_publisher]: Calibration status: (False, 'Calibration (sys:2, gyro:3, accel:1, mag:3)')
[imu_publisher-5] [INFO] [1744574317.719498046] [drone_home1.imu_publisher]: Calibration status: (False, 'Calibration (sys:2, gyro:3, accel:1, mag:3)')
[imu_publisher-5] [INFO] [1744574318.221594152] [drone_home1.imu_publisher]: Calibration status: (False, 'Calibration (sys:2, gyro:3, accel:1, mag:3)')
[imu_publisher-5] [INFO] [1744574318.724884663] [drone_home1.imu_publisher]: Calibration status: (False, 'Calibration (sys:2, gyro:3, accel:1, mag:3)')
[imu_publisher-5] [INFO] [1744574319.227993728] [drone_home1.imu_publisher]: Calibration status: (False, 'Calibration (sys:2, gyro:3, accel:1, mag:3)')
[imu_publisher-5] [INFO] [1744574319.730984773] [drone_home1.imu_publisher]: Calibration status: (False, 'Calibration (sys:2, gyro:3, accel:1, mag:3)')
[imu_publisher-5] [INFO] [1744574320.234206865] [drone_home1.imu_publisher]: Calibration status: (False, 'Calibration (sys:2, gyro:3, accel:1, mag:3)')
[imu_publisher-5] [INFO] [1744574320.737692229] [drone_home1.imu_publisher]: Calibration status: (False, 'Calibration (sys:2, gyro:3, accel:1, mag:3)')
[imu_publisher-5] [INFO] [1744574321.241492515] [drone_home1.imu_publisher]: Calibration status: (False, 'Calibration (sys:2, gyro:3, accel:1, mag:3)')
[imu_publisher-5] [INFO] [1744574321.745207998] [drone_home1.imu_publisher]: Calibration status: (False, 'Calibration (sys:3, gyro:3, accel:1, mag:3)')
[imu_publisher-5] [INFO] [1744574322.249054750] [drone_home1.imu_publisher]: Calibration status: (False, 'Calibration (sys:2, gyro:3, accel:1, mag:3)')
[imu_publisher-5] [INFO] [1744574322.752710647] [drone_home1.imu_publisher]: Calibration status: (False, 'Calibration (sys:3, gyro:3, accel:1, mag:3)')
[imu_publisher-5] [INFO] [1744574323.256521877] [drone_home1.imu_publisher]: Calibration status: (False, 'Calibration (sys:3, gyro:3, accel:1, mag:3)')
[imu_publisher-5] [INFO] [1744574323.759679455] [drone_home1.imu_publisher]: Calibration status: (False, 'Calibration (sys:2, gyro:3, accel:1, mag:3)')
[imu_publisher-5] [INFO] [1744574324.263022287] [drone_home1.imu_publisher]: Calibration status: (False, 'Calibration (sys:2, gyro:3, accel:1, mag:3)')
[imu_publisher-5] [INFO] [1744574324.765437858] [drone_home1.imu_publisher]: Calibration status: (False, 'Calibration (sys:3, gyro:3, accel:1, mag:3)')
[imu_publisher-5] [INFO] [1744574325.267910199] [drone_home1.imu_publisher]: Calibration status: (False, 'Calibration (sys:1, gyro:3, accel:1, mag:3)')
[imu_publisher-5] [INFO] [1744574325.770353931] [drone_home1.imu_publisher]: Calibration status: (False, 'Calibration (sys:2, gyro:3, accel:1, mag:3)')
[imu_publisher-5] [INFO] [1744574326.272883105] [drone_home1.imu_publisher]: Calibration status: (False, 'Calibration (sys:3, gyro:3, accel:1, mag:3)')
[imu_publisher-5] [INFO] [1744574326.776251089] [drone_home1.imu_publisher]: Calibration status: (False, 'Calibration (sys:3, gyro:3, accel:1, mag:3)')
[imu_publisher-5] [INFO] [1744574327.278679845] [drone_home1.imu_publisher]: Calibration status: (False, 'Calibration (sys:3, gyro:3, accel:1, mag:3)')
[imu_publisher-5] [INFO] [1744574327.780982964] [drone_home1.imu_publisher]: Calibration status: (False, 'Calibration (sys:2, gyro:3, accel:1, mag:3)')
[imu_publisher-5] [INFO] [1744574328.283520779] [drone_home1.imu_publisher]: Calibration status: (False, 'Calibration (sys:2, gyro:3, accel:1, mag:3)')
[imu_publisher-5] [INFO] [1744574328.786298217] [drone_home1.imu_publisher]: Calibration status: (False, 'Calibration (sys:2, gyro:3, accel:1, mag:3)')
[imu_publisher-5] [INFO] [1744574329.288840799] [drone_home1.imu_publisher]: Calibration status: (False, 'Calibration (sys:2, gyro:3, accel:1, mag:3)')
[imu_publisher-5] [INFO] [1744574329.791477785] [drone_home1.imu_publisher]: Calibration status: (False, 'Calibration (sys:2, gyro:3, accel:1, mag:3)')
[imu_publisher-5] [INFO] [1744574330.294169524] [drone_home1.imu_publisher]: Calibration status: (False, 'Calibration (sys:2, gyro:3, accel:1, mag:3)')
[imu_publisher-5] [INFO] [1744574330.796755180] [drone_home1.imu_publisher]: Calibration status: (False, 'Calibration (sys:2, gyro:3, accel:1, mag:3)')
[imu_publisher-5] [INFO] [1744574331.299376037] [drone_home1.imu_publisher]: Calibration status: (False, 'Calibration (sys:2, gyro:3, accel:1, mag:3)')
[imu_publisher-5] [INFO] [1744574331.801928444] [drone_home1.imu_publisher]: Calibration status: (False, 'Calibration (sys:2, gyro:3, accel:1, mag:3)')
[imu_publisher-5] [INFO] [1744574332.304858046] [drone_home1.imu_publisher]: Calibration status: (False, 'Calibration (sys:2, gyro:3, accel:1, mag:3)')
[imu_publisher-5] [INFO] [1744574332.807272753] [drone_home1.imu_publisher]: Calibration status: (False, 'Calibration (sys:2, gyro:3, accel:1, mag:3)')
[imu_publisher-5] [INFO] [1744574333.309822920] [drone_home1.imu_publisher]: Calibration status: (False, 'Calibration (sys:2, gyro:3, accel:1, mag:3)')
[imu_publisher-5] [INFO] [1744574333.812473410] [drone_home1.imu_publisher]: Calibration status: (False, 'Calibration (sys:2, gyro:3, accel:1, mag:3)')
[imu_publisher-5] [INFO] [1744574334.314970295] [drone_home1.imu_publisher]: Calibration status: (False, 'Calibration (sys:2, gyro:3, accel:1, mag:3)')
[imu_publisher-5] [INFO] [1744574334.817688274] [drone_home1.imu_publisher]: Calibration status: (False, 'Calibration (sys:2, gyro:3, accel:1, mag:3)')
[imu_publisher-5] [INFO] [1744574335.320278218] [drone_home1.imu_publisher]: Calibration status: (False, 'Calibration (sys:2, gyro:3, accel:1, mag:3)')
[imu_publisher-5] [INFO] [1744574335.822881602] [drone_home1.imu_publisher]: Calibration status: (False, 'Calibration (sys:2, gyro:3, accel:1, mag:3)')
[imu_publisher-5] [INFO] [1744574336.325551421] [drone_home1.imu_publisher]: Calibration status: (False, 'Calibration (sys:2, gyro:3, accel:1, mag:3)')
[imu_publisher-5] [INFO] [1744574336.828886603] [drone_home1.imu_publisher]: Calibration status: (False, 'Calibration (sys:2, gyro:3, accel:1, mag:3)')
[imu_publisher-5] [INFO] [1744574337.331450434] [drone_home1.imu_publisher]: Calibration status: (False, 'Calibration (sys:2, gyro:3, accel:1, mag:3)')
[controller-2] [INFO] [1744574337.437640219] [drone_home1.controller]: Service request to change coordinate custom_messages.srv.SetCoordinate_Request(new_coordinate=sensor_msgs.msg.NavSatFix(header=std_msgs.msg.Header(stamp=builtin_interfaces.msg.Time(sec=0, nanosec=0), frame_id=''), status=sensor_msgs.msg.NavSatStatus(status=0, service=0), latitude=29.639683, longitude=-82.361219, altitude=0.0, position_covariance=array([0., 0., 0., 0., 0., 0., 0., 0., 0.]), position_covariance_type=0))
[controller-2] [INFO] [1744574337.438859137] [drone_home1.controller]: Waypoints now: [(29.639683, -82.361219)]
[imu_publisher-5] [INFO] [1744574337.834415909] [drone_home1.imu_publisher]: Calibration status: (False, 'Calibration (sys:2, gyro:3, accel:1, mag:3)')
[imu_publisher-5] [INFO] [1744574338.336808631] [drone_home1.imu_publisher]: Calibration status: (False, 'Calibration (sys:2, gyro:3, accel:1, mag:3)')
[imu_publisher-5] [INFO] [1744574338.839261674] [drone_home1.imu_publisher]: Calibration status: (False, 'Calibration (sys:2, gyro:3, accel:1, mag:3)')
[imu_publisher-5] [INFO] [1744574339.341797312] [drone_home1.imu_publisher]: Calibration status: (False, 'Calibration (sys:2, gyro:3, accel:1, mag:3)')
[imu_publisher-5] [INFO] [1744574339.844197842] [drone_home1.imu_publisher]: Calibration status: (False, 'Calibration (sys:2, gyro:3, accel:1, mag:3)')
[imu_publisher-5] [INFO] [1744574340.346476128] [drone_home1.imu_publisher]: Calibration status: (False, 'Calibration (sys:2, gyro:3, accel:1, mag:3)')
[imu_publisher-5] [INFO] [1744574340.848999574] [drone_home1.imu_publisher]: Calibration status: (False, 'Calibration (sys:3, gyro:3, accel:1, mag:3)')
[imu_publisher-5] [INFO] [1744574341.351387143] [drone_home1.imu_publisher]: Calibration status: (False, 'Calibration (sys:2, gyro:3, accel:1, mag:3)')
[imu_publisher-5] [INFO] [1744574341.853826842] [drone_home1.imu_publisher]: Calibration status: (False, 'Calibration (sys:2, gyro:3, accel:1, mag:3)')
[imu_publisher-5] [INFO] [1744574342.356616375] [drone_home1.imu_publisher]: Calibration status: (False, 'Calibration (sys:2, gyro:3, accel:1, mag:3)')
[imu_publisher-5] [INFO] [1744574342.859616571] [drone_home1.imu_publisher]: Calibration status: (False, 'Calibration (sys:2, gyro:3, accel:1, mag:3)')
[imu_publisher-5] [INFO] [1744574343.362184050] [drone_home1.imu_publisher]: Calibration status: (False, 'Calibration (sys:2, gyro:3, accel:1, mag:3)')
[imu_publisher-5] [INFO] [1744574343.864582212] [drone_home1.imu_publisher]: Calibration status: (False, 'Calibration (sys:1, gyro:3, accel:1, mag:3)')
[imu_publisher-5] [INFO] [1744574344.366913011] [drone_home1.imu_publisher]: Calibration status: (False, 'Calibration (sys:2, gyro:3, accel:1, mag:3)')
[imu_publisher-5] [INFO] [1744574344.869395335] [drone_home1.imu_publisher]: Calibration status: (False, 'Calibration (sys:2, gyro:3, accel:1, mag:3)')
[imu_publisher-5] [INFO] [1744574345.371863419] [drone_home1.imu_publisher]: Calibration status: (False, 'Calibration (sys:2, gyro:3, accel:1, mag:3)')
[imu_publisher-5] [INFO] [1744574345.874585174] [drone_home1.imu_publisher]: Calibration status: (False, 'Calibration (sys:2, gyro:3, accel:1, mag:3)')
[imu_publisher-5] [INFO] [1744574346.377801441] [drone_home1.imu_publisher]: Calibration status: (False, 'Calibration (sys:2, gyro:3, accel:1, mag:3)')
[imu_publisher-5] [INFO] [1744574346.880188434] [drone_home1.imu_publisher]: Calibration status: (False, 'Calibration (sys:2, gyro:3, accel:1, mag:3)')
[imu_publisher-5] [INFO] [1744574347.382548322] [drone_home1.imu_publisher]: Calibration status: (False, 'Calibration (sys:2, gyro:3, accel:1, mag:3)')
[imu_publisher-5] [INFO] [1744574347.885012693] [drone_home1.imu_publisher]: Calibration status: (False, 'Calibration (sys:2, gyro:3, accel:1, mag:3)')
[imu_publisher-5] [INFO] [1744574348.387641134] [drone_home1.imu_publisher]: Calibration status: (False, 'Calibration (sys:2, gyro:3, accel:1, mag:3)')
[imu_publisher-5] [INFO] [1744574348.890350729] [drone_home1.imu_publisher]: Calibration status: (False, 'Calibration (sys:2, gyro:3, accel:1, mag:3)')
[imu_publisher-5] [INFO] [1744574349.393029218] [drone_home1.imu_publisher]: Calibration status: (False, 'Calibration (sys:2, gyro:3, accel:1, mag:3)')
[imu_publisher-5] [INFO] [1744574349.895704124] [drone_home1.imu_publisher]: Calibration status: (False, 'Calibration (sys:2, gyro:3, accel:1, mag:3)')
[imu_publisher-5] [INFO] [1744574350.398418775] [drone_home1.imu_publisher]: Calibration status: (False, 'Calibration (sys:2, gyro:3, accel:1, mag:3)')
[imu_publisher-5] [INFO] [1744574350.901841000] [drone_home1.imu_publisher]: Calibration status: (False, 'Calibration (sys:2, gyro:3, accel:1, mag:3)')
[imu_publisher-5] [INFO] [1744574351.404884429] [drone_home1.imu_publisher]: Calibration status: (False, 'Calibration (sys:1, gyro:3, accel:1, mag:3)')
[imu_publisher-5] [INFO] [1744574351.907926930] [drone_home1.imu_publisher]: Calibration status: (False, 'Calibration (sys:2, gyro:3, accel:1, mag:3)')
[imu_publisher-5] [INFO] [1744574352.410481224] [drone_home1.imu_publisher]: Calibration status: (False, 'Calibration (sys:2, gyro:3, accel:1, mag:3)')
[imu_publisher-5] [INFO] [1744574352.912961980] [drone_home1.imu_publisher]: Calibration status: (False, 'Calibration (sys:2, gyro:3, accel:1, mag:3)')
[controller-2] [INFO] [1744574353.242028265] [drone_home1.controller]: Service request to change coordinate custom_messages.srv.SetCoordinate_Request(new_coordinate=sensor_msgs.msg.NavSatFix(header=std_msgs.msg.Header(stamp=builtin_interfaces.msg.Time(sec=0, nanosec=0), frame_id=''), status=sensor_msgs.msg.NavSatStatus(status=0, service=0), latitude=29.639683, longitude=-82.361219, altitude=0.0, position_covariance=array([0., 0., 0., 0., 0., 0., 0., 0., 0.]), position_covariance_type=0))
[controller-2] [INFO] [1744574353.243043400] [drone_home1.controller]: Waypoints now: [(29.639683, -82.361219)]
[imu_publisher-5] [INFO] [1744574353.416045570] [drone_home1.imu_publisher]: Calibration status: (False, 'Calibration (sys:1, gyro:3, accel:1, mag:3)')
[imu_publisher-5] [INFO] [1744574353.918488116] [drone_home1.imu_publisher]: Calibration status: (False, 'Calibration (sys:2, gyro:3, accel:1, mag:3)')
[imu_publisher-5] [INFO] [1744574354.420802243] [drone_home1.imu_publisher]: Calibration status: (False, 'Calibration (sys:2, gyro:3, accel:1, mag:3)')
[imu_publisher-5] [INFO] [1744574354.923166803] [drone_home1.imu_publisher]: Calibration status: (False, 'Calibration (sys:2, gyro:3, accel:1, mag:3)')
[imu_publisher-5] [INFO] [1744574355.425813772] [drone_home1.imu_publisher]: Calibration status: (False, 'Calibration (sys:3, gyro:3, accel:1, mag:3)')
[imu_publisher-5] [INFO] [1744574355.928195357] [drone_home1.imu_publisher]: Calibration status: (False, 'Calibration (sys:3, gyro:3, accel:1, mag:3)')
[imu_publisher-5] [INFO] [1744574356.430509899] [drone_home1.imu_publisher]: Calibration status: (False, 'Calibration (sys:1, gyro:3, accel:1, mag:3)')
[imu_publisher-5] [INFO] [1744574356.932950365] [drone_home1.imu_publisher]: Calibration status: (False, 'Calibration (sys:1, gyro:3, accel:1, mag:3)')
[imu_publisher-5] [INFO] [1744574357.435774556] [drone_home1.imu_publisher]: Calibration status: (False, 'Calibration (sys:2, gyro:3, accel:1, mag:3)')
[imu_publisher-5] [INFO] [1744574357.938155724] [drone_home1.imu_publisher]: Calibration status: (False, 'Calibration (sys:2, gyro:3, accel:1, mag:3)')
[imu_publisher-5] [INFO] [1744574358.441507386] [drone_home1.imu_publisher]: Calibration status: (False, 'Calibration (sys:2, gyro:3, accel:1, mag:3)')
[imu_publisher-5] [INFO] [1744574358.944615905] [drone_home1.imu_publisher]: Calibration status: (False, 'Calibration (sys:2, gyro:3, accel:1, mag:3)')
[imu_publisher-5] [INFO] [1744574359.447729416] [drone_home1.imu_publisher]: Calibration status: (False, 'Calibration (sys:2, gyro:3, accel:1, mag:3)')
[imu_publisher-5] [INFO] [1744574359.950178491] [drone_home1.imu_publisher]: Calibration status: (False, 'Calibration (sys:2, gyro:3, accel:1, mag:3)')
[imu_publisher-5] [INFO] [1744574360.453549866] [drone_home1.imu_publisher]: Calibration status: (False, 'Calibration (sys:2, gyro:3, accel:1, mag:3)')
[imu_publisher-5] [INFO] [1744574360.956663569] [drone_home1.imu_publisher]: Calibration status: (False, 'Calibration (sys:2, gyro:3, accel:1, mag:3)')
[imu_publisher-5] [INFO] [1744574361.459670452] [drone_home1.imu_publisher]: Calibration status: (False, 'Calibration (sys:2, gyro:3, accel:1, mag:3)')
[imu_publisher-5] [INFO] [1744574361.962815100] [drone_home1.imu_publisher]: Calibration status: (False, 'Calibration (sys:2, gyro:3, accel:1, mag:3)')
[imu_publisher-5] [INFO] [1744574362.465897218] [drone_home1.imu_publisher]: Calibration status: (False, 'Calibration (sys:1, gyro:3, accel:1, mag:3)')
[imu_publisher-5] [INFO] [1744574362.968996040] [drone_home1.imu_publisher]: Calibration status: (False, 'Calibration (sys:1, gyro:3, accel:1, mag:3)')
[imu_publisher-5] [INFO] [1744574363.472120080] [drone_home1.imu_publisher]: Calibration status: (False, 'Calibration (sys:1, gyro:3, accel:1, mag:3)')
[imu_publisher-5] [INFO] [1744574363.977691042] [drone_home1.imu_publisher]: Calibration status: (False, 'Calibration (sys:2, gyro:3, accel:1, mag:3)')
[imu_publisher-5] [INFO] [1744574364.481150515] [drone_home1.imu_publisher]: Calibration status: (False, 'Calibration (sys:2, gyro:3, accel:1, mag:3)')
[imu_publisher-5] [INFO] [1744574364.984126838] [drone_home1.imu_publisher]: Calibration status: (False, 'Calibration (sys:2, gyro:3, accel:1, mag:3)')
[imu_publisher-5] [INFO] [1744574365.487235517] [drone_home1.imu_publisher]: Calibration status: (False, 'Calibration (sys:2, gyro:3, accel:1, mag:3)')
[imu_publisher-5] [INFO] [1744574365.990187102] [drone_home1.imu_publisher]: Calibration status: (False, 'Calibration (sys:2, gyro:3, accel:1, mag:3)')
[imu_publisher-5] [INFO] [1744574366.493220067] [drone_home1.imu_publisher]: Calibration status: (False, 'Calibration (sys:2, gyro:3, accel:1, mag:3)')
[imu_publisher-5] [INFO] [1744574366.996233223] [drone_home1.imu_publisher]: Calibration status: (False, 'Calibration (sys:2, gyro:3, accel:1, mag:3)')
[imu_publisher-5] [INFO] [1744574367.498836926] [drone_home1.imu_publisher]: Calibration status: (False, 'Calibration (sys:2, gyro:3, accel:1, mag:3)')
[imu_publisher-5] [INFO] [1744574368.002252942] [drone_home1.imu_publisher]: Calibration status: (False, 'Calibration (sys:2, gyro:3, accel:1, mag:3)')
[imu_publisher-5] [INFO] [1744574368.504772034] [drone_home1.imu_publisher]: Calibration status: (False, 'Calibration (sys:2, gyro:3, accel:1, mag:3)')
[imu_publisher-5] [INFO] [1744574369.006982285] [drone_home1.imu_publisher]: Calibration status: (False, 'Calibration (sys:1, gyro:3, accel:1, mag:3)')
[imu_publisher-5] [INFO] [1744574369.510068435] [drone_home1.imu_publisher]: Calibration status: (False, 'Calibration (sys:2, gyro:3, accel:1, mag:3)')
[imu_publisher-5] [INFO] [1744574370.012793614] [drone_home1.imu_publisher]: Calibration status: (False, 'Calibration (sys:2, gyro:3, accel:1, mag:3)')
[imu_publisher-5] [INFO] [1744574370.514877461] [drone_home1.imu_publisher]: Calibration status: (False, 'Calibration (sys:2, gyro:3, accel:1, mag:3)')
[imu_publisher-5] [INFO] [1744574371.017379529] [drone_home1.imu_publisher]: Calibration status: (False, 'Calibration (sys:2, gyro:3, accel:1, mag:3)')
[imu_publisher-5] [INFO] [1744574371.520623988] [drone_home1.imu_publisher]: Calibration status: (False, 'Calibration (sys:2, gyro:3, accel:1, mag:3)')
[imu_publisher-5] [INFO] [1744574372.023642488] [drone_home1.imu_publisher]: Calibration status: (False, 'Calibration (sys:1, gyro:3, accel:1, mag:3)')
[imu_publisher-5] [INFO] [1744574372.526109163] [drone_home1.imu_publisher]: Calibration status: (False, 'Calibration (sys:2, gyro:3, accel:1, mag:3)')
[imu_publisher-5] [INFO] [1744574373.028451546] [drone_home1.imu_publisher]: Calibration status: (False, 'Calibration (sys:2, gyro:3, accel:1, mag:3)')
[imu_publisher-5] [INFO] [1744574373.531027600] [drone_home1.imu_publisher]: Calibration status: (False, 'Calibration (sys:2, gyro:3, accel:1, mag:3)')
[imu_publisher-5] [INFO] [1744574374.033330942] [drone_home1.imu_publisher]: Calibration status: (False, 'Calibration (sys:3, gyro:3, accel:1, mag:3)')
[imu_publisher-5] [INFO] [1744574374.535659628] [drone_home1.imu_publisher]: Calibration status: (False, 'Calibration (sys:1, gyro:3, accel:1, mag:3)')
[imu_publisher-5] [INFO] [1744574375.038235842] [drone_home1.imu_publisher]: Calibration status: (False, 'Calibration (sys:0, gyro:3, accel:1, mag:3)')
[imu_publisher-5] [INFO] [1744574375.540847098] [drone_home1.imu_publisher]: Calibration status: (False, 'Calibration (sys:1, gyro:3, accel:1, mag:3)')
[imu_publisher-5] [INFO] [1744574376.043457265] [drone_home1.imu_publisher]: Calibration status: (False, 'Calibration (sys:0, gyro:3, accel:1, mag:3)')
[imu_publisher-5] [INFO] [1744574376.546059112] [drone_home1.imu_publisher]: Calibration status: (False, 'Calibration (sys:0, gyro:3, accel:1, mag:3)')
[imu_publisher-5] [INFO] [1744574377.048858981] [drone_home1.imu_publisher]: Calibration status: (False, 'Calibration (sys:0, gyro:3, accel:1, mag:3)')
[imu_publisher-5] [INFO] [1744574377.551319511] [drone_home1.imu_publisher]: Calibration status: (False, 'Calibration (sys:0, gyro:3, accel:1, mag:3)')
[imu_publisher-5] [INFO] [1744574378.053891757] [drone_home1.imu_publisher]: Calibration status: (False, 'Calibration (sys:0, gyro:3, accel:1, mag:3)')
[imu_publisher-5] [INFO] [1744574378.556433346] [drone_home1.imu_publisher]: Calibration status: (False, 'Calibration (sys:0, gyro:3, accel:1, mag:3)')
[imu_publisher-5] [INFO] [1744574379.059541193] [drone_home1.imu_publisher]: Calibration status: (False, 'Calibration (sys:0, gyro:3, accel:1, mag:3)')
[imu_publisher-5] [INFO] [1744574379.561536525] [drone_home1.imu_publisher]: Calibration status: (False, 'Calibration (sys:0, gyro:3, accel:1, mag:3)')
[imu_publisher-5] [INFO] [1744574380.064180293] [drone_home1.imu_publisher]: Calibration status: (False, 'Calibration (sys:0, gyro:3, accel:1, mag:3)')
[imu_publisher-5] [INFO] [1744574380.566677465] [drone_home1.imu_publisher]: Calibration status: (False, 'Calibration (sys:0, gyro:3, accel:1, mag:3)')
[imu_publisher-5] [INFO] [1744574381.069317265] [drone_home1.imu_publisher]: Calibration status: (False, 'Calibration (sys:0, gyro:3, accel:1, mag:3)')
[imu_publisher-5] [INFO] [1744574381.571908808] [drone_home1.imu_publisher]: Calibration status: (False, 'Calibration (sys:0, gyro:3, accel:1, mag:3)')
[imu_publisher-5] [INFO] [1744574382.074492606] [drone_home1.imu_publisher]: Calibration status: (False, 'Calibration (sys:0, gyro:3, accel:1, mag:3)')
[imu_publisher-5] [INFO] [1744574382.577378878] [drone_home1.imu_publisher]: Calibration status: (False, 'Calibration (sys:0, gyro:3, accel:1, mag:3)')
[imu_publisher-5] [INFO] [1744574383.079707724] [drone_home1.imu_publisher]: Calibration status: (False, 'Calibration (sys:0, gyro:3, accel:1, mag:3)')
[imu_publisher-5] [INFO] [1744574383.582413798] [drone_home1.imu_publisher]: Calibration status: (False, 'Calibration (sys:0, gyro:3, accel:1, mag:3)')
[imu_publisher-5] [INFO] [1744574384.085144513] [drone_home1.imu_publisher]: Calibration status: (False, 'Calibration (sys:0, gyro:3, accel:1, mag:3)')
[imu_publisher-5] [INFO] [1744574384.587617300] [drone_home1.imu_publisher]: Calibration status: (False, 'Calibration (sys:0, gyro:3, accel:1, mag:3)')
[imu_publisher-5] [INFO] [1744574385.090234283] [drone_home1.imu_publisher]: Calibration status: (False, 'Calibration (sys:0, gyro:3, accel:1, mag:3)')
[imu_publisher-5] [INFO] [1744574385.592927813] [drone_home1.imu_publisher]: Calibration status: (False, 'Calibration (sys:0, gyro:3, accel:1, mag:3)')
[imu_publisher-5] [INFO] [1744574386.095448633] [drone_home1.imu_publisher]: Calibration status: (False, 'Calibration (sys:0, gyro:3, accel:1, mag:3)')
[imu_publisher-5] [INFO] [1744574386.597999694] [drone_home1.imu_publisher]: Calibration status: (False, 'Calibration (sys:0, gyro:3, accel:1, mag:3)')
[imu_publisher-5] [INFO] [1744574387.100830188] [drone_home1.imu_publisher]: Calibration status: (False, 'Calibration (sys:0, gyro:3, accel:1, mag:3)')
[imu_publisher-5] [INFO] [1744574387.603525958] [drone_home1.imu_publisher]: Calibration status: (False, 'Calibration (sys:0, gyro:3, accel:1, mag:3)')
[imu_publisher-5] [INFO] [1744574388.106022681] [drone_home1.imu_publisher]: Calibration status: (False, 'Calibration (sys:0, gyro:3, accel:1, mag:3)')
[imu_publisher-5] [INFO] [1744574388.609280900] [drone_home1.imu_publisher]: Calibration status: (False, 'Calibration (sys:0, gyro:3, accel:1, mag:3)')
[imu_publisher-5] [INFO] [1744574389.111694741] [drone_home1.imu_publisher]: Calibration status: (False, 'Calibration (sys:0, gyro:3, accel:1, mag:3)')
[imu_publisher-5] [INFO] [1744574389.614095142] [drone_home1.imu_publisher]: Calibration status: (False, 'Calibration (sys:0, gyro:3, accel:1, mag:3)')
[imu_publisher-5] [INFO] [1744574390.116455061] [drone_home1.imu_publisher]: Calibration status: (False, 'Calibration (sys:0, gyro:3, accel:1, mag:3)')
[imu_publisher-5] [INFO] [1744574390.619043628] [drone_home1.imu_publisher]: Calibration status: (False, 'Calibration (sys:0, gyro:3, accel:1, mag:3)')
[imu_publisher-5] [INFO] [1744574391.121761734] [drone_home1.imu_publisher]: Calibration status: (False, 'Calibration (sys:0, gyro:3, accel:1, mag:3)')
[imu_publisher-5] [INFO] [1744574391.624173911] [drone_home1.imu_publisher]: Calibration status: (False, 'Calibration (sys:2, gyro:3, accel:1, mag:3)')
[imu_publisher-5] [INFO] [1744574392.126833103] [drone_home1.imu_publisher]: Calibration status: (False, 'Calibration (sys:2, gyro:3, accel:1, mag:3)')
[imu_publisher-5] [INFO] [1744574392.629420454] [drone_home1.imu_publisher]: Calibration status: (False, 'Calibration (sys:1, gyro:3, accel:1, mag:3)')
[imu_publisher-5] [INFO] [1744574393.131865624] [drone_home1.imu_publisher]: Calibration status: (False, 'Calibration (sys:0, gyro:3, accel:1, mag:3)')
[imu_publisher-5] [INFO] [1744574393.634595826] [drone_home1.imu_publisher]: Calibration status: (False, 'Calibration (sys:0, gyro:3, accel:1, mag:3)')
[imu_publisher-5] [INFO] [1744574394.137177705] [drone_home1.imu_publisher]: Calibration status: (False, 'Calibration (sys:0, gyro:3, accel:1, mag:3)')
[imu_publisher-5] [INFO] [1744574394.639550936] [drone_home1.imu_publisher]: Calibration status: (False, 'Calibration (sys:0, gyro:3, accel:1, mag:3)')
[imu_publisher-5] [INFO] [1744574395.142186448] [drone_home1.imu_publisher]: Calibration status: (False, 'Calibration (sys:2, gyro:3, accel:1, mag:3)')
[imu_publisher-5] [INFO] [1744574395.644771078] [drone_home1.imu_publisher]: Calibration status: (False, 'Calibration (sys:0, gyro:3, accel:1, mag:3)')
[imu_publisher-5] [INFO] [1744574396.147303131] [drone_home1.imu_publisher]: Calibration status: (False, 'Calibration (sys:0, gyro:3, accel:1, mag:3)')
[imu_publisher-5] [INFO] [1744574396.650032981] [drone_home1.imu_publisher]: Calibration status: (False, 'Calibration (sys:0, gyro:3, accel:1, mag:3)')
[imu_publisher-5] [INFO] [1744574397.152462599] [drone_home1.imu_publisher]: Calibration status: (False, 'Calibration (sys:0, gyro:3, accel:1, mag:3)')
[imu_publisher-5] [INFO] [1744574397.655472906] [drone_home1.imu_publisher]: Calibration status: (False, 'Calibration (sys:0, gyro:3, accel:1, mag:3)')
[imu_publisher-5] [INFO] [1744574398.158797847] [drone_home1.imu_publisher]: Calibration status: (False, 'Calibration (sys:0, gyro:3, accel:1, mag:3)')
[imu_publisher-5] [INFO] [1744574398.661114629] [drone_home1.imu_publisher]: Calibration status: (False, 'Calibration (sys:0, gyro:3, accel:1, mag:3)')
[imu_publisher-5] [INFO] [1744574399.164175466] [drone_home1.imu_publisher]: Calibration status: (False, 'Calibration (sys:0, gyro:3, accel:1, mag:3)')
[imu_publisher-5] [INFO] [1744574399.666680638] [drone_home1.imu_publisher]: Calibration status: (False, 'Calibration (sys:1, gyro:3, accel:1, mag:3)')
[imu_publisher-5] [INFO] [1744574400.168987723] [drone_home1.imu_publisher]: Calibration status: (False, 'Calibration (sys:0, gyro:3, accel:1, mag:3)')
[imu_publisher-5] [INFO] [1744574400.671448702] [drone_home1.imu_publisher]: Calibration status: (False, 'Calibration (sys:2, gyro:3, accel:1, mag:3)')
[imu_publisher-5] [INFO] [1744574401.173527076] [drone_home1.imu_publisher]: Calibration status: (False, 'Calibration (sys:2, gyro:3, accel:1, mag:3)')
[imu_publisher-5] [INFO] [1744574401.676170492] [drone_home1.imu_publisher]: Calibration status: (False, 'Calibration (sys:2, gyro:3, accel:1, mag:3)')
[imu_publisher-5] [INFO] [1744574402.179178975] [drone_home1.imu_publisher]: Calibration status: (False, 'Calibration (sys:2, gyro:3, accel:1, mag:3)')
[imu_publisher-5] [INFO] [1744574402.682145153] [drone_home1.imu_publisher]: Calibration status: (False, 'Calibration (sys:2, gyro:3, accel:1, mag:3)')
[imu_publisher-5] [INFO] [1744574403.184545778] [drone_home1.imu_publisher]: Calibration status: (False, 'Calibration (sys:3, gyro:3, accel:1, mag:3)')
[imu_publisher-5] [INFO] [1744574403.686980291] [drone_home1.imu_publisher]: Calibration status: (False, 'Calibration (sys:1, gyro:3, accel:1, mag:3)')
[imu_publisher-5] [INFO] [1744574404.189539673] [drone_home1.imu_publisher]: Calibration status: (False, 'Calibration (sys:0, gyro:3, accel:1, mag:3)')
[imu_publisher-5] [INFO] [1744574404.691891848] [drone_home1.imu_publisher]: Calibration status: (False, 'Calibration (sys:0, gyro:3, accel:1, mag:3)')
[imu_publisher-5] [INFO] [1744574405.194274616] [drone_home1.imu_publisher]: Calibration status: (False, 'Calibration (sys:1, gyro:3, accel:1, mag:3)')
[imu_publisher-5] [INFO] [1744574405.696770571] [drone_home1.imu_publisher]: Calibration status: (False, 'Calibration (sys:2, gyro:3, accel:1, mag:3)')
[imu_publisher-5] [INFO] [1744574406.199105273] [drone_home1.imu_publisher]: Calibration status: (False, 'Calibration (sys:3, gyro:3, accel:1, mag:3)')
[imu_publisher-5] [INFO] [1744574406.701589132] [drone_home1.imu_publisher]: Calibration status: (False, 'Calibration (sys:3, gyro:3, accel:1, mag:3)')
[imu_publisher-5] [INFO] [1744574407.204223908] [drone_home1.imu_publisher]: Calibration status: (False, 'Calibration (sys:1, gyro:3, accel:1, mag:3)')
[imu_publisher-5] [INFO] [1744574407.706712311] [drone_home1.imu_publisher]: Calibration status: (False, 'Calibration (sys:1, gyro:3, accel:1, mag:3)')
[imu_publisher-5] [INFO] [1744574408.209368304] [drone_home1.imu_publisher]: Calibration status: (False, 'Calibration (sys:1, gyro:3, accel:1, mag:3)')
[imu_publisher-5] [INFO] [1744574408.711945254] [drone_home1.imu_publisher]: Calibration status: (False, 'Calibration (sys:1, gyro:3, accel:1, mag:3)')
[imu_publisher-5] [INFO] [1744574409.214613278] [drone_home1.imu_publisher]: Calibration status: (False, 'Calibration (sys:2, gyro:3, accel:1, mag:3)')
[imu_publisher-5] [INFO] [1744574409.716951533] [drone_home1.imu_publisher]: Calibration status: (False, 'Calibration (sys:2, gyro:3, accel:1, mag:3)')
[imu_publisher-5] [INFO] [1744574410.219503106] [drone_home1.imu_publisher]: Calibration status: (False, 'Calibration (sys:0, gyro:3, accel:1, mag:3)')
[imu_publisher-5] [INFO] [1744574410.722178715] [drone_home1.imu_publisher]: Calibration status: (False, 'Calibration (sys:2, gyro:3, accel:1, mag:3)')
[imu_publisher-5] [INFO] [1744574411.224850260] [drone_home1.imu_publisher]: Calibration status: (False, 'Calibration (sys:2, gyro:3, accel:1, mag:3)')
[imu_publisher-5] [INFO] [1744574411.728175968] [drone_home1.imu_publisher]: Calibration status: (False, 'Calibration (sys:2, gyro:3, accel:1, mag:3)')
[imu_publisher-5] [INFO] [1744574412.230498382] [drone_home1.imu_publisher]: Calibration status: (False, 'Calibration (sys:2, gyro:3, accel:1, mag:3)')
[imu_publisher-5] [INFO] [1744574412.732889631] [drone_home1.imu_publisher]: Calibration status: (False, 'Calibration (sys:2, gyro:3, accel:1, mag:3)')
[imu_publisher-5] [INFO] [1744574413.235251950] [drone_home1.imu_publisher]: Calibration status: (False, 'Calibration (sys:2, gyro:3, accel:1, mag:3)')
[imu_publisher-5] [INFO] [1744574413.737567612] [drone_home1.imu_publisher]: Calibration status: (False, 'Calibration (sys:2, gyro:3, accel:1, mag:3)')
[imu_publisher-5] [INFO] [1744574414.239922635] [drone_home1.imu_publisher]: Calibration status: (False, 'Calibration (sys:3, gyro:3, accel:1, mag:3)')
[imu_publisher-5] [INFO] [1744574414.742216472] [drone_home1.imu_publisher]: Calibration status: (False, 'Calibration (sys:3, gyro:3, accel:1, mag:3)')
[imu_publisher-5] [INFO] [1744574415.244738604] [drone_home1.imu_publisher]: Calibration status: (False, 'Calibration (sys:3, gyro:3, accel:1, mag:3)')
[imu_publisher-5] [INFO] [1744574415.747168317] [drone_home1.imu_publisher]: Calibration status: (False, 'Calibration (sys:3, gyro:3, accel:1, mag:3)')
[imu_publisher-5] [INFO] [1744574416.249845718] [drone_home1.imu_publisher]: Calibration status: (False, 'Calibration (sys:3, gyro:3, accel:1, mag:3)')
[imu_publisher-5] [INFO] [1744574416.752364042] [drone_home1.imu_publisher]: Calibration status: (False, 'Calibration (sys:3, gyro:3, accel:1, mag:3)')
[imu_publisher-5] [INFO] [1744574417.254927328] [drone_home1.imu_publisher]: Calibration status: (False, 'Calibration (sys:3, gyro:3, accel:1, mag:3)')
[imu_publisher-5] [INFO] [1744574417.758987907] [drone_home1.imu_publisher]: Calibration status: (False, 'Calibration (sys:2, gyro:3, accel:1, mag:3)')
[imu_publisher-5] [INFO] [1744574418.261478134] [drone_home1.imu_publisher]: Calibration status: (False, 'Calibration (sys:0, gyro:3, accel:1, mag:3)')
[imu_publisher-5] [INFO] [1744574418.763812453] [drone_home1.imu_publisher]: Calibration status: (False, 'Calibration (sys:0, gyro:3, accel:1, mag:3)')
[imu_publisher-5] [INFO] [1744574419.266205621] [drone_home1.imu_publisher]: Calibration status: (False, 'Calibration (sys:0, gyro:3, accel:1, mag:3)')
[imu_publisher-5] [INFO] [1744574419.768596069] [drone_home1.imu_publisher]: Calibration status: (False, 'Calibration (sys:2, gyro:3, accel:1, mag:3)')
[imu_publisher-5] [INFO] [1744574420.271405250] [drone_home1.imu_publisher]: Calibration status: (False, 'Calibration (sys:3, gyro:3, accel:1, mag:3)')
[imu_publisher-5] [INFO] [1744574420.773592492] [drone_home1.imu_publisher]: Calibration status: (False, 'Calibration (sys:3, gyro:3, accel:0, mag:3)')
[imu_publisher-5] [INFO] [1744574421.276376872] [drone_home1.imu_publisher]: Calibration status: (False, 'Calibration (sys:3, gyro:3, accel:0, mag:3)')
[imu_publisher-5] [INFO] [1744574421.778942526] [drone_home1.imu_publisher]: Calibration status: (False, 'Calibration (sys:3, gyro:3, accel:0, mag:3)')
[imu_publisher-5] [INFO] [1744574422.281394768] [drone_home1.imu_publisher]: Calibration status: (False, 'Calibration (sys:2, gyro:3, accel:0, mag:3)')
[imu_publisher-5] [INFO] [1744574422.783657436] [drone_home1.imu_publisher]: Calibration status: (False, 'Calibration (sys:2, gyro:3, accel:0, mag:3)')
[imu_publisher-5] [INFO] [1744574423.286140335] [drone_home1.imu_publisher]: Calibration status: (False, 'Calibration (sys:2, gyro:3, accel:0, mag:3)')
[imu_publisher-5] [INFO] [1744574423.788529567] [drone_home1.imu_publisher]: Calibration status: (False, 'Calibration (sys:2, gyro:3, accel:0, mag:3)')
[imu_publisher-5] [INFO] [1744574424.291039635] [drone_home1.imu_publisher]: Calibration status: (False, 'Calibration (sys:0, gyro:3, accel:0, mag:3)')
[imu_publisher-5] [INFO] [1744574424.793423874] [drone_home1.imu_publisher]: Calibration status: (False, 'Calibration (sys:2, gyro:3, accel:0, mag:3)')
[imu_publisher-5] [INFO] [1744574425.296001496] [drone_home1.imu_publisher]: Calibration status: (False, 'Calibration (sys:3, gyro:3, accel:0, mag:3)')
[imu_publisher-5] [INFO] [1744574425.798491243] [drone_home1.imu_publisher]: Calibration status: (False, 'Calibration (sys:3, gyro:3, accel:0, mag:3)')
[imu_publisher-5] [INFO] [1744574426.301074241] [drone_home1.imu_publisher]: Calibration status: (False, 'Calibration (sys:3, gyro:3, accel:0, mag:3)')
[imu_publisher-5] [INFO] [1744574426.803789532] [drone_home1.imu_publisher]: Calibration status: (False, 'Calibration (sys:3, gyro:3, accel:0, mag:3)')
[imu_publisher-5] [INFO] [1744574427.306282703] [drone_home1.imu_publisher]: Calibration status: (False, 'Calibration (sys:3, gyro:3, accel:0, mag:3)')
[imu_publisher-5] [INFO] [1744574427.808968232] [drone_home1.imu_publisher]: Calibration status: (False, 'Calibration (sys:1, gyro:3, accel:0, mag:3)')
[imu_publisher-5] [INFO] [1744574428.311571391] [drone_home1.imu_publisher]: Calibration status: (False, 'Calibration (sys:0, gyro:3, accel:0, mag:3)')
[imu_publisher-5] [INFO] [1744574428.814123188] [drone_home1.imu_publisher]: Calibration status: (False, 'Calibration (sys:0, gyro:3, accel:0, mag:3)')
[imu_publisher-5] [INFO] [1744574429.316664776] [drone_home1.imu_publisher]: Calibration status: (False, 'Calibration (sys:1, gyro:3, accel:0, mag:3)')
[imu_publisher-5] [INFO] [1744574429.819282975] [drone_home1.imu_publisher]: Calibration status: (False, 'Calibration (sys:2, gyro:3, accel:0, mag:3)')
[imu_publisher-5] [INFO] [1744574430.321869301] [drone_home1.imu_publisher]: Calibration status: (False, 'Calibration (sys:2, gyro:3, accel:0, mag:3)')
[imu_publisher-5] [INFO] [1744574430.824443883] [drone_home1.imu_publisher]: Calibration status: (False, 'Calibration (sys:0, gyro:3, accel:0, mag:3)')
[imu_publisher-5] [INFO] [1744574431.326859164] [drone_home1.imu_publisher]: Calibration status: (False, 'Calibration (sys:2, gyro:3, accel:0, mag:3)')
[imu_publisher-5] [INFO] [1744574431.829523252] [drone_home1.imu_publisher]: Calibration status: (False, 'Calibration (sys:1, gyro:3, accel:0, mag:3)')
[imu_publisher-5] [INFO] [1744574432.332080682] [drone_home1.imu_publisher]: Calibration status: (False, 'Calibration (sys:0, gyro:3, accel:0, mag:3)')
[imu_publisher-5] [INFO] [1744574432.834553436] [drone_home1.imu_publisher]: Calibration status: (False, 'Calibration (sys:1, gyro:3, accel:0, mag:3)')
[imu_publisher-5] [INFO] [1744574433.337242454] [drone_home1.imu_publisher]: Calibration status: (False, 'Calibration (sys:2, gyro:3, accel:1, mag:3)')
[imu_publisher-5] [INFO] [1744574433.839738953] [drone_home1.imu_publisher]: Calibration status: (False, 'Calibration (sys:3, gyro:3, accel:1, mag:3)')
[imu_publisher-5] [INFO] [1744574434.342373952] [drone_home1.imu_publisher]: Calibration status: (False, 'Calibration (sys:3, gyro:3, accel:1, mag:3)')
[imu_publisher-5] [INFO] [1744574434.845045305] [drone_home1.imu_publisher]: Calibration status: (False, 'Calibration (sys:3, gyro:3, accel:1, mag:3)')
[imu_publisher-5] [INFO] [1744574435.347626639] [drone_home1.imu_publisher]: Calibration status: (False, 'Calibration (sys:2, gyro:3, accel:1, mag:3)')
[imu_publisher-5] [INFO] [1744574435.850437100] [drone_home1.imu_publisher]: Calibration status: (False, 'Calibration (sys:2, gyro:3, accel:1, mag:3)')
[imu_publisher-5] [INFO] [1744574436.352927295] [drone_home1.imu_publisher]: Calibration status: (False, 'Calibration (sys:3, gyro:3, accel:1, mag:3)')
[imu_publisher-5] [INFO] [1744574436.855433971] [drone_home1.imu_publisher]: Calibration status: (False, 'Calibration (sys:3, gyro:3, accel:1, mag:3)')
[imu_publisher-5] [INFO] [1744574437.357938662] [drone_home1.imu_publisher]: Calibration status: (False, 'Calibration (sys:3, gyro:3, accel:1, mag:3)')
[imu_publisher-5] [INFO] [1744574437.860590750] [drone_home1.imu_publisher]: Calibration status: (False, 'Calibration (sys:3, gyro:3, accel:1, mag:3)')
[imu_publisher-5] [INFO] [1744574438.363418300] [drone_home1.imu_publisher]: Calibration status: (False, 'Calibration (sys:3, gyro:3, accel:1, mag:3)')
[imu_publisher-5] [INFO] [1744574438.865799500] [drone_home1.imu_publisher]: Calibration status: (False, 'Calibration (sys:3, gyro:3, accel:1, mag:3)')
[imu_publisher-5] [INFO] [1744574439.368484901] [drone_home1.imu_publisher]: Calibration status: (False, 'Calibration (sys:3, gyro:3, accel:1, mag:3)')
[imu_publisher-5] [INFO] [1744574439.872314945] [drone_home1.imu_publisher]: Calibration status: (False, 'Calibration (sys:2, gyro:3, accel:1, mag:3)')
[imu_publisher-5] [INFO] [1744574440.374787476] [drone_home1.imu_publisher]: Calibration status: (False, 'Calibration (sys:2, gyro:3, accel:1, mag:3)')
[imu_publisher-5] [INFO] [1744574440.877070912] [drone_home1.imu_publisher]: Calibration status: (False, 'Calibration (sys:3, gyro:3, accel:1, mag:3)')
[imu_publisher-5] [INFO] [1744574441.379157831] [drone_home1.imu_publisher]: Calibration status: (False, 'Calibration (sys:3, gyro:3, accel:1, mag:3)')
[imu_publisher-5] [INFO] [1744574441.881927235] [drone_home1.imu_publisher]: Calibration status: (False, 'Calibration (sys:3, gyro:3, accel:1, mag:3)')
[imu_publisher-5] [INFO] [1744574442.384388629] [drone_home1.imu_publisher]: Calibration status: (False, 'Calibration (sys:3, gyro:3, accel:1, mag:3)')
[imu_publisher-5] [INFO] [1744574442.886989899] [drone_home1.imu_publisher]: Calibration status: (False, 'Calibration (sys:3, gyro:3, accel:1, mag:3)')
[imu_publisher-5] [INFO] [1744574443.389612739] [drone_home1.imu_publisher]: Calibration status: (False, 'Calibration (sys:3, gyro:3, accel:1, mag:3)')
[imu_publisher-5] [INFO] [1744574443.892966672] [drone_home1.imu_publisher]: Calibration status: (False, 'Calibration (sys:3, gyro:3, accel:1, mag:3)')
[imu_publisher-5] [INFO] [1744574444.395357024] [drone_home1.imu_publisher]: Calibration status: (False, 'Calibration (sys:3, gyro:3, accel:1, mag:3)')
[imu_publisher-5] [INFO] [1744574444.897492297] [drone_home1.imu_publisher]: Calibration status: (False, 'Calibration (sys:3, gyro:3, accel:1, mag:3)')
[imu_publisher-5] [INFO] [1744574445.399955387] [drone_home1.imu_publisher]: Calibration status: (False, 'Calibration (sys:3, gyro:3, accel:1, mag:3)')
[imu_publisher-5] [INFO] [1744574445.902585554] [drone_home1.imu_publisher]: Calibration status: (False, 'Calibration (sys:3, gyro:3, accel:1, mag:3)')
[imu_publisher-5] [INFO] [1744574446.405148520] [drone_home1.imu_publisher]: Calibration status: (False, 'Calibration (sys:3, gyro:3, accel:1, mag:3)')
[imu_publisher-5] [INFO] [1744574446.907746974] [drone_home1.imu_publisher]: Calibration status: (False, 'Calibration (sys:3, gyro:3, accel:1, mag:3)')
[imu_publisher-5] [INFO] [1744574447.410324724] [drone_home1.imu_publisher]: Calibration status: (False, 'Calibration (sys:3, gyro:3, accel:1, mag:3)')
[imu_publisher-5] [INFO] [1744574447.912961547] [drone_home1.imu_publisher]: Calibration status: (False, 'Calibration (sys:3, gyro:3, accel:1, mag:3)')
[imu_publisher-5] [INFO] [1744574448.415481695] [drone_home1.imu_publisher]: Calibration status: (False, 'Calibration (sys:3, gyro:3, accel:1, mag:3)')
[imu_publisher-5] [INFO] [1744574448.918287068] [drone_home1.imu_publisher]: Calibration status: (False, 'Calibration (sys:3, gyro:3, accel:1, mag:3)')
[imu_publisher-5] [INFO] [1744574449.420765199] [drone_home1.imu_publisher]: Calibration status: (False, 'Calibration (sys:3, gyro:3, accel:1, mag:3)')
[imu_publisher-5] [INFO] [1744574449.923277731] [drone_home1.imu_publisher]: Calibration status: (False, 'Calibration (sys:3, gyro:3, accel:1, mag:3)')
[imu_publisher-5] [INFO] [1744574450.426027806] [drone_home1.imu_publisher]: Calibration status: (False, 'Calibration (sys:3, gyro:3, accel:1, mag:3)')
[imu_publisher-5] [INFO] [1744574450.928592915] [drone_home1.imu_publisher]: Calibration status: (False, 'Calibration (sys:3, gyro:3, accel:1, mag:3)')
[imu_publisher-5] [INFO] [1744574451.431299373] [drone_home1.imu_publisher]: Calibration status: (False, 'Calibration (sys:3, gyro:3, accel:1, mag:3)')
[imu_publisher-5] [INFO] [1744574451.933623867] [drone_home1.imu_publisher]: Calibration status: (False, 'Calibration (sys:3, gyro:3, accel:1, mag:3)')
[imu_publisher-5] [INFO] [1744574452.436454104] [drone_home1.imu_publisher]: Calibration status: (False, 'Calibration (sys:3, gyro:3, accel:1, mag:3)')
[imu_publisher-5] [INFO] [1744574452.938754758] [drone_home1.imu_publisher]: Calibration status: (False, 'Calibration (sys:3, gyro:3, accel:1, mag:3)')
[imu_publisher-5] [INFO] [1744574453.441174999] [drone_home1.imu_publisher]: Calibration status: (False, 'Calibration (sys:3, gyro:3, accel:1, mag:3)')
[imu_publisher-5] [INFO] [1744574453.943758413] [drone_home1.imu_publisher]: Calibration status: (False, 'Calibration (sys:3, gyro:3, accel:1, mag:3)')
[imu_publisher-5] [INFO] [1744574454.446935189] [drone_home1.imu_publisher]: Calibration status: (False, 'Calibration (sys:0, gyro:3, accel:1, mag:3)')
[imu_publisher-5] [INFO] [1744574454.949596845] [drone_home1.imu_publisher]: Calibration status: (False, 'Calibration (sys:0, gyro:3, accel:1, mag:3)')
[imu_publisher-5] [INFO] [1744574455.452073888] [drone_home1.imu_publisher]: Calibration status: (False, 'Calibration (sys:3, gyro:3, accel:1, mag:3)')
[imu_publisher-5] [INFO] [1744574455.954425551] [drone_home1.imu_publisher]: Calibration status: (False, 'Calibration (sys:3, gyro:3, accel:1, mag:3)')
[imu_publisher-5] [INFO] [1744574456.457099911] [drone_home1.imu_publisher]: Calibration status: (False, 'Calibration (sys:3, gyro:3, accel:1, mag:3)')
[imu_publisher-5] [INFO] [1744574456.960210062] [drone_home1.imu_publisher]: Calibration status: (False, 'Calibration (sys:3, gyro:3, accel:1, mag:3)')
[imu_publisher-5] [INFO] [1744574457.462543612] [drone_home1.imu_publisher]: Calibration status: (True, 'Calibration (sys:3, gyro:3, accel:3, mag:3)')
[controller-2] [INFO] [1744574472.208657691] [drone_home1.controller]: Service request to change coordinate custom_messages.srv.SetCoordinate_Request(new_coordinate=sensor_msgs.msg.NavSatFix(header=std_msgs.msg.Header(stamp=builtin_interfaces.msg.Time(sec=0, nanosec=0), frame_id=''), status=sensor_msgs.msg.NavSatStatus(status=0, service=0), latitude=29.639683, longitude=-82.361219, altitude=0.0, position_covariance=array([0., 0., 0., 0., 0., 0., 0., 0., 0.]), position_covariance_type=0))
[controller-2] [INFO] [1744574472.210043077] [drone_home1.controller]: Waypoints now: [(29.639683, -82.361219)]
[controller-2] [INFO] [1744574477.516704421] [drone_home1.controller]: Service request to change coordinate custom_messages.srv.SetCoordinate_Request(new_coordinate=sensor_msgs.msg.NavSatFix(header=std_msgs.msg.Header(stamp=builtin_interfaces.msg.Time(sec=0, nanosec=0), frame_id=''), status=sensor_msgs.msg.NavSatStatus(status=0, service=0), latitude=0.0, longitude=0.0, altitude=0.0, position_covariance=array([0., 0., 0., 0., 0., 0., 0., 0., 0.]), position_covariance_type=0))
[controller-2] [INFO] [1744574477.518324055] [drone_home1.controller]: Waypoints now: [(0.0, 0.0)]
[controller-2] [INFO] [1744574529.269012232] [drone_home1.controller]: Service request to change coordinate custom_messages.srv.SetCoordinate_Request(new_coordinate=sensor_msgs.msg.NavSatFix(header=std_msgs.msg.Header(stamp=builtin_interfaces.msg.Time(sec=0, nanosec=0), frame_id=''), status=sensor_msgs.msg.NavSatStatus(status=0, service=0), latitude=0.0, longitude=0.0, altitude=0.0, position_covariance=array([0., 0., 0., 0., 0., 0., 0., 0., 0.]), position_covariance_type=0))
[controller-2] [INFO] [1744574529.272143091] [drone_home1.controller]: Waypoints now: [(0.0, 0.0)]
[drive_hardware-6] [INFO] [1744574529.385104825] [drone_home1.drive_hardware]: Service request to change drive mode custom_messages.srv.SetMode_Request(mode='automatic')
[drive_hardware-6] [INFO] [1744574529.386134500] [drone_home1.drive_hardware]: Drive mode now: automatic
[controller-2] [INFO] [1744574554.928991314] [drone_home1.controller]: Service request to change coordinate custom_messages.srv.SetCoordinate_Request(new_coordinate=sensor_msgs.msg.NavSatFix(header=std_msgs.msg.Header(stamp=builtin_interfaces.msg.Time(sec=0, nanosec=0), frame_id=''), status=sensor_msgs.msg.NavSatStatus(status=0, service=0), latitude=29.639683, longitude=-82.361219, altitude=0.0, position_covariance=array([0., 0., 0., 0., 0., 0., 0., 0., 0.]), position_covariance_type=0))
[controller-2] [INFO] [1744574554.929943161] [drone_home1.controller]: Waypoints now: [(29.639683, -82.361219)]
[controller-2] [INFO] [1744574607.234996338] [drone_home1.controller]: Service request to change coordinate custom_messages.srv.SetCoordinate_Request(new_coordinate=sensor_msgs.msg.NavSatFix(header=std_msgs.msg.Header(stamp=builtin_interfaces.msg.Time(sec=0, nanosec=0), frame_id=''), status=sensor_msgs.msg.NavSatStatus(status=0, service=0), latitude=29.639683, longitude=-82.361219, altitude=0.0, position_covariance=array([0., 0., 0., 0., 0., 0., 0., 0., 0.]), position_covariance_type=0))
[controller-2] [INFO] [1744574607.236423892] [drone_home1.controller]: Waypoints now: [(29.639683, -82.361219)]
[controller-2] [INFO] [1744574693.391889375] [drone_home1.controller]: Service request to change coordinate custom_messages.srv.SetCoordinate_Request(new_coordinate=sensor_msgs.msg.NavSatFix(header=std_msgs.msg.Header(stamp=builtin_interfaces.msg.Time(sec=0, nanosec=0), frame_id=''), status=sensor_msgs.msg.NavSatStatus(status=0, service=0), latitude=29.639502, longitude=-82.361062, altitude=0.0, position_covariance=array([0., 0., 0., 0., 0., 0., 0., 0., 0.]), position_covariance_type=0))
[controller-2] [INFO] [1744574693.393570626] [drone_home1.controller]: Waypoints now: [(29.639502, -82.361062)]
[controller-2] [INFO] [1744574695.568005993] [drone_home1.controller]: Service request to change coordinate custom_messages.srv.SetCoordinate_Request(new_coordinate=sensor_msgs.msg.NavSatFix(header=std_msgs.msg.Header(stamp=builtin_interfaces.msg.Time(sec=0, nanosec=0), frame_id=''), status=sensor_msgs.msg.NavSatStatus(status=0, service=0), latitude=29.639502, longitude=-82.361062, altitude=0.0, position_covariance=array([0., 0., 0., 0., 0., 0., 0., 0., 0.]), position_covariance_type=0))
[controller-2] [INFO] [1744574695.569038905] [drone_home1.controller]: Waypoints now: [(29.639502, -82.361062)]
[controller-2] [INFO] [1744574708.683302633] [drone_home1.controller]: Service request to change coordinate custom_messages.srv.SetCoordinate_Request(new_coordinate=sensor_msgs.msg.NavSatFix(header=std_msgs.msg.Header(stamp=builtin_interfaces.msg.Time(sec=0, nanosec=0), frame_id=''), status=sensor_msgs.msg.NavSatStatus(status=0, service=0), latitude=29.639502, longitude=-82.361062, altitude=0.0, position_covariance=array([0., 0., 0., 0., 0., 0., 0., 0., 0.]), position_covariance_type=0))
[controller-2] [INFO] [1744574708.685663131] [drone_home1.controller]: Waypoints now: [(29.639502, -82.361062)]
[controller-2] [INFO] [1744574714.690725360] [drone_home1.controller]: Service request to change coordinate custom_messages.srv.SetCoordinate_Request(new_coordinate=sensor_msgs.msg.NavSatFix(header=std_msgs.msg.Header(stamp=builtin_interfaces.msg.Time(sec=0, nanosec=0), frame_id=''), status=sensor_msgs.msg.NavSatStatus(status=0, service=0), latitude=29.639661, longitude=-82.361219, altitude=0.0, position_covariance=array([0., 0., 0., 0., 0., 0., 0., 0., 0.]), position_covariance_type=0))
[controller-2] [INFO] [1744574714.691620274] [drone_home1.controller]: Waypoints now: [(29.639661, -82.361219)]
[controller-2] [INFO] [1744574741.692940443] [drone_home1.controller]: Service request to change coordinate custom_messages.srv.SetCoordinate_Request(new_coordinate=sensor_msgs.msg.NavSatFix(header=std_msgs.msg.Header(stamp=builtin_interfaces.msg.Time(sec=0, nanosec=0), frame_id=''), status=sensor_msgs.msg.NavSatStatus(status=0, service=0), latitude=29.639702, longitude=-82.360987, altitude=0.0, position_covariance=array([0., 0., 0., 0., 0., 0., 0., 0., 0.]), position_covariance_type=0))
[controller-2] [INFO] [1744574741.694025416] [drone_home1.controller]: Waypoints now: [(29.639702, -82.360987)]
