[INFO] [launch]: All log files can be found below /root/.ros/log/2025-03-27-13-15-59-809465-drone-home-552
[INFO] [launch]: Default logging verbosity is set to INFO
[INFO] [cv_controller-1]: process started with pid [554]
[INFO] [controller-2]: process started with pid [556]
[INFO] [pwm_publisher-3]: process started with pid [558]
[INFO] [gps_publisher-4]: process started with pid [560]
[INFO] [imu_publisher-5]: process started with pid [562]
[INFO] [drive_hardware-6]: process started with pid [564]
[cv_controller-1] [INFO] [1743095760.718695647] [drone_home1.sim]: CV Controller running
[gps_publisher-4] [INFO] [1743095760.747841952] [drone_home1.gps_publisher]: Connected GPS on /dev/ttyUSB0
[gps_publisher-4] [INFO] [1743095760.749503823] [drone_home1.gps_publisher]: GPS Initialized
[gps_publisher-4] [INFO] [1743095760.802229339] [drone_home1.gps_publisher]: none
[gps_publisher-4] [INFO] [1743095760.803617368] [drone_home1.gps_publisher]: Updated
[gps_publisher-4] [INFO] [1743095760.852517540] [drone_home1.gps_publisher]: none
[gps_publisher-4] [INFO] [1743095760.853872095] [drone_home1.gps_publisher]: Updated
[gps_publisher-4] [INFO] [1743095760.902359567] [drone_home1.gps_publisher]: none
[gps_publisher-4] [INFO] [1743095760.903328208] [drone_home1.gps_publisher]: Updated
[gps_publisher-4] [INFO] [1743095760.951353666] [drone_home1.gps_publisher]: none
[gps_publisher-4] [INFO] [1743095760.952374470] [drone_home1.gps_publisher]: Updated
[controller-2] [INFO] [1743095760.958847160] [drone_home1.controller]: Controller running
[gps_publisher-4] [INFO] [1743095761.001323765] [drone_home1.gps_publisher]: none
[gps_publisher-4] [INFO] [1743095761.002455169] [drone_home1.gps_publisher]: Updated
[gps_publisher-4] [INFO] [1743095761.051373852] [drone_home1.gps_publisher]: none
[gps_publisher-4] [INFO] [1743095761.052354748] [drone_home1.gps_publisher]: Updated
[gps_publisher-4] [INFO] [1743095761.101299121] [drone_home1.gps_publisher]: none
[gps_publisher-4] [INFO] [1743095761.102224077] [drone_home1.gps_publisher]: Updated
[gps_publisher-4] [INFO] [1743095761.151475638] [drone_home1.gps_publisher]: none
[gps_publisher-4] [INFO] [1743095761.153770476] [drone_home1.gps_publisher]: Updated
[gps_publisher-4] [INFO] [1743095761.201382698] [drone_home1.gps_publisher]: none
[gps_publisher-4] [INFO] [1743095761.203298439] [drone_home1.gps_publisher]: Updated
[gps_publisher-4] [INFO] [1743095761.251488363] [drone_home1.gps_publisher]: none
[gps_publisher-4] [INFO] [1743095761.253383239] [drone_home1.gps_publisher]: Updated
[gps_publisher-4] [INFO] [1743095761.301330619] [drone_home1.gps_publisher]: none
[gps_publisher-4] [INFO] [1743095761.303253912] [drone_home1.gps_publisher]: Updated
[gps_publisher-4] [INFO] [1743095761.351387001] [drone_home1.gps_publisher]: none
[gps_publisher-4] [INFO] [1743095761.353353273] [drone_home1.gps_publisher]: Updated
[gps_publisher-4] [INFO] [1743095761.401407348] [drone_home1.gps_publisher]: none
[gps_publisher-4] [INFO] [1743095761.403726251] [drone_home1.gps_publisher]: Updated
[gps_publisher-4] [INFO] [1743095761.451352586] [drone_home1.gps_publisher]: none
[gps_publisher-4] [INFO] [1743095761.453372334] [drone_home1.gps_publisher]: Updated
[gps_publisher-4] [INFO] [1743095761.501395879] [drone_home1.gps_publisher]: none
[gps_publisher-4] [INFO] [1743095761.503503217] [drone_home1.gps_publisher]: Updated
[gps_publisher-4] [INFO] [1743095761.551347198] [drone_home1.gps_publisher]: none
[gps_publisher-4] [INFO] [1743095761.553288925] [drone_home1.gps_publisher]: Updated
[gps_publisher-4] [INFO] [1743095761.601318710] [drone_home1.gps_publisher]: none
[gps_publisher-4] [INFO] [1743095761.603399134] [drone_home1.gps_publisher]: Updated
[gps_publisher-4] [INFO] [1743095761.651393493] [drone_home1.gps_publisher]: none
[gps_publisher-4] [INFO] [1743095761.653646312] [drone_home1.gps_publisher]: Updated
[gps_publisher-4] [INFO] [1743095761.701357677] [drone_home1.gps_publisher]: none
[gps_publisher-4] [INFO] [1743095761.703420211] [drone_home1.gps_publisher]: Updated
[gps_publisher-4] [INFO] [1743095761.751407978] [drone_home1.gps_publisher]: none
[gps_publisher-4] [INFO] [1743095761.753414093] [drone_home1.gps_publisher]: Updated
[gps_publisher-4] [INFO] [1743095761.801325759] [drone_home1.gps_publisher]: none
[gps_publisher-4] [INFO] [1743095761.803311712] [drone_home1.gps_publisher]: Updated
[gps_publisher-4] [INFO] [1743095761.851397693] [drone_home1.gps_publisher]: none
[gps_publisher-4] [INFO] [1743095761.853262775] [drone_home1.gps_publisher]: Updated
[gps_publisher-4] [INFO] [1743095761.901723789] [drone_home1.gps_publisher]: none
[gps_publisher-4] [INFO] [1743095761.903753073] [drone_home1.gps_publisher]: Updated
[gps_publisher-4] [INFO] [1743095761.951379824] [drone_home1.gps_publisher]: none
[gps_publisher-4] [INFO] [1743095761.953237993] [drone_home1.gps_publisher]: Updated
[gps_publisher-4] [INFO] [1743095762.001303525] [drone_home1.gps_publisher]: none
[gps_publisher-4] [INFO] [1743095762.004150879] [drone_home1.gps_publisher]: Updated
[gps_publisher-4] [INFO] [1743095762.051706249] [drone_home1.gps_publisher]: none
[gps_publisher-4] [INFO] [1743095762.053842544] [drone_home1.gps_publisher]: Updated
[gps_publisher-4] [INFO] [1743095762.101344147] [drone_home1.gps_publisher]: none
[gps_publisher-4] [INFO] [1743095762.103278350] [drone_home1.gps_publisher]: Updated
[gps_publisher-4] [INFO] [1743095762.151389175] [drone_home1.gps_publisher]: none
[gps_publisher-4] [INFO] [1743095762.154456154] [drone_home1.gps_publisher]: Updated
[gps_publisher-4] [INFO] [1743095762.201348310] [drone_home1.gps_publisher]: none
[gps_publisher-4] [INFO] [1743095762.203574787] [drone_home1.gps_publisher]: Updated
[gps_publisher-4] [INFO] [1743095762.251406715] [drone_home1.gps_publisher]: none
[gps_publisher-4] [INFO] [1743095762.253352598] [drone_home1.gps_publisher]: Updated
[gps_publisher-4] [INFO] [1743095762.301331959] [drone_home1.gps_publisher]: none
[gps_publisher-4] [INFO] [1743095762.303890041] [drone_home1.gps_publisher]: Updated
[gps_publisher-4] [INFO] [1743095762.351397469] [drone_home1.gps_publisher]: none
[gps_publisher-4] [INFO] [1743095762.353421117] [drone_home1.gps_publisher]: Updated
[imu_publisher-5] [INFO] [1743095762.358437147] [drone_home1.imu_publisher]: Calibration status: (True, 'Calibration (sys:0, gyro:0, accel:3, mag:0)')
[gps_publisher-4] [INFO] [1743095762.401396702] [drone_home1.gps_publisher]: none
[gps_publisher-4] [INFO] [1743095762.403363674] [drone_home1.gps_publisher]: Updated
[gps_publisher-4] [INFO] [1743095762.451388927] [drone_home1.gps_publisher]: none
[gps_publisher-4] [INFO] [1743095762.453289591] [drone_home1.gps_publisher]: Updated
[gps_publisher-4] [INFO] [1743095762.501332412] [drone_home1.gps_publisher]: none
[gps_publisher-4] [INFO] [1743095762.503449506] [drone_home1.gps_publisher]: Updated
[gps_publisher-4] [INFO] [1743095762.551382817] [drone_home1.gps_publisher]: none
[gps_publisher-4] [INFO] [1743095762.553406209] [drone_home1.gps_publisher]: Updated
[gps_publisher-4] [INFO] [1743095762.601370241] [drone_home1.gps_publisher]: none
[gps_publisher-4] [INFO] [1743095762.603318780] [drone_home1.gps_publisher]: Updated
[gps_publisher-4] [INFO] [1743095762.651387395] [drone_home1.gps_publisher]: none
[gps_publisher-4] [INFO] [1743095762.653386562] [drone_home1.gps_publisher]: Updated
[gps_publisher-4] [INFO] [1743095762.701362147] [drone_home1.gps_publisher]: none
[gps_publisher-4] [INFO] [1743095762.703283901] [drone_home1.gps_publisher]: Updated
[gps_publisher-4] [INFO] [1743095762.751365604] [drone_home1.gps_publisher]: none
[gps_publisher-4] [INFO] [1743095762.753249596] [drone_home1.gps_publisher]: Updated
[gps_publisher-4] [INFO] [1743095762.801369574] [drone_home1.gps_publisher]: none
[gps_publisher-4] [INFO] [1743095762.803270462] [drone_home1.gps_publisher]: Updated
[gps_publisher-4] [INFO] [1743095762.851364039] [drone_home1.gps_publisher]: none
[gps_publisher-4] [INFO] [1743095762.853234685] [drone_home1.gps_publisher]: Updated
[gps_publisher-4] [INFO] [1743095762.901407787] [drone_home1.gps_publisher]: none
[gps_publisher-4] [INFO] [1743095762.903312579] [drone_home1.gps_publisher]: Updated
[gps_publisher-4] [INFO] [1743095762.951373610] [drone_home1.gps_publisher]: none
[gps_publisher-4] [INFO] [1743095762.953258689] [drone_home1.gps_publisher]: Updated
[gps_publisher-4] [INFO] [1743095763.001577688] [drone_home1.gps_publisher]: none
[gps_publisher-4] [INFO] [1743095763.003724544] [drone_home1.gps_publisher]: Updated
[gps_publisher-4] [INFO] [1743095763.051401056] [drone_home1.gps_publisher]: none
[gps_publisher-4] [INFO] [1743095763.053729840] [drone_home1.gps_publisher]: Updated
[gps_publisher-4] [INFO] [1743095763.101774946] [drone_home1.gps_publisher]: none
[gps_publisher-4] [INFO] [1743095763.105000329] [drone_home1.gps_publisher]: Updated
[gps_publisher-4] [INFO] [1743095763.152056351] [drone_home1.gps_publisher]: none
[gps_publisher-4] [INFO] [1743095763.155319496] [drone_home1.gps_publisher]: Updated
[gps_publisher-4] [INFO] [1743095763.201689332] [drone_home1.gps_publisher]: none
[gps_publisher-4] [INFO] [1743095763.204187598] [drone_home1.gps_publisher]: Updated
[gps_publisher-4] [INFO] [1743095763.251556183] [drone_home1.gps_publisher]: none
[gps_publisher-4] [INFO] [1743095763.254163415] [drone_home1.gps_publisher]: Updated
[gps_publisher-4] [INFO] [1743095763.301538849] [drone_home1.gps_publisher]: none
[gps_publisher-4] [INFO] [1743095763.304439220] [drone_home1.gps_publisher]: Updated
[gps_publisher-4] [INFO] [1743095763.352185044] [drone_home1.gps_publisher]: none
[gps_publisher-4] [INFO] [1743095763.355484511] [drone_home1.gps_publisher]: Updated
[gps_publisher-4] [INFO] [1743095763.401363084] [drone_home1.gps_publisher]: none
[gps_publisher-4] [INFO] [1743095763.403770337] [drone_home1.gps_publisher]: Updated
[gps_publisher-4] [INFO] [1743095763.451449853] [drone_home1.gps_publisher]: none
[gps_publisher-4] [INFO] [1743095763.454045341] [drone_home1.gps_publisher]: Updated
[gps_publisher-4] [INFO] [1743095763.501473545] [drone_home1.gps_publisher]: none
[gps_publisher-4] [INFO] [1743095763.503992037] [drone_home1.gps_publisher]: Updated
[gps_publisher-4] [INFO] [1743095763.551690594] [drone_home1.gps_publisher]: none
[gps_publisher-4] [INFO] [1743095763.554239103] [drone_home1.gps_publisher]: Updated
[gps_publisher-4] [INFO] [1743095763.601616009] [drone_home1.gps_publisher]: none
[gps_publisher-4] [INFO] [1743095763.604010172] [drone_home1.gps_publisher]: Updated
[gps_publisher-4] [INFO] [1743095763.651491820] [drone_home1.gps_publisher]: none
[gps_publisher-4] [INFO] [1743095763.653702516] [drone_home1.gps_publisher]: Updated
[gps_publisher-4] [INFO] [1743095763.701436788] [drone_home1.gps_publisher]: none
[gps_publisher-4] [INFO] [1743095763.703528117] [drone_home1.gps_publisher]: Updated
[gps_publisher-4] [INFO] [1743095763.751640620] [drone_home1.gps_publisher]: none
[gps_publisher-4] [INFO] [1743095763.753834547] [drone_home1.gps_publisher]: Updated
[gps_publisher-4] [INFO] [1743095763.801571507] [drone_home1.gps_publisher]: none
[gps_publisher-4] [INFO] [1743095763.804496455] [drone_home1.gps_publisher]: Updated
[gps_publisher-4] [INFO] [1743095763.851493177] [drone_home1.gps_publisher]: none
[gps_publisher-4] [INFO] [1743095763.853492404] [drone_home1.gps_publisher]: Updated
[gps_publisher-4] [INFO] [1743095763.901416479] [drone_home1.gps_publisher]: none
[gps_publisher-4] [INFO] [1743095763.903527618] [drone_home1.gps_publisher]: Updated
[gps_publisher-4] [INFO] [1743095763.951389097] [drone_home1.gps_publisher]: none
[gps_publisher-4] [INFO] [1743095763.953263196] [drone_home1.gps_publisher]: Updated
[gps_publisher-4] [INFO] [1743095764.001356562] [drone_home1.gps_publisher]: none
[gps_publisher-4] [INFO] [1743095764.003794024] [drone_home1.gps_publisher]: Updated
[gps_publisher-4] [INFO] [1743095764.051440311] [drone_home1.gps_publisher]: none
[gps_publisher-4] [INFO] [1743095764.053443023] [drone_home1.gps_publisher]: Updated
[gps_publisher-4] [INFO] [1743095764.101328360] [drone_home1.gps_publisher]: none
[gps_publisher-4] [INFO] [1743095764.103209369] [drone_home1.gps_publisher]: Updated
[gps_publisher-4] [INFO] [1743095764.151331040] [drone_home1.gps_publisher]: none
[gps_publisher-4] [INFO] [1743095764.153295606] [drone_home1.gps_publisher]: Updated
[gps_publisher-4] [INFO] [1743095764.201347449] [drone_home1.gps_publisher]: none
[gps_publisher-4] [INFO] [1743095764.203226442] [drone_home1.gps_publisher]: Updated
[gps_publisher-4] [INFO] [1743095764.251433942] [drone_home1.gps_publisher]: none
[gps_publisher-4] [INFO] [1743095764.253457712] [drone_home1.gps_publisher]: Updated
[gps_publisher-4] [INFO] [1743095764.301345897] [drone_home1.gps_publisher]: none
[gps_publisher-4] [INFO] [1743095764.303397028] [drone_home1.gps_publisher]: Updated
[gps_publisher-4] [INFO] [1743095764.351436550] [drone_home1.gps_publisher]: none
[gps_publisher-4] [INFO] [1743095764.353426110] [drone_home1.gps_publisher]: Updated
[gps_publisher-4] [INFO] [1743095764.401420957] [drone_home1.gps_publisher]: none
[gps_publisher-4] [INFO] [1743095764.403714663] [drone_home1.gps_publisher]: Updated
[gps_publisher-4] [INFO] [1743095764.451376306] [drone_home1.gps_publisher]: none
[gps_publisher-4] [INFO] [1743095764.453322855] [drone_home1.gps_publisher]: Updated
[gps_publisher-4] [INFO] [1743095764.501318055] [drone_home1.gps_publisher]: none
[gps_publisher-4] [INFO] [1743095764.503516619] [drone_home1.gps_publisher]: Updated
[gps_publisher-4] [INFO] [1743095764.551373890] [drone_home1.gps_publisher]: none
[gps_publisher-4] [INFO] [1743095764.553316150] [drone_home1.gps_publisher]: Updated
[gps_publisher-4] [INFO] [1743095764.601344376] [drone_home1.gps_publisher]: none
[gps_publisher-4] [INFO] [1743095764.603908114] [drone_home1.gps_publisher]: Updated
[gps_publisher-4] [INFO] [1743095764.651351056] [drone_home1.gps_publisher]: none
[gps_publisher-4] [INFO] [1743095764.653785858] [drone_home1.gps_publisher]: Updated
[gps_publisher-4] [INFO] [1743095764.701332615] [drone_home1.gps_publisher]: none
[gps_publisher-4] [INFO] [1743095764.703181622] [drone_home1.gps_publisher]: Updated
[gps_publisher-4] [INFO] [1743095764.751340447] [drone_home1.gps_publisher]: none
[gps_publisher-4] [INFO] [1743095764.753455390] [drone_home1.gps_publisher]: Updated
[gps_publisher-4] [INFO] [1743095764.801328950] [drone_home1.gps_publisher]: none
[gps_publisher-4] [INFO] [1743095764.803310637] [drone_home1.gps_publisher]: Updated
[gps_publisher-4] [INFO] [1743095764.851308781] [drone_home1.gps_publisher]: none
[gps_publisher-4] [INFO] [1743095764.853367561] [drone_home1.gps_publisher]: Updated
[gps_publisher-4] [INFO] [1743095764.901276547] [drone_home1.gps_publisher]: none
[gps_publisher-4] [INFO] [1743095764.903099504] [drone_home1.gps_publisher]: Updated
[gps_publisher-4] [INFO] [1743095764.951327422] [drone_home1.gps_publisher]: none
[gps_publisher-4] [INFO] [1743095764.953318741] [drone_home1.gps_publisher]: Updated
[gps_publisher-4] [INFO] [1743095765.001615175] [drone_home1.gps_publisher]: none
[gps_publisher-4] [INFO] [1743095765.004104697] [drone_home1.gps_publisher]: Updated
[gps_publisher-4] [INFO] [1743095765.051481991] [drone_home1.gps_publisher]: none
[gps_publisher-4] [INFO] [1743095765.053332692] [drone_home1.gps_publisher]: Updated
[gps_publisher-4] [INFO] [1743095765.101324069] [drone_home1.gps_publisher]: none
[gps_publisher-4] [INFO] [1743095765.103687119] [drone_home1.gps_publisher]: Updated
[gps_publisher-4] [INFO] [1743095765.151327757] [drone_home1.gps_publisher]: none
[gps_publisher-4] [INFO] [1743095765.153123990] [drone_home1.gps_publisher]: Updated
[gps_publisher-4] [INFO] [1743095765.201456475] [drone_home1.gps_publisher]: none
[gps_publisher-4] [INFO] [1743095765.203451440] [drone_home1.gps_publisher]: Updated
[gps_publisher-4] [INFO] [1743095765.251320795] [drone_home1.gps_publisher]: none
[gps_publisher-4] [INFO] [1743095765.253203977] [drone_home1.gps_publisher]: Updated
[gps_publisher-4] [INFO] [1743095765.301397542] [drone_home1.gps_publisher]: none
[gps_publisher-4] [INFO] [1743095765.303258803] [drone_home1.gps_publisher]: Updated
[gps_publisher-4] [INFO] [1743095765.351312264] [drone_home1.gps_publisher]: none
[gps_publisher-4] [INFO] [1743095765.353451301] [drone_home1.gps_publisher]: Updated
[gps_publisher-4] [INFO] [1743095765.401300047] [drone_home1.gps_publisher]: none
[gps_publisher-4] [INFO] [1743095765.403176380] [drone_home1.gps_publisher]: Updated
[gps_publisher-4] [INFO] [1743095765.451325975] [drone_home1.gps_publisher]: none
[gps_publisher-4] [INFO] [1743095765.453126528] [drone_home1.gps_publisher]: Updated
[gps_publisher-4] [INFO] [1743095765.501411299] [drone_home1.gps_publisher]: none
[gps_publisher-4] [INFO] [1743095765.503278320] [drone_home1.gps_publisher]: Updated
[gps_publisher-4] [INFO] [1743095765.551317253] [drone_home1.gps_publisher]: none
[gps_publisher-4] [INFO] [1743095765.553104685] [drone_home1.gps_publisher]: Updated
[gps_publisher-4] [INFO] [1743095765.601472757] [drone_home1.gps_publisher]: none
[gps_publisher-4] [INFO] [1743095765.604209557] [drone_home1.gps_publisher]: Updated
[gps_publisher-4] [INFO] [1743095765.651334612] [drone_home1.gps_publisher]: none
[gps_publisher-4] [INFO] [1743095765.653282022] [drone_home1.gps_publisher]: Updated
[gps_publisher-4] [INFO] [1743095765.701323003] [drone_home1.gps_publisher]: none
[gps_publisher-4] [INFO] [1743095765.703162470] [drone_home1.gps_publisher]: Updated
[gps_publisher-4] [INFO] [1743095765.751353604] [drone_home1.gps_publisher]: none
[gps_publisher-4] [INFO] [1743095765.753244370] [drone_home1.gps_publisher]: Updated
[gps_publisher-4] [INFO] [1743095765.801332970] [drone_home1.gps_publisher]: none
[gps_publisher-4] [INFO] [1743095765.803380737] [drone_home1.gps_publisher]: Updated
[gps_publisher-4] [INFO] [1743095765.851374515] [drone_home1.gps_publisher]: none
[gps_publisher-4] [INFO] [1743095765.853288547] [drone_home1.gps_publisher]: Updated
[gps_publisher-4] [INFO] [1743095765.901266068] [drone_home1.gps_publisher]: none
[gps_publisher-4] [INFO] [1743095765.903181828] [drone_home1.gps_publisher]: Updated
[gps_publisher-4] [INFO] [1743095765.952078667] [drone_home1.gps_publisher]: none
[gps_publisher-4] [INFO] [1743095765.953970073] [drone_home1.gps_publisher]: Updated
[gps_publisher-4] [INFO] [1743095766.002109523] [drone_home1.gps_publisher]: none
[gps_publisher-4] [INFO] [1743095766.005864585] [drone_home1.gps_publisher]: Updated
[gps_publisher-4] [INFO] [1743095766.051418757] [drone_home1.gps_publisher]: none
[gps_publisher-4] [INFO] [1743095766.053669637] [drone_home1.gps_publisher]: Updated
[gps_publisher-4] [INFO] [1743095766.101709103] [drone_home1.gps_publisher]: none
[gps_publisher-4] [INFO] [1743095766.104532367] [drone_home1.gps_publisher]: Updated
[gps_publisher-4] [INFO] [1743095766.151695751] [drone_home1.gps_publisher]: none
[gps_publisher-4] [INFO] [1743095766.154240632] [drone_home1.gps_publisher]: Updated
[gps_publisher-4] [INFO] [1743095766.201290665] [drone_home1.gps_publisher]: none
[gps_publisher-4] [INFO] [1743095766.203161075] [drone_home1.gps_publisher]: Updated
[gps_publisher-4] [INFO] [1743095766.251386215] [drone_home1.gps_publisher]: none
[gps_publisher-4] [INFO] [1743095766.253301588] [drone_home1.gps_publisher]: Updated
[gps_publisher-4] [INFO] [1743095766.301365535] [drone_home1.gps_publisher]: none
[gps_publisher-4] [INFO] [1743095766.303326158] [drone_home1.gps_publisher]: Updated
[gps_publisher-4] [INFO] [1743095766.351343767] [drone_home1.gps_publisher]: none
[gps_publisher-4] [INFO] [1743095766.353277733] [drone_home1.gps_publisher]: Updated
[gps_publisher-4] [INFO] [1743095766.401286860] [drone_home1.gps_publisher]: none
[gps_publisher-4] [INFO] [1743095766.403349250] [drone_home1.gps_publisher]: Updated
[gps_publisher-4] [INFO] [1743095766.451351657] [drone_home1.gps_publisher]: none
[gps_publisher-4] [INFO] [1743095766.453301688] [drone_home1.gps_publisher]: Updated
[gps_publisher-4] [INFO] [1743095766.501363043] [drone_home1.gps_publisher]: none
[gps_publisher-4] [INFO] [1743095766.503201547] [drone_home1.gps_publisher]: Updated
[gps_publisher-4] [INFO] [1743095766.551330394] [drone_home1.gps_publisher]: none
[gps_publisher-4] [INFO] [1743095766.553224197] [drone_home1.gps_publisher]: Updated
[gps_publisher-4] [INFO] [1743095766.601346451] [drone_home1.gps_publisher]: none
[gps_publisher-4] [INFO] [1743095766.603249760] [drone_home1.gps_publisher]: Updated
[gps_publisher-4] [INFO] [1743095766.651355085] [drone_home1.gps_publisher]: none
[gps_publisher-4] [INFO] [1743095766.653249400] [drone_home1.gps_publisher]: Updated
[gps_publisher-4] [INFO] [1743095766.701395720] [drone_home1.gps_publisher]: none
[gps_publisher-4] [INFO] [1743095766.703258642] [drone_home1.gps_publisher]: Updated
[gps_publisher-4] [INFO] [1743095766.751344318] [drone_home1.gps_publisher]: none
[gps_publisher-4] [INFO] [1743095766.753234441] [drone_home1.gps_publisher]: Updated
[gps_publisher-4] [INFO] [1743095766.801317045] [drone_home1.gps_publisher]: none
[gps_publisher-4] [INFO] [1743095766.803193728] [drone_home1.gps_publisher]: Updated
[gps_publisher-4] [INFO] [1743095766.851326447] [drone_home1.gps_publisher]: none
[gps_publisher-4] [INFO] [1743095766.853153303] [drone_home1.gps_publisher]: Updated
[gps_publisher-4] [INFO] [1743095766.901373098] [drone_home1.gps_publisher]: none
[gps_publisher-4] [INFO] [1743095766.903691470] [drone_home1.gps_publisher]: Updated
[gps_publisher-4] [INFO] [1743095766.951677589] [drone_home1.gps_publisher]: none
[gps_publisher-4] [INFO] [1743095766.953861585] [drone_home1.gps_publisher]: Updated
[gps_publisher-4] [INFO] [1743095767.001921499] [drone_home1.gps_publisher]: none
[gps_publisher-4] [INFO] [1743095767.005107308] [drone_home1.gps_publisher]: Updated
[gps_publisher-4] [INFO] [1743095767.051468624] [drone_home1.gps_publisher]: none
[gps_publisher-4] [INFO] [1743095767.053466527] [drone_home1.gps_publisher]: Updated
[gps_publisher-4] [INFO] [1743095767.101554050] [drone_home1.gps_publisher]: none
[gps_publisher-4] [INFO] [1743095767.103634101] [drone_home1.gps_publisher]: Updated
[gps_publisher-4] [INFO] [1743095767.151587601] [drone_home1.gps_publisher]: none
[gps_publisher-4] [INFO] [1743095767.154600920] [drone_home1.gps_publisher]: Updated
[gps_publisher-4] [INFO] [1743095767.201436246] [drone_home1.gps_publisher]: none
[gps_publisher-4] [INFO] [1743095767.203727861] [drone_home1.gps_publisher]: Updated
[gps_publisher-4] [INFO] [1743095767.251270362] [drone_home1.gps_publisher]: none
[gps_publisher-4] [INFO] [1743095767.253241479] [drone_home1.gps_publisher]: Updated
[gps_publisher-4] [INFO] [1743095767.301521045] [drone_home1.gps_publisher]: none
[gps_publisher-4] [INFO] [1743095767.307958329] [drone_home1.gps_publisher]: Updated
[gps_publisher-4] [INFO] [1743095767.352154085] [drone_home1.gps_publisher]: none
[gps_publisher-4] [INFO] [1743095767.355380375] [drone_home1.gps_publisher]: Updated
[gps_publisher-4] [INFO] [1743095767.402052621] [drone_home1.gps_publisher]: none
[gps_publisher-4] [INFO] [1743095767.405226236] [drone_home1.gps_publisher]: Updated
[gps_publisher-4] [INFO] [1743095767.452092636] [drone_home1.gps_publisher]: none
[gps_publisher-4] [INFO] [1743095767.455501560] [drone_home1.gps_publisher]: Updated
[gps_publisher-4] [INFO] [1743095767.502053287] [drone_home1.gps_publisher]: none
[gps_publisher-4] [INFO] [1743095767.505155794] [drone_home1.gps_publisher]: Updated
[gps_publisher-4] [INFO] [1743095767.552112471] [drone_home1.gps_publisher]: none
[gps_publisher-4] [INFO] [1743095767.555338506] [drone_home1.gps_publisher]: Updated
[gps_publisher-4] [INFO] [1743095767.602048577] [drone_home1.gps_publisher]: none
[gps_publisher-4] [INFO] [1743095767.606140387] [drone_home1.gps_publisher]: Updated
[gps_publisher-4] [INFO] [1743095767.651337543] [drone_home1.gps_publisher]: none
[gps_publisher-4] [INFO] [1743095767.653172012] [drone_home1.gps_publisher]: Updated
[gps_publisher-4] [INFO] [1743095767.701393623] [drone_home1.gps_publisher]: none
[gps_publisher-4] [INFO] [1743095767.703525997] [drone_home1.gps_publisher]: Updated
[gps_publisher-4] [INFO] [1743095767.751326592] [drone_home1.gps_publisher]: none
[gps_publisher-4] [INFO] [1743095767.753370001] [drone_home1.gps_publisher]: Updated
[gps_publisher-4] [INFO] [1743095767.801289644] [drone_home1.gps_publisher]: none
[gps_publisher-4] [INFO] [1743095767.803093423] [drone_home1.gps_publisher]: Updated
[gps_publisher-4] [INFO] [1743095767.851386846] [drone_home1.gps_publisher]: none
[gps_publisher-4] [INFO] [1743095767.853501843] [drone_home1.gps_publisher]: Updated
[gps_publisher-4] [INFO] [1743095767.901272965] [drone_home1.gps_publisher]: none
[gps_publisher-4] [INFO] [1743095767.903068584] [drone_home1.gps_publisher]: Updated
[gps_publisher-4] [INFO] [1743095767.951309236] [drone_home1.gps_publisher]: none
[gps_publisher-4] [INFO] [1743095767.953093207] [drone_home1.gps_publisher]: Updated
[gps_publisher-4] [INFO] [1743095768.001403366] [drone_home1.gps_publisher]: none
[gps_publisher-4] [INFO] [1743095768.003523674] [drone_home1.gps_publisher]: Updated
[gps_publisher-4] [INFO] [1743095768.051376650] [drone_home1.gps_publisher]: none
[gps_publisher-4] [INFO] [1743095768.053385846] [drone_home1.gps_publisher]: Updated
[gps_publisher-4] [INFO] [1743095768.101399503] [drone_home1.gps_publisher]: none
[gps_publisher-4] [INFO] [1743095768.103575908] [drone_home1.gps_publisher]: Updated
[gps_publisher-4] [INFO] [1743095768.151734309] [drone_home1.gps_publisher]: none
[gps_publisher-4] [INFO] [1743095768.154222859] [drone_home1.gps_publisher]: Updated
[gps_publisher-4] [INFO] [1743095768.201329267] [drone_home1.gps_publisher]: none
[gps_publisher-4] [INFO] [1743095768.203402434] [drone_home1.gps_publisher]: Updated
[gps_publisher-4] [INFO] [1743095768.251809744] [drone_home1.gps_publisher]: none
[gps_publisher-4] [INFO] [1743095768.253872031] [drone_home1.gps_publisher]: Updated
[gps_publisher-4] [INFO] [1743095768.301251382] [drone_home1.gps_publisher]: none
[gps_publisher-4] [INFO] [1743095768.303248322] [drone_home1.gps_publisher]: Updated
[gps_publisher-4] [INFO] [1743095768.351322430] [drone_home1.gps_publisher]: none
[gps_publisher-4] [INFO] [1743095768.353099197] [drone_home1.gps_publisher]: Updated
[gps_publisher-4] [INFO] [1743095768.401304961] [drone_home1.gps_publisher]: none
[gps_publisher-4] [INFO] [1743095768.403110178] [drone_home1.gps_publisher]: Updated
[gps_publisher-4] [INFO] [1743095768.453093477] [drone_home1.gps_publisher]: none
[gps_publisher-4] [INFO] [1743095768.456159530] [drone_home1.gps_publisher]: Updated
[gps_publisher-4] [INFO] [1743095768.501772577] [drone_home1.gps_publisher]: none
[gps_publisher-4] [INFO] [1743095768.504183651] [drone_home1.gps_publisher]: Updated
[gps_publisher-4] [INFO] [1743095768.551875627] [drone_home1.gps_publisher]: none
[gps_publisher-4] [INFO] [1743095768.554864395] [drone_home1.gps_publisher]: Updated
[gps_publisher-4] [INFO] [1743095768.602083993] [drone_home1.gps_publisher]: none
[gps_publisher-4] [INFO] [1743095768.607083335] [drone_home1.gps_publisher]: Updated
[gps_publisher-4] [INFO] [1743095768.651784557] [drone_home1.gps_publisher]: none
[gps_publisher-4] [INFO] [1743095768.654699082] [drone_home1.gps_publisher]: Updated
[gps_publisher-4] [INFO] [1743095768.701317528] [drone_home1.gps_publisher]: none
[gps_publisher-4] [INFO] [1743095768.703070678] [drone_home1.gps_publisher]: Updated
[gps_publisher-4] [INFO] [1743095768.751351165] [drone_home1.gps_publisher]: none
[gps_publisher-4] [INFO] [1743095768.753197569] [drone_home1.gps_publisher]: Updated
[gps_publisher-4] [INFO] [1743095768.801319359] [drone_home1.gps_publisher]: none
[gps_publisher-4] [INFO] [1743095768.803137473] [drone_home1.gps_publisher]: Updated
[gps_publisher-4] [INFO] [1743095768.851361669] [drone_home1.gps_publisher]: none
[gps_publisher-4] [INFO] [1743095768.853162118] [drone_home1.gps_publisher]: Updated
[gps_publisher-4] [INFO] [1743095768.901358569] [drone_home1.gps_publisher]: none
[gps_publisher-4] [INFO] [1743095768.903903890] [drone_home1.gps_publisher]: Updated
[gps_publisher-4] [INFO] [1743095768.951409999] [drone_home1.gps_publisher]: none
[gps_publisher-4] [INFO] [1743095768.953970713] [drone_home1.gps_publisher]: Updated
[gps_publisher-4] [INFO] [1743095769.001456150] [drone_home1.gps_publisher]: none
[gps_publisher-4] [INFO] [1743095769.003338874] [drone_home1.gps_publisher]: Updated
[gps_publisher-4] [INFO] [1743095769.051497750] [drone_home1.gps_publisher]: none
[gps_publisher-4] [INFO] [1743095769.053647718] [drone_home1.gps_publisher]: Updated
[gps_publisher-4] [INFO] [1743095769.101519124] [drone_home1.gps_publisher]: none
[gps_publisher-4] [INFO] [1743095769.107461995] [drone_home1.gps_publisher]: Updated
[gps_publisher-4] [INFO] [1743095769.151348551] [drone_home1.gps_publisher]: none
[gps_publisher-4] [INFO] [1743095769.153313582] [drone_home1.gps_publisher]: Updated
[gps_publisher-4] [INFO] [1743095769.201397959] [drone_home1.gps_publisher]: none
[gps_publisher-4] [INFO] [1743095769.203242279] [drone_home1.gps_publisher]: Updated
[gps_publisher-4] [INFO] [1743095769.251394595] [drone_home1.gps_publisher]: none
[gps_publisher-4] [INFO] [1743095769.253223203] [drone_home1.gps_publisher]: Updated
[gps_publisher-4] [INFO] [1743095769.301322428] [drone_home1.gps_publisher]: none
[gps_publisher-4] [INFO] [1743095769.303155612] [drone_home1.gps_publisher]: Updated
[gps_publisher-4] [INFO] [1743095769.351359642] [drone_home1.gps_publisher]: none
[gps_publisher-4] [INFO] [1743095769.353164185] [drone_home1.gps_publisher]: Updated
[gps_publisher-4] [INFO] [1743095769.401304148] [drone_home1.gps_publisher]: none
[gps_publisher-4] [INFO] [1743095769.403098450] [drone_home1.gps_publisher]: Updated
[gps_publisher-4] [INFO] [1743095769.451344211] [drone_home1.gps_publisher]: none
[gps_publisher-4] [INFO] [1743095769.453116560] [drone_home1.gps_publisher]: Updated
[gps_publisher-4] [INFO] [1743095769.501302893] [drone_home1.gps_publisher]: none
[gps_publisher-4] [INFO] [1743095769.503103660] [drone_home1.gps_publisher]: Updated
[gps_publisher-4] [INFO] [1743095769.551334348] [drone_home1.gps_publisher]: none
[gps_publisher-4] [INFO] [1743095769.553105129] [drone_home1.gps_publisher]: Updated
[gps_publisher-4] [INFO] [1743095769.601335016] [drone_home1.gps_publisher]: none
[gps_publisher-4] [INFO] [1743095769.603176041] [drone_home1.gps_publisher]: Updated
[gps_publisher-4] [INFO] [1743095769.651421866] [drone_home1.gps_publisher]: none
[gps_publisher-4] [INFO] [1743095769.653221352] [drone_home1.gps_publisher]: Updated
[gps_publisher-4] [INFO] [1743095769.701966755] [drone_home1.gps_publisher]: none
[gps_publisher-4] [INFO] [1743095769.704374657] [drone_home1.gps_publisher]: Updated
[gps_publisher-4] [INFO] [1743095769.751371392] [drone_home1.gps_publisher]: none
[gps_publisher-4] [INFO] [1743095769.753238882] [drone_home1.gps_publisher]: Updated
[gps_publisher-4] [INFO] [1743095769.801347228] [drone_home1.gps_publisher]: none
[gps_publisher-4] [INFO] [1743095769.803317763] [drone_home1.gps_publisher]: Updated
[gps_publisher-4] [INFO] [1743095769.851393563] [drone_home1.gps_publisher]: none
[gps_publisher-4] [INFO] [1743095769.853236347] [drone_home1.gps_publisher]: Updated
[gps_publisher-4] [INFO] [1743095769.901317235] [drone_home1.gps_publisher]: none
[gps_publisher-4] [INFO] [1743095769.903126354] [drone_home1.gps_publisher]: Updated
[gps_publisher-4] [INFO] [1743095769.951374163] [drone_home1.gps_publisher]: none
[gps_publisher-4] [INFO] [1743095769.953208691] [drone_home1.gps_publisher]: Updated
[gps_publisher-4] [INFO] [1743095770.001327085] [drone_home1.gps_publisher]: none
[gps_publisher-4] [INFO] [1743095770.003147820] [drone_home1.gps_publisher]: Updated
[gps_publisher-4] [INFO] [1743095770.051349319] [drone_home1.gps_publisher]: none
[gps_publisher-4] [INFO] [1743095770.053192646] [drone_home1.gps_publisher]: Updated
[gps_publisher-4] [INFO] [1743095770.102120071] [drone_home1.gps_publisher]: none
[gps_publisher-4] [INFO] [1743095770.105062109] [drone_home1.gps_publisher]: Updated
[gps_publisher-4] [INFO] [1743095770.151365880] [drone_home1.gps_publisher]: none
[gps_publisher-4] [INFO] [1743095770.153238967] [drone_home1.gps_publisher]: Updated
[gps_publisher-4] [INFO] [1743095770.201315309] [drone_home1.gps_publisher]: none
[gps_publisher-4] [INFO] [1743095770.203428761] [drone_home1.gps_publisher]: Updated
[gps_publisher-4] [INFO] [1743095770.251362407] [drone_home1.gps_publisher]: none
[gps_publisher-4] [INFO] [1743095770.253237383] [drone_home1.gps_publisher]: Updated
[gps_publisher-4] [INFO] [1743095770.301347742] [drone_home1.gps_publisher]: none
[gps_publisher-4] [INFO] [1743095770.303657268] [drone_home1.gps_publisher]: Updated
[gps_publisher-4] [INFO] [1743095770.351407033] [drone_home1.gps_publisher]: none
[gps_publisher-4] [INFO] [1743095770.353249175] [drone_home1.gps_publisher]: Updated
[gps_publisher-4] [INFO] [1743095770.401311308] [drone_home1.gps_publisher]: none
[gps_publisher-4] [INFO] [1743095770.403147434] [drone_home1.gps_publisher]: Updated
[gps_publisher-4] [INFO] [1743095770.451592690] [drone_home1.gps_publisher]: none
[gps_publisher-4] [INFO] [1743095770.455606591] [drone_home1.gps_publisher]: Updated
[gps_publisher-4] [INFO] [1743095770.501353086] [drone_home1.gps_publisher]: none
[gps_publisher-4] [INFO] [1743095770.505076188] [drone_home1.gps_publisher]: Updated
[gps_publisher-4] [INFO] [1743095770.551383991] [drone_home1.gps_publisher]: none
[gps_publisher-4] [INFO] [1743095770.553228821] [drone_home1.gps_publisher]: Updated
[gps_publisher-4] [INFO] [1743095770.601820165] [drone_home1.gps_publisher]: none
[gps_publisher-4] [INFO] [1743095770.604305796] [drone_home1.gps_publisher]: Updated
[gps_publisher-4] [INFO] [1743095770.651369126] [drone_home1.gps_publisher]: none
[gps_publisher-4] [INFO] [1743095770.653405870] [drone_home1.gps_publisher]: Updated
[gps_publisher-4] [INFO] [1743095770.701346236] [drone_home1.gps_publisher]: none
[gps_publisher-4] [INFO] [1743095770.703201979] [drone_home1.gps_publisher]: Updated
[gps_publisher-4] [INFO] [1743095770.751359573] [drone_home1.gps_publisher]: none
[gps_publisher-4] [INFO] [1743095770.753265878] [drone_home1.gps_publisher]: Updated
[gps_publisher-4] [INFO] [1743095770.801343820] [drone_home1.gps_publisher]: none
[gps_publisher-4] [INFO] [1743095770.803270286] [drone_home1.gps_publisher]: Updated
[gps_publisher-4] [INFO] [1743095770.851347364] [drone_home1.gps_publisher]: none
[gps_publisher-4] [INFO] [1743095770.853171649] [drone_home1.gps_publisher]: Updated
[gps_publisher-4] [INFO] [1743095770.901299161] [drone_home1.gps_publisher]: none
[gps_publisher-4] [INFO] [1743095770.903459879] [drone_home1.gps_publisher]: Updated
[gps_publisher-4] [INFO] [1743095770.951345075] [drone_home1.gps_publisher]: none
[gps_publisher-4] [INFO] [1743095770.953327096] [drone_home1.gps_publisher]: Updated
[gps_publisher-4] [INFO] [1743095771.001325642] [drone_home1.gps_publisher]: none
[gps_publisher-4] [INFO] [1743095771.003650495] [drone_home1.gps_publisher]: Updated
[gps_publisher-4] [INFO] [1743095771.051735477] [drone_home1.gps_publisher]: none
[gps_publisher-4] [INFO] [1743095771.054164077] [drone_home1.gps_publisher]: Updated
[gps_publisher-4] [INFO] [1743095771.101753835] [drone_home1.gps_publisher]: none
[gps_publisher-4] [INFO] [1743095771.104063293] [drone_home1.gps_publisher]: Updated
[gps_publisher-4] [INFO] [1743095771.151335243] [drone_home1.gps_publisher]: none
[gps_publisher-4] [INFO] [1743095771.153306157] [drone_home1.gps_publisher]: Updated
[gps_publisher-4] [INFO] [1743095771.201575116] [drone_home1.gps_publisher]: none
[gps_publisher-4] [INFO] [1743095771.203844125] [drone_home1.gps_publisher]: Updated
[gps_publisher-4] [INFO] [1743095771.251403992] [drone_home1.gps_publisher]: none
[gps_publisher-4] [INFO] [1743095771.255607593] [drone_home1.gps_publisher]: Updated
[gps_publisher-4] [INFO] [1743095771.301652538] [drone_home1.gps_publisher]: none
[gps_publisher-4] [INFO] [1743095771.303811141] [drone_home1.gps_publisher]: Updated
[gps_publisher-4] [INFO] [1743095771.351323934] [drone_home1.gps_publisher]: none
[gps_publisher-4] [INFO] [1743095771.353532908] [drone_home1.gps_publisher]: Updated
[gps_publisher-4] [INFO] [1743095771.401306611] [drone_home1.gps_publisher]: none
[gps_publisher-4] [INFO] [1743095771.403530145] [drone_home1.gps_publisher]: Updated
[gps_publisher-4] [INFO] [1743095771.451633720] [drone_home1.gps_publisher]: none
[gps_publisher-4] [INFO] [1743095771.454293692] [drone_home1.gps_publisher]: Updated
[gps_publisher-4] [INFO] [1743095771.501344543] [drone_home1.gps_publisher]: none
[gps_publisher-4] [INFO] [1743095771.503647185] [drone_home1.gps_publisher]: Updated
[gps_publisher-4] [INFO] [1743095771.551366037] [drone_home1.gps_publisher]: none
[gps_publisher-4] [INFO] [1743095771.554135870] [drone_home1.gps_publisher]: Updated
[gps_publisher-4] [INFO] [1743095771.601367402] [drone_home1.gps_publisher]: none
[gps_publisher-4] [INFO] [1743095771.603391406] [drone_home1.gps_publisher]: Updated
[gps_publisher-4] [INFO] [1743095771.651429378] [drone_home1.gps_publisher]: none
[gps_publisher-4] [INFO] [1743095771.653903453] [drone_home1.gps_publisher]: Updated
[gps_publisher-4] [INFO] [1743095771.701506843] [drone_home1.gps_publisher]: none
[gps_publisher-4] [INFO] [1743095771.703933267] [drone_home1.gps_publisher]: Updated
[gps_publisher-4] [INFO] [1743095771.751438860] [drone_home1.gps_publisher]: none
[gps_publisher-4] [INFO] [1743095771.753420815] [drone_home1.gps_publisher]: Updated
[gps_publisher-4] [INFO] [1743095771.801469507] [drone_home1.gps_publisher]: none
[gps_publisher-4] [INFO] [1743095771.803902780] [drone_home1.gps_publisher]: Updated
[gps_publisher-4] [INFO] [1743095771.851731429] [drone_home1.gps_publisher]: none
[gps_publisher-4] [INFO] [1743095771.854167198] [drone_home1.gps_publisher]: Updated
[gps_publisher-4] [INFO] [1743095771.901344455] [drone_home1.gps_publisher]: none
[gps_publisher-4] [INFO] [1743095771.903807073] [drone_home1.gps_publisher]: Updated
[gps_publisher-4] [INFO] [1743095771.951521701] [drone_home1.gps_publisher]: none
[gps_publisher-4] [INFO] [1743095771.953483462] [drone_home1.gps_publisher]: Updated
[gps_publisher-4] [INFO] [1743095772.001401172] [drone_home1.gps_publisher]: none
[gps_publisher-4] [INFO] [1743095772.003439608] [drone_home1.gps_publisher]: Updated
[gps_publisher-4] [INFO] [1743095772.051412266] [drone_home1.gps_publisher]: none
[gps_publisher-4] [INFO] [1743095772.053362024] [drone_home1.gps_publisher]: Updated
[gps_publisher-4] [INFO] [1743095772.101691980] [drone_home1.gps_publisher]: none
[gps_publisher-4] [INFO] [1743095772.103688589] [drone_home1.gps_publisher]: Updated
[gps_publisher-4] [INFO] [1743095772.151376145] [drone_home1.gps_publisher]: none
[gps_publisher-4] [INFO] [1743095772.153390803] [drone_home1.gps_publisher]: Updated
[gps_publisher-4] [INFO] [1743095772.201514764] [drone_home1.gps_publisher]: none
[gps_publisher-4] [INFO] [1743095772.203775802] [drone_home1.gps_publisher]: Updated
[gps_publisher-4] [INFO] [1743095772.251377914] [drone_home1.gps_publisher]: none
[gps_publisher-4] [INFO] [1743095772.253435197] [drone_home1.gps_publisher]: Updated
[gps_publisher-4] [INFO] [1743095772.301528406] [drone_home1.gps_publisher]: none
[gps_publisher-4] [INFO] [1743095772.303522710] [drone_home1.gps_publisher]: Updated
[gps_publisher-4] [INFO] [1743095772.351375523] [drone_home1.gps_publisher]: none
[gps_publisher-4] [INFO] [1743095772.353337666] [drone_home1.gps_publisher]: Updated
[gps_publisher-4] [INFO] [1743095772.401984500] [drone_home1.gps_publisher]: none
[gps_publisher-4] [INFO] [1743095772.406484078] [drone_home1.gps_publisher]: Updated
[gps_publisher-4] [INFO] [1743095772.451984265] [drone_home1.gps_publisher]: none
[gps_publisher-4] [INFO] [1743095772.454610536] [drone_home1.gps_publisher]: Updated
[gps_publisher-4] [INFO] [1743095772.501614699] [drone_home1.gps_publisher]: none
[gps_publisher-4] [INFO] [1743095772.503982430] [drone_home1.gps_publisher]: Updated
[gps_publisher-4] [INFO] [1743095772.551779944] [drone_home1.gps_publisher]: none
[gps_publisher-4] [INFO] [1743095772.554980547] [drone_home1.gps_publisher]: Updated
[gps_publisher-4] [INFO] [1743095772.601435851] [drone_home1.gps_publisher]: none
[gps_publisher-4] [INFO] [1743095772.603460973] [drone_home1.gps_publisher]: Updated
[gps_publisher-4] [INFO] [1743095772.651458817] [drone_home1.gps_publisher]: none
[gps_publisher-4] [INFO] [1743095772.653434625] [drone_home1.gps_publisher]: Updated
[gps_publisher-4] [INFO] [1743095772.701376433] [drone_home1.gps_publisher]: none
[gps_publisher-4] [INFO] [1743095772.704035090] [drone_home1.gps_publisher]: Updated
[gps_publisher-4] [INFO] [1743095772.751544078] [drone_home1.gps_publisher]: none
[gps_publisher-4] [INFO] [1743095772.753840477] [drone_home1.gps_publisher]: Updated
[gps_publisher-4] [INFO] [1743095772.801990680] [drone_home1.gps_publisher]: none
[gps_publisher-4] [INFO] [1743095772.805140816] [drone_home1.gps_publisher]: Updated
[gps_publisher-4] [INFO] [1743095772.851585017] [drone_home1.gps_publisher]: none
[gps_publisher-4] [INFO] [1743095772.853635388] [drone_home1.gps_publisher]: Updated
[gps_publisher-4] [INFO] [1743095772.901472200] [drone_home1.gps_publisher]: none
[gps_publisher-4] [INFO] [1743095772.903633648] [drone_home1.gps_publisher]: Updated
[gps_publisher-4] [INFO] [1743095772.951531807] [drone_home1.gps_publisher]: none
[gps_publisher-4] [INFO] [1743095772.954361448] [drone_home1.gps_publisher]: Updated
[gps_publisher-4] [INFO] [1743095773.001779423] [drone_home1.gps_publisher]: none
[gps_publisher-4] [INFO] [1743095773.004406396] [drone_home1.gps_publisher]: Updated
[gps_publisher-4] [INFO] [1743095773.051775766] [drone_home1.gps_publisher]: none
[gps_publisher-4] [INFO] [1743095773.054058497] [drone_home1.gps_publisher]: Updated
[gps_publisher-4] [INFO] [1743095773.101821965] [drone_home1.gps_publisher]: none
[gps_publisher-4] [INFO] [1743095773.104465066] [drone_home1.gps_publisher]: Updated
[gps_publisher-4] [INFO] [1743095773.151594809] [drone_home1.gps_publisher]: none
[gps_publisher-4] [INFO] [1743095773.153853987] [drone_home1.gps_publisher]: Updated
[gps_publisher-4] [INFO] [1743095773.202067813] [drone_home1.gps_publisher]: none
[gps_publisher-4] [INFO] [1743095773.206311917] [drone_home1.gps_publisher]: Updated
[gps_publisher-4] [INFO] [1743095773.251854704] [drone_home1.gps_publisher]: none
[gps_publisher-4] [INFO] [1743095773.254698358] [drone_home1.gps_publisher]: Updated
[gps_publisher-4] [INFO] [1743095773.302072912] [drone_home1.gps_publisher]: none
[gps_publisher-4] [INFO] [1743095773.305286984] [drone_home1.gps_publisher]: Updated
[gps_publisher-4] [INFO] [1743095773.352208557] [drone_home1.gps_publisher]: none
[gps_publisher-4] [INFO] [1743095773.355518793] [drone_home1.gps_publisher]: Updated
[gps_publisher-4] [INFO] [1743095773.401734476] [drone_home1.gps_publisher]: none
[gps_publisher-4] [INFO] [1743095773.404650325] [drone_home1.gps_publisher]: Updated
[gps_publisher-4] [INFO] [1743095773.452124884] [drone_home1.gps_publisher]: none
[gps_publisher-4] [INFO] [1743095773.456306425] [drone_home1.gps_publisher]: Updated
[gps_publisher-4] [INFO] [1743095773.502110025] [drone_home1.gps_publisher]: none
[gps_publisher-4] [INFO] [1743095773.505439110] [drone_home1.gps_publisher]: Updated
[gps_publisher-4] [INFO] [1743095773.551709804] [drone_home1.gps_publisher]: none
[gps_publisher-4] [INFO] [1743095773.554822559] [drone_home1.gps_publisher]: Updated
[gps_publisher-4] [INFO] [1743095773.601727907] [drone_home1.gps_publisher]: none
[gps_publisher-4] [INFO] [1743095773.605058432] [drone_home1.gps_publisher]: Updated
[gps_publisher-4] [INFO] [1743095773.652174190] [drone_home1.gps_publisher]: none
[gps_publisher-4] [INFO] [1743095773.655062678] [drone_home1.gps_publisher]: Updated
[gps_publisher-4] [INFO] [1743095773.701840020] [drone_home1.gps_publisher]: none
[gps_publisher-4] [INFO] [1743095773.704494929] [drone_home1.gps_publisher]: Updated
[gps_publisher-4] [INFO] [1743095773.751818120] [drone_home1.gps_publisher]: none
[gps_publisher-4] [INFO] [1743095773.755690431] [drone_home1.gps_publisher]: Updated
[gps_publisher-4] [INFO] [1743095773.801844703] [drone_home1.gps_publisher]: none
[gps_publisher-4] [INFO] [1743095773.804462651] [drone_home1.gps_publisher]: Updated
[gps_publisher-4] [INFO] [1743095773.851355966] [drone_home1.gps_publisher]: none
[gps_publisher-4] [INFO] [1743095773.853571687] [drone_home1.gps_publisher]: Updated
[gps_publisher-4] [INFO] [1743095773.901913582] [drone_home1.gps_publisher]: none
[gps_publisher-4] [INFO] [1743095773.904857881] [drone_home1.gps_publisher]: Updated
[gps_publisher-4] [INFO] [1743095773.951949510] [drone_home1.gps_publisher]: none
[gps_publisher-4] [INFO] [1743095773.954728681] [drone_home1.gps_publisher]: Updated
[gps_publisher-4] [INFO] [1743095774.001686703] [drone_home1.gps_publisher]: none
[gps_publisher-4] [INFO] [1743095774.004734524] [drone_home1.gps_publisher]: Updated
[gps_publisher-4] [INFO] [1743095774.051561443] [drone_home1.gps_publisher]: none
[gps_publisher-4] [INFO] [1743095774.054498698] [drone_home1.gps_publisher]: Updated
[gps_publisher-4] [INFO] [1743095774.101420374] [drone_home1.gps_publisher]: none
[gps_publisher-4] [INFO] [1743095774.104396958] [drone_home1.gps_publisher]: Updated
[gps_publisher-4] [INFO] [1743095774.151347980] [drone_home1.gps_publisher]: none
[gps_publisher-4] [INFO] [1743095774.153194560] [drone_home1.gps_publisher]: Updated
[gps_publisher-4] [INFO] [1743095774.201316931] [drone_home1.gps_publisher]: none
[gps_publisher-4] [INFO] [1743095774.203190009] [drone_home1.gps_publisher]: Updated
[gps_publisher-4] [INFO] [1743095774.251339037] [drone_home1.gps_publisher]: none
[gps_publisher-4] [INFO] [1743095774.253137424] [drone_home1.gps_publisher]: Updated
[gps_publisher-4] [INFO] [1743095774.301313077] [drone_home1.gps_publisher]: none
[gps_publisher-4] [INFO] [1743095774.303189995] [drone_home1.gps_publisher]: Updated
[gps_publisher-4] [INFO] [1743095774.351315086] [drone_home1.gps_publisher]: none
[gps_publisher-4] [INFO] [1743095774.353128098] [drone_home1.gps_publisher]: Updated
[gps_publisher-4] [INFO] [1743095774.401295591] [drone_home1.gps_publisher]: none
[gps_publisher-4] [INFO] [1743095774.403110970] [drone_home1.gps_publisher]: Updated
[gps_publisher-4] [INFO] [1743095774.451375555] [drone_home1.gps_publisher]: none
[gps_publisher-4] [INFO] [1743095774.453193047] [drone_home1.gps_publisher]: Updated
[gps_publisher-4] [INFO] [1743095774.501325050] [drone_home1.gps_publisher]: none
[gps_publisher-4] [INFO] [1743095774.503558177] [drone_home1.gps_publisher]: Updated
[gps_publisher-4] [INFO] [1743095774.551664931] [drone_home1.gps_publisher]: none
[gps_publisher-4] [INFO] [1743095774.553589499] [drone_home1.gps_publisher]: Updated
[gps_publisher-4] [INFO] [1743095774.601461811] [drone_home1.gps_publisher]: none
[gps_publisher-4] [INFO] [1743095774.603375243] [drone_home1.gps_publisher]: Updated
[gps_publisher-4] [INFO] [1743095774.651385704] [drone_home1.gps_publisher]: none
[gps_publisher-4] [INFO] [1743095774.653325089] [drone_home1.gps_publisher]: Updated
[gps_publisher-4] [INFO] [1743095774.701462757] [drone_home1.gps_publisher]: none
[gps_publisher-4] [INFO] [1743095774.703346747] [drone_home1.gps_publisher]: Updated
[gps_publisher-4] [INFO] [1743095774.751673960] [drone_home1.gps_publisher]: none
[gps_publisher-4] [INFO] [1743095774.753542814] [drone_home1.gps_publisher]: Updated
[gps_publisher-4] [INFO] [1743095774.801354866] [drone_home1.gps_publisher]: none
[gps_publisher-4] [INFO] [1743095774.803359086] [drone_home1.gps_publisher]: Updated
[gps_publisher-4] [INFO] [1743095774.851378316] [drone_home1.gps_publisher]: none
[gps_publisher-4] [INFO] [1743095774.853921921] [drone_home1.gps_publisher]: Updated
[gps_publisher-4] [INFO] [1743095774.901320771] [drone_home1.gps_publisher]: none
[gps_publisher-4] [INFO] [1743095774.903192889] [drone_home1.gps_publisher]: Updated
[gps_publisher-4] [INFO] [1743095774.951863541] [drone_home1.gps_publisher]: none
[gps_publisher-4] [INFO] [1743095774.954016312] [drone_home1.gps_publisher]: Updated
[gps_publisher-4] [INFO] [1743095775.001334326] [drone_home1.gps_publisher]: none
[gps_publisher-4] [INFO] [1743095775.003542938] [drone_home1.gps_publisher]: Updated
[gps_publisher-4] [INFO] [1743095775.051333877] [drone_home1.gps_publisher]: none
[gps_publisher-4] [INFO] [1743095775.053293997] [drone_home1.gps_publisher]: Updated
[gps_publisher-4] [INFO] [1743095775.101313715] [drone_home1.gps_publisher]: none
[gps_publisher-4] [INFO] [1743095775.103548631] [drone_home1.gps_publisher]: Updated
[gps_publisher-4] [INFO] [1743095775.151334290] [drone_home1.gps_publisher]: none
[gps_publisher-4] [INFO] [1743095775.153286697] [drone_home1.gps_publisher]: Updated
[gps_publisher-4] [INFO] [1743095775.201411060] [drone_home1.gps_publisher]: none
[gps_publisher-4] [INFO] [1743095775.203578229] [drone_home1.gps_publisher]: Updated
[gps_publisher-4] [INFO] [1743095775.251346703] [drone_home1.gps_publisher]: none
[gps_publisher-4] [INFO] [1743095775.253226019] [drone_home1.gps_publisher]: Updated
[gps_publisher-4] [INFO] [1743095775.301310540] [drone_home1.gps_publisher]: none
[gps_publisher-4] [INFO] [1743095775.303224417] [drone_home1.gps_publisher]: Updated
[gps_publisher-4] [INFO] [1743095775.351442128] [drone_home1.gps_publisher]: none
[gps_publisher-4] [INFO] [1743095775.353465035] [drone_home1.gps_publisher]: Updated
[gps_publisher-4] [INFO] [1743095775.401423117] [drone_home1.gps_publisher]: none
[gps_publisher-4] [INFO] [1743095775.403261728] [drone_home1.gps_publisher]: Updated
[gps_publisher-4] [INFO] [1743095775.451500783] [drone_home1.gps_publisher]: none
[gps_publisher-4] [INFO] [1743095775.453434406] [drone_home1.gps_publisher]: Updated
[gps_publisher-4] [INFO] [1743095775.501412362] [drone_home1.gps_publisher]: none
[gps_publisher-4] [INFO] [1743095775.504327628] [drone_home1.gps_publisher]: Updated
[gps_publisher-4] [INFO] [1743095775.551389831] [drone_home1.gps_publisher]: none
[gps_publisher-4] [INFO] [1743095775.553533319] [drone_home1.gps_publisher]: Updated
[gps_publisher-4] [INFO] [1743095775.601310818] [drone_home1.gps_publisher]: none
[gps_publisher-4] [INFO] [1743095775.603223479] [drone_home1.gps_publisher]: Updated
[gps_publisher-4] [INFO] [1743095775.651328417] [drone_home1.gps_publisher]: none
[gps_publisher-4] [INFO] [1743095775.653172947] [drone_home1.gps_publisher]: Updated
[gps_publisher-4] [INFO] [1743095775.701332767] [drone_home1.gps_publisher]: none
[gps_publisher-4] [INFO] [1743095775.703437726] [drone_home1.gps_publisher]: Updated
[gps_publisher-4] [INFO] [1743095775.751372640] [drone_home1.gps_publisher]: none
[gps_publisher-4] [INFO] [1743095775.753299030] [drone_home1.gps_publisher]: Updated
[gps_publisher-4] [INFO] [1743095775.801301979] [drone_home1.gps_publisher]: none
[gps_publisher-4] [INFO] [1743095775.803132077] [drone_home1.gps_publisher]: Updated
[gps_publisher-4] [INFO] [1743095775.852117694] [drone_home1.gps_publisher]: none
[gps_publisher-4] [INFO] [1743095775.853961968] [drone_home1.gps_publisher]: Updated
[gps_publisher-4] [INFO] [1743095775.901326104] [drone_home1.gps_publisher]: none
[gps_publisher-4] [INFO] [1743095775.903210061] [drone_home1.gps_publisher]: Updated
[gps_publisher-4] [INFO] [1743095775.951336823] [drone_home1.gps_publisher]: none
[gps_publisher-4] [INFO] [1743095775.953206059] [drone_home1.gps_publisher]: Updated
[gps_publisher-4] [INFO] [1743095776.001319093] [drone_home1.gps_publisher]: none
[gps_publisher-4] [INFO] [1743095776.003159846] [drone_home1.gps_publisher]: Updated
[gps_publisher-4] [INFO] [1743095776.051324828] [drone_home1.gps_publisher]: none
[gps_publisher-4] [INFO] [1743095776.053176428] [drone_home1.gps_publisher]: Updated
[gps_publisher-4] [INFO] [1743095776.101827447] [drone_home1.gps_publisher]: none
[gps_publisher-4] [INFO] [1743095776.103755147] [drone_home1.gps_publisher]: Updated
[gps_publisher-4] [INFO] [1743095776.151490094] [drone_home1.gps_publisher]: none
[gps_publisher-4] [INFO] [1743095776.153411713] [drone_home1.gps_publisher]: Updated
[gps_publisher-4] [INFO] [1743095776.201458482] [drone_home1.gps_publisher]: none
[gps_publisher-4] [INFO] [1743095776.203289986] [drone_home1.gps_publisher]: Updated
[gps_publisher-4] [INFO] [1743095776.251368403] [drone_home1.gps_publisher]: none
[gps_publisher-4] [INFO] [1743095776.253534258] [drone_home1.gps_publisher]: Updated
[gps_publisher-4] [INFO] [1743095776.301369689] [drone_home1.gps_publisher]: none
[gps_publisher-4] [INFO] [1743095776.303189128] [drone_home1.gps_publisher]: Updated
[gps_publisher-4] [INFO] [1743095776.351368606] [drone_home1.gps_publisher]: none
[gps_publisher-4] [INFO] [1743095776.353744838] [drone_home1.gps_publisher]: Updated
[gps_publisher-4] [INFO] [1743095776.401383044] [drone_home1.gps_publisher]: none
[gps_publisher-4] [INFO] [1743095776.403407484] [drone_home1.gps_publisher]: Updated
[gps_publisher-4] [INFO] [1743095776.451460749] [drone_home1.gps_publisher]: none
[gps_publisher-4] [INFO] [1743095776.453919960] [drone_home1.gps_publisher]: Updated
[gps_publisher-4] [INFO] [1743095776.501402960] [drone_home1.gps_publisher]: none
[gps_publisher-4] [INFO] [1743095776.503991552] [drone_home1.gps_publisher]: Updated
[gps_publisher-4] [INFO] [1743095776.551381332] [drone_home1.gps_publisher]: none
[gps_publisher-4] [INFO] [1743095776.553217348] [drone_home1.gps_publisher]: Updated
[gps_publisher-4] [INFO] [1743095776.601480958] [drone_home1.gps_publisher]: none
[gps_publisher-4] [INFO] [1743095776.603651292] [drone_home1.gps_publisher]: Updated
[gps_publisher-4] [INFO] [1743095776.651429345] [drone_home1.gps_publisher]: none
[gps_publisher-4] [INFO] [1743095776.653257585] [drone_home1.gps_publisher]: Updated
[gps_publisher-4] [INFO] [1743095776.701352035] [drone_home1.gps_publisher]: none
[gps_publisher-4] [INFO] [1743095776.703244950] [drone_home1.gps_publisher]: Updated
[gps_publisher-4] [INFO] [1743095776.751267557] [drone_home1.gps_publisher]: none
[gps_publisher-4] [INFO] [1743095776.753265660] [drone_home1.gps_publisher]: Updated
[gps_publisher-4] [INFO] [1743095776.801346189] [drone_home1.gps_publisher]: none
[gps_publisher-4] [INFO] [1743095776.803662707] [drone_home1.gps_publisher]: Updated
[gps_publisher-4] [INFO] [1743095776.851965166] [drone_home1.gps_publisher]: none
[gps_publisher-4] [INFO] [1743095776.854590976] [drone_home1.gps_publisher]: Updated
[gps_publisher-4] [INFO] [1743095776.901450941] [drone_home1.gps_publisher]: none
[gps_publisher-4] [INFO] [1743095776.903519255] [drone_home1.gps_publisher]: Updated
[gps_publisher-4] [INFO] [1743095776.951894998] [drone_home1.gps_publisher]: none
[gps_publisher-4] [INFO] [1743095776.953958384] [drone_home1.gps_publisher]: Updated
[gps_publisher-4] [INFO] [1743095777.001392357] [drone_home1.gps_publisher]: none
[gps_publisher-4] [INFO] [1743095777.003270070] [drone_home1.gps_publisher]: Updated
[gps_publisher-4] [INFO] [1743095777.051376020] [drone_home1.gps_publisher]: none
[gps_publisher-4] [INFO] [1743095777.053146815] [drone_home1.gps_publisher]: Updated
[gps_publisher-4] [INFO] [1743095777.101522504] [drone_home1.gps_publisher]: none
[gps_publisher-4] [INFO] [1743095777.103722918] [drone_home1.gps_publisher]: Updated
[gps_publisher-4] [INFO] [1743095777.151358063] [drone_home1.gps_publisher]: none
[gps_publisher-4] [INFO] [1743095777.153924509] [drone_home1.gps_publisher]: Updated
[gps_publisher-4] [INFO] [1743095777.201302939] [drone_home1.gps_publisher]: none
[gps_publisher-4] [INFO] [1743095777.203424245] [drone_home1.gps_publisher]: Updated
[gps_publisher-4] [INFO] [1743095777.251368140] [drone_home1.gps_publisher]: none
[gps_publisher-4] [INFO] [1743095777.253231100] [drone_home1.gps_publisher]: Updated
[gps_publisher-4] [INFO] [1743095777.301294487] [drone_home1.gps_publisher]: none
[gps_publisher-4] [INFO] [1743095777.303969289] [drone_home1.gps_publisher]: Updated
[gps_publisher-4] [INFO] [1743095777.351343432] [drone_home1.gps_publisher]: none
[gps_publisher-4] [INFO] [1743095777.353455458] [drone_home1.gps_publisher]: Updated
[gps_publisher-4] [INFO] [1743095777.401454235] [drone_home1.gps_publisher]: none
[gps_publisher-4] [INFO] [1743095777.403718683] [drone_home1.gps_publisher]: Updated
[gps_publisher-4] [INFO] [1743095777.451348964] [drone_home1.gps_publisher]: none
[gps_publisher-4] [INFO] [1743095777.453159121] [drone_home1.gps_publisher]: Updated
[gps_publisher-4] [INFO] [1743095777.501638911] [drone_home1.gps_publisher]: none
[gps_publisher-4] [INFO] [1743095777.504061830] [drone_home1.gps_publisher]: Updated
[gps_publisher-4] [INFO] [1743095777.551354497] [drone_home1.gps_publisher]: none
[gps_publisher-4] [INFO] [1743095777.553296340] [drone_home1.gps_publisher]: Updated
[gps_publisher-4] [INFO] [1743095777.601422066] [drone_home1.gps_publisher]: none
[gps_publisher-4] [INFO] [1743095777.603266049] [drone_home1.gps_publisher]: Updated
[gps_publisher-4] [INFO] [1743095777.651365022] [drone_home1.gps_publisher]: none
[gps_publisher-4] [INFO] [1743095777.653684577] [drone_home1.gps_publisher]: Updated
[gps_publisher-4] [INFO] [1743095777.701348652] [drone_home1.gps_publisher]: none
[gps_publisher-4] [INFO] [1743095777.703334080] [drone_home1.gps_publisher]: Updated
[gps_publisher-4] [INFO] [1743095777.751316537] [drone_home1.gps_publisher]: none
[gps_publisher-4] [INFO] [1743095777.753178920] [drone_home1.gps_publisher]: Updated
[gps_publisher-4] [INFO] [1743095777.802189612] [drone_home1.gps_publisher]: none
[gps_publisher-4] [INFO] [1743095777.804758297] [drone_home1.gps_publisher]: Updated
[gps_publisher-4] [INFO] [1743095777.852431748] [drone_home1.gps_publisher]: none
[gps_publisher-4] [INFO] [1743095777.855775571] [drone_home1.gps_publisher]: Updated
[gps_publisher-4] [INFO] [1743095777.902067715] [drone_home1.gps_publisher]: none
[gps_publisher-4] [INFO] [1743095777.905610106] [drone_home1.gps_publisher]: Updated
[gps_publisher-4] [INFO] [1743095777.952115283] [drone_home1.gps_publisher]: none
[gps_publisher-4] [INFO] [1743095777.955450689] [drone_home1.gps_publisher]: Updated
[gps_publisher-4] [INFO] [1743095778.002080928] [drone_home1.gps_publisher]: none
[gps_publisher-4] [INFO] [1743095778.005180737] [drone_home1.gps_publisher]: Updated
[gps_publisher-4] [INFO] [1743095778.051299673] [drone_home1.gps_publisher]: none
[gps_publisher-4] [INFO] [1743095778.053910469] [drone_home1.gps_publisher]: Updated
[gps_publisher-4] [INFO] [1743095778.101302290] [drone_home1.gps_publisher]: none
[gps_publisher-4] [INFO] [1743095778.103276900] [drone_home1.gps_publisher]: Updated
[gps_publisher-4] [INFO] [1743095778.151544277] [drone_home1.gps_publisher]: none
[gps_publisher-4] [INFO] [1743095778.153823955] [drone_home1.gps_publisher]: Updated
[gps_publisher-4] [INFO] [1743095778.201333221] [drone_home1.gps_publisher]: none
[gps_publisher-4] [INFO] [1743095778.203844781] [drone_home1.gps_publisher]: Updated
[gps_publisher-4] [INFO] [1743095778.251391232] [drone_home1.gps_publisher]: none
[gps_publisher-4] [INFO] [1743095778.253217612] [drone_home1.gps_publisher]: Updated
[gps_publisher-4] [INFO] [1743095778.301295157] [drone_home1.gps_publisher]: none
[gps_publisher-4] [INFO] [1743095778.303090943] [drone_home1.gps_publisher]: Updated
[gps_publisher-4] [INFO] [1743095778.351315726] [drone_home1.gps_publisher]: none
[gps_publisher-4] [INFO] [1743095778.353111321] [drone_home1.gps_publisher]: Updated
[gps_publisher-4] [INFO] [1743095778.401322312] [drone_home1.gps_publisher]: none
[gps_publisher-4] [INFO] [1743095778.403124434] [drone_home1.gps_publisher]: Updated
[gps_publisher-4] [INFO] [1743095778.451599916] [drone_home1.gps_publisher]: none
[gps_publisher-4] [INFO] [1743095778.453471225] [drone_home1.gps_publisher]: Updated
[gps_publisher-4] [INFO] [1743095778.501372155] [drone_home1.gps_publisher]: none
[gps_publisher-4] [INFO] [1743095778.503367950] [drone_home1.gps_publisher]: Updated
[gps_publisher-4] [INFO] [1743095778.551332786] [drone_home1.gps_publisher]: none
[gps_publisher-4] [INFO] [1743095778.553268963] [drone_home1.gps_publisher]: Updated
[gps_publisher-4] [INFO] [1743095778.601310986] [drone_home1.gps_publisher]: none
[gps_publisher-4] [INFO] [1743095778.603264571] [drone_home1.gps_publisher]: Updated
[gps_publisher-4] [INFO] [1743095778.651831193] [drone_home1.gps_publisher]: none
[gps_publisher-4] [INFO] [1743095778.654675119] [drone_home1.gps_publisher]: Updated
[gps_publisher-4] [INFO] [1743095778.701340285] [drone_home1.gps_publisher]: none
[gps_publisher-4] [INFO] [1743095778.704001099] [drone_home1.gps_publisher]: Updated
[gps_publisher-4] [INFO] [1743095778.751343926] [drone_home1.gps_publisher]: none
[gps_publisher-4] [INFO] [1743095778.753153217] [drone_home1.gps_publisher]: Updated
[gps_publisher-4] [INFO] [1743095778.801300269] [drone_home1.gps_publisher]: none
[gps_publisher-4] [INFO] [1743095778.803164186] [drone_home1.gps_publisher]: Updated
[gps_publisher-4] [INFO] [1743095778.851378985] [drone_home1.gps_publisher]: none
[gps_publisher-4] [INFO] [1743095778.853224086] [drone_home1.gps_publisher]: Updated
[gps_publisher-4] [INFO] [1743095778.901382370] [drone_home1.gps_publisher]: none
[gps_publisher-4] [INFO] [1743095778.903296753] [drone_home1.gps_publisher]: Updated
[gps_publisher-4] [INFO] [1743095778.951608068] [drone_home1.gps_publisher]: none
[gps_publisher-4] [INFO] [1743095778.953887043] [drone_home1.gps_publisher]: Updated
[gps_publisher-4] [INFO] [1743095779.001405493] [drone_home1.gps_publisher]: none
[gps_publisher-4] [INFO] [1743095779.003487146] [drone_home1.gps_publisher]: Updated
[gps_publisher-4] [INFO] [1743095779.051603587] [drone_home1.gps_publisher]: none
[gps_publisher-4] [INFO] [1743095779.053717304] [drone_home1.gps_publisher]: Updated
[gps_publisher-4] [INFO] [1743095779.101342813] [drone_home1.gps_publisher]: none
[gps_publisher-4] [INFO] [1743095779.103270315] [drone_home1.gps_publisher]: Updated
[gps_publisher-4] [INFO] [1743095779.151374147] [drone_home1.gps_publisher]: none
[gps_publisher-4] [INFO] [1743095779.153311730] [drone_home1.gps_publisher]: Updated
[gps_publisher-4] [INFO] [1743095779.201331079] [drone_home1.gps_publisher]: none
[gps_publisher-4] [INFO] [1743095779.203418299] [drone_home1.gps_publisher]: Updated
[gps_publisher-4] [INFO] [1743095779.251374670] [drone_home1.gps_publisher]: none
[gps_publisher-4] [INFO] [1743095779.253436321] [drone_home1.gps_publisher]: Updated
[gps_publisher-4] [INFO] [1743095779.301355634] [drone_home1.gps_publisher]: none
[gps_publisher-4] [INFO] [1743095779.303223613] [drone_home1.gps_publisher]: Updated
[gps_publisher-4] [INFO] [1743095779.351638786] [drone_home1.gps_publisher]: none
[gps_publisher-4] [INFO] [1743095779.353664404] [drone_home1.gps_publisher]: Updated
[gps_publisher-4] [INFO] [1743095779.401287737] [drone_home1.gps_publisher]: none
[gps_publisher-4] [INFO] [1743095779.403100066] [drone_home1.gps_publisher]: Updated
[gps_publisher-4] [INFO] [1743095779.472766434] [drone_home1.gps_publisher]: none
[gps_publisher-4] [INFO] [1743095779.474927770] [drone_home1.gps_publisher]: Updated
[gps_publisher-4] [INFO] [1743095779.501577039] [drone_home1.gps_publisher]: none
[gps_publisher-4] [INFO] [1743095779.504125750] [drone_home1.gps_publisher]: Updated
[gps_publisher-4] [INFO] [1743095779.551368076] [drone_home1.gps_publisher]: none
[gps_publisher-4] [INFO] [1743095779.553945876] [drone_home1.gps_publisher]: Updated
[gps_publisher-4] [INFO] [1743095779.601452308] [drone_home1.gps_publisher]: none
[gps_publisher-4] [INFO] [1743095779.603687502] [drone_home1.gps_publisher]: Updated
[gps_publisher-4] [INFO] [1743095779.651387446] [drone_home1.gps_publisher]: none
[gps_publisher-4] [INFO] [1743095779.653338533] [drone_home1.gps_publisher]: Updated
[gps_publisher-4] [INFO] [1743095779.701466911] [drone_home1.gps_publisher]: none
[gps_publisher-4] [INFO] [1743095779.703400269] [drone_home1.gps_publisher]: Updated
[gps_publisher-4] [INFO] [1743095779.751511142] [drone_home1.gps_publisher]: none
[gps_publisher-4] [INFO] [1743095779.753428787] [drone_home1.gps_publisher]: Updated
[gps_publisher-4] [INFO] [1743095779.802634424] [drone_home1.gps_publisher]: none
[gps_publisher-4] [INFO] [1743095779.804467554] [drone_home1.gps_publisher]: Updated
[gps_publisher-4] [INFO] [1743095779.851380106] [drone_home1.gps_publisher]: none
[gps_publisher-4] [INFO] [1743095779.853195444] [drone_home1.gps_publisher]: Updated
[gps_publisher-4] [INFO] [1743095779.901664763] [drone_home1.gps_publisher]: none
[gps_publisher-4] [INFO] [1743095779.903528614] [drone_home1.gps_publisher]: Updated
[gps_publisher-4] [INFO] [1743095779.951326674] [drone_home1.gps_publisher]: none
[gps_publisher-4] [INFO] [1743095779.953118587] [drone_home1.gps_publisher]: Updated
[gps_publisher-4] [INFO] [1743095780.001427835] [drone_home1.gps_publisher]: none
[gps_publisher-4] [INFO] [1743095780.003252900] [drone_home1.gps_publisher]: Updated
[gps_publisher-4] [INFO] [1743095780.051366573] [drone_home1.gps_publisher]: none
[gps_publisher-4] [INFO] [1743095780.053291961] [drone_home1.gps_publisher]: Updated
[gps_publisher-4] [INFO] [1743095780.101389089] [drone_home1.gps_publisher]: none
[gps_publisher-4] [INFO] [1743095780.103408880] [drone_home1.gps_publisher]: Updated
[gps_publisher-4] [INFO] [1743095780.151355762] [drone_home1.gps_publisher]: none
[gps_publisher-4] [INFO] [1743095780.153236732] [drone_home1.gps_publisher]: Updated
[gps_publisher-4] [INFO] [1743095780.201341541] [drone_home1.gps_publisher]: none
[gps_publisher-4] [INFO] [1743095780.203290993] [drone_home1.gps_publisher]: Updated
[gps_publisher-4] [INFO] [1743095780.251352760] [drone_home1.gps_publisher]: none
[gps_publisher-4] [INFO] [1743095780.253146687] [drone_home1.gps_publisher]: Updated
[gps_publisher-4] [INFO] [1743095780.301861087] [drone_home1.gps_publisher]: none
[gps_publisher-4] [INFO] [1743095780.303693575] [drone_home1.gps_publisher]: Updated
[gps_publisher-4] [INFO] [1743095780.351632969] [drone_home1.gps_publisher]: none
[gps_publisher-4] [INFO] [1743095780.353828991] [drone_home1.gps_publisher]: Updated
[gps_publisher-4] [INFO] [1743095780.401349584] [drone_home1.gps_publisher]: none
[gps_publisher-4] [INFO] [1743095780.403227707] [drone_home1.gps_publisher]: Updated
[gps_publisher-4] [INFO] [1743095780.451355300] [drone_home1.gps_publisher]: none
[gps_publisher-4] [INFO] [1743095780.453364403] [drone_home1.gps_publisher]: Updated
[gps_publisher-4] [INFO] [1743095780.501291124] [drone_home1.gps_publisher]: none
[gps_publisher-4] [INFO] [1743095780.503076314] [drone_home1.gps_publisher]: Updated
[gps_publisher-4] [INFO] [1743095780.551467886] [drone_home1.gps_publisher]: none
[gps_publisher-4] [INFO] [1743095780.554202682] [drone_home1.gps_publisher]: Updated
[gps_publisher-4] [INFO] [1743095780.601271321] [drone_home1.gps_publisher]: none
[gps_publisher-4] [INFO] [1743095780.603396909] [drone_home1.gps_publisher]: Updated
[gps_publisher-4] [INFO] [1743095780.651314702] [drone_home1.gps_publisher]: none
[gps_publisher-4] [INFO] [1743095780.653129013] [drone_home1.gps_publisher]: Updated
[gps_publisher-4] [INFO] [1743095780.701938521] [drone_home1.gps_publisher]: none
[gps_publisher-4] [INFO] [1743095780.704987441] [drone_home1.gps_publisher]: Updated
[gps_publisher-4] [INFO] [1743095780.751393174] [drone_home1.gps_publisher]: none
[gps_publisher-4] [INFO] [1743095780.753593005] [drone_home1.gps_publisher]: Updated
[gps_publisher-4] [INFO] [1743095780.801337767] [drone_home1.gps_publisher]: none
[gps_publisher-4] [INFO] [1743095780.803488348] [drone_home1.gps_publisher]: Updated
[gps_publisher-4] [INFO] [1743095780.851342554] [drone_home1.gps_publisher]: none
[gps_publisher-4] [INFO] [1743095780.853870494] [drone_home1.gps_publisher]: Updated
[gps_publisher-4] [INFO] [1743095780.901508308] [drone_home1.gps_publisher]: none
[gps_publisher-4] [INFO] [1743095780.903463361] [drone_home1.gps_publisher]: Updated
[gps_publisher-4] [INFO] [1743095780.951387266] [drone_home1.gps_publisher]: none
[gps_publisher-4] [INFO] [1743095780.953432979] [drone_home1.gps_publisher]: Updated
[gps_publisher-4] [INFO] [1743095781.001376212] [drone_home1.gps_publisher]: none
[gps_publisher-4] [INFO] [1743095781.003342561] [drone_home1.gps_publisher]: Updated
[gps_publisher-4] [INFO] [1743095781.051569887] [drone_home1.gps_publisher]: none
[gps_publisher-4] [INFO] [1743095781.054201380] [drone_home1.gps_publisher]: Updated
[gps_publisher-4] [INFO] [1743095781.101324472] [drone_home1.gps_publisher]: none
[gps_publisher-4] [INFO] [1743095781.103467178] [drone_home1.gps_publisher]: Updated
[gps_publisher-4] [INFO] [1743095781.151493409] [drone_home1.gps_publisher]: none
[gps_publisher-4] [INFO] [1743095781.155375798] [drone_home1.gps_publisher]: Updated
[gps_publisher-4] [INFO] [1743095781.201426848] [drone_home1.gps_publisher]: none
[gps_publisher-4] [INFO] [1743095781.203545362] [drone_home1.gps_publisher]: Updated
[gps_publisher-4] [INFO] [1743095781.251315359] [drone_home1.gps_publisher]: none
[gps_publisher-4] [INFO] [1743095781.253130180] [drone_home1.gps_publisher]: Updated
[gps_publisher-4] [INFO] [1743095781.301975130] [drone_home1.gps_publisher]: none
[gps_publisher-4] [INFO] [1743095781.303824865] [drone_home1.gps_publisher]: Updated
[gps_publisher-4] [INFO] [1743095781.351675185] [drone_home1.gps_publisher]: none
[gps_publisher-4] [INFO] [1743095781.353832068] [drone_home1.gps_publisher]: Updated
[gps_publisher-4] [INFO] [1743095781.402539765] [drone_home1.gps_publisher]: none
[gps_publisher-4] [INFO] [1743095781.409607684] [drone_home1.gps_publisher]: Updated
[gps_publisher-4] [INFO] [1743095781.452135431] [drone_home1.gps_publisher]: none
[gps_publisher-4] [INFO] [1743095781.455663695] [drone_home1.gps_publisher]: Updated
[gps_publisher-4] [INFO] [1743095781.501646295] [drone_home1.gps_publisher]: none
[gps_publisher-4] [INFO] [1743095781.503460669] [drone_home1.gps_publisher]: Updated
[gps_publisher-4] [INFO] [1743095781.551581911] [drone_home1.gps_publisher]: none
[gps_publisher-4] [INFO] [1743095781.553795308] [drone_home1.gps_publisher]: Updated
[gps_publisher-4] [INFO] [1743095781.601289646] [drone_home1.gps_publisher]: none
[gps_publisher-4] [INFO] [1743095781.603478178] [drone_home1.gps_publisher]: Updated
[gps_publisher-4] [INFO] [1743095781.651327922] [drone_home1.gps_publisher]: none
[gps_publisher-4] [INFO] [1743095781.653394593] [drone_home1.gps_publisher]: Updated
[gps_publisher-4] [INFO] [1743095781.701331700] [drone_home1.gps_publisher]: none
[gps_publisher-4] [INFO] [1743095781.703114585] [drone_home1.gps_publisher]: Updated
[gps_publisher-4] [INFO] [1743095781.751315894] [drone_home1.gps_publisher]: none
[gps_publisher-4] [INFO] [1743095781.753098202] [drone_home1.gps_publisher]: Updated
[gps_publisher-4] [INFO] [1743095781.801311896] [drone_home1.gps_publisher]: none
[gps_publisher-4] [INFO] [1743095781.803131198] [drone_home1.gps_publisher]: Updated
[gps_publisher-4] [INFO] [1743095781.851365084] [drone_home1.gps_publisher]: none
[gps_publisher-4] [INFO] [1743095781.853267429] [drone_home1.gps_publisher]: Updated
[gps_publisher-4] [INFO] [1743095781.901491844] [drone_home1.gps_publisher]: none
[gps_publisher-4] [INFO] [1743095781.903330410] [drone_home1.gps_publisher]: Updated
[gps_publisher-4] [INFO] [1743095781.951478597] [drone_home1.gps_publisher]: none
[gps_publisher-4] [INFO] [1743095781.953586070] [drone_home1.gps_publisher]: Updated
[gps_publisher-4] [INFO] [1743095782.001610861] [drone_home1.gps_publisher]: none
[gps_publisher-4] [INFO] [1743095782.006264060] [drone_home1.gps_publisher]: Updated
[gps_publisher-4] [INFO] [1743095782.051645026] [drone_home1.gps_publisher]: none
[gps_publisher-4] [INFO] [1743095782.054226211] [drone_home1.gps_publisher]: Updated
[gps_publisher-4] [INFO] [1743095782.101295400] [drone_home1.gps_publisher]: none
[gps_publisher-4] [INFO] [1743095782.103404119] [drone_home1.gps_publisher]: Updated
[gps_publisher-4] [INFO] [1743095782.151592006] [drone_home1.gps_publisher]: none
[gps_publisher-4] [INFO] [1743095782.153693877] [drone_home1.gps_publisher]: Updated
[gps_publisher-4] [INFO] [1743095782.201282894] [drone_home1.gps_publisher]: none
[gps_publisher-4] [INFO] [1743095782.203178837] [drone_home1.gps_publisher]: Updated
[gps_publisher-4] [INFO] [1743095782.251595885] [drone_home1.gps_publisher]: none
[gps_publisher-4] [INFO] [1743095782.253627737] [drone_home1.gps_publisher]: Updated
[gps_publisher-4] [INFO] [1743095782.301324886] [drone_home1.gps_publisher]: none
[gps_publisher-4] [INFO] [1743095782.303489703] [drone_home1.gps_publisher]: Updated
[gps_publisher-4] [INFO] [1743095782.351692471] [drone_home1.gps_publisher]: none
[gps_publisher-4] [INFO] [1743095782.353741636] [drone_home1.gps_publisher]: Updated
[gps_publisher-4] [INFO] [1743095782.401285019] [drone_home1.gps_publisher]: none
[gps_publisher-4] [INFO] [1743095782.404234506] [drone_home1.gps_publisher]: Updated
[gps_publisher-4] [INFO] [1743095782.451644988] [drone_home1.gps_publisher]: none
[gps_publisher-4] [INFO] [1743095782.453623430] [drone_home1.gps_publisher]: Updated
[gps_publisher-4] [INFO] [1743095782.501542347] [drone_home1.gps_publisher]: none
[gps_publisher-4] [INFO] [1743095782.503359056] [drone_home1.gps_publisher]: Updated
[gps_publisher-4] [INFO] [1743095782.551489437] [drone_home1.gps_publisher]: none
[gps_publisher-4] [INFO] [1743095782.553402789] [drone_home1.gps_publisher]: Updated
[gps_publisher-4] [INFO] [1743095782.601499728] [drone_home1.gps_publisher]: none
[gps_publisher-4] [INFO] [1743095782.603674754] [drone_home1.gps_publisher]: Updated
[gps_publisher-4] [INFO] [1743095782.652748722] [drone_home1.gps_publisher]: none
[gps_publisher-4] [INFO] [1743095782.655311315] [drone_home1.gps_publisher]: Updated
[gps_publisher-4] [INFO] [1743095782.701616795] [drone_home1.gps_publisher]: none
[gps_publisher-4] [INFO] [1743095782.703508034] [drone_home1.gps_publisher]: Updated
[gps_publisher-4] [INFO] [1743095782.751462761] [drone_home1.gps_publisher]: none
[gps_publisher-4] [INFO] [1743095782.753305358] [drone_home1.gps_publisher]: Updated
[gps_publisher-4] [INFO] [1743095782.801316759] [drone_home1.gps_publisher]: none
[gps_publisher-4] [INFO] [1743095782.803094265] [drone_home1.gps_publisher]: Updated
[gps_publisher-4] [INFO] [1743095782.851389229] [drone_home1.gps_publisher]: none
[gps_publisher-4] [INFO] [1743095782.853504316] [drone_home1.gps_publisher]: Updated
[gps_publisher-4] [INFO] [1743095782.901609032] [drone_home1.gps_publisher]: none
[gps_publisher-4] [INFO] [1743095782.903407051] [drone_home1.gps_publisher]: Updated
[gps_publisher-4] [INFO] [1743095782.951586874] [drone_home1.gps_publisher]: none
[gps_publisher-4] [INFO] [1743095782.953376702] [drone_home1.gps_publisher]: Updated
[gps_publisher-4] [INFO] [1743095783.001289187] [drone_home1.gps_publisher]: none
[gps_publisher-4] [INFO] [1743095783.003272748] [drone_home1.gps_publisher]: Updated
[gps_publisher-4] [INFO] [1743095783.051406862] [drone_home1.gps_publisher]: none
[gps_publisher-4] [INFO] [1743095783.053374838] [drone_home1.gps_publisher]: Updated
[gps_publisher-4] [INFO] [1743095783.101453237] [drone_home1.gps_publisher]: none
[gps_publisher-4] [INFO] [1743095783.103362587] [drone_home1.gps_publisher]: Updated
[gps_publisher-4] [INFO] [1743095783.151572511] [drone_home1.gps_publisher]: none
[gps_publisher-4] [INFO] [1743095783.153360416] [drone_home1.gps_publisher]: Updated
[gps_publisher-4] [INFO] [1743095783.201290682] [drone_home1.gps_publisher]: none
[gps_publisher-4] [INFO] [1743095783.203147774] [drone_home1.gps_publisher]: Updated
[gps_publisher-4] [INFO] [1743095783.251320097] [drone_home1.gps_publisher]: none
[gps_publisher-4] [INFO] [1743095783.253264712] [drone_home1.gps_publisher]: Updated
[gps_publisher-4] [INFO] [1743095783.301309990] [drone_home1.gps_publisher]: none
[gps_publisher-4] [INFO] [1743095783.303361777] [drone_home1.gps_publisher]: Updated
[gps_publisher-4] [INFO] [1743095783.351337613] [drone_home1.gps_publisher]: none
[gps_publisher-4] [INFO] [1743095783.353585855] [drone_home1.gps_publisher]: Updated
[gps_publisher-4] [INFO] [1743095783.401340467] [drone_home1.gps_publisher]: none
[gps_publisher-4] [INFO] [1743095783.403411327] [drone_home1.gps_publisher]: Updated
[gps_publisher-4] [INFO] [1743095783.451326904] [drone_home1.gps_publisher]: none
[gps_publisher-4] [INFO] [1743095783.453875925] [drone_home1.gps_publisher]: Updated
[gps_publisher-4] [INFO] [1743095783.501918099] [drone_home1.gps_publisher]: none
[gps_publisher-4] [INFO] [1743095783.504399918] [drone_home1.gps_publisher]: Updated
[gps_publisher-4] [INFO] [1743095783.551533963] [drone_home1.gps_publisher]: none
[gps_publisher-4] [INFO] [1743095783.553874433] [drone_home1.gps_publisher]: Updated
[gps_publisher-4] [INFO] [1743095783.601776057] [drone_home1.gps_publisher]: none
[gps_publisher-4] [INFO] [1743095783.604519134] [drone_home1.gps_publisher]: Updated
[gps_publisher-4] [INFO] [1743095783.651638266] [drone_home1.gps_publisher]: none
[gps_publisher-4] [INFO] [1743095783.654145686] [drone_home1.gps_publisher]: Updated
[gps_publisher-4] [INFO] [1743095783.701364214] [drone_home1.gps_publisher]: none
[gps_publisher-4] [INFO] [1743095783.703675690] [drone_home1.gps_publisher]: Updated
[gps_publisher-4] [INFO] [1743095783.751945489] [drone_home1.gps_publisher]: none
[gps_publisher-4] [INFO] [1743095783.754579281] [drone_home1.gps_publisher]: Updated
[gps_publisher-4] [INFO] [1743095783.801353249] [drone_home1.gps_publisher]: none
[gps_publisher-4] [INFO] [1743095783.803443437] [drone_home1.gps_publisher]: Updated
[gps_publisher-4] [INFO] [1743095783.851916603] [drone_home1.gps_publisher]: none
[gps_publisher-4] [INFO] [1743095783.854766595] [drone_home1.gps_publisher]: Updated
[gps_publisher-4] [INFO] [1743095783.901936417] [drone_home1.gps_publisher]: none
[gps_publisher-4] [INFO] [1743095783.905364095] [drone_home1.gps_publisher]: Updated
[gps_publisher-4] [INFO] [1743095783.951333649] [drone_home1.gps_publisher]: none
[gps_publisher-4] [INFO] [1743095783.953095633] [drone_home1.gps_publisher]: Updated
[gps_publisher-4] [INFO] [1743095784.001385112] [drone_home1.gps_publisher]: none
[gps_publisher-4] [INFO] [1743095784.003186938] [drone_home1.gps_publisher]: Updated
[gps_publisher-4] [INFO] [1743095784.052534236] [drone_home1.gps_publisher]: none
[gps_publisher-4] [INFO] [1743095784.055850162] [drone_home1.gps_publisher]: Updated
[gps_publisher-4] [INFO] [1743095784.102043460] [drone_home1.gps_publisher]: none
[gps_publisher-4] [INFO] [1743095784.105941135] [drone_home1.gps_publisher]: Updated
[gps_publisher-4] [INFO] [1743095784.152141249] [drone_home1.gps_publisher]: none
[gps_publisher-4] [INFO] [1743095784.155612765] [drone_home1.gps_publisher]: Updated
[gps_publisher-4] [INFO] [1743095784.202229021] [drone_home1.gps_publisher]: none
[gps_publisher-4] [INFO] [1743095784.206794945] [drone_home1.gps_publisher]: Updated
[gps_publisher-4] [INFO] [1743095784.251381337] [drone_home1.gps_publisher]: none
[gps_publisher-4] [INFO] [1743095784.253368192] [drone_home1.gps_publisher]: Updated
[gps_publisher-4] [INFO] [1743095784.301305520] [drone_home1.gps_publisher]: none
[gps_publisher-4] [INFO] [1743095784.303136977] [drone_home1.gps_publisher]: Updated
[gps_publisher-4] [INFO] [1743095784.351312361] [drone_home1.gps_publisher]: none
[gps_publisher-4] [INFO] [1743095784.353120938] [drone_home1.gps_publisher]: Updated
[gps_publisher-4] [INFO] [1743095784.401432807] [drone_home1.gps_publisher]: none
[gps_publisher-4] [INFO] [1743095784.403338731] [drone_home1.gps_publisher]: Updated
[gps_publisher-4] [INFO] [1743095784.451427168] [drone_home1.gps_publisher]: none
[gps_publisher-4] [INFO] [1743095784.453397543] [drone_home1.gps_publisher]: Updated
[gps_publisher-4] [INFO] [1743095784.501332919] [drone_home1.gps_publisher]: none
[gps_publisher-4] [INFO] [1743095784.503203001] [drone_home1.gps_publisher]: Updated
[gps_publisher-4] [INFO] [1743095784.551311087] [drone_home1.gps_publisher]: none
[gps_publisher-4] [INFO] [1743095784.553119664] [drone_home1.gps_publisher]: Updated
[gps_publisher-4] [INFO] [1743095784.601358634] [drone_home1.gps_publisher]: none
[gps_publisher-4] [INFO] [1743095784.603198636] [drone_home1.gps_publisher]: Updated
[gps_publisher-4] [INFO] [1743095784.651356004] [drone_home1.gps_publisher]: none
[gps_publisher-4] [INFO] [1743095784.653426798] [drone_home1.gps_publisher]: Updated
[gps_publisher-4] [INFO] [1743095784.701294683] [drone_home1.gps_publisher]: none
[gps_publisher-4] [INFO] [1743095784.703285090] [drone_home1.gps_publisher]: Updated
[gps_publisher-4] [INFO] [1743095784.751322486] [drone_home1.gps_publisher]: none
[gps_publisher-4] [INFO] [1743095784.753303868] [drone_home1.gps_publisher]: Updated
[gps_publisher-4] [INFO] [1743095784.801299054] [drone_home1.gps_publisher]: none
[gps_publisher-4] [INFO] [1743095784.803595744] [drone_home1.gps_publisher]: Updated
[gps_publisher-4] [INFO] [1743095784.851352170] [drone_home1.gps_publisher]: none
[gps_publisher-4] [INFO] [1743095784.853285519] [drone_home1.gps_publisher]: Updated
[gps_publisher-4] [INFO] [1743095784.901297057] [drone_home1.gps_publisher]: none
[gps_publisher-4] [INFO] [1743095784.903167556] [drone_home1.gps_publisher]: Updated
[gps_publisher-4] [INFO] [1743095784.951335932] [drone_home1.gps_publisher]: none
[gps_publisher-4] [INFO] [1743095784.953226272] [drone_home1.gps_publisher]: Updated
[gps_publisher-4] [INFO] [1743095785.001304277] [drone_home1.gps_publisher]: none
[gps_publisher-4] [INFO] [1743095785.003487202] [drone_home1.gps_publisher]: Updated
[gps_publisher-4] [INFO] [1743095785.051419368] [drone_home1.gps_publisher]: none
[gps_publisher-4] [INFO] [1743095785.053994498] [drone_home1.gps_publisher]: Updated
[gps_publisher-4] [INFO] [1743095785.101618686] [drone_home1.gps_publisher]: none
[gps_publisher-4] [INFO] [1743095785.104624679] [drone_home1.gps_publisher]: Updated
[gps_publisher-4] [INFO] [1743095785.151323650] [drone_home1.gps_publisher]: none
[gps_publisher-4] [INFO] [1743095785.153075999] [drone_home1.gps_publisher]: Updated
[gps_publisher-4] [INFO] [1743095785.201888293] [drone_home1.gps_publisher]: none
[gps_publisher-4] [INFO] [1743095785.204398716] [drone_home1.gps_publisher]: Updated
[gps_publisher-4] [INFO] [1743095785.251950934] [drone_home1.gps_publisher]: none
[gps_publisher-4] [INFO] [1743095785.254848187] [drone_home1.gps_publisher]: Updated
[gps_publisher-4] [INFO] [1743095785.302011686] [drone_home1.gps_publisher]: none
[gps_publisher-4] [INFO] [1743095785.304770535] [drone_home1.gps_publisher]: Updated
[gps_publisher-4] [INFO] [1743095785.352135257] [drone_home1.gps_publisher]: none
[gps_publisher-4] [INFO] [1743095785.355450541] [drone_home1.gps_publisher]: Updated
[gps_publisher-4] [INFO] [1743095785.401950978] [drone_home1.gps_publisher]: none
[gps_publisher-4] [INFO] [1743095785.407056756] [drone_home1.gps_publisher]: Updated
[gps_publisher-4] [INFO] [1743095785.451864845] [drone_home1.gps_publisher]: none
[gps_publisher-4] [INFO] [1743095785.454670255] [drone_home1.gps_publisher]: Updated
[gps_publisher-4] [INFO] [1743095785.501289416] [drone_home1.gps_publisher]: none
[gps_publisher-4] [INFO] [1743095785.503071078] [drone_home1.gps_publisher]: Updated
[gps_publisher-4] [INFO] [1743095785.551334936] [drone_home1.gps_publisher]: none
[gps_publisher-4] [INFO] [1743095785.553215130] [drone_home1.gps_publisher]: Updated
[gps_publisher-4] [INFO] [1743095785.601646034] [drone_home1.gps_publisher]: none
[gps_publisher-4] [INFO] [1743095785.606490427] [drone_home1.gps_publisher]: Updated
[gps_publisher-4] [INFO] [1743095785.651332918] [drone_home1.gps_publisher]: none
[gps_publisher-4] [INFO] [1743095785.655045239] [drone_home1.gps_publisher]: Updated
[gps_publisher-4] [INFO] [1743095785.701301635] [drone_home1.gps_publisher]: none
[gps_publisher-4] [INFO] [1743095785.703203206] [drone_home1.gps_publisher]: Updated
[gps_publisher-4] [INFO] [1743095785.752399768] [drone_home1.gps_publisher]: none
[gps_publisher-4] [INFO] [1743095785.755958708] [drone_home1.gps_publisher]: Updated
[gps_publisher-4] [INFO] [1743095785.801297057] [drone_home1.gps_publisher]: none
[gps_publisher-4] [INFO] [1743095785.803465036] [drone_home1.gps_publisher]: Updated
[gps_publisher-4] [INFO] [1743095785.851442997] [drone_home1.gps_publisher]: none
[gps_publisher-4] [INFO] [1743095785.853517341] [drone_home1.gps_publisher]: Updated
[gps_publisher-4] [INFO] [1743095785.901482949] [drone_home1.gps_publisher]: none
[gps_publisher-4] [INFO] [1743095785.906316397] [drone_home1.gps_publisher]: Updated
[gps_publisher-4] [INFO] [1743095785.951324814] [drone_home1.gps_publisher]: none
[gps_publisher-4] [INFO] [1743095785.953491161] [drone_home1.gps_publisher]: Updated
[gps_publisher-4] [INFO] [1743095786.001323261] [drone_home1.gps_publisher]: none
[gps_publisher-4] [INFO] [1743095786.006272902] [drone_home1.gps_publisher]: Updated
[gps_publisher-4] [INFO] [1743095786.052159135] [drone_home1.gps_publisher]: none
[gps_publisher-4] [INFO] [1743095786.054612339] [drone_home1.gps_publisher]: Updated
[gps_publisher-4] [INFO] [1743095786.101295943] [drone_home1.gps_publisher]: none
[gps_publisher-4] [INFO] [1743095786.103417615] [drone_home1.gps_publisher]: Updated
[gps_publisher-4] [INFO] [1743095786.151625911] [drone_home1.gps_publisher]: none
[gps_publisher-4] [INFO] [1743095786.153908901] [drone_home1.gps_publisher]: Updated
[gps_publisher-4] [INFO] [1743095786.202071788] [drone_home1.gps_publisher]: none
[gps_publisher-4] [INFO] [1743095786.205555746] [drone_home1.gps_publisher]: Updated
[gps_publisher-4] [INFO] [1743095786.251373625] [drone_home1.gps_publisher]: none
[gps_publisher-4] [INFO] [1743095786.253582629] [drone_home1.gps_publisher]: Updated
[gps_publisher-4] [INFO] [1743095786.301399072] [drone_home1.gps_publisher]: none
[gps_publisher-4] [INFO] [1743095786.305218402] [drone_home1.gps_publisher]: Updated
[gps_publisher-4] [INFO] [1743095786.351383492] [drone_home1.gps_publisher]: none
[gps_publisher-4] [INFO] [1743095786.353445226] [drone_home1.gps_publisher]: Updated
[gps_publisher-4] [INFO] [1743095786.401313287] [drone_home1.gps_publisher]: none
[gps_publisher-4] [INFO] [1743095786.403130437] [drone_home1.gps_publisher]: Updated
[gps_publisher-4] [INFO] [1743095786.451446801] [drone_home1.gps_publisher]: none
[gps_publisher-4] [INFO] [1743095786.453804193] [drone_home1.gps_publisher]: Updated
[gps_publisher-4] [INFO] [1743095786.501300625] [drone_home1.gps_publisher]: none
[gps_publisher-4] [INFO] [1743095786.503558846] [drone_home1.gps_publisher]: Updated
[gps_publisher-4] [INFO] [1743095786.551394938] [drone_home1.gps_publisher]: none
[gps_publisher-4] [INFO] [1743095786.553251065] [drone_home1.gps_publisher]: Updated
[gps_publisher-4] [INFO] [1743095786.601315228] [drone_home1.gps_publisher]: none
[gps_publisher-4] [INFO] [1743095786.603164667] [drone_home1.gps_publisher]: Updated
[gps_publisher-4] [INFO] [1743095786.651309409] [drone_home1.gps_publisher]: none
[gps_publisher-4] [INFO] [1743095786.653223843] [drone_home1.gps_publisher]: Updated
[gps_publisher-4] [INFO] [1743095786.701345960] [drone_home1.gps_publisher]: none
[gps_publisher-4] [INFO] [1743095786.703770842] [drone_home1.gps_publisher]: Updated
[gps_publisher-4] [INFO] [1743095786.751306572] [drone_home1.gps_publisher]: none
[gps_publisher-4] [INFO] [1743095786.753122826] [drone_home1.gps_publisher]: Updated
[gps_publisher-4] [INFO] [1743095786.801349459] [drone_home1.gps_publisher]: none
[gps_publisher-4] [INFO] [1743095786.803332598] [drone_home1.gps_publisher]: Updated
[gps_publisher-4] [INFO] [1743095786.851483068] [drone_home1.gps_publisher]: none
[gps_publisher-4] [INFO] [1743095786.853912047] [drone_home1.gps_publisher]: Updated
[gps_publisher-4] [INFO] [1743095786.901459105] [drone_home1.gps_publisher]: none
[gps_publisher-4] [INFO] [1743095786.903407043] [drone_home1.gps_publisher]: Updated
[gps_publisher-4] [INFO] [1743095786.951405284] [drone_home1.gps_publisher]: none
[gps_publisher-4] [INFO] [1743095786.953395944] [drone_home1.gps_publisher]: Updated
[gps_publisher-4] [INFO] [1743095787.001625073] [drone_home1.gps_publisher]: none
[gps_publisher-4] [INFO] [1743095787.003944319] [drone_home1.gps_publisher]: Updated
[gps_publisher-4] [INFO] [1743095787.051681297] [drone_home1.gps_publisher]: none
[gps_publisher-4] [INFO] [1743095787.054272135] [drone_home1.gps_publisher]: Updated
[gps_publisher-4] [INFO] [1743095787.101504936] [drone_home1.gps_publisher]: none
[gps_publisher-4] [INFO] [1743095787.105069694] [drone_home1.gps_publisher]: Updated
[gps_publisher-4] [INFO] [1743095787.152180859] [drone_home1.gps_publisher]: none
[gps_publisher-4] [INFO] [1743095787.155128253] [drone_home1.gps_publisher]: Updated
[gps_publisher-4] [INFO] [1743095787.201516643] [drone_home1.gps_publisher]: none
[gps_publisher-4] [INFO] [1743095787.204077720] [drone_home1.gps_publisher]: Updated
[gps_publisher-4] [INFO] [1743095787.251363131] [drone_home1.gps_publisher]: none
[gps_publisher-4] [INFO] [1743095787.253473985] [drone_home1.gps_publisher]: Updated
[gps_publisher-4] [INFO] [1743095787.301295925] [drone_home1.gps_publisher]: none
[gps_publisher-4] [INFO] [1743095787.303325145] [drone_home1.gps_publisher]: Updated
[gps_publisher-4] [INFO] [1743095787.351865381] [drone_home1.gps_publisher]: none
[gps_publisher-4] [INFO] [1743095787.354917227] [drone_home1.gps_publisher]: Updated
[gps_publisher-4] [INFO] [1743095787.401544536] [drone_home1.gps_publisher]: none
[gps_publisher-4] [INFO] [1743095787.404418487] [drone_home1.gps_publisher]: Updated
[gps_publisher-4] [INFO] [1743095787.452220172] [drone_home1.gps_publisher]: none
[gps_publisher-4] [INFO] [1743095787.455812035] [drone_home1.gps_publisher]: Updated
[gps_publisher-4] [INFO] [1743095787.501351180] [drone_home1.gps_publisher]: none
[gps_publisher-4] [INFO] [1743095787.503265515] [drone_home1.gps_publisher]: Updated
[gps_publisher-4] [INFO] [1743095787.551448044] [drone_home1.gps_publisher]: none
[gps_publisher-4] [INFO] [1743095787.553589619] [drone_home1.gps_publisher]: Updated
[gps_publisher-4] [INFO] [1743095787.601298148] [drone_home1.gps_publisher]: none
[gps_publisher-4] [INFO] [1743095787.603453580] [drone_home1.gps_publisher]: Updated
[gps_publisher-4] [INFO] [1743095787.651322882] [drone_home1.gps_publisher]: none
[gps_publisher-4] [INFO] [1743095787.653218337] [drone_home1.gps_publisher]: Updated
[gps_publisher-4] [INFO] [1743095787.701267997] [drone_home1.gps_publisher]: none
[gps_publisher-4] [INFO] [1743095787.703631180] [drone_home1.gps_publisher]: Updated
[gps_publisher-4] [INFO] [1743095787.751331965] [drone_home1.gps_publisher]: none
[gps_publisher-4] [INFO] [1743095787.753158201] [drone_home1.gps_publisher]: Updated
[gps_publisher-4] [INFO] [1743095787.802002288] [drone_home1.gps_publisher]: none
[gps_publisher-4] [INFO] [1743095787.806832273] [drone_home1.gps_publisher]: Updated
[gps_publisher-4] [INFO] [1743095787.851604448] [drone_home1.gps_publisher]: none
[gps_publisher-4] [INFO] [1743095787.855467456] [drone_home1.gps_publisher]: Updated
[gps_publisher-4] [INFO] [1743095787.901450776] [drone_home1.gps_publisher]: none
[gps_publisher-4] [INFO] [1743095787.903603104] [drone_home1.gps_publisher]: Updated
[gps_publisher-4] [INFO] [1743095787.951399987] [drone_home1.gps_publisher]: none
[gps_publisher-4] [INFO] [1743095787.953258513] [drone_home1.gps_publisher]: Updated
[gps_publisher-4] [INFO] [1743095788.001425489] [drone_home1.gps_publisher]: none
[gps_publisher-4] [INFO] [1743095788.003447316] [drone_home1.gps_publisher]: Updated
[gps_publisher-4] [INFO] [1743095788.051732082] [drone_home1.gps_publisher]: none
[gps_publisher-4] [INFO] [1743095788.054019037] [drone_home1.gps_publisher]: Updated
[gps_publisher-4] [INFO] [1743095788.101441535] [drone_home1.gps_publisher]: none
[gps_publisher-4] [INFO] [1743095788.103781515] [drone_home1.gps_publisher]: Updated
[gps_publisher-4] [INFO] [1743095788.151610011] [drone_home1.gps_publisher]: none
[gps_publisher-4] [INFO] [1743095788.153834627] [drone_home1.gps_publisher]: Updated
[gps_publisher-4] [INFO] [1743095788.201406442] [drone_home1.gps_publisher]: none
[gps_publisher-4] [INFO] [1743095788.203679828] [drone_home1.gps_publisher]: Updated
[gps_publisher-4] [INFO] [1743095788.251432961] [drone_home1.gps_publisher]: none
[gps_publisher-4] [INFO] [1743095788.253550118] [drone_home1.gps_publisher]: Updated
[gps_publisher-4] [INFO] [1743095788.301518330] [drone_home1.gps_publisher]: none
[gps_publisher-4] [INFO] [1743095788.303639231] [drone_home1.gps_publisher]: Updated
[gps_publisher-4] [INFO] [1743095788.351434958] [drone_home1.gps_publisher]: none
[gps_publisher-4] [INFO] [1743095788.353377773] [drone_home1.gps_publisher]: Updated
[gps_publisher-4] [INFO] [1743095788.401311680] [drone_home1.gps_publisher]: none
[gps_publisher-4] [INFO] [1743095788.403251455] [drone_home1.gps_publisher]: Updated
[gps_publisher-4] [INFO] [1743095788.451399449] [drone_home1.gps_publisher]: none
[gps_publisher-4] [INFO] [1743095788.453253237] [drone_home1.gps_publisher]: Updated
[gps_publisher-4] [INFO] [1743095788.501414224] [drone_home1.gps_publisher]: none
[gps_publisher-4] [INFO] [1743095788.503673625] [drone_home1.gps_publisher]: Updated
[gps_publisher-4] [INFO] [1743095788.551396262] [drone_home1.gps_publisher]: none
[gps_publisher-4] [INFO] [1743095788.553279555] [drone_home1.gps_publisher]: Updated
[gps_publisher-4] [INFO] [1743095788.601325434] [drone_home1.gps_publisher]: none
[gps_publisher-4] [INFO] [1743095788.603394781] [drone_home1.gps_publisher]: Updated
[gps_publisher-4] [INFO] [1743095788.651365457] [drone_home1.gps_publisher]: none
[gps_publisher-4] [INFO] [1743095788.653176428] [drone_home1.gps_publisher]: Updated
[gps_publisher-4] [INFO] [1743095788.701597903] [drone_home1.gps_publisher]: none
[gps_publisher-4] [INFO] [1743095788.703482156] [drone_home1.gps_publisher]: Updated
[gps_publisher-4] [INFO] [1743095788.751334749] [drone_home1.gps_publisher]: none
[gps_publisher-4] [INFO] [1743095788.753195353] [drone_home1.gps_publisher]: Updated
[gps_publisher-4] [INFO] [1743095788.801312306] [drone_home1.gps_publisher]: none
[gps_publisher-4] [INFO] [1743095788.803283442] [drone_home1.gps_publisher]: Updated
[gps_publisher-4] [INFO] [1743095788.851323337] [drone_home1.gps_publisher]: none
[gps_publisher-4] [INFO] [1743095788.853145380] [drone_home1.gps_publisher]: Updated
[gps_publisher-4] [INFO] [1743095788.901709195] [drone_home1.gps_publisher]: none
[gps_publisher-4] [INFO] [1743095788.904332160] [drone_home1.gps_publisher]: Updated
[gps_publisher-4] [INFO] [1743095788.952073389] [drone_home1.gps_publisher]: none
[gps_publisher-4] [INFO] [1743095788.955904874] [drone_home1.gps_publisher]: Updated
[gps_publisher-4] [INFO] [1743095789.001818907] [drone_home1.gps_publisher]: none
[gps_publisher-4] [INFO] [1743095789.005090403] [drone_home1.gps_publisher]: Updated
[gps_publisher-4] [INFO] [1743095789.051927984] [drone_home1.gps_publisher]: none
[gps_publisher-4] [INFO] [1743095789.054755337] [drone_home1.gps_publisher]: Updated
[gps_publisher-4] [INFO] [1743095789.101921280] [drone_home1.gps_publisher]: none
[gps_publisher-4] [INFO] [1743095789.104955712] [drone_home1.gps_publisher]: Updated
[gps_publisher-4] [INFO] [1743095789.151698026] [drone_home1.gps_publisher]: none
[gps_publisher-4] [INFO] [1743095789.154223514] [drone_home1.gps_publisher]: Updated
[gps_publisher-4] [INFO] [1743095789.202444914] [drone_home1.gps_publisher]: none
[gps_publisher-4] [INFO] [1743095789.206135623] [drone_home1.gps_publisher]: Updated
[gps_publisher-4] [INFO] [1743095789.251373696] [drone_home1.gps_publisher]: none
[gps_publisher-4] [INFO] [1743095789.253828590] [drone_home1.gps_publisher]: Updated
[gps_publisher-4] [INFO] [1743095789.301298158] [drone_home1.gps_publisher]: none
[gps_publisher-4] [INFO] [1743095789.303253740] [drone_home1.gps_publisher]: Updated
[gps_publisher-4] [INFO] [1743095789.351331328] [drone_home1.gps_publisher]: none
[gps_publisher-4] [INFO] [1743095789.354864752] [drone_home1.gps_publisher]: Updated
[gps_publisher-4] [INFO] [1743095789.401383858] [drone_home1.gps_publisher]: none
[gps_publisher-4] [INFO] [1743095789.403800191] [drone_home1.gps_publisher]: Updated
[gps_publisher-4] [INFO] [1743095789.451376707] [drone_home1.gps_publisher]: none
[gps_publisher-4] [INFO] [1743095789.453274495] [drone_home1.gps_publisher]: Updated
[gps_publisher-4] [INFO] [1743095789.502170092] [drone_home1.gps_publisher]: none
[gps_publisher-4] [INFO] [1743095789.504172492] [drone_home1.gps_publisher]: Updated
[gps_publisher-4] [INFO] [1743095789.551372932] [drone_home1.gps_publisher]: none
[gps_publisher-4] [INFO] [1743095789.553396964] [drone_home1.gps_publisher]: Updated
[gps_publisher-4] [INFO] [1743095789.601672958] [drone_home1.gps_publisher]: none
[gps_publisher-4] [INFO] [1743095789.603897476] [drone_home1.gps_publisher]: Updated
[gps_publisher-4] [INFO] [1743095789.652113596] [drone_home1.gps_publisher]: none
[gps_publisher-4] [INFO] [1743095789.654371268] [drone_home1.gps_publisher]: Updated
[gps_publisher-4] [INFO] [1743095789.701328148] [drone_home1.gps_publisher]: none
[gps_publisher-4] [INFO] [1743095789.703276593] [drone_home1.gps_publisher]: Updated
[gps_publisher-4] [INFO] [1743095789.751343013] [drone_home1.gps_publisher]: none
[gps_publisher-4] [INFO] [1743095789.753228192] [drone_home1.gps_publisher]: Updated
[gps_publisher-4] [INFO] [1743095789.801331861] [drone_home1.gps_publisher]: none
[gps_publisher-4] [INFO] [1743095789.803339221] [drone_home1.gps_publisher]: Updated
[gps_publisher-4] [INFO] [1743095789.851398856] [drone_home1.gps_publisher]: none
[gps_publisher-4] [INFO] [1743095789.853375718] [drone_home1.gps_publisher]: Updated
[gps_publisher-4] [INFO] [1743095789.901294357] [drone_home1.gps_publisher]: none
[gps_publisher-4] [INFO] [1743095789.903115183] [drone_home1.gps_publisher]: Updated
[gps_publisher-4] [INFO] [1743095789.951360839] [drone_home1.gps_publisher]: none
[gps_publisher-4] [INFO] [1743095789.953409736] [drone_home1.gps_publisher]: Updated
[gps_publisher-4] [INFO] [1743095790.001312374] [drone_home1.gps_publisher]: none
[gps_publisher-4] [INFO] [1743095790.005189903] [drone_home1.gps_publisher]: Updated
[gps_publisher-4] [INFO] [1743095790.051420807] [drone_home1.gps_publisher]: none
[gps_publisher-4] [INFO] [1743095790.053363907] [drone_home1.gps_publisher]: Updated
[gps_publisher-4] [INFO] [1743095790.101310383] [drone_home1.gps_publisher]: none
[gps_publisher-4] [INFO] [1743095790.103241355] [drone_home1.gps_publisher]: Updated
[gps_publisher-4] [INFO] [1743095790.151361821] [drone_home1.gps_publisher]: none
[gps_publisher-4] [INFO] [1743095790.153254583] [drone_home1.gps_publisher]: Updated
[gps_publisher-4] [INFO] [1743095790.201478636] [drone_home1.gps_publisher]: none
[gps_publisher-4] [INFO] [1743095790.204269731] [drone_home1.gps_publisher]: Updated
[gps_publisher-4] [INFO] [1743095790.251534554] [drone_home1.gps_publisher]: none
[gps_publisher-4] [INFO] [1743095790.253699357] [drone_home1.gps_publisher]: Updated
[gps_publisher-4] [INFO] [1743095790.301377345] [drone_home1.gps_publisher]: none
[gps_publisher-4] [INFO] [1743095790.303295389] [drone_home1.gps_publisher]: Updated
[gps_publisher-4] [INFO] [1743095790.351696663] [drone_home1.gps_publisher]: none
[gps_publisher-4] [INFO] [1743095790.353995102] [drone_home1.gps_publisher]: Updated
[gps_publisher-4] [INFO] [1743095790.401307447] [drone_home1.gps_publisher]: none
[gps_publisher-4] [INFO] [1743095790.403254740] [drone_home1.gps_publisher]: Updated
[gps_publisher-4] [INFO] [1743095790.451315524] [drone_home1.gps_publisher]: none
[gps_publisher-4] [INFO] [1743095790.453118811] [drone_home1.gps_publisher]: Updated
[gps_publisher-4] [INFO] [1743095790.501303887] [drone_home1.gps_publisher]: none
[gps_publisher-4] [INFO] [1743095790.504586421] [drone_home1.gps_publisher]: Updated
[gps_publisher-4] [INFO] [1743095790.551303579] [drone_home1.gps_publisher]: none
[gps_publisher-4] [INFO] [1743095790.553175253] [drone_home1.gps_publisher]: Updated
[gps_publisher-4] [INFO] [1743095790.601311400] [drone_home1.gps_publisher]: none
[gps_publisher-4] [INFO] [1743095790.603374535] [drone_home1.gps_publisher]: Updated
[gps_publisher-4] [INFO] [1743095790.651287251] [drone_home1.gps_publisher]: none
[gps_publisher-4] [INFO] [1743095790.653138476] [drone_home1.gps_publisher]: Updated
[gps_publisher-4] [INFO] [1743095790.701283551] [drone_home1.gps_publisher]: none
[gps_publisher-4] [INFO] [1743095790.703182842] [drone_home1.gps_publisher]: Updated
[gps_publisher-4] [INFO] [1743095790.751318444] [drone_home1.gps_publisher]: none
[gps_publisher-4] [INFO] [1743095790.753799609] [drone_home1.gps_publisher]: Updated
[gps_publisher-4] [INFO] [1743095790.801576768] [drone_home1.gps_publisher]: none
[gps_publisher-4] [INFO] [1743095790.803716706] [drone_home1.gps_publisher]: Updated
[gps_publisher-4] [INFO] [1743095790.851282787] [drone_home1.gps_publisher]: none
[gps_publisher-4] [INFO] [1743095790.853119484] [drone_home1.gps_publisher]: Updated
[gps_publisher-4] [INFO] [1743095790.901274031] [drone_home1.gps_publisher]: none
[gps_publisher-4] [INFO] [1743095790.903323598] [drone_home1.gps_publisher]: Updated
[gps_publisher-4] [INFO] [1743095790.951288891] [drone_home1.gps_publisher]: none
[gps_publisher-4] [INFO] [1743095790.953148117] [drone_home1.gps_publisher]: Updated
[gps_publisher-4] [INFO] [1743095791.001296967] [drone_home1.gps_publisher]: none
[gps_publisher-4] [INFO] [1743095791.003189537] [drone_home1.gps_publisher]: Updated
[gps_publisher-4] [INFO] [1743095791.051424981] [drone_home1.gps_publisher]: none
[gps_publisher-4] [INFO] [1743095791.053289389] [drone_home1.gps_publisher]: Updated
[gps_publisher-4] [INFO] [1743095791.101490943] [drone_home1.gps_publisher]: none
[gps_publisher-4] [INFO] [1743095791.103546526] [drone_home1.gps_publisher]: Updated
[gps_publisher-4] [INFO] [1743095791.151410630] [drone_home1.gps_publisher]: none
[gps_publisher-4] [INFO] [1743095791.153410466] [drone_home1.gps_publisher]: Updated
[gps_publisher-4] [INFO] [1743095791.201411566] [drone_home1.gps_publisher]: none
[gps_publisher-4] [INFO] [1743095791.203479085] [drone_home1.gps_publisher]: Updated
[gps_publisher-4] [INFO] [1743095791.251289331] [drone_home1.gps_publisher]: none
[gps_publisher-4] [INFO] [1743095791.253140907] [drone_home1.gps_publisher]: Updated
[gps_publisher-4] [INFO] [1743095791.301393919] [drone_home1.gps_publisher]: none
[gps_publisher-4] [INFO] [1743095791.303538560] [drone_home1.gps_publisher]: Updated
[gps_publisher-4] [INFO] [1743095791.351343494] [drone_home1.gps_publisher]: none
[gps_publisher-4] [INFO] [1743095791.353209887] [drone_home1.gps_publisher]: Updated
[gps_publisher-4] [INFO] [1743095791.401474611] [drone_home1.gps_publisher]: none
[gps_publisher-4] [INFO] [1743095791.403469295] [drone_home1.gps_publisher]: Updated
[gps_publisher-4] [INFO] [1743095791.451961418] [drone_home1.gps_publisher]: none
[gps_publisher-4] [INFO] [1743095791.455439059] [drone_home1.gps_publisher]: Updated
[gps_publisher-4] [INFO] [1743095791.501462180] [drone_home1.gps_publisher]: none
[gps_publisher-4] [INFO] [1743095791.503663430] [drone_home1.gps_publisher]: Updated
[gps_publisher-4] [INFO] [1743095791.551545135] [drone_home1.gps_publisher]: none
[gps_publisher-4] [INFO] [1743095791.553437928] [drone_home1.gps_publisher]: Updated
[gps_publisher-4] [INFO] [1743095791.601413620] [drone_home1.gps_publisher]: none
[gps_publisher-4] [INFO] [1743095791.603778587] [drone_home1.gps_publisher]: Updated
[gps_publisher-4] [INFO] [1743095791.651343866] [drone_home1.gps_publisher]: none
[gps_publisher-4] [INFO] [1743095791.653143441] [drone_home1.gps_publisher]: Updated
[gps_publisher-4] [INFO] [1743095791.701309250] [drone_home1.gps_publisher]: none
[gps_publisher-4] [INFO] [1743095791.703144473] [drone_home1.gps_publisher]: Updated
[gps_publisher-4] [INFO] [1743095791.751331467] [drone_home1.gps_publisher]: none
[gps_publisher-4] [INFO] [1743095791.753134242] [drone_home1.gps_publisher]: Updated
[gps_publisher-4] [INFO] [1743095791.801289811] [drone_home1.gps_publisher]: none
[gps_publisher-4] [INFO] [1743095791.803126474] [drone_home1.gps_publisher]: Updated
[gps_publisher-4] [INFO] [1743095791.851348605] [drone_home1.gps_publisher]: none
[gps_publisher-4] [INFO] [1743095791.853258487] [drone_home1.gps_publisher]: Updated
[gps_publisher-4] [INFO] [1743095791.902619532] [drone_home1.gps_publisher]: none
[gps_publisher-4] [INFO] [1743095791.904844656] [drone_home1.gps_publisher]: Updated
[gps_publisher-4] [INFO] [1743095791.951355343] [drone_home1.gps_publisher]: none
[gps_publisher-4] [INFO] [1743095791.953497871] [drone_home1.gps_publisher]: Updated
[gps_publisher-4] [INFO] [1743095792.001322550] [drone_home1.gps_publisher]: none
[gps_publisher-4] [INFO] [1743095792.003632379] [drone_home1.gps_publisher]: Updated
[gps_publisher-4] [INFO] [1743095792.051315997] [drone_home1.gps_publisher]: none
[gps_publisher-4] [INFO] [1743095792.053428124] [drone_home1.gps_publisher]: Updated
[gps_publisher-4] [INFO] [1743095792.101476584] [drone_home1.gps_publisher]: none
[gps_publisher-4] [INFO] [1743095792.103558534] [drone_home1.gps_publisher]: Updated
[gps_publisher-4] [INFO] [1743095792.151363819] [drone_home1.gps_publisher]: none
[gps_publisher-4] [INFO] [1743095792.153703409] [drone_home1.gps_publisher]: Updated
[gps_publisher-4] [INFO] [1743095792.201304560] [drone_home1.gps_publisher]: none
[gps_publisher-4] [INFO] [1743095792.203276138] [drone_home1.gps_publisher]: Updated
[gps_publisher-4] [INFO] [1743095792.251336343] [drone_home1.gps_publisher]: none
[gps_publisher-4] [INFO] [1743095792.253356403] [drone_home1.gps_publisher]: Updated
[gps_publisher-4] [INFO] [1743095792.301299901] [drone_home1.gps_publisher]: none
[gps_publisher-4] [INFO] [1743095792.303112754] [drone_home1.gps_publisher]: Updated
[gps_publisher-4] [INFO] [1743095792.351476808] [drone_home1.gps_publisher]: none
[gps_publisher-4] [INFO] [1743095792.353879375] [drone_home1.gps_publisher]: Updated
[gps_publisher-4] [INFO] [1743095792.401334379] [drone_home1.gps_publisher]: none
[gps_publisher-4] [INFO] [1743095792.403675248] [drone_home1.gps_publisher]: Updated
[gps_publisher-4] [INFO] [1743095792.451336657] [drone_home1.gps_publisher]: none
[gps_publisher-4] [INFO] [1743095792.453137574] [drone_home1.gps_publisher]: Updated
[gps_publisher-4] [INFO] [1743095792.501296214] [drone_home1.gps_publisher]: none
[gps_publisher-4] [INFO] [1743095792.503237648] [drone_home1.gps_publisher]: Updated
[gps_publisher-4] [INFO] [1743095792.551316061] [drone_home1.gps_publisher]: none
[gps_publisher-4] [INFO] [1743095792.553110738] [drone_home1.gps_publisher]: Updated
[gps_publisher-4] [INFO] [1743095792.601292195] [drone_home1.gps_publisher]: none
[gps_publisher-4] [INFO] [1743095792.603870191] [drone_home1.gps_publisher]: Updated
[gps_publisher-4] [INFO] [1743095792.651569554] [drone_home1.gps_publisher]: none
[gps_publisher-4] [INFO] [1743095792.654088828] [drone_home1.gps_publisher]: Updated
[gps_publisher-4] [INFO] [1743095792.701333969] [drone_home1.gps_publisher]: none
[gps_publisher-4] [INFO] [1743095792.703144551] [drone_home1.gps_publisher]: Updated
[gps_publisher-4] [INFO] [1743095792.751325111] [drone_home1.gps_publisher]: none
[gps_publisher-4] [INFO] [1743095792.753163854] [drone_home1.gps_publisher]: Updated
[gps_publisher-4] [INFO] [1743095792.801325470] [drone_home1.gps_publisher]: none
[gps_publisher-4] [INFO] [1743095792.803641218] [drone_home1.gps_publisher]: Updated
[gps_publisher-4] [INFO] [1743095792.852106747] [drone_home1.gps_publisher]: none
[gps_publisher-4] [INFO] [1743095792.855321562] [drone_home1.gps_publisher]: Updated
[gps_publisher-4] [INFO] [1743095792.902254822] [drone_home1.gps_publisher]: none
[gps_publisher-4] [INFO] [1743095792.905931315] [drone_home1.gps_publisher]: Updated
[gps_publisher-4] [INFO] [1743095792.951830496] [drone_home1.gps_publisher]: none
[gps_publisher-4] [INFO] [1743095792.954488270] [drone_home1.gps_publisher]: Updated
[gps_publisher-4] [INFO] [1743095793.002058477] [drone_home1.gps_publisher]: none
[gps_publisher-4] [INFO] [1743095793.005196264] [drone_home1.gps_publisher]: Updated
[gps_publisher-4] [INFO] [1743095793.051577796] [drone_home1.gps_publisher]: none
[gps_publisher-4] [INFO] [1743095793.053889223] [drone_home1.gps_publisher]: Updated
[gps_publisher-4] [INFO] [1743095793.101672620] [drone_home1.gps_publisher]: none
[gps_publisher-4] [INFO] [1743095793.103510178] [drone_home1.gps_publisher]: Updated
[gps_publisher-4] [INFO] [1743095793.151764436] [drone_home1.gps_publisher]: none
[gps_publisher-4] [INFO] [1743095793.154138457] [drone_home1.gps_publisher]: Updated
[gps_publisher-4] [INFO] [1743095793.201496114] [drone_home1.gps_publisher]: none
[gps_publisher-4] [INFO] [1743095793.204274274] [drone_home1.gps_publisher]: Updated
[gps_publisher-4] [INFO] [1743095793.251337202] [drone_home1.gps_publisher]: none
[gps_publisher-4] [INFO] [1743095793.253539378] [drone_home1.gps_publisher]: Updated
[gps_publisher-4] [INFO] [1743095793.301306359] [drone_home1.gps_publisher]: none
[gps_publisher-4] [INFO] [1743095793.303088938] [drone_home1.gps_publisher]: Updated
[gps_publisher-4] [INFO] [1743095793.351324988] [drone_home1.gps_publisher]: none
[gps_publisher-4] [INFO] [1743095793.353099024] [drone_home1.gps_publisher]: Updated
[gps_publisher-4] [INFO] [1743095793.401285217] [drone_home1.gps_publisher]: none
[gps_publisher-4] [INFO] [1743095793.403106901] [drone_home1.gps_publisher]: Updated
[gps_publisher-4] [INFO] [1743095793.451344839] [drone_home1.gps_publisher]: none
[gps_publisher-4] [INFO] [1743095793.453134331] [drone_home1.gps_publisher]: Updated
[gps_publisher-4] [INFO] [1743095793.501287147] [drone_home1.gps_publisher]: none
[gps_publisher-4] [INFO] [1743095793.503133408] [drone_home1.gps_publisher]: Updated
[gps_publisher-4] [INFO] [1743095793.551285456] [drone_home1.gps_publisher]: none
[gps_publisher-4] [INFO] [1743095793.553164679] [drone_home1.gps_publisher]: Updated
[gps_publisher-4] [INFO] [1743095793.601276053] [drone_home1.gps_publisher]: none
[gps_publisher-4] [INFO] [1743095793.603355793] [drone_home1.gps_publisher]: Updated
[gps_publisher-4] [INFO] [1743095793.651308667] [drone_home1.gps_publisher]: none
[gps_publisher-4] [INFO] [1743095793.653366871] [drone_home1.gps_publisher]: Updated
[gps_publisher-4] [INFO] [1743095793.701314593] [drone_home1.gps_publisher]: none
[gps_publisher-4] [INFO] [1743095793.703116437] [drone_home1.gps_publisher]: Updated
[gps_publisher-4] [INFO] [1743095793.751329862] [drone_home1.gps_publisher]: none
[gps_publisher-4] [INFO] [1743095793.753115610] [drone_home1.gps_publisher]: Updated
[gps_publisher-4] [INFO] [1743095793.801302763] [drone_home1.gps_publisher]: none
[gps_publisher-4] [INFO] [1743095793.803104127] [drone_home1.gps_publisher]: Updated
[gps_publisher-4] [INFO] [1743095793.851442420] [drone_home1.gps_publisher]: none
[gps_publisher-4] [INFO] [1743095793.853193223] [drone_home1.gps_publisher]: Updated
[gps_publisher-4] [INFO] [1743095793.901356343] [drone_home1.gps_publisher]: none
[gps_publisher-4] [INFO] [1743095793.903189580] [drone_home1.gps_publisher]: Updated
[gps_publisher-4] [INFO] [1743095793.951342588] [drone_home1.gps_publisher]: none
[gps_publisher-4] [INFO] [1743095793.953095726] [drone_home1.gps_publisher]: Updated
[gps_publisher-4] [INFO] [1743095794.001315264] [drone_home1.gps_publisher]: none
[gps_publisher-4] [INFO] [1743095794.003106515] [drone_home1.gps_publisher]: Updated
[gps_publisher-4] [INFO] [1743095794.051317126] [drone_home1.gps_publisher]: none
[gps_publisher-4] [INFO] [1743095794.053082328] [drone_home1.gps_publisher]: Updated
[gps_publisher-4] [INFO] [1743095794.101295946] [drone_home1.gps_publisher]: none
[gps_publisher-4] [INFO] [1743095794.103068828] [drone_home1.gps_publisher]: Updated
[gps_publisher-4] [INFO] [1743095794.151314576] [drone_home1.gps_publisher]: none
[gps_publisher-4] [INFO] [1743095794.153076066] [drone_home1.gps_publisher]: Updated
[gps_publisher-4] [INFO] [1743095794.201300565] [drone_home1.gps_publisher]: none
[gps_publisher-4] [INFO] [1743095794.203071591] [drone_home1.gps_publisher]: Updated
[gps_publisher-4] [INFO] [1743095794.251334587] [drone_home1.gps_publisher]: none
[gps_publisher-4] [INFO] [1743095794.253110061] [drone_home1.gps_publisher]: Updated
[gps_publisher-4] [INFO] [1743095794.301324575] [drone_home1.gps_publisher]: none
[gps_publisher-4] [INFO] [1743095794.303294263] [drone_home1.gps_publisher]: Updated
[gps_publisher-4] [INFO] [1743095794.351290595] [drone_home1.gps_publisher]: none
[gps_publisher-4] [INFO] [1743095794.353096055] [drone_home1.gps_publisher]: Updated
[gps_publisher-4] [INFO] [1743095794.401274504] [drone_home1.gps_publisher]: none
[gps_publisher-4] [INFO] [1743095794.403103868] [drone_home1.gps_publisher]: Updated
[gps_publisher-4] [INFO] [1743095794.451299982] [drone_home1.gps_publisher]: none
[gps_publisher-4] [INFO] [1743095794.453063520] [drone_home1.gps_publisher]: Updated
[gps_publisher-4] [INFO] [1743095794.501285043] [drone_home1.gps_publisher]: none
[gps_publisher-4] [INFO] [1743095794.503497937] [drone_home1.gps_publisher]: Updated
[gps_publisher-4] [INFO] [1743095794.551302328] [drone_home1.gps_publisher]: none
[gps_publisher-4] [INFO] [1743095794.553128268] [drone_home1.gps_publisher]: Updated
[gps_publisher-4] [INFO] [1743095794.601407200] [drone_home1.gps_publisher]: none
[gps_publisher-4] [INFO] [1743095794.604686045] [drone_home1.gps_publisher]: Updated
[gps_publisher-4] [INFO] [1743095794.651456039] [drone_home1.gps_publisher]: none
[gps_publisher-4] [INFO] [1743095794.653461535] [drone_home1.gps_publisher]: Updated
[gps_publisher-4] [INFO] [1743095794.701699443] [drone_home1.gps_publisher]: none
[gps_publisher-4] [INFO] [1743095794.703906673] [drone_home1.gps_publisher]: Updated
[gps_publisher-4] [INFO] [1743095794.751390255] [drone_home1.gps_publisher]: none
[gps_publisher-4] [INFO] [1743095794.753363911] [drone_home1.gps_publisher]: Updated
[gps_publisher-4] [INFO] [1743095794.801616666] [drone_home1.gps_publisher]: none
[gps_publisher-4] [INFO] [1743095794.803982749] [drone_home1.gps_publisher]: Updated
[gps_publisher-4] [INFO] [1743095794.851673409] [drone_home1.gps_publisher]: none
[gps_publisher-4] [INFO] [1743095794.853957666] [drone_home1.gps_publisher]: Updated
[gps_publisher-4] [INFO] [1743095794.901551811] [drone_home1.gps_publisher]: none
[gps_publisher-4] [INFO] [1743095794.903921414] [drone_home1.gps_publisher]: Updated
[gps_publisher-4] [INFO] [1743095794.951456773] [drone_home1.gps_publisher]: none
[gps_publisher-4] [INFO] [1743095794.953421981] [drone_home1.gps_publisher]: Updated
[gps_publisher-4] [INFO] [1743095795.001435593] [drone_home1.gps_publisher]: none
[gps_publisher-4] [INFO] [1743095795.003350975] [drone_home1.gps_publisher]: Updated
[gps_publisher-4] [INFO] [1743095795.051570516] [drone_home1.gps_publisher]: none
[gps_publisher-4] [INFO] [1743095795.053797425] [drone_home1.gps_publisher]: Updated
[gps_publisher-4] [INFO] [1743095795.101696029] [drone_home1.gps_publisher]: none
[gps_publisher-4] [INFO] [1743095795.105100507] [drone_home1.gps_publisher]: Updated
[gps_publisher-4] [INFO] [1743095795.152223858] [drone_home1.gps_publisher]: none
[gps_publisher-4] [INFO] [1743095795.155642256] [drone_home1.gps_publisher]: Updated
[gps_publisher-4] [INFO] [1743095795.201369600] [drone_home1.gps_publisher]: none
[gps_publisher-4] [INFO] [1743095795.203295637] [drone_home1.gps_publisher]: Updated
[gps_publisher-4] [INFO] [1743095795.251332613] [drone_home1.gps_publisher]: none
[gps_publisher-4] [INFO] [1743095795.253643429] [drone_home1.gps_publisher]: Updated
[gps_publisher-4] [INFO] [1743095795.301434030] [drone_home1.gps_publisher]: none
[gps_publisher-4] [INFO] [1743095795.303260192] [drone_home1.gps_publisher]: Updated
[gps_publisher-4] [INFO] [1743095795.351340753] [drone_home1.gps_publisher]: none
[gps_publisher-4] [INFO] [1743095795.353131906] [drone_home1.gps_publisher]: Updated
[gps_publisher-4] [INFO] [1743095795.401445082] [drone_home1.gps_publisher]: none
[gps_publisher-4] [INFO] [1743095795.403408624] [drone_home1.gps_publisher]: Updated
[gps_publisher-4] [INFO] [1743095795.451327964] [drone_home1.gps_publisher]: none
[gps_publisher-4] [INFO] [1743095795.453414198] [drone_home1.gps_publisher]: Updated
[gps_publisher-4] [INFO] [1743095795.501430373] [drone_home1.gps_publisher]: none
[gps_publisher-4] [INFO] [1743095795.503433084] [drone_home1.gps_publisher]: Updated
[gps_publisher-4] [INFO] [1743095795.551350857] [drone_home1.gps_publisher]: none
[gps_publisher-4] [INFO] [1743095795.553151483] [drone_home1.gps_publisher]: Updated
[gps_publisher-4] [INFO] [1743095795.601574645] [drone_home1.gps_publisher]: none
[gps_publisher-4] [INFO] [1743095795.603504714] [drone_home1.gps_publisher]: Updated
[gps_publisher-4] [INFO] [1743095795.651304371] [drone_home1.gps_publisher]: none
[gps_publisher-4] [INFO] [1743095795.653092869] [drone_home1.gps_publisher]: Updated
[gps_publisher-4] [INFO] [1743095795.701477150] [drone_home1.gps_publisher]: none
[gps_publisher-4] [INFO] [1743095795.704494129] [drone_home1.gps_publisher]: Updated
[gps_publisher-4] [INFO] [1743095795.751702154] [drone_home1.gps_publisher]: none
[gps_publisher-4] [INFO] [1743095795.753553245] [drone_home1.gps_publisher]: Updated
[gps_publisher-4] [INFO] [1743095795.802091675] [drone_home1.gps_publisher]: none
[gps_publisher-4] [INFO] [1743095795.804372250] [drone_home1.gps_publisher]: Updated
[gps_publisher-4] [INFO] [1743095795.851640180] [drone_home1.gps_publisher]: none
[gps_publisher-4] [INFO] [1743095795.854291838] [drone_home1.gps_publisher]: Updated
[gps_publisher-4] [INFO] [1743095795.901315025] [drone_home1.gps_publisher]: none
[gps_publisher-4] [INFO] [1743095795.903448300] [drone_home1.gps_publisher]: Updated
[gps_publisher-4] [INFO] [1743095795.951336536] [drone_home1.gps_publisher]: none
[gps_publisher-4] [INFO] [1743095795.953419985] [drone_home1.gps_publisher]: Updated
[gps_publisher-4] [INFO] [1743095796.001291164] [drone_home1.gps_publisher]: none
[gps_publisher-4] [INFO] [1743095796.003156240] [drone_home1.gps_publisher]: Updated
[gps_publisher-4] [INFO] [1743095796.051320518] [drone_home1.gps_publisher]: none
[gps_publisher-4] [INFO] [1743095796.053083317] [drone_home1.gps_publisher]: Updated
[gps_publisher-4] [INFO] [1743095796.101298413] [drone_home1.gps_publisher]: none
[gps_publisher-4] [INFO] [1743095796.103124702] [drone_home1.gps_publisher]: Updated
[gps_publisher-4] [INFO] [1743095796.151357878] [drone_home1.gps_publisher]: none
[gps_publisher-4] [INFO] [1743095796.153158375] [drone_home1.gps_publisher]: Updated
[gps_publisher-4] [INFO] [1743095796.201273148] [drone_home1.gps_publisher]: none
[gps_publisher-4] [INFO] [1743095796.203104717] [drone_home1.gps_publisher]: Updated
[gps_publisher-4] [INFO] [1743095796.251294852] [drone_home1.gps_publisher]: none
[gps_publisher-4] [INFO] [1743095796.253081876] [drone_home1.gps_publisher]: Updated
[gps_publisher-4] [INFO] [1743095796.301331309] [drone_home1.gps_publisher]: none
[gps_publisher-4] [INFO] [1743095796.303135869] [drone_home1.gps_publisher]: Updated
[gps_publisher-4] [INFO] [1743095796.351345301] [drone_home1.gps_publisher]: none
[gps_publisher-4] [INFO] [1743095796.353126693] [drone_home1.gps_publisher]: Updated
[gps_publisher-4] [INFO] [1743095796.401275835] [drone_home1.gps_publisher]: none
[gps_publisher-4] [INFO] [1743095796.403353619] [drone_home1.gps_publisher]: Updated
[gps_publisher-4] [INFO] [1743095796.451340036] [drone_home1.gps_publisher]: none
[gps_publisher-4] [INFO] [1743095796.453100980] [drone_home1.gps_publisher]: Updated
[gps_publisher-4] [INFO] [1743095796.501306635] [drone_home1.gps_publisher]: none
[gps_publisher-4] [INFO] [1743095796.503099579] [drone_home1.gps_publisher]: Updated
[gps_publisher-4] [INFO] [1743095796.551350740] [drone_home1.gps_publisher]: none
[gps_publisher-4] [INFO] [1743095796.553162981] [drone_home1.gps_publisher]: Updated
[gps_publisher-4] [INFO] [1743095796.601282202] [drone_home1.gps_publisher]: none
[gps_publisher-4] [INFO] [1743095796.603117067] [drone_home1.gps_publisher]: Updated
[gps_publisher-4] [INFO] [1743095796.651857105] [drone_home1.gps_publisher]: none
[gps_publisher-4] [INFO] [1743095796.653630721] [drone_home1.gps_publisher]: Updated
[gps_publisher-4] [INFO] [1743095796.701284713] [drone_home1.gps_publisher]: none
[gps_publisher-4] [INFO] [1743095796.703143388] [drone_home1.gps_publisher]: Updated
[gps_publisher-4] [INFO] [1743095796.751344755] [drone_home1.gps_publisher]: none
[gps_publisher-4] [INFO] [1743095796.754649996] [drone_home1.gps_publisher]: Updated
[gps_publisher-4] [INFO] [1743095796.801303577] [drone_home1.gps_publisher]: none
[gps_publisher-4] [INFO] [1743095796.803106922] [drone_home1.gps_publisher]: Updated
[gps_publisher-4] [INFO] [1743095796.851306561] [drone_home1.gps_publisher]: none
[gps_publisher-4] [INFO] [1743095796.853089009] [drone_home1.gps_publisher]: Updated
[gps_publisher-4] [INFO] [1743095796.901282056] [drone_home1.gps_publisher]: none
[gps_publisher-4] [INFO] [1743095796.903129690] [drone_home1.gps_publisher]: Updated
[gps_publisher-4] [INFO] [1743095796.951978627] [drone_home1.gps_publisher]: none
[gps_publisher-4] [INFO] [1743095796.953775251] [drone_home1.gps_publisher]: Updated
[gps_publisher-4] [INFO] [1743095797.001344634] [drone_home1.gps_publisher]: none
[gps_publisher-4] [INFO] [1743095797.003147210] [drone_home1.gps_publisher]: Updated
[gps_publisher-4] [INFO] [1743095797.051338212] [drone_home1.gps_publisher]: none
[gps_publisher-4] [INFO] [1743095797.053101459] [drone_home1.gps_publisher]: Updated
[gps_publisher-4] [INFO] [1743095797.101282509] [drone_home1.gps_publisher]: none
[gps_publisher-4] [INFO] [1743095797.103568586] [drone_home1.gps_publisher]: Updated
[gps_publisher-4] [INFO] [1743095797.151320761] [drone_home1.gps_publisher]: none
[gps_publisher-4] [INFO] [1743095797.153115913] [drone_home1.gps_publisher]: Updated
[gps_publisher-4] [INFO] [1743095797.201293187] [drone_home1.gps_publisher]: none
[gps_publisher-4] [INFO] [1743095797.203102739] [drone_home1.gps_publisher]: Updated
[gps_publisher-4] [INFO] [1743095797.251359727] [drone_home1.gps_publisher]: none
[gps_publisher-4] [INFO] [1743095797.253167039] [drone_home1.gps_publisher]: Updated
[gps_publisher-4] [INFO] [1743095797.301302072] [drone_home1.gps_publisher]: none
[gps_publisher-4] [INFO] [1743095797.303165609] [drone_home1.gps_publisher]: Updated
[gps_publisher-4] [INFO] [1743095797.351337892] [drone_home1.gps_publisher]: none
[gps_publisher-4] [INFO] [1743095797.353133107] [drone_home1.gps_publisher]: Updated
[gps_publisher-4] [INFO] [1743095797.401490098] [drone_home1.gps_publisher]: none
[gps_publisher-4] [INFO] [1743095797.403528424] [drone_home1.gps_publisher]: Updated
[gps_publisher-4] [INFO] [1743095797.451306712] [drone_home1.gps_publisher]: none
[gps_publisher-4] [INFO] [1743095797.453322445] [drone_home1.gps_publisher]: Updated
[gps_publisher-4] [INFO] [1743095797.501279106] [drone_home1.gps_publisher]: none
[gps_publisher-4] [INFO] [1743095797.503299447] [drone_home1.gps_publisher]: Updated
[gps_publisher-4] [INFO] [1743095797.551343246] [drone_home1.gps_publisher]: none
[gps_publisher-4] [INFO] [1743095797.553125565] [drone_home1.gps_publisher]: Updated
[gps_publisher-4] [INFO] [1743095797.601276151] [drone_home1.gps_publisher]: none
[gps_publisher-4] [INFO] [1743095797.603107335] [drone_home1.gps_publisher]: Updated
[gps_publisher-4] [INFO] [1743095797.651334659] [drone_home1.gps_publisher]: none
[gps_publisher-4] [INFO] [1743095797.653132018] [drone_home1.gps_publisher]: Updated
[gps_publisher-4] [INFO] [1743095797.701270635] [drone_home1.gps_publisher]: none
[gps_publisher-4] [INFO] [1743095797.703081915] [drone_home1.gps_publisher]: Updated
[gps_publisher-4] [INFO] [1743095797.751655264] [drone_home1.gps_publisher]: none
[gps_publisher-4] [INFO] [1743095797.753712182] [drone_home1.gps_publisher]: Updated
[gps_publisher-4] [INFO] [1743095797.801310817] [drone_home1.gps_publisher]: none
[gps_publisher-4] [INFO] [1743095797.803332855] [drone_home1.gps_publisher]: Updated
[gps_publisher-4] [INFO] [1743095797.851497617] [drone_home1.gps_publisher]: none
[gps_publisher-4] [INFO] [1743095797.853318401] [drone_home1.gps_publisher]: Updated
[gps_publisher-4] [INFO] [1743095797.901627039] [drone_home1.gps_publisher]: none
[gps_publisher-4] [INFO] [1743095797.903390158] [drone_home1.gps_publisher]: Updated
[gps_publisher-4] [INFO] [1743095797.951613993] [drone_home1.gps_publisher]: none
[gps_publisher-4] [INFO] [1743095797.953650367] [drone_home1.gps_publisher]: Updated
[gps_publisher-4] [INFO] [1743095798.001258762] [drone_home1.gps_publisher]: none
[gps_publisher-4] [INFO] [1743095798.003369857] [drone_home1.gps_publisher]: Updated
[gps_publisher-4] [INFO] [1743095798.051360636] [drone_home1.gps_publisher]: none
[gps_publisher-4] [INFO] [1743095798.053251597] [drone_home1.gps_publisher]: Updated
[gps_publisher-4] [INFO] [1743095798.101505742] [drone_home1.gps_publisher]: none
[gps_publisher-4] [INFO] [1743095798.103319229] [drone_home1.gps_publisher]: Updated
[gps_publisher-4] [INFO] [1743095798.151563037] [drone_home1.gps_publisher]: none
[gps_publisher-4] [INFO] [1743095798.153398509] [drone_home1.gps_publisher]: Updated
[gps_publisher-4] [INFO] [1743095798.201498154] [drone_home1.gps_publisher]: none
[gps_publisher-4] [INFO] [1743095798.203301208] [drone_home1.gps_publisher]: Updated
[gps_publisher-4] [INFO] [1743095798.251626363] [drone_home1.gps_publisher]: none
[gps_publisher-4] [INFO] [1743095798.253507148] [drone_home1.gps_publisher]: Updated
[gps_publisher-4] [INFO] [1743095798.301618793] [drone_home1.gps_publisher]: none
[gps_publisher-4] [INFO] [1743095798.303861283] [drone_home1.gps_publisher]: Updated
[gps_publisher-4] [INFO] [1743095798.351582647] [drone_home1.gps_publisher]: none
[gps_publisher-4] [INFO] [1743095798.353692333] [drone_home1.gps_publisher]: Updated
[gps_publisher-4] [INFO] [1743095798.401634438] [drone_home1.gps_publisher]: none
[gps_publisher-4] [INFO] [1743095798.403688347] [drone_home1.gps_publisher]: Updated
[gps_publisher-4] [INFO] [1743095798.451335277] [drone_home1.gps_publisher]: none
[gps_publisher-4] [INFO] [1743095798.453466980] [drone_home1.gps_publisher]: Updated
[gps_publisher-4] [INFO] [1743095798.501264473] [drone_home1.gps_publisher]: none
[gps_publisher-4] [INFO] [1743095798.503147274] [drone_home1.gps_publisher]: Updated
[gps_publisher-4] [INFO] [1743095798.551657393] [drone_home1.gps_publisher]: none
[gps_publisher-4] [INFO] [1743095798.555338577] [drone_home1.gps_publisher]: Updated
[gps_publisher-4] [INFO] [1743095798.601279862] [drone_home1.gps_publisher]: none
[gps_publisher-4] [INFO] [1743095798.603403629] [drone_home1.gps_publisher]: Updated
[gps_publisher-4] [INFO] [1743095798.651664430] [drone_home1.gps_publisher]: none
[gps_publisher-4] [INFO] [1743095798.653637473] [drone_home1.gps_publisher]: Updated
[gps_publisher-4] [INFO] [1743095798.701449911] [drone_home1.gps_publisher]: none
[gps_publisher-4] [INFO] [1743095798.703369992] [drone_home1.gps_publisher]: Updated
[gps_publisher-4] [INFO] [1743095798.751300449] [drone_home1.gps_publisher]: none
[gps_publisher-4] [INFO] [1743095798.753088143] [drone_home1.gps_publisher]: Updated
[gps_publisher-4] [INFO] [1743095798.801264430] [drone_home1.gps_publisher]: none
[gps_publisher-4] [INFO] [1743095798.803455527] [drone_home1.gps_publisher]: Updated
[gps_publisher-4] [INFO] [1743095798.851662823] [drone_home1.gps_publisher]: none
[gps_publisher-4] [INFO] [1743095798.854163431] [drone_home1.gps_publisher]: Updated
[gps_publisher-4] [INFO] [1743095798.901270859] [drone_home1.gps_publisher]: none
[gps_publisher-4] [INFO] [1743095798.903916239] [drone_home1.gps_publisher]: Updated
[gps_publisher-4] [INFO] [1743095798.951327130] [drone_home1.gps_publisher]: none
[gps_publisher-4] [INFO] [1743095798.953831867] [drone_home1.gps_publisher]: Updated
[gps_publisher-4] [INFO] [1743095799.001357225] [drone_home1.gps_publisher]: none
[gps_publisher-4] [INFO] [1743095799.003893674] [drone_home1.gps_publisher]: Updated
[gps_publisher-4] [INFO] [1743095799.051342268] [drone_home1.gps_publisher]: none
[gps_publisher-4] [INFO] [1743095799.053626102] [drone_home1.gps_publisher]: Updated
[gps_publisher-4] [INFO] [1743095799.106583380] [drone_home1.gps_publisher]: none
[gps_publisher-4] [INFO] [1743095799.108314752] [drone_home1.gps_publisher]: Updated
[gps_publisher-4] [INFO] [1743095799.151297857] [drone_home1.gps_publisher]: none
[gps_publisher-4] [INFO] [1743095799.153432983] [drone_home1.gps_publisher]: Updated
[gps_publisher-4] [INFO] [1743095799.201299091] [drone_home1.gps_publisher]: none
[gps_publisher-4] [INFO] [1743095799.203089953] [drone_home1.gps_publisher]: Updated
[gps_publisher-4] [INFO] [1743095799.251334023] [drone_home1.gps_publisher]: none
[gps_publisher-4] [INFO] [1743095799.253613153] [drone_home1.gps_publisher]: Updated
[gps_publisher-4] [INFO] [1743095799.301401308] [drone_home1.gps_publisher]: none
[gps_publisher-4] [INFO] [1743095799.303454672] [drone_home1.gps_publisher]: Updated
[gps_publisher-4] [INFO] [1743095799.351316588] [drone_home1.gps_publisher]: none
[gps_publisher-4] [INFO] [1743095799.353196124] [drone_home1.gps_publisher]: Updated
[gps_publisher-4] [INFO] [1743095799.401393121] [drone_home1.gps_publisher]: none
[gps_publisher-4] [INFO] [1743095799.403314546] [drone_home1.gps_publisher]: Updated
[gps_publisher-4] [INFO] [1743095799.452152871] [drone_home1.gps_publisher]: none
[gps_publisher-4] [INFO] [1743095799.455697473] [drone_home1.gps_publisher]: Updated
[gps_publisher-4] [INFO] [1743095799.502310366] [drone_home1.gps_publisher]: none
[gps_publisher-4] [INFO] [1743095799.505584209] [drone_home1.gps_publisher]: Updated
[gps_publisher-4] [INFO] [1743095799.551320791] [drone_home1.gps_publisher]: none
[gps_publisher-4] [INFO] [1743095799.553222920] [drone_home1.gps_publisher]: Updated
[gps_publisher-4] [INFO] [1743095799.601252872] [drone_home1.gps_publisher]: none
[gps_publisher-4] [INFO] [1743095799.603018165] [drone_home1.gps_publisher]: Updated
[gps_publisher-4] [INFO] [1743095799.651314557] [drone_home1.gps_publisher]: none
[gps_publisher-4] [INFO] [1743095799.653058377] [drone_home1.gps_publisher]: Updated
[gps_publisher-4] [INFO] [1743095799.701338352] [drone_home1.gps_publisher]: none
[gps_publisher-4] [INFO] [1743095799.704991981] [drone_home1.gps_publisher]: Updated
[gps_publisher-4] [INFO] [1743095799.751358243] [drone_home1.gps_publisher]: none
[gps_publisher-4] [INFO] [1743095799.753270036] [drone_home1.gps_publisher]: Updated
[gps_publisher-4] [INFO] [1743095799.801317045] [drone_home1.gps_publisher]: none
[gps_publisher-4] [INFO] [1743095799.803182468] [drone_home1.gps_publisher]: Updated
[gps_publisher-4] [INFO] [1743095799.851331176] [drone_home1.gps_publisher]: none
[gps_publisher-4] [INFO] [1743095799.853453694] [drone_home1.gps_publisher]: Updated
[gps_publisher-4] [INFO] [1743095799.901289402] [drone_home1.gps_publisher]: none
[gps_publisher-4] [INFO] [1743095799.903424144] [drone_home1.gps_publisher]: Updated
[gps_publisher-4] [INFO] [1743095799.951454865] [drone_home1.gps_publisher]: none
[gps_publisher-4] [INFO] [1743095799.954309593] [drone_home1.gps_publisher]: Updated
[gps_publisher-4] [INFO] [1743095800.001332769] [drone_home1.gps_publisher]: none
[gps_publisher-4] [INFO] [1743095800.003159118] [drone_home1.gps_publisher]: Updated
[gps_publisher-4] [INFO] [1743095800.051316505] [drone_home1.gps_publisher]: none
[gps_publisher-4] [INFO] [1743095800.053425325] [drone_home1.gps_publisher]: Updated
[gps_publisher-4] [INFO] [1743095800.101301137] [drone_home1.gps_publisher]: none
[gps_publisher-4] [INFO] [1743095800.103229121] [drone_home1.gps_publisher]: Updated
[gps_publisher-4] [INFO] [1743095800.151305865] [drone_home1.gps_publisher]: none
[gps_publisher-4] [INFO] [1743095800.153096757] [drone_home1.gps_publisher]: Updated
[gps_publisher-4] [INFO] [1743095800.201375587] [drone_home1.gps_publisher]: none
[gps_publisher-4] [INFO] [1743095800.203274034] [drone_home1.gps_publisher]: Updated
[gps_publisher-4] [INFO] [1743095800.251918089] [drone_home1.gps_publisher]: none
[gps_publisher-4] [INFO] [1743095800.254802576] [drone_home1.gps_publisher]: Updated
[gps_publisher-4] [INFO] [1743095800.301428053] [drone_home1.gps_publisher]: none
[gps_publisher-4] [INFO] [1743095800.303388389] [drone_home1.gps_publisher]: Updated
[gps_publisher-4] [INFO] [1743095800.351353163] [drone_home1.gps_publisher]: none
[gps_publisher-4] [INFO] [1743095800.353276603] [drone_home1.gps_publisher]: Updated
[gps_publisher-4] [INFO] [1743095800.401408741] [drone_home1.gps_publisher]: none
[gps_publisher-4] [INFO] [1743095800.403424823] [drone_home1.gps_publisher]: Updated
[gps_publisher-4] [INFO] [1743095800.451433053] [drone_home1.gps_publisher]: none
[gps_publisher-4] [INFO] [1743095800.453382030] [drone_home1.gps_publisher]: Updated
[gps_publisher-4] [INFO] [1743095800.501390292] [drone_home1.gps_publisher]: none
[gps_publisher-4] [INFO] [1743095800.503195329] [drone_home1.gps_publisher]: Updated
[gps_publisher-4] [INFO] [1743095800.552244418] [drone_home1.gps_publisher]: none
[gps_publisher-4] [INFO] [1743095800.555134698] [drone_home1.gps_publisher]: Updated
[gps_publisher-4] [INFO] [1743095800.601926066] [drone_home1.gps_publisher]: none
[gps_publisher-4] [INFO] [1743095800.604209003] [drone_home1.gps_publisher]: Updated
[gps_publisher-4] [INFO] [1743095800.651716389] [drone_home1.gps_publisher]: none
[gps_publisher-4] [INFO] [1743095800.654218435] [drone_home1.gps_publisher]: Updated
[gps_publisher-4] [INFO] [1743095800.702100231] [drone_home1.gps_publisher]: none
[gps_publisher-4] [INFO] [1743095800.705793250] [drone_home1.gps_publisher]: Updated
[gps_publisher-4] [INFO] [1743095800.751726230] [drone_home1.gps_publisher]: none
[gps_publisher-4] [INFO] [1743095800.754479098] [drone_home1.gps_publisher]: Updated
[gps_publisher-4] [INFO] [1743095800.801328580] [drone_home1.gps_publisher]: none
[gps_publisher-4] [INFO] [1743095800.804171275] [drone_home1.gps_publisher]: Updated
[gps_publisher-4] [INFO] [1743095800.851592323] [drone_home1.gps_publisher]: none
[gps_publisher-4] [INFO] [1743095800.854004991] [drone_home1.gps_publisher]: Updated
[gps_publisher-4] [INFO] [1743095800.901270771] [drone_home1.gps_publisher]: none
[gps_publisher-4] [INFO] [1743095800.903244836] [drone_home1.gps_publisher]: Updated
[gps_publisher-4] [INFO] [1743095800.951308556] [drone_home1.gps_publisher]: none
[gps_publisher-4] [INFO] [1743095800.953406336] [drone_home1.gps_publisher]: Updated
[gps_publisher-4] [INFO] [1743095801.001310468] [drone_home1.gps_publisher]: none
[gps_publisher-4] [INFO] [1743095801.003439289] [drone_home1.gps_publisher]: Updated
[gps_publisher-4] [INFO] [1743095801.051345700] [drone_home1.gps_publisher]: none
[gps_publisher-4] [INFO] [1743095801.053188081] [drone_home1.gps_publisher]: Updated
[gps_publisher-4] [INFO] [1743095801.101303778] [drone_home1.gps_publisher]: none
[gps_publisher-4] [INFO] [1743095801.103200176] [drone_home1.gps_publisher]: Updated
[gps_publisher-4] [INFO] [1743095801.151353921] [drone_home1.gps_publisher]: none
[gps_publisher-4] [INFO] [1743095801.153171053] [drone_home1.gps_publisher]: Updated
[gps_publisher-4] [INFO] [1743095801.201346336] [drone_home1.gps_publisher]: none
[gps_publisher-4] [INFO] [1743095801.203295759] [drone_home1.gps_publisher]: Updated
[gps_publisher-4] [INFO] [1743095801.251366975] [drone_home1.gps_publisher]: none
[gps_publisher-4] [INFO] [1743095801.253240396] [drone_home1.gps_publisher]: Updated
[gps_publisher-4] [INFO] [1743095801.301502784] [drone_home1.gps_publisher]: none
[gps_publisher-4] [INFO] [1743095801.303489969] [drone_home1.gps_publisher]: Updated
[gps_publisher-4] [INFO] [1743095801.351352507] [drone_home1.gps_publisher]: none
[gps_publisher-4] [INFO] [1743095801.353517232] [drone_home1.gps_publisher]: Updated
[gps_publisher-4] [INFO] [1743095801.401326233] [drone_home1.gps_publisher]: none
[gps_publisher-4] [INFO] [1743095801.403534863] [drone_home1.gps_publisher]: Updated
[gps_publisher-4] [INFO] [1743095801.451348536] [drone_home1.gps_publisher]: none
[gps_publisher-4] [INFO] [1743095801.453180548] [drone_home1.gps_publisher]: Updated
[gps_publisher-4] [INFO] [1743095801.501301749] [drone_home1.gps_publisher]: none
[gps_publisher-4] [INFO] [1743095801.503213348] [drone_home1.gps_publisher]: Updated
[gps_publisher-4] [INFO] [1743095801.551344597] [drone_home1.gps_publisher]: none
[gps_publisher-4] [INFO] [1743095801.553659533] [drone_home1.gps_publisher]: Updated
[gps_publisher-4] [INFO] [1743095801.601301842] [drone_home1.gps_publisher]: none
[gps_publisher-4] [INFO] [1743095801.603411109] [drone_home1.gps_publisher]: Updated
[gps_publisher-4] [INFO] [1743095801.651325745] [drone_home1.gps_publisher]: none
[gps_publisher-4] [INFO] [1743095801.653156638] [drone_home1.gps_publisher]: Updated
[gps_publisher-4] [INFO] [1743095801.701595894] [drone_home1.gps_publisher]: none
[gps_publisher-4] [INFO] [1743095801.703962064] [drone_home1.gps_publisher]: Updated
[gps_publisher-4] [INFO] [1743095801.751315950] [drone_home1.gps_publisher]: none
[gps_publisher-4] [INFO] [1743095801.753156091] [drone_home1.gps_publisher]: Updated
[gps_publisher-4] [INFO] [1743095801.801308012] [drone_home1.gps_publisher]: none
[gps_publisher-4] [INFO] [1743095801.803110328] [drone_home1.gps_publisher]: Updated
[gps_publisher-4] [INFO] [1743095801.851381868] [drone_home1.gps_publisher]: none
[gps_publisher-4] [INFO] [1743095801.854154032] [drone_home1.gps_publisher]: Updated
[gps_publisher-4] [INFO] [1743095801.901479373] [drone_home1.gps_publisher]: none
[gps_publisher-4] [INFO] [1743095801.903790245] [drone_home1.gps_publisher]: Updated
[gps_publisher-4] [INFO] [1743095801.951534029] [drone_home1.gps_publisher]: none
[gps_publisher-4] [INFO] [1743095801.953342777] [drone_home1.gps_publisher]: Updated
[gps_publisher-4] [INFO] [1743095802.002560068] [drone_home1.gps_publisher]: none
[gps_publisher-4] [INFO] [1743095802.005204867] [drone_home1.gps_publisher]: Updated
[gps_publisher-4] [INFO] [1743095802.051324812] [drone_home1.gps_publisher]: none
[gps_publisher-4] [INFO] [1743095802.053111543] [drone_home1.gps_publisher]: Updated
[gps_publisher-4] [INFO] [1743095802.101287249] [drone_home1.gps_publisher]: none
[gps_publisher-4] [INFO] [1743095802.103064443] [drone_home1.gps_publisher]: Updated
[gps_publisher-4] [INFO] [1743095802.151669183] [drone_home1.gps_publisher]: none
[gps_publisher-4] [INFO] [1743095802.153404681] [drone_home1.gps_publisher]: Updated
[gps_publisher-4] [INFO] [1743095802.201559874] [drone_home1.gps_publisher]: none
[gps_publisher-4] [INFO] [1743095802.203640468] [drone_home1.gps_publisher]: Updated
[gps_publisher-4] [INFO] [1743095802.251349091] [drone_home1.gps_publisher]: none
[gps_publisher-4] [INFO] [1743095802.253450197] [drone_home1.gps_publisher]: Updated
[gps_publisher-4] [INFO] [1743095802.301276263] [drone_home1.gps_publisher]: none
[gps_publisher-4] [INFO] [1743095802.303063537] [drone_home1.gps_publisher]: Updated
[gps_publisher-4] [INFO] [1743095802.351305709] [drone_home1.gps_publisher]: none
[gps_publisher-4] [INFO] [1743095802.353125560] [drone_home1.gps_publisher]: Updated
[gps_publisher-4] [INFO] [1743095802.401281234] [drone_home1.gps_publisher]: none
[gps_publisher-4] [INFO] [1743095802.403121374] [drone_home1.gps_publisher]: Updated
[gps_publisher-4] [INFO] [1743095802.451345945] [drone_home1.gps_publisher]: none
[gps_publisher-4] [INFO] [1743095802.453126755] [drone_home1.gps_publisher]: Updated
[gps_publisher-4] [INFO] [1743095802.501312350] [drone_home1.gps_publisher]: none
[gps_publisher-4] [INFO] [1743095802.503123177] [drone_home1.gps_publisher]: Updated
[gps_publisher-4] [INFO] [1743095802.551345316] [drone_home1.gps_publisher]: none
[gps_publisher-4] [INFO] [1743095802.553174895] [drone_home1.gps_publisher]: Updated
[gps_publisher-4] [INFO] [1743095802.601262727] [drone_home1.gps_publisher]: none
[gps_publisher-4] [INFO] [1743095802.603276663] [drone_home1.gps_publisher]: Updated
[gps_publisher-4] [INFO] [1743095802.651353135] [drone_home1.gps_publisher]: none
[gps_publisher-4] [INFO] [1743095802.653181435] [drone_home1.gps_publisher]: Updated
[gps_publisher-4] [INFO] [1743095802.701300339] [drone_home1.gps_publisher]: none
[gps_publisher-4] [INFO] [1743095802.703153503] [drone_home1.gps_publisher]: Updated
[gps_publisher-4] [INFO] [1743095802.751344506] [drone_home1.gps_publisher]: none
[gps_publisher-4] [INFO] [1743095802.753221702] [drone_home1.gps_publisher]: Updated
[gps_publisher-4] [INFO] [1743095802.801301502] [drone_home1.gps_publisher]: none
[gps_publisher-4] [INFO] [1743095802.803128042] [drone_home1.gps_publisher]: Updated
[gps_publisher-4] [INFO] [1743095802.851336613] [drone_home1.gps_publisher]: none
[gps_publisher-4] [INFO] [1743095802.853122831] [drone_home1.gps_publisher]: Updated
[gps_publisher-4] [INFO] [1743095802.901299241] [drone_home1.gps_publisher]: none
[gps_publisher-4] [INFO] [1743095802.903070387] [drone_home1.gps_publisher]: Updated
[gps_publisher-4] [INFO] [1743095802.951345296] [drone_home1.gps_publisher]: none
[gps_publisher-4] [INFO] [1743095802.953122874] [drone_home1.gps_publisher]: Updated
[gps_publisher-4] [INFO] [1743095803.001295540] [drone_home1.gps_publisher]: none
[gps_publisher-4] [INFO] [1743095803.003208161] [drone_home1.gps_publisher]: Updated
[gps_publisher-4] [INFO] [1743095803.051334403] [drone_home1.gps_publisher]: none
[gps_publisher-4] [INFO] [1743095803.053109004] [drone_home1.gps_publisher]: Updated
[gps_publisher-4] [INFO] [1743095803.101348081] [drone_home1.gps_publisher]: none
[gps_publisher-4] [INFO] [1743095803.103137466] [drone_home1.gps_publisher]: Updated
[gps_publisher-4] [INFO] [1743095803.151342302] [drone_home1.gps_publisher]: none
[gps_publisher-4] [INFO] [1743095803.153108199] [drone_home1.gps_publisher]: Updated
[gps_publisher-4] [INFO] [1743095803.201311114] [drone_home1.gps_publisher]: none
[gps_publisher-4] [INFO] [1743095803.203103476] [drone_home1.gps_publisher]: Updated
[gps_publisher-4] [INFO] [1743095803.251360825] [drone_home1.gps_publisher]: none
[gps_publisher-4] [INFO] [1743095803.253143779] [drone_home1.gps_publisher]: Updated
[gps_publisher-4] [INFO] [1743095803.301334630] [drone_home1.gps_publisher]: none
[gps_publisher-4] [INFO] [1743095803.303141712] [drone_home1.gps_publisher]: Updated
[gps_publisher-4] [INFO] [1743095803.351380788] [drone_home1.gps_publisher]: none
[gps_publisher-4] [INFO] [1743095803.353181534] [drone_home1.gps_publisher]: Updated
[gps_publisher-4] [INFO] [1743095803.401312640] [drone_home1.gps_publisher]: none
[gps_publisher-4] [INFO] [1743095803.403093257] [drone_home1.gps_publisher]: Updated
[gps_publisher-4] [INFO] [1743095803.451391535] [drone_home1.gps_publisher]: none
[gps_publisher-4] [INFO] [1743095803.453176281] [drone_home1.gps_publisher]: Updated
[gps_publisher-4] [INFO] [1743095803.501304538] [drone_home1.gps_publisher]: none
[gps_publisher-4] [INFO] [1743095803.503429548] [drone_home1.gps_publisher]: Updated
[gps_publisher-4] [INFO] [1743095803.551395530] [drone_home1.gps_publisher]: none
[gps_publisher-4] [INFO] [1743095803.553476762] [drone_home1.gps_publisher]: Updated
[gps_publisher-4] [INFO] [1743095803.601283125] [drone_home1.gps_publisher]: none
[gps_publisher-4] [INFO] [1743095803.603612171] [drone_home1.gps_publisher]: Updated
[gps_publisher-4] [INFO] [1743095803.651714636] [drone_home1.gps_publisher]: none
[gps_publisher-4] [INFO] [1743095803.653787580] [drone_home1.gps_publisher]: Updated
[gps_publisher-4] [INFO] [1743095803.701356945] [drone_home1.gps_publisher]: none
[gps_publisher-4] [INFO] [1743095803.703164763] [drone_home1.gps_publisher]: Updated
[gps_publisher-4] [INFO] [1743095803.751300605] [drone_home1.gps_publisher]: none
[gps_publisher-4] [INFO] [1743095803.753055366] [drone_home1.gps_publisher]: Updated
[gps_publisher-4] [INFO] [1743095803.801305066] [drone_home1.gps_publisher]: none
[gps_publisher-4] [INFO] [1743095803.803557087] [drone_home1.gps_publisher]: Updated
[gps_publisher-4] [INFO] [1743095803.851453467] [drone_home1.gps_publisher]: none
[gps_publisher-4] [INFO] [1743095803.853258533] [drone_home1.gps_publisher]: Updated
[gps_publisher-4] [INFO] [1743095803.901404007] [drone_home1.gps_publisher]: none
[gps_publisher-4] [INFO] [1743095803.903185873] [drone_home1.gps_publisher]: Updated
[gps_publisher-4] [INFO] [1743095803.951343763] [drone_home1.gps_publisher]: none
[gps_publisher-4] [INFO] [1743095803.953196991] [drone_home1.gps_publisher]: Updated
[gps_publisher-4] [INFO] [1743095804.001558790] [drone_home1.gps_publisher]: none
[gps_publisher-4] [INFO] [1743095804.003415985] [drone_home1.gps_publisher]: Updated
[gps_publisher-4] [INFO] [1743095804.051329879] [drone_home1.gps_publisher]: none
[gps_publisher-4] [INFO] [1743095804.053175745] [drone_home1.gps_publisher]: Updated
[gps_publisher-4] [INFO] [1743095804.101278124] [drone_home1.gps_publisher]: none
[gps_publisher-4] [INFO] [1743095804.103048788] [drone_home1.gps_publisher]: Updated
[gps_publisher-4] [INFO] [1743095804.151326723] [drone_home1.gps_publisher]: none
[gps_publisher-4] [INFO] [1743095804.153185453] [drone_home1.gps_publisher]: Updated
[gps_publisher-4] [INFO] [1743095804.201291544] [drone_home1.gps_publisher]: none
[gps_publisher-4] [INFO] [1743095804.203195683] [drone_home1.gps_publisher]: Updated
[gps_publisher-4] [INFO] [1743095804.251396304] [drone_home1.gps_publisher]: none
[gps_publisher-4] [INFO] [1743095804.253181817] [drone_home1.gps_publisher]: Updated
[gps_publisher-4] [INFO] [1743095804.301315140] [drone_home1.gps_publisher]: none
[gps_publisher-4] [INFO] [1743095804.303156270] [drone_home1.gps_publisher]: Updated
[gps_publisher-4] [INFO] [1743095804.351311866] [drone_home1.gps_publisher]: none
[gps_publisher-4] [INFO] [1743095804.353120291] [drone_home1.gps_publisher]: Updated
[gps_publisher-4] [INFO] [1743095804.401914622] [drone_home1.gps_publisher]: none
[gps_publisher-4] [INFO] [1743095804.403736903] [drone_home1.gps_publisher]: Updated
[gps_publisher-4] [INFO] [1743095804.452074455] [drone_home1.gps_publisher]: none
[gps_publisher-4] [INFO] [1743095804.455311361] [drone_home1.gps_publisher]: Updated
[gps_publisher-4] [INFO] [1743095804.501303324] [drone_home1.gps_publisher]: none
[gps_publisher-4] [INFO] [1743095804.503213991] [drone_home1.gps_publisher]: Updated
[gps_publisher-4] [INFO] [1743095804.551630969] [drone_home1.gps_publisher]: none
[gps_publisher-4] [INFO] [1743095804.553728233] [drone_home1.gps_publisher]: Updated
[gps_publisher-4] [INFO] [1743095804.601288231] [drone_home1.gps_publisher]: none
[gps_publisher-4] [INFO] [1743095804.603470393] [drone_home1.gps_publisher]: Updated
[gps_publisher-4] [INFO] [1743095804.652090415] [drone_home1.gps_publisher]: none
[gps_publisher-4] [INFO] [1743095804.655251352] [drone_home1.gps_publisher]: Updated
[gps_publisher-4] [INFO] [1743095804.702049956] [drone_home1.gps_publisher]: none
[gps_publisher-4] [INFO] [1743095804.705447058] [drone_home1.gps_publisher]: Updated
[gps_publisher-4] [INFO] [1743095804.751382059] [drone_home1.gps_publisher]: none
[gps_publisher-4] [INFO] [1743095804.753883044] [drone_home1.gps_publisher]: Updated
[gps_publisher-4] [INFO] [1743095804.801287935] [drone_home1.gps_publisher]: none
[gps_publisher-4] [INFO] [1743095804.804024253] [drone_home1.gps_publisher]: Updated
[gps_publisher-4] [INFO] [1743095804.851377463] [drone_home1.gps_publisher]: none
[gps_publisher-4] [INFO] [1743095804.853215489] [drone_home1.gps_publisher]: Updated
[gps_publisher-4] [INFO] [1743095804.901490319] [drone_home1.gps_publisher]: none
[gps_publisher-4] [INFO] [1743095804.903357850] [drone_home1.gps_publisher]: Updated
[gps_publisher-4] [INFO] [1743095804.951332546] [drone_home1.gps_publisher]: none
[gps_publisher-4] [INFO] [1743095804.953614198] [drone_home1.gps_publisher]: Updated
[gps_publisher-4] [INFO] [1743095805.001301463] [drone_home1.gps_publisher]: none
[gps_publisher-4] [INFO] [1743095805.004806150] [drone_home1.gps_publisher]: Updated
[gps_publisher-4] [INFO] [1743095805.051420537] [drone_home1.gps_publisher]: none
[gps_publisher-4] [INFO] [1743095805.053296163] [drone_home1.gps_publisher]: Updated
[gps_publisher-4] [INFO] [1743095805.101821602] [drone_home1.gps_publisher]: none
[gps_publisher-4] [INFO] [1743095805.104309081] [drone_home1.gps_publisher]: Updated
[gps_publisher-4] [INFO] [1743095805.151525498] [drone_home1.gps_publisher]: none
[gps_publisher-4] [INFO] [1743095805.153364868] [drone_home1.gps_publisher]: Updated
[gps_publisher-4] [INFO] [1743095805.201849633] [drone_home1.gps_publisher]: none
[gps_publisher-4] [INFO] [1743095805.204798339] [drone_home1.gps_publisher]: Updated
[gps_publisher-4] [INFO] [1743095805.251523417] [drone_home1.gps_publisher]: none
[gps_publisher-4] [INFO] [1743095805.253469284] [drone_home1.gps_publisher]: Updated
[gps_publisher-4] [INFO] [1743095805.302320106] [drone_home1.gps_publisher]: none
[gps_publisher-4] [INFO] [1743095805.304781441] [drone_home1.gps_publisher]: Updated
[gps_publisher-4] [INFO] [1743095805.352067140] [drone_home1.gps_publisher]: none
[gps_publisher-4] [INFO] [1743095805.355285804] [drone_home1.gps_publisher]: Updated
[gps_publisher-4] [INFO] [1743095805.402039938] [drone_home1.gps_publisher]: none
[gps_publisher-4] [INFO] [1743095805.405341228] [drone_home1.gps_publisher]: Updated
[gps_publisher-4] [INFO] [1743095805.451947775] [drone_home1.gps_publisher]: none
[gps_publisher-4] [INFO] [1743095805.454596091] [drone_home1.gps_publisher]: Updated
[gps_publisher-4] [INFO] [1743095805.501479924] [drone_home1.gps_publisher]: none
[gps_publisher-4] [INFO] [1743095805.503655365] [drone_home1.gps_publisher]: Updated
[gps_publisher-4] [INFO] [1743095805.551484116] [drone_home1.gps_publisher]: none
[gps_publisher-4] [INFO] [1743095805.553270524] [drone_home1.gps_publisher]: Updated
[gps_publisher-4] [INFO] [1743095805.601326895] [drone_home1.gps_publisher]: none
[gps_publisher-4] [INFO] [1743095805.603483008] [drone_home1.gps_publisher]: Updated
[gps_publisher-4] [INFO] [1743095805.651367919] [drone_home1.gps_publisher]: none
[gps_publisher-4] [INFO] [1743095805.654020555] [drone_home1.gps_publisher]: Updated
[gps_publisher-4] [INFO] [1743095805.701317870] [drone_home1.gps_publisher]: none
[gps_publisher-4] [INFO] [1743095805.703166327] [drone_home1.gps_publisher]: Updated
[gps_publisher-4] [INFO] [1743095805.751329165] [drone_home1.gps_publisher]: none
[gps_publisher-4] [INFO] [1743095805.753127477] [drone_home1.gps_publisher]: Updated
[gps_publisher-4] [INFO] [1743095805.801307980] [drone_home1.gps_publisher]: none
[gps_publisher-4] [INFO] [1743095805.803080180] [drone_home1.gps_publisher]: Updated
[gps_publisher-4] [INFO] [1743095805.851333644] [drone_home1.gps_publisher]: none
[gps_publisher-4] [INFO] [1743095805.853819715] [drone_home1.gps_publisher]: Updated
[gps_publisher-4] [INFO] [1743095805.901279114] [drone_home1.gps_publisher]: none
[gps_publisher-4] [INFO] [1743095805.903823523] [drone_home1.gps_publisher]: Updated
[gps_publisher-4] [INFO] [1743095805.951361259] [drone_home1.gps_publisher]: none
[gps_publisher-4] [INFO] [1743095805.953782785] [drone_home1.gps_publisher]: Updated
[gps_publisher-4] [INFO] [1743095806.001451628] [drone_home1.gps_publisher]: none
[gps_publisher-4] [INFO] [1743095806.007804248] [drone_home1.gps_publisher]: Updated
[gps_publisher-4] [INFO] [1743095806.051382932] [drone_home1.gps_publisher]: none
[gps_publisher-4] [INFO] [1743095806.053451266] [drone_home1.gps_publisher]: Updated
[gps_publisher-4] [INFO] [1743095806.101391518] [drone_home1.gps_publisher]: none
[gps_publisher-4] [INFO] [1743095806.103425546] [drone_home1.gps_publisher]: Updated
[gps_publisher-4] [INFO] [1743095806.151730575] [drone_home1.gps_publisher]: none
[gps_publisher-4] [INFO] [1743095806.153819132] [drone_home1.gps_publisher]: Updated
[gps_publisher-4] [INFO] [1743095806.201299470] [drone_home1.gps_publisher]: none
[gps_publisher-4] [INFO] [1743095806.203444510] [drone_home1.gps_publisher]: Updated
[gps_publisher-4] [INFO] [1743095806.251782370] [drone_home1.gps_publisher]: none
[gps_publisher-4] [INFO] [1743095806.254218072] [drone_home1.gps_publisher]: Updated
[gps_publisher-4] [INFO] [1743095806.301432964] [drone_home1.gps_publisher]: none
[gps_publisher-4] [INFO] [1743095806.303560307] [drone_home1.gps_publisher]: Updated
[gps_publisher-4] [INFO] [1743095806.351363852] [drone_home1.gps_publisher]: none
[gps_publisher-4] [INFO] [1743095806.353470170] [drone_home1.gps_publisher]: Updated
[gps_publisher-4] [INFO] [1743095806.401324532] [drone_home1.gps_publisher]: none
[gps_publisher-4] [INFO] [1743095806.403224702] [drone_home1.gps_publisher]: Updated
[gps_publisher-4] [INFO] [1743095806.451363614] [drone_home1.gps_publisher]: none
[gps_publisher-4] [INFO] [1743095806.454438178] [drone_home1.gps_publisher]: Updated
[gps_publisher-4] [INFO] [1743095806.501506411] [drone_home1.gps_publisher]: none
[gps_publisher-4] [INFO] [1743095806.503588280] [drone_home1.gps_publisher]: Updated
[gps_publisher-4] [INFO] [1743095806.551466227] [drone_home1.gps_publisher]: none
[gps_publisher-4] [INFO] [1743095806.553722053] [drone_home1.gps_publisher]: Updated
[gps_publisher-4] [INFO] [1743095806.601352410] [drone_home1.gps_publisher]: none
[gps_publisher-4] [INFO] [1743095806.603828496] [drone_home1.gps_publisher]: Updated
[gps_publisher-4] [INFO] [1743095806.652083859] [drone_home1.gps_publisher]: none
[gps_publisher-4] [INFO] [1743095806.655662914] [drone_home1.gps_publisher]: Updated
[gps_publisher-4] [INFO] [1743095806.701847735] [drone_home1.gps_publisher]: none
[gps_publisher-4] [INFO] [1743095806.703993415] [drone_home1.gps_publisher]: Updated
[gps_publisher-4] [INFO] [1743095806.751338486] [drone_home1.gps_publisher]: none
[gps_publisher-4] [INFO] [1743095806.753239455] [drone_home1.gps_publisher]: Updated
[gps_publisher-4] [INFO] [1743095806.801383520] [drone_home1.gps_publisher]: none
[gps_publisher-4] [INFO] [1743095806.804295616] [drone_home1.gps_publisher]: Updated
[gps_publisher-4] [INFO] [1743095806.851353001] [drone_home1.gps_publisher]: none
[gps_publisher-4] [INFO] [1743095806.853454487] [drone_home1.gps_publisher]: Updated
[gps_publisher-4] [INFO] [1743095806.901337585] [drone_home1.gps_publisher]: none
[gps_publisher-4] [INFO] [1743095806.903217211] [drone_home1.gps_publisher]: Updated
[gps_publisher-4] [INFO] [1743095806.951369371] [drone_home1.gps_publisher]: none
[gps_publisher-4] [INFO] [1743095806.953302662] [drone_home1.gps_publisher]: Updated
[gps_publisher-4] [INFO] [1743095807.001286851] [drone_home1.gps_publisher]: none
[gps_publisher-4] [INFO] [1743095807.003133739] [drone_home1.gps_publisher]: Updated
[gps_publisher-4] [INFO] [1743095807.051383513] [drone_home1.gps_publisher]: none
[gps_publisher-4] [INFO] [1743095807.054440219] [drone_home1.gps_publisher]: Updated
[gps_publisher-4] [INFO] [1743095807.101329676] [drone_home1.gps_publisher]: none
[gps_publisher-4] [INFO] [1743095807.103209141] [drone_home1.gps_publisher]: Updated
[gps_publisher-4] [INFO] [1743095807.151664968] [drone_home1.gps_publisher]: none
[gps_publisher-4] [INFO] [1743095807.153891800] [drone_home1.gps_publisher]: Updated
[gps_publisher-4] [INFO] [1743095807.201542521] [drone_home1.gps_publisher]: none
[gps_publisher-4] [INFO] [1743095807.203669255] [drone_home1.gps_publisher]: Updated
[gps_publisher-4] [INFO] [1743095807.251342569] [drone_home1.gps_publisher]: none
[gps_publisher-4] [INFO] [1743095807.253208849] [drone_home1.gps_publisher]: Updated
[gps_publisher-4] [INFO] [1743095807.301368957] [drone_home1.gps_publisher]: none
[gps_publisher-4] [INFO] [1743095807.303300263] [drone_home1.gps_publisher]: Updated
[gps_publisher-4] [INFO] [1743095807.351569526] [drone_home1.gps_publisher]: none
[gps_publisher-4] [INFO] [1743095807.353802598] [drone_home1.gps_publisher]: Updated
[gps_publisher-4] [INFO] [1743095807.401390406] [drone_home1.gps_publisher]: none
[gps_publisher-4] [INFO] [1743095807.403288527] [drone_home1.gps_publisher]: Updated
[gps_publisher-4] [INFO] [1743095807.451703521] [drone_home1.gps_publisher]: none
[gps_publisher-4] [INFO] [1743095807.454375226] [drone_home1.gps_publisher]: Updated
[gps_publisher-4] [INFO] [1743095807.501639059] [drone_home1.gps_publisher]: none
[gps_publisher-4] [INFO] [1743095807.504197482] [drone_home1.gps_publisher]: Updated
[gps_publisher-4] [INFO] [1743095807.551457955] [drone_home1.gps_publisher]: none
[gps_publisher-4] [INFO] [1743095807.553626706] [drone_home1.gps_publisher]: Updated
[gps_publisher-4] [INFO] [1743095807.601507992] [drone_home1.gps_publisher]: none
[gps_publisher-4] [INFO] [1743095807.603471011] [drone_home1.gps_publisher]: Updated
[gps_publisher-4] [INFO] [1743095807.651343817] [drone_home1.gps_publisher]: none
[gps_publisher-4] [INFO] [1743095807.653145840] [drone_home1.gps_publisher]: Updated
[gps_publisher-4] [INFO] [1743095807.701280572] [drone_home1.gps_publisher]: none
[gps_publisher-4] [INFO] [1743095807.703328232] [drone_home1.gps_publisher]: Updated
[gps_publisher-4] [INFO] [1743095807.751526709] [drone_home1.gps_publisher]: none
[gps_publisher-4] [INFO] [1743095807.753858567] [drone_home1.gps_publisher]: Updated
[gps_publisher-4] [INFO] [1743095807.801347717] [drone_home1.gps_publisher]: none
[gps_publisher-4] [INFO] [1743095807.803492723] [drone_home1.gps_publisher]: Updated
[gps_publisher-4] [INFO] [1743095807.851331097] [drone_home1.gps_publisher]: none
[gps_publisher-4] [INFO] [1743095807.853403013] [drone_home1.gps_publisher]: Updated
[gps_publisher-4] [INFO] [1743095807.901311340] [drone_home1.gps_publisher]: none
[gps_publisher-4] [INFO] [1743095807.903207733] [drone_home1.gps_publisher]: Updated
[gps_publisher-4] [INFO] [1743095807.951341185] [drone_home1.gps_publisher]: none
[gps_publisher-4] [INFO] [1743095807.953476431] [drone_home1.gps_publisher]: Updated
[gps_publisher-4] [INFO] [1743095808.001542841] [drone_home1.gps_publisher]: none
[gps_publisher-4] [INFO] [1743095808.003465538] [drone_home1.gps_publisher]: Updated
[gps_publisher-4] [INFO] [1743095808.051413654] [drone_home1.gps_publisher]: none
[gps_publisher-4] [INFO] [1743095808.053563716] [drone_home1.gps_publisher]: Updated
[gps_publisher-4] [INFO] [1743095808.101281811] [drone_home1.gps_publisher]: none
[gps_publisher-4] [INFO] [1743095808.103284701] [drone_home1.gps_publisher]: Updated
[gps_publisher-4] [INFO] [1743095808.151308947] [drone_home1.gps_publisher]: none
[gps_publisher-4] [INFO] [1743095808.153067320] [drone_home1.gps_publisher]: Updated
[gps_publisher-4] [INFO] [1743095808.201316434] [drone_home1.gps_publisher]: none
[gps_publisher-4] [INFO] [1743095808.203114456] [drone_home1.gps_publisher]: Updated
[gps_publisher-4] [INFO] [1743095808.251331730] [drone_home1.gps_publisher]: none
[gps_publisher-4] [INFO] [1743095808.253386334] [drone_home1.gps_publisher]: Updated
[gps_publisher-4] [INFO] [1743095808.301273232] [drone_home1.gps_publisher]: none
[gps_publisher-4] [INFO] [1743095808.303201913] [drone_home1.gps_publisher]: Updated
[gps_publisher-4] [INFO] [1743095808.351537909] [drone_home1.gps_publisher]: none
[gps_publisher-4] [INFO] [1743095808.353336539] [drone_home1.gps_publisher]: Updated
[gps_publisher-4] [INFO] [1743095808.401968094] [drone_home1.gps_publisher]: none
[gps_publisher-4] [INFO] [1743095808.403943464] [drone_home1.gps_publisher]: Updated
[gps_publisher-4] [INFO] [1743095808.451310319] [drone_home1.gps_publisher]: none
[gps_publisher-4] [INFO] [1743095808.453239032] [drone_home1.gps_publisher]: Updated
[gps_publisher-4] [INFO] [1743095808.501283502] [drone_home1.gps_publisher]: none
[gps_publisher-4] [INFO] [1743095808.503115701] [drone_home1.gps_publisher]: Updated
[gps_publisher-4] [INFO] [1743095808.551355151] [drone_home1.gps_publisher]: none
[gps_publisher-4] [INFO] [1743095808.553165109] [drone_home1.gps_publisher]: Updated
[gps_publisher-4] [INFO] [1743095808.601310606] [drone_home1.gps_publisher]: none
[gps_publisher-4] [INFO] [1743095808.603233174] [drone_home1.gps_publisher]: Updated
[gps_publisher-4] [INFO] [1743095808.652662154] [drone_home1.gps_publisher]: none
[gps_publisher-4] [INFO] [1743095808.655049500] [drone_home1.gps_publisher]: Updated
[gps_publisher-4] [INFO] [1743095808.701439791] [drone_home1.gps_publisher]: none
[gps_publisher-4] [INFO] [1743095808.704605010] [drone_home1.gps_publisher]: Updated
[gps_publisher-4] [INFO] [1743095808.752026651] [drone_home1.gps_publisher]: none
[gps_publisher-4] [INFO] [1743095808.753943107] [drone_home1.gps_publisher]: Updated
[gps_publisher-4] [INFO] [1743095808.801497295] [drone_home1.gps_publisher]: none
[gps_publisher-4] [INFO] [1743095808.804091366] [drone_home1.gps_publisher]: Updated
[gps_publisher-4] [INFO] [1743095808.851345419] [drone_home1.gps_publisher]: none
[gps_publisher-4] [INFO] [1743095808.853157650] [drone_home1.gps_publisher]: Updated
[gps_publisher-4] [INFO] [1743095808.901283305] [drone_home1.gps_publisher]: none
[gps_publisher-4] [INFO] [1743095808.903328181] [drone_home1.gps_publisher]: Updated
[gps_publisher-4] [INFO] [1743095808.951315018] [drone_home1.gps_publisher]: none
[gps_publisher-4] [INFO] [1743095808.953621402] [drone_home1.gps_publisher]: Updated
[gps_publisher-4] [INFO] [1743095809.001322889] [drone_home1.gps_publisher]: none
[gps_publisher-4] [INFO] [1743095809.003191344] [drone_home1.gps_publisher]: Updated
[gps_publisher-4] [INFO] [1743095809.051335957] [drone_home1.gps_publisher]: none
[gps_publisher-4] [INFO] [1743095809.053245725] [drone_home1.gps_publisher]: Updated
[gps_publisher-4] [INFO] [1743095809.101371841] [drone_home1.gps_publisher]: none
[gps_publisher-4] [INFO] [1743095809.103273833] [drone_home1.gps_publisher]: Updated
[gps_publisher-4] [INFO] [1743095809.151395469] [drone_home1.gps_publisher]: none
[gps_publisher-4] [INFO] [1743095809.153354646] [drone_home1.gps_publisher]: Updated
[gps_publisher-4] [INFO] [1743095809.201237397] [drone_home1.gps_publisher]: none
[gps_publisher-4] [INFO] [1743095809.203140445] [drone_home1.gps_publisher]: Updated
[gps_publisher-4] [INFO] [1743095809.251358403] [drone_home1.gps_publisher]: none
[gps_publisher-4] [INFO] [1743095809.253525264] [drone_home1.gps_publisher]: Updated
[gps_publisher-4] [INFO] [1743095809.301307470] [drone_home1.gps_publisher]: none
[gps_publisher-4] [INFO] [1743095809.303161748] [drone_home1.gps_publisher]: Updated
[gps_publisher-4] [INFO] [1743095809.351426620] [drone_home1.gps_publisher]: none
[gps_publisher-4] [INFO] [1743095809.353781324] [drone_home1.gps_publisher]: Updated
[gps_publisher-4] [INFO] [1743095809.401422855] [drone_home1.gps_publisher]: none
[gps_publisher-4] [INFO] [1743095809.403439697] [drone_home1.gps_publisher]: Updated
[gps_publisher-4] [INFO] [1743095809.451391314] [drone_home1.gps_publisher]: none
[gps_publisher-4] [INFO] [1743095809.453270105] [drone_home1.gps_publisher]: Updated
[gps_publisher-4] [INFO] [1743095809.501302619] [drone_home1.gps_publisher]: none
[gps_publisher-4] [INFO] [1743095809.503136161] [drone_home1.gps_publisher]: Updated
[gps_publisher-4] [INFO] [1743095809.551563084] [drone_home1.gps_publisher]: none
[gps_publisher-4] [INFO] [1743095809.553407410] [drone_home1.gps_publisher]: Updated
[gps_publisher-4] [INFO] [1743095809.601423381] [drone_home1.gps_publisher]: none
[gps_publisher-4] [INFO] [1743095809.603816774] [drone_home1.gps_publisher]: Updated
[gps_publisher-4] [INFO] [1743095809.651377887] [drone_home1.gps_publisher]: none
[gps_publisher-4] [INFO] [1743095809.653273895] [drone_home1.gps_publisher]: Updated
[gps_publisher-4] [INFO] [1743095809.701976503] [drone_home1.gps_publisher]: none
[gps_publisher-4] [INFO] [1743095809.704464683] [drone_home1.gps_publisher]: Updated
[gps_publisher-4] [INFO] [1743095809.751409623] [drone_home1.gps_publisher]: none
[gps_publisher-4] [INFO] [1743095809.754473270] [drone_home1.gps_publisher]: Updated
[gps_publisher-4] [INFO] [1743095809.802362358] [drone_home1.gps_publisher]: none
[gps_publisher-4] [INFO] [1743095809.804106970] [drone_home1.gps_publisher]: Updated
[gps_publisher-4] [INFO] [1743095809.851307276] [drone_home1.gps_publisher]: none
[gps_publisher-4] [INFO] [1743095809.853055856] [drone_home1.gps_publisher]: Updated
[gps_publisher-4] [INFO] [1743095809.901618301] [drone_home1.gps_publisher]: none
[gps_publisher-4] [INFO] [1743095809.904003503] [drone_home1.gps_publisher]: Updated
[gps_publisher-4] [INFO] [1743095809.951331523] [drone_home1.gps_publisher]: none
[gps_publisher-4] [INFO] [1743095809.953117448] [drone_home1.gps_publisher]: Updated
[gps_publisher-4] [INFO] [1743095810.001323182] [drone_home1.gps_publisher]: none
[gps_publisher-4] [INFO] [1743095810.003607325] [drone_home1.gps_publisher]: Updated
[gps_publisher-4] [INFO] [1743095810.051791792] [drone_home1.gps_publisher]: none
[gps_publisher-4] [INFO] [1743095810.054980113] [drone_home1.gps_publisher]: Updated
[gps_publisher-4] [INFO] [1743095810.101326655] [drone_home1.gps_publisher]: none
[gps_publisher-4] [INFO] [1743095810.103884883] [drone_home1.gps_publisher]: Updated
[gps_publisher-4] [INFO] [1743095810.151360728] [drone_home1.gps_publisher]: none
[gps_publisher-4] [INFO] [1743095810.153343616] [drone_home1.gps_publisher]: Updated
[gps_publisher-4] [INFO] [1743095810.201336783] [drone_home1.gps_publisher]: none
[gps_publisher-4] [INFO] [1743095810.203315831] [drone_home1.gps_publisher]: Updated
[gps_publisher-4] [INFO] [1743095810.251629261] [drone_home1.gps_publisher]: none
[gps_publisher-4] [INFO] [1743095810.253449426] [drone_home1.gps_publisher]: Updated
[gps_publisher-4] [INFO] [1743095810.301380192] [drone_home1.gps_publisher]: none
[gps_publisher-4] [INFO] [1743095810.304213850] [drone_home1.gps_publisher]: Updated
[gps_publisher-4] [INFO] [1743095810.351365944] [drone_home1.gps_publisher]: none
[gps_publisher-4] [INFO] [1743095810.353158941] [drone_home1.gps_publisher]: Updated
[gps_publisher-4] [INFO] [1743095810.401305679] [drone_home1.gps_publisher]: none
[gps_publisher-4] [INFO] [1743095810.404305804] [drone_home1.gps_publisher]: Updated
[gps_publisher-4] [INFO] [1743095810.451336968] [drone_home1.gps_publisher]: none
[gps_publisher-4] [INFO] [1743095810.453332016] [drone_home1.gps_publisher]: Updated
[gps_publisher-4] [INFO] [1743095810.501349408] [drone_home1.gps_publisher]: none
[gps_publisher-4] [INFO] [1743095810.503206950] [drone_home1.gps_publisher]: Updated
[gps_publisher-4] [INFO] [1743095810.551462042] [drone_home1.gps_publisher]: none
[gps_publisher-4] [INFO] [1743095810.553409058] [drone_home1.gps_publisher]: Updated
[gps_publisher-4] [INFO] [1743095810.603176213] [drone_home1.gps_publisher]: none
[gps_publisher-4] [INFO] [1743095810.606921857] [drone_home1.gps_publisher]: Updated
[gps_publisher-4] [INFO] [1743095810.651513068] [drone_home1.gps_publisher]: none
[gps_publisher-4] [INFO] [1743095810.655500061] [drone_home1.gps_publisher]: Updated
[gps_publisher-4] [INFO] [1743095810.701324416] [drone_home1.gps_publisher]: none
[gps_publisher-4] [INFO] [1743095810.704638467] [drone_home1.gps_publisher]: Updated
[gps_publisher-4] [INFO] [1743095810.751359161] [drone_home1.gps_publisher]: none
[gps_publisher-4] [INFO] [1743095810.753306592] [drone_home1.gps_publisher]: Updated
[gps_publisher-4] [INFO] [1743095810.801313488] [drone_home1.gps_publisher]: none
[gps_publisher-4] [INFO] [1743095810.803199894] [drone_home1.gps_publisher]: Updated
[gps_publisher-4] [INFO] [1743095810.851348297] [drone_home1.gps_publisher]: none
[gps_publisher-4] [INFO] [1743095810.853154157] [drone_home1.gps_publisher]: Updated
[gps_publisher-4] [INFO] [1743095810.901341825] [drone_home1.gps_publisher]: none
[gps_publisher-4] [INFO] [1743095810.903184070] [drone_home1.gps_publisher]: Updated
[gps_publisher-4] [INFO] [1743095810.951365465] [drone_home1.gps_publisher]: none
[gps_publisher-4] [INFO] [1743095810.953245951] [drone_home1.gps_publisher]: Updated
[gps_publisher-4] [INFO] [1743095811.001303056] [drone_home1.gps_publisher]: none
[gps_publisher-4] [INFO] [1743095811.003183158] [drone_home1.gps_publisher]: Updated
[gps_publisher-4] [INFO] [1743095811.051349175] [drone_home1.gps_publisher]: none
[gps_publisher-4] [INFO] [1743095811.053178043] [drone_home1.gps_publisher]: Updated
[gps_publisher-4] [INFO] [1743095811.101311451] [drone_home1.gps_publisher]: none
[gps_publisher-4] [INFO] [1743095811.103124927] [drone_home1.gps_publisher]: Updated
[gps_publisher-4] [INFO] [1743095811.151363362] [drone_home1.gps_publisher]: none
[gps_publisher-4] [INFO] [1743095811.153194726] [drone_home1.gps_publisher]: Updated
[gps_publisher-4] [INFO] [1743095811.201286533] [drone_home1.gps_publisher]: none
[gps_publisher-4] [INFO] [1743095811.203132010] [drone_home1.gps_publisher]: Updated
[gps_publisher-4] [INFO] [1743095811.251362988] [drone_home1.gps_publisher]: none
[gps_publisher-4] [INFO] [1743095811.253198865] [drone_home1.gps_publisher]: Updated
[gps_publisher-4] [INFO] [1743095811.301335569] [drone_home1.gps_publisher]: none
[gps_publisher-4] [INFO] [1743095811.303184406] [drone_home1.gps_publisher]: Updated
[gps_publisher-4] [INFO] [1743095811.351319382] [drone_home1.gps_publisher]: none
[gps_publisher-4] [INFO] [1743095811.353484033] [drone_home1.gps_publisher]: Updated
[gps_publisher-4] [INFO] [1743095811.401330300] [drone_home1.gps_publisher]: none
[gps_publisher-4] [INFO] [1743095811.403122239] [drone_home1.gps_publisher]: Updated
[gps_publisher-4] [INFO] [1743095811.451401538] [drone_home1.gps_publisher]: none
[gps_publisher-4] [INFO] [1743095811.453429515] [drone_home1.gps_publisher]: Updated
[gps_publisher-4] [INFO] [1743095811.501299462] [drone_home1.gps_publisher]: none
[gps_publisher-4] [INFO] [1743095811.503335854] [drone_home1.gps_publisher]: Updated
[gps_publisher-4] [INFO] [1743095811.551341004] [drone_home1.gps_publisher]: none
[gps_publisher-4] [INFO] [1743095811.553380885] [drone_home1.gps_publisher]: Updated
[gps_publisher-4] [INFO] [1743095811.601308657] [drone_home1.gps_publisher]: none
[gps_publisher-4] [INFO] [1743095811.603324889] [drone_home1.gps_publisher]: Updated
[gps_publisher-4] [INFO] [1743095811.651401464] [drone_home1.gps_publisher]: none
[gps_publisher-4] [INFO] [1743095811.653199484] [drone_home1.gps_publisher]: Updated
[gps_publisher-4] [INFO] [1743095811.701325884] [drone_home1.gps_publisher]: none
[gps_publisher-4] [INFO] [1743095811.703162912] [drone_home1.gps_publisher]: Updated
[gps_publisher-4] [INFO] [1743095811.751464068] [drone_home1.gps_publisher]: none
[gps_publisher-4] [INFO] [1743095811.753321833] [drone_home1.gps_publisher]: Updated
[gps_publisher-4] [INFO] [1743095811.801340807] [drone_home1.gps_publisher]: none
[gps_publisher-4] [INFO] [1743095811.804190303] [drone_home1.gps_publisher]: Updated
[gps_publisher-4] [INFO] [1743095811.851344108] [drone_home1.gps_publisher]: none
[gps_publisher-4] [INFO] [1743095811.854435274] [drone_home1.gps_publisher]: Updated
[gps_publisher-4] [INFO] [1743095811.901338737] [drone_home1.gps_publisher]: none
[gps_publisher-4] [INFO] [1743095811.904370446] [drone_home1.gps_publisher]: Updated
[gps_publisher-4] [INFO] [1743095811.951591516] [drone_home1.gps_publisher]: none
[gps_publisher-4] [INFO] [1743095811.954521142] [drone_home1.gps_publisher]: Updated
[gps_publisher-4] [INFO] [1743095812.001290139] [drone_home1.gps_publisher]: none
[gps_publisher-4] [INFO] [1743095812.003815917] [drone_home1.gps_publisher]: Updated
[gps_publisher-4] [INFO] [1743095812.051343248] [drone_home1.gps_publisher]: none
[gps_publisher-4] [INFO] [1743095812.054046661] [drone_home1.gps_publisher]: Updated
[gps_publisher-4] [INFO] [1743095812.101317090] [drone_home1.gps_publisher]: none
[gps_publisher-4] [INFO] [1743095812.103465964] [drone_home1.gps_publisher]: Updated
[gps_publisher-4] [INFO] [1743095812.151348022] [drone_home1.gps_publisher]: none
[gps_publisher-4] [INFO] [1743095812.153171642] [drone_home1.gps_publisher]: Updated
[gps_publisher-4] [INFO] [1743095812.201286184] [drone_home1.gps_publisher]: none
[gps_publisher-4] [INFO] [1743095812.203868475] [drone_home1.gps_publisher]: Updated
[gps_publisher-4] [INFO] [1743095812.251407454] [drone_home1.gps_publisher]: none
[gps_publisher-4] [INFO] [1743095812.253400933] [drone_home1.gps_publisher]: Updated
[gps_publisher-4] [INFO] [1743095812.301641941] [drone_home1.gps_publisher]: none
[gps_publisher-4] [INFO] [1743095812.304012228] [drone_home1.gps_publisher]: Updated
[gps_publisher-4] [INFO] [1743095812.351471205] [drone_home1.gps_publisher]: none
[gps_publisher-4] [INFO] [1743095812.353652528] [drone_home1.gps_publisher]: Updated
[gps_publisher-4] [INFO] [1743095812.401291637] [drone_home1.gps_publisher]: none
[gps_publisher-4] [INFO] [1743095812.403296540] [drone_home1.gps_publisher]: Updated
[gps_publisher-4] [INFO] [1743095812.451422059] [drone_home1.gps_publisher]: none
[gps_publisher-4] [INFO] [1743095812.453251375] [drone_home1.gps_publisher]: Updated
[gps_publisher-4] [INFO] [1743095812.501329916] [drone_home1.gps_publisher]: none
[gps_publisher-4] [INFO] [1743095812.503183968] [drone_home1.gps_publisher]: Updated
[gps_publisher-4] [INFO] [1743095812.551400881] [drone_home1.gps_publisher]: none
[gps_publisher-4] [INFO] [1743095812.553250837] [drone_home1.gps_publisher]: Updated
[gps_publisher-4] [INFO] [1743095812.601531142] [drone_home1.gps_publisher]: none
[gps_publisher-4] [INFO] [1743095812.603492653] [drone_home1.gps_publisher]: Updated
[gps_publisher-4] [INFO] [1743095812.651336630] [drone_home1.gps_publisher]: none
[gps_publisher-4] [INFO] [1743095812.653154649] [drone_home1.gps_publisher]: Updated
[gps_publisher-4] [INFO] [1743095812.701312009] [drone_home1.gps_publisher]: none
[gps_publisher-4] [INFO] [1743095812.703221070] [drone_home1.gps_publisher]: Updated
[gps_publisher-4] [INFO] [1743095812.751555520] [drone_home1.gps_publisher]: none
[gps_publisher-4] [INFO] [1743095812.753552104] [drone_home1.gps_publisher]: Updated
[gps_publisher-4] [INFO] [1743095812.801326607] [drone_home1.gps_publisher]: none
[gps_publisher-4] [INFO] [1743095812.803217492] [drone_home1.gps_publisher]: Updated
[gps_publisher-4] [INFO] [1743095812.851372259] [drone_home1.gps_publisher]: none
[gps_publisher-4] [INFO] [1743095812.853733009] [drone_home1.gps_publisher]: Updated
[gps_publisher-4] [INFO] [1743095812.901435128] [drone_home1.gps_publisher]: none
[gps_publisher-4] [INFO] [1743095812.903462047] [drone_home1.gps_publisher]: Updated
[gps_publisher-4] [INFO] [1743095812.951337929] [drone_home1.gps_publisher]: none
[gps_publisher-4] [INFO] [1743095812.953438226] [drone_home1.gps_publisher]: Updated
[gps_publisher-4] [INFO] [1743095813.001328444] [drone_home1.gps_publisher]: none
[gps_publisher-4] [INFO] [1743095813.003169440] [drone_home1.gps_publisher]: Updated
[gps_publisher-4] [INFO] [1743095813.051364927] [drone_home1.gps_publisher]: none
[gps_publisher-4] [INFO] [1743095813.053163009] [drone_home1.gps_publisher]: Updated
[gps_publisher-4] [INFO] [1743095813.101343392] [drone_home1.gps_publisher]: none
[gps_publisher-4] [INFO] [1743095813.103422824] [drone_home1.gps_publisher]: Updated
[gps_publisher-4] [INFO] [1743095813.151415363] [drone_home1.gps_publisher]: none
[gps_publisher-4] [INFO] [1743095813.153205573] [drone_home1.gps_publisher]: Updated
[gps_publisher-4] [INFO] [1743095813.201284706] [drone_home1.gps_publisher]: none
[gps_publisher-4] [INFO] [1743095813.203283368] [drone_home1.gps_publisher]: Updated
[gps_publisher-4] [INFO] [1743095813.251306724] [drone_home1.gps_publisher]: none
[gps_publisher-4] [INFO] [1743095813.253092518] [drone_home1.gps_publisher]: Updated
[gps_publisher-4] [INFO] [1743095813.301249124] [drone_home1.gps_publisher]: none
[gps_publisher-4] [INFO] [1743095813.303192522] [drone_home1.gps_publisher]: Updated
[gps_publisher-4] [INFO] [1743095813.351294023] [drone_home1.gps_publisher]: none
[gps_publisher-4] [INFO] [1743095813.353619700] [drone_home1.gps_publisher]: Updated
[gps_publisher-4] [INFO] [1743095813.401271848] [drone_home1.gps_publisher]: none
[gps_publisher-4] [INFO] [1743095813.403318831] [drone_home1.gps_publisher]: Updated
[gps_publisher-4] [INFO] [1743095813.451342603] [drone_home1.gps_publisher]: none
[gps_publisher-4] [INFO] [1743095813.453128493] [drone_home1.gps_publisher]: Updated
[gps_publisher-4] [INFO] [1743095813.501259787] [drone_home1.gps_publisher]: none
[gps_publisher-4] [INFO] [1743095813.503029357] [drone_home1.gps_publisher]: Updated
[gps_publisher-4] [INFO] [1743095813.551420720] [drone_home1.gps_publisher]: none
[gps_publisher-4] [INFO] [1743095813.553223090] [drone_home1.gps_publisher]: Updated
[gps_publisher-4] [INFO] [1743095813.601352400] [drone_home1.gps_publisher]: none
[gps_publisher-4] [INFO] [1743095813.603244788] [drone_home1.gps_publisher]: Updated
[gps_publisher-4] [INFO] [1743095813.651253104] [drone_home1.gps_publisher]: none
[gps_publisher-4] [INFO] [1743095813.652990705] [drone_home1.gps_publisher]: Updated
[gps_publisher-4] [INFO] [1743095813.701279890] [drone_home1.gps_publisher]: none
[gps_publisher-4] [INFO] [1743095813.703088373] [drone_home1.gps_publisher]: Updated
[gps_publisher-4] [INFO] [1743095813.751396342] [drone_home1.gps_publisher]: none
[gps_publisher-4] [INFO] [1743095813.753525311] [drone_home1.gps_publisher]: Updated
[gps_publisher-4] [INFO] [1743095813.801268117] [drone_home1.gps_publisher]: none
[gps_publisher-4] [INFO] [1743095813.803046423] [drone_home1.gps_publisher]: Updated
[gps_publisher-4] [INFO] [1743095813.851510235] [drone_home1.gps_publisher]: none
[gps_publisher-4] [INFO] [1743095813.853306558] [drone_home1.gps_publisher]: Updated
[gps_publisher-4] [INFO] [1743095813.901300025] [drone_home1.gps_publisher]: none
[gps_publisher-4] [INFO] [1743095813.903593285] [drone_home1.gps_publisher]: Updated
[gps_publisher-4] [INFO] [1743095813.951509470] [drone_home1.gps_publisher]: none
[gps_publisher-4] [INFO] [1743095813.953603399] [drone_home1.gps_publisher]: Updated
[gps_publisher-4] [INFO] [1743095814.001309148] [drone_home1.gps_publisher]: none
[gps_publisher-4] [INFO] [1743095814.003126175] [drone_home1.gps_publisher]: Updated
[gps_publisher-4] [INFO] [1743095814.052251743] [drone_home1.gps_publisher]: none
[gps_publisher-4] [INFO] [1743095814.054657900] [drone_home1.gps_publisher]: Updated
[gps_publisher-4] [INFO] [1743095814.101318462] [drone_home1.gps_publisher]: none
[gps_publisher-4] [INFO] [1743095814.103630089] [drone_home1.gps_publisher]: Updated
[gps_publisher-4] [INFO] [1743095814.151339279] [drone_home1.gps_publisher]: none
[gps_publisher-4] [INFO] [1743095814.153108624] [drone_home1.gps_publisher]: Updated
[gps_publisher-4] [INFO] [1743095814.201395936] [drone_home1.gps_publisher]: none
[gps_publisher-4] [INFO] [1743095814.203298628] [drone_home1.gps_publisher]: Updated
[gps_publisher-4] [INFO] [1743095814.251464370] [drone_home1.gps_publisher]: none
[gps_publisher-4] [INFO] [1743095814.253590778] [drone_home1.gps_publisher]: Updated
[gps_publisher-4] [INFO] [1743095814.301321184] [drone_home1.gps_publisher]: none
[gps_publisher-4] [INFO] [1743095814.303151875] [drone_home1.gps_publisher]: Updated
[gps_publisher-4] [INFO] [1743095814.351379602] [drone_home1.gps_publisher]: none
[gps_publisher-4] [INFO] [1743095814.353489241] [drone_home1.gps_publisher]: Updated
[gps_publisher-4] [INFO] [1743095814.401285280] [drone_home1.gps_publisher]: none
[gps_publisher-4] [INFO] [1743095814.403119683] [drone_home1.gps_publisher]: Updated
[gps_publisher-4] [INFO] [1743095814.451365138] [drone_home1.gps_publisher]: none
[gps_publisher-4] [INFO] [1743095814.453213813] [drone_home1.gps_publisher]: Updated
[gps_publisher-4] [INFO] [1743095814.501312290] [drone_home1.gps_publisher]: none
[gps_publisher-4] [INFO] [1743095814.503250279] [drone_home1.gps_publisher]: Updated
[gps_publisher-4] [INFO] [1743095814.551331347] [drone_home1.gps_publisher]: none
[gps_publisher-4] [INFO] [1743095814.553189846] [drone_home1.gps_publisher]: Updated
[gps_publisher-4] [INFO] [1743095814.601369956] [drone_home1.gps_publisher]: none
[gps_publisher-4] [INFO] [1743095814.603934869] [drone_home1.gps_publisher]: Updated
[gps_publisher-4] [INFO] [1743095814.651321748] [drone_home1.gps_publisher]: none
[gps_publisher-4] [INFO] [1743095814.653088661] [drone_home1.gps_publisher]: Updated
[gps_publisher-4] [INFO] [1743095814.701293508] [drone_home1.gps_publisher]: none
[gps_publisher-4] [INFO] [1743095814.703394604] [drone_home1.gps_publisher]: Updated
[gps_publisher-4] [INFO] [1743095814.751307669] [drone_home1.gps_publisher]: none
[gps_publisher-4] [INFO] [1743095814.753073334] [drone_home1.gps_publisher]: Updated
[gps_publisher-4] [INFO] [1743095814.801271045] [drone_home1.gps_publisher]: none
[gps_publisher-4] [INFO] [1743095814.803310155] [drone_home1.gps_publisher]: Updated
[gps_publisher-4] [INFO] [1743095814.851293814] [drone_home1.gps_publisher]: none
[gps_publisher-4] [INFO] [1743095814.853230810] [drone_home1.gps_publisher]: Updated
[gps_publisher-4] [INFO] [1743095814.901256485] [drone_home1.gps_publisher]: none
[gps_publisher-4] [INFO] [1743095814.903319948] [drone_home1.gps_publisher]: Updated
[gps_publisher-4] [INFO] [1743095814.951327927] [drone_home1.gps_publisher]: none
[gps_publisher-4] [INFO] [1743095814.953172890] [drone_home1.gps_publisher]: Updated
[gps_publisher-4] [INFO] [1743095815.001284071] [drone_home1.gps_publisher]: none
[gps_publisher-4] [INFO] [1743095815.003171787] [drone_home1.gps_publisher]: Updated
[gps_publisher-4] [INFO] [1743095815.051330216] [drone_home1.gps_publisher]: none
[gps_publisher-4] [INFO] [1743095815.053164458] [drone_home1.gps_publisher]: Updated
[gps_publisher-4] [INFO] [1743095815.101300776] [drone_home1.gps_publisher]: none
[gps_publisher-4] [INFO] [1743095815.103089705] [drone_home1.gps_publisher]: Updated
[gps_publisher-4] [INFO] [1743095815.151313864] [drone_home1.gps_publisher]: none
[gps_publisher-4] [INFO] [1743095815.153090217] [drone_home1.gps_publisher]: Updated
[gps_publisher-4] [INFO] [1743095815.201247495] [drone_home1.gps_publisher]: none
[gps_publisher-4] [INFO] [1743095815.203011432] [drone_home1.gps_publisher]: Updated
[gps_publisher-4] [INFO] [1743095815.251308072] [drone_home1.gps_publisher]: none
[gps_publisher-4] [INFO] [1743095815.253259340] [drone_home1.gps_publisher]: Updated
[gps_publisher-4] [INFO] [1743095815.301567949] [drone_home1.gps_publisher]: none
[gps_publisher-4] [INFO] [1743095815.304197886] [drone_home1.gps_publisher]: Updated
[gps_publisher-4] [INFO] [1743095815.351368169] [drone_home1.gps_publisher]: none
[gps_publisher-4] [INFO] [1743095815.353601459] [drone_home1.gps_publisher]: Updated
[gps_publisher-4] [INFO] [1743095815.401358057] [drone_home1.gps_publisher]: none
[gps_publisher-4] [INFO] [1743095815.403637940] [drone_home1.gps_publisher]: Updated
[gps_publisher-4] [INFO] [1743095815.451416522] [drone_home1.gps_publisher]: none
[gps_publisher-4] [INFO] [1743095815.454141501] [drone_home1.gps_publisher]: Updated
[gps_publisher-4] [INFO] [1743095815.501310857] [drone_home1.gps_publisher]: none
[gps_publisher-4] [INFO] [1743095815.503189963] [drone_home1.gps_publisher]: Updated
[gps_publisher-4] [INFO] [1743095815.551365834] [drone_home1.gps_publisher]: none
[gps_publisher-4] [INFO] [1743095815.553243948] [drone_home1.gps_publisher]: Updated
[gps_publisher-4] [INFO] [1743095815.601292904] [drone_home1.gps_publisher]: none
[gps_publisher-4] [INFO] [1743095815.603322542] [drone_home1.gps_publisher]: Updated
[gps_publisher-4] [INFO] [1743095815.651551885] [drone_home1.gps_publisher]: none
[gps_publisher-4] [INFO] [1743095815.653887417] [drone_home1.gps_publisher]: Updated
[gps_publisher-4] [INFO] [1743095815.701293288] [drone_home1.gps_publisher]: none
[gps_publisher-4] [INFO] [1743095815.703280845] [drone_home1.gps_publisher]: Updated
[gps_publisher-4] [INFO] [1743095815.751358090] [drone_home1.gps_publisher]: none
[gps_publisher-4] [INFO] [1743095815.753225100] [drone_home1.gps_publisher]: Updated
[gps_publisher-4] [INFO] [1743095815.801278504] [drone_home1.gps_publisher]: none
[gps_publisher-4] [INFO] [1743095815.803153387] [drone_home1.gps_publisher]: Updated
[gps_publisher-4] [INFO] [1743095815.851352522] [drone_home1.gps_publisher]: none
[gps_publisher-4] [INFO] [1743095815.853332206] [drone_home1.gps_publisher]: Updated
[gps_publisher-4] [INFO] [1743095815.901255496] [drone_home1.gps_publisher]: none
[gps_publisher-4] [INFO] [1743095815.903287854] [drone_home1.gps_publisher]: Updated
[gps_publisher-4] [INFO] [1743095815.951330473] [drone_home1.gps_publisher]: none
[gps_publisher-4] [INFO] [1743095815.953176108] [drone_home1.gps_publisher]: Updated
[gps_publisher-4] [INFO] [1743095816.001269384] [drone_home1.gps_publisher]: none
[gps_publisher-4] [INFO] [1743095816.003517682] [drone_home1.gps_publisher]: Updated
[gps_publisher-4] [INFO] [1743095816.051465980] [drone_home1.gps_publisher]: none
[gps_publisher-4] [INFO] [1743095816.053259613] [drone_home1.gps_publisher]: Updated
[gps_publisher-4] [INFO] [1743095816.101374411] [drone_home1.gps_publisher]: none
[gps_publisher-4] [INFO] [1743095816.103665460] [drone_home1.gps_publisher]: Updated
[gps_publisher-4] [INFO] [1743095816.151387899] [drone_home1.gps_publisher]: none
[gps_publisher-4] [INFO] [1743095816.153253437] [drone_home1.gps_publisher]: Updated
[gps_publisher-4] [INFO] [1743095816.201445740] [drone_home1.gps_publisher]: none
[gps_publisher-4] [INFO] [1743095816.203530866] [drone_home1.gps_publisher]: Updated
[gps_publisher-4] [INFO] [1743095816.251329722] [drone_home1.gps_publisher]: none
[gps_publisher-4] [INFO] [1743095816.253087098] [drone_home1.gps_publisher]: Updated
[gps_publisher-4] [INFO] [1743095816.301295594] [drone_home1.gps_publisher]: none
[gps_publisher-4] [INFO] [1743095816.303163308] [drone_home1.gps_publisher]: Updated
[gps_publisher-4] [INFO] [1743095816.351345242] [drone_home1.gps_publisher]: none
[gps_publisher-4] [INFO] [1743095816.353131963] [drone_home1.gps_publisher]: Updated
[gps_publisher-4] [INFO] [1743095816.401651568] [drone_home1.gps_publisher]: none
[gps_publisher-4] [INFO] [1743095816.403739670] [drone_home1.gps_publisher]: Updated
[gps_publisher-4] [INFO] [1743095816.451348699] [drone_home1.gps_publisher]: none
[gps_publisher-4] [INFO] [1743095816.453411392] [drone_home1.gps_publisher]: Updated
[gps_publisher-4] [INFO] [1743095816.501312778] [drone_home1.gps_publisher]: none
[gps_publisher-4] [INFO] [1743095816.505297587] [drone_home1.gps_publisher]: Updated
[gps_publisher-4] [INFO] [1743095816.551746274] [drone_home1.gps_publisher]: none
[gps_publisher-4] [INFO] [1743095816.553714342] [drone_home1.gps_publisher]: Updated
[gps_publisher-4] [INFO] [1743095816.601320874] [drone_home1.gps_publisher]: none
[gps_publisher-4] [INFO] [1743095816.603187148] [drone_home1.gps_publisher]: Updated
[gps_publisher-4] [INFO] [1743095816.651453053] [drone_home1.gps_publisher]: none
[gps_publisher-4] [INFO] [1743095816.653258590] [drone_home1.gps_publisher]: Updated
[gps_publisher-4] [INFO] [1743095816.701314090] [drone_home1.gps_publisher]: none
[gps_publisher-4] [INFO] [1743095816.703228493] [drone_home1.gps_publisher]: Updated
[gps_publisher-4] [INFO] [1743095816.751416476] [drone_home1.gps_publisher]: none
[gps_publisher-4] [INFO] [1743095816.753915242] [drone_home1.gps_publisher]: Updated
[gps_publisher-4] [INFO] [1743095816.801302506] [drone_home1.gps_publisher]: none
[gps_publisher-4] [INFO] [1743095816.803802552] [drone_home1.gps_publisher]: Updated
[gps_publisher-4] [INFO] [1743095816.851368764] [drone_home1.gps_publisher]: none
[gps_publisher-4] [INFO] [1743095816.853569060] [drone_home1.gps_publisher]: Updated
[gps_publisher-4] [INFO] [1743095816.901721906] [drone_home1.gps_publisher]: none
[gps_publisher-4] [INFO] [1743095816.904200191] [drone_home1.gps_publisher]: Updated
[gps_publisher-4] [INFO] [1743095816.951477566] [drone_home1.gps_publisher]: none
[gps_publisher-4] [INFO] [1743095816.954194383] [drone_home1.gps_publisher]: Updated
[gps_publisher-4] [INFO] [1743095817.001337835] [drone_home1.gps_publisher]: none
[gps_publisher-4] [INFO] [1743095817.003589876] [drone_home1.gps_publisher]: Updated
[gps_publisher-4] [INFO] [1743095817.051347596] [drone_home1.gps_publisher]: none
[gps_publisher-4] [INFO] [1743095817.053221902] [drone_home1.gps_publisher]: Updated
[gps_publisher-4] [INFO] [1743095817.101360077] [drone_home1.gps_publisher]: none
[gps_publisher-4] [INFO] [1743095817.103302672] [drone_home1.gps_publisher]: Updated
[gps_publisher-4] [INFO] [1743095817.151361294] [drone_home1.gps_publisher]: none
[gps_publisher-4] [INFO] [1743095817.153257168] [drone_home1.gps_publisher]: Updated
[gps_publisher-4] [INFO] [1743095817.201377711] [drone_home1.gps_publisher]: none
[gps_publisher-4] [INFO] [1743095817.205353174] [drone_home1.gps_publisher]: Updated
[gps_publisher-4] [INFO] [1743095817.251432176] [drone_home1.gps_publisher]: none
[gps_publisher-4] [INFO] [1743095817.253330386] [drone_home1.gps_publisher]: Updated
[gps_publisher-4] [INFO] [1743095817.301330511] [drone_home1.gps_publisher]: none
[gps_publisher-4] [INFO] [1743095817.303148239] [drone_home1.gps_publisher]: Updated
[gps_publisher-4] [INFO] [1743095817.351385328] [drone_home1.gps_publisher]: none
[gps_publisher-4] [INFO] [1743095817.353674649] [drone_home1.gps_publisher]: Updated
[gps_publisher-4] [INFO] [1743095817.401426610] [drone_home1.gps_publisher]: none
[gps_publisher-4] [INFO] [1743095817.403398613] [drone_home1.gps_publisher]: Updated
[gps_publisher-4] [INFO] [1743095817.451366385] [drone_home1.gps_publisher]: none
[gps_publisher-4] [INFO] [1743095817.453260435] [drone_home1.gps_publisher]: Updated
[gps_publisher-4] [INFO] [1743095817.501309489] [drone_home1.gps_publisher]: none
[gps_publisher-4] [INFO] [1743095817.503116433] [drone_home1.gps_publisher]: Updated
[gps_publisher-4] [INFO] [1743095817.551374258] [drone_home1.gps_publisher]: none
[gps_publisher-4] [INFO] [1743095817.553194323] [drone_home1.gps_publisher]: Updated
[gps_publisher-4] [INFO] [1743095817.601296210] [drone_home1.gps_publisher]: none
[gps_publisher-4] [INFO] [1743095817.603072914] [drone_home1.gps_publisher]: Updated
[gps_publisher-4] [INFO] [1743095817.651350131] [drone_home1.gps_publisher]: none
[gps_publisher-4] [INFO] [1743095817.653322935] [drone_home1.gps_publisher]: Updated
[gps_publisher-4] [INFO] [1743095817.701293395] [drone_home1.gps_publisher]: none
[gps_publisher-4] [INFO] [1743095817.703099219] [drone_home1.gps_publisher]: Updated
[gps_publisher-4] [INFO] [1743095817.751378197] [drone_home1.gps_publisher]: none
[gps_publisher-4] [INFO] [1743095817.753306007] [drone_home1.gps_publisher]: Updated
[gps_publisher-4] [INFO] [1743095817.801292404] [drone_home1.gps_publisher]: none
[gps_publisher-4] [INFO] [1743095817.803144725] [drone_home1.gps_publisher]: Updated
[gps_publisher-4] [INFO] [1743095817.851703964] [drone_home1.gps_publisher]: none
[gps_publisher-4] [INFO] [1743095817.854457837] [drone_home1.gps_publisher]: Updated
[gps_publisher-4] [INFO] [1743095817.901263349] [drone_home1.gps_publisher]: none
[gps_publisher-4] [INFO] [1743095817.903470588] [drone_home1.gps_publisher]: Updated
[gps_publisher-4] [INFO] [1743095817.951481369] [drone_home1.gps_publisher]: none
[gps_publisher-4] [INFO] [1743095817.953423932] [drone_home1.gps_publisher]: Updated
[gps_publisher-4] [INFO] [1743095818.001303670] [drone_home1.gps_publisher]: none
[gps_publisher-4] [INFO] [1743095818.003229689] [drone_home1.gps_publisher]: Updated
[gps_publisher-4] [INFO] [1743095818.051313832] [drone_home1.gps_publisher]: none
[gps_publisher-4] [INFO] [1743095818.053416366] [drone_home1.gps_publisher]: Updated
[gps_publisher-4] [INFO] [1743095818.101297146] [drone_home1.gps_publisher]: none
[gps_publisher-4] [INFO] [1743095818.103527809] [drone_home1.gps_publisher]: Updated
[gps_publisher-4] [INFO] [1743095818.151312076] [drone_home1.gps_publisher]: none
[gps_publisher-4] [INFO] [1743095818.153309295] [drone_home1.gps_publisher]: Updated
[gps_publisher-4] [INFO] [1743095818.201488736] [drone_home1.gps_publisher]: none
[gps_publisher-4] [INFO] [1743095818.203610118] [drone_home1.gps_publisher]: Updated
[gps_publisher-4] [INFO] [1743095818.251456561] [drone_home1.gps_publisher]: none
[gps_publisher-4] [INFO] [1743095818.253570967] [drone_home1.gps_publisher]: Updated
[gps_publisher-4] [INFO] [1743095818.301303744] [drone_home1.gps_publisher]: none
[gps_publisher-4] [INFO] [1743095818.303435910] [drone_home1.gps_publisher]: Updated
[gps_publisher-4] [INFO] [1743095818.351339858] [drone_home1.gps_publisher]: none
[gps_publisher-4] [INFO] [1743095818.353319957] [drone_home1.gps_publisher]: Updated
[gps_publisher-4] [INFO] [1743095818.401291427] [drone_home1.gps_publisher]: none
[gps_publisher-4] [INFO] [1743095818.403195653] [drone_home1.gps_publisher]: Updated
[gps_publisher-4] [INFO] [1743095818.451307253] [drone_home1.gps_publisher]: none
[gps_publisher-4] [INFO] [1743095818.453210934] [drone_home1.gps_publisher]: Updated
[gps_publisher-4] [INFO] [1743095818.501295462] [drone_home1.gps_publisher]: none
[gps_publisher-4] [INFO] [1743095818.503141415] [drone_home1.gps_publisher]: Updated
[gps_publisher-4] [INFO] [1743095818.551381209] [drone_home1.gps_publisher]: none
[gps_publisher-4] [INFO] [1743095818.553312987] [drone_home1.gps_publisher]: Updated
[gps_publisher-4] [INFO] [1743095818.601314666] [drone_home1.gps_publisher]: none
[gps_publisher-4] [INFO] [1743095818.603132234] [drone_home1.gps_publisher]: Updated
[gps_publisher-4] [INFO] [1743095818.651334556] [drone_home1.gps_publisher]: none
[gps_publisher-4] [INFO] [1743095818.653487650] [drone_home1.gps_publisher]: Updated
[gps_publisher-4] [INFO] [1743095818.701298125] [drone_home1.gps_publisher]: none
[gps_publisher-4] [INFO] [1743095818.703128461] [drone_home1.gps_publisher]: Updated
[gps_publisher-4] [INFO] [1743095818.751328287] [drone_home1.gps_publisher]: none
[gps_publisher-4] [INFO] [1743095818.753167487] [drone_home1.gps_publisher]: Updated
[gps_publisher-4] [INFO] [1743095818.801298480] [drone_home1.gps_publisher]: none
[gps_publisher-4] [INFO] [1743095818.803361684] [drone_home1.gps_publisher]: Updated
[gps_publisher-4] [INFO] [1743095818.851422755] [drone_home1.gps_publisher]: none
[gps_publisher-4] [INFO] [1743095818.853232995] [drone_home1.gps_publisher]: Updated
[gps_publisher-4] [INFO] [1743095818.901273394] [drone_home1.gps_publisher]: none
[gps_publisher-4] [INFO] [1743095818.903062674] [drone_home1.gps_publisher]: Updated
[gps_publisher-4] [INFO] [1743095818.951309701] [drone_home1.gps_publisher]: none
[gps_publisher-4] [INFO] [1743095818.953110916] [drone_home1.gps_publisher]: Updated
[gps_publisher-4] [INFO] [1743095819.001299638] [drone_home1.gps_publisher]: none
[gps_publisher-4] [INFO] [1743095819.003131606] [drone_home1.gps_publisher]: Updated
[gps_publisher-4] [INFO] [1743095819.051311385] [drone_home1.gps_publisher]: none
[gps_publisher-4] [INFO] [1743095819.053159290] [drone_home1.gps_publisher]: Updated
[gps_publisher-4] [INFO] [1743095819.101382494] [drone_home1.gps_publisher]: none
[gps_publisher-4] [INFO] [1743095819.103448354] [drone_home1.gps_publisher]: Updated
[gps_publisher-4] [INFO] [1743095819.151596708] [drone_home1.gps_publisher]: none
[gps_publisher-4] [INFO] [1743095819.154076271] [drone_home1.gps_publisher]: Updated
[gps_publisher-4] [INFO] [1743095819.201274946] [drone_home1.gps_publisher]: none
[gps_publisher-4] [INFO] [1743095819.203060481] [drone_home1.gps_publisher]: Updated
[gps_publisher-4] [INFO] [1743095819.251358694] [drone_home1.gps_publisher]: none
[gps_publisher-4] [INFO] [1743095819.253458763] [drone_home1.gps_publisher]: Updated
[gps_publisher-4] [INFO] [1743095819.301305129] [drone_home1.gps_publisher]: none
[gps_publisher-4] [INFO] [1743095819.303264875] [drone_home1.gps_publisher]: Updated
[gps_publisher-4] [INFO] [1743095819.351435822] [drone_home1.gps_publisher]: none
[gps_publisher-4] [INFO] [1743095819.353405776] [drone_home1.gps_publisher]: Updated
[gps_publisher-4] [INFO] [1743095819.401382480] [drone_home1.gps_publisher]: none
[gps_publisher-4] [INFO] [1743095819.403276529] [drone_home1.gps_publisher]: Updated
[gps_publisher-4] [INFO] [1743095819.451369299] [drone_home1.gps_publisher]: none
[gps_publisher-4] [INFO] [1743095819.453353493] [drone_home1.gps_publisher]: Updated
[gps_publisher-4] [INFO] [1743095819.501362934] [drone_home1.gps_publisher]: none
[gps_publisher-4] [INFO] [1743095819.503444698] [drone_home1.gps_publisher]: Updated
[gps_publisher-4] [INFO] [1743095819.551350808] [drone_home1.gps_publisher]: none
[gps_publisher-4] [INFO] [1743095819.553382748] [drone_home1.gps_publisher]: Updated
[gps_publisher-4] [INFO] [1743095819.601319643] [drone_home1.gps_publisher]: none
[gps_publisher-4] [INFO] [1743095819.603212860] [drone_home1.gps_publisher]: Updated
[gps_publisher-4] [INFO] [1743095819.651336798] [drone_home1.gps_publisher]: none
[gps_publisher-4] [INFO] [1743095819.653797001] [drone_home1.gps_publisher]: Updated
[gps_publisher-4] [INFO] [1743095819.701289088] [drone_home1.gps_publisher]: none
[gps_publisher-4] [INFO] [1743095819.703187457] [drone_home1.gps_publisher]: Updated
[gps_publisher-4] [INFO] [1743095819.751312356] [drone_home1.gps_publisher]: none
[gps_publisher-4] [INFO] [1743095819.753195845] [drone_home1.gps_publisher]: Updated
[gps_publisher-4] [INFO] [1743095819.801272614] [drone_home1.gps_publisher]: none
[gps_publisher-4] [INFO] [1743095819.803159303] [drone_home1.gps_publisher]: Updated
[gps_publisher-4] [INFO] [1743095819.851392779] [drone_home1.gps_publisher]: none
[gps_publisher-4] [INFO] [1743095819.853230699] [drone_home1.gps_publisher]: Updated
[gps_publisher-4] [INFO] [1743095819.901250060] [drone_home1.gps_publisher]: none
[gps_publisher-4] [INFO] [1743095819.903062923] [drone_home1.gps_publisher]: Updated
[gps_publisher-4] [INFO] [1743095819.951459283] [drone_home1.gps_publisher]: none
[gps_publisher-4] [INFO] [1743095819.954770028] [drone_home1.gps_publisher]: Updated
[gps_publisher-4] [INFO] [1743095820.001845852] [drone_home1.gps_publisher]: none
[gps_publisher-4] [INFO] [1743095820.004943889] [drone_home1.gps_publisher]: Updated
[gps_publisher-4] [INFO] [1743095820.051871954] [drone_home1.gps_publisher]: none
[gps_publisher-4] [INFO] [1743095820.055016551] [drone_home1.gps_publisher]: Updated
[gps_publisher-4] [INFO] [1743095820.102019561] [drone_home1.gps_publisher]: none
[gps_publisher-4] [INFO] [1743095820.107904430] [drone_home1.gps_publisher]: Updated
[gps_publisher-4] [INFO] [1743095820.152060799] [drone_home1.gps_publisher]: none
[gps_publisher-4] [INFO] [1743095820.155241365] [drone_home1.gps_publisher]: Updated
[gps_publisher-4] [INFO] [1743095820.202016595] [drone_home1.gps_publisher]: none
[gps_publisher-4] [INFO] [1743095820.206055320] [drone_home1.gps_publisher]: Updated
[gps_publisher-4] [INFO] [1743095820.251335292] [drone_home1.gps_publisher]: none
[gps_publisher-4] [INFO] [1743095820.253118843] [drone_home1.gps_publisher]: Updated
[gps_publisher-4] [INFO] [1743095820.301270896] [drone_home1.gps_publisher]: none
[gps_publisher-4] [INFO] [1743095820.303533815] [drone_home1.gps_publisher]: Updated
[gps_publisher-4] [INFO] [1743095820.351346983] [drone_home1.gps_publisher]: none
[gps_publisher-4] [INFO] [1743095820.353399050] [drone_home1.gps_publisher]: Updated
[gps_publisher-4] [INFO] [1743095820.401352540] [drone_home1.gps_publisher]: none
[gps_publisher-4] [INFO] [1743095820.403401823] [drone_home1.gps_publisher]: Updated
[gps_publisher-4] [INFO] [1743095820.451476883] [drone_home1.gps_publisher]: none
[gps_publisher-4] [INFO] [1743095820.453791962] [drone_home1.gps_publisher]: Updated
[gps_publisher-4] [INFO] [1743095820.501310661] [drone_home1.gps_publisher]: none
[gps_publisher-4] [INFO] [1743095820.503191013] [drone_home1.gps_publisher]: Updated
[gps_publisher-4] [INFO] [1743095820.551342298] [drone_home1.gps_publisher]: none
[gps_publisher-4] [INFO] [1743095820.553203258] [drone_home1.gps_publisher]: Updated
[gps_publisher-4] [INFO] [1743095820.601365392] [drone_home1.gps_publisher]: none
[gps_publisher-4] [INFO] [1743095820.603607350] [drone_home1.gps_publisher]: Updated
[gps_publisher-4] [INFO] [1743095820.651365413] [drone_home1.gps_publisher]: none
[gps_publisher-4] [INFO] [1743095820.653272741] [drone_home1.gps_publisher]: Updated
[gps_publisher-4] [INFO] [1743095820.701290680] [drone_home1.gps_publisher]: none
[gps_publisher-4] [INFO] [1743095820.703153528] [drone_home1.gps_publisher]: Updated
[gps_publisher-4] [INFO] [1743095820.751312462] [drone_home1.gps_publisher]: none
[gps_publisher-4] [INFO] [1743095820.753115276] [drone_home1.gps_publisher]: Updated
[gps_publisher-4] [INFO] [1743095820.801262082] [drone_home1.gps_publisher]: none
[gps_publisher-4] [INFO] [1743095820.803208419] [drone_home1.gps_publisher]: Updated
[gps_publisher-4] [INFO] [1743095820.851290743] [drone_home1.gps_publisher]: none
[gps_publisher-4] [INFO] [1743095820.853252185] [drone_home1.gps_publisher]: Updated
[gps_publisher-4] [INFO] [1743095820.901288268] [drone_home1.gps_publisher]: none
[gps_publisher-4] [INFO] [1743095820.903185292] [drone_home1.gps_publisher]: Updated
[gps_publisher-4] [INFO] [1743095820.951512613] [drone_home1.gps_publisher]: none
[gps_publisher-4] [INFO] [1743095820.953672554] [drone_home1.gps_publisher]: Updated
[gps_publisher-4] [INFO] [1743095821.001809727] [drone_home1.gps_publisher]: none
[gps_publisher-4] [INFO] [1743095821.004341929] [drone_home1.gps_publisher]: Updated
[gps_publisher-4] [INFO] [1743095821.051532354] [drone_home1.gps_publisher]: none
[gps_publisher-4] [INFO] [1743095821.053843016] [drone_home1.gps_publisher]: Updated
[gps_publisher-4] [INFO] [1743095821.101502088] [drone_home1.gps_publisher]: none
[gps_publisher-4] [INFO] [1743095821.103639180] [drone_home1.gps_publisher]: Updated
[gps_publisher-4] [INFO] [1743095821.151592977] [drone_home1.gps_publisher]: none
[gps_publisher-4] [INFO] [1743095821.154355552] [drone_home1.gps_publisher]: Updated
[gps_publisher-4] [INFO] [1743095821.201282643] [drone_home1.gps_publisher]: none
[gps_publisher-4] [INFO] [1743095821.203106482] [drone_home1.gps_publisher]: Updated
[gps_publisher-4] [INFO] [1743095821.251403133] [drone_home1.gps_publisher]: none
[gps_publisher-4] [INFO] [1743095821.253485280] [drone_home1.gps_publisher]: Updated
[gps_publisher-4] [INFO] [1743095821.301394596] [drone_home1.gps_publisher]: none
[gps_publisher-4] [INFO] [1743095821.303438662] [drone_home1.gps_publisher]: Updated
[gps_publisher-4] [INFO] [1743095821.351486189] [drone_home1.gps_publisher]: none
[gps_publisher-4] [INFO] [1743095821.353705394] [drone_home1.gps_publisher]: Updated
[gps_publisher-4] [INFO] [1743095821.401403154] [drone_home1.gps_publisher]: none
[gps_publisher-4] [INFO] [1743095821.403393908] [drone_home1.gps_publisher]: Updated
[gps_publisher-4] [INFO] [1743095821.451842817] [drone_home1.gps_publisher]: none
[gps_publisher-4] [INFO] [1743095821.454584847] [drone_home1.gps_publisher]: Updated
[gps_publisher-4] [INFO] [1743095821.501702278] [drone_home1.gps_publisher]: none
[gps_publisher-4] [INFO] [1743095821.504342322] [drone_home1.gps_publisher]: Updated
[gps_publisher-4] [INFO] [1743095821.551888753] [drone_home1.gps_publisher]: none
[gps_publisher-4] [INFO] [1743095821.555084326] [drone_home1.gps_publisher]: Updated
[gps_publisher-4] [INFO] [1743095821.601695541] [drone_home1.gps_publisher]: none
[gps_publisher-4] [INFO] [1743095821.604620742] [drone_home1.gps_publisher]: Updated
[gps_publisher-4] [INFO] [1743095821.652161124] [drone_home1.gps_publisher]: none
[gps_publisher-4] [INFO] [1743095821.655381722] [drone_home1.gps_publisher]: Updated
[gps_publisher-4] [INFO] [1743095821.702053097] [drone_home1.gps_publisher]: none
[gps_publisher-4] [INFO] [1743095821.705367617] [drone_home1.gps_publisher]: Updated
[gps_publisher-4] [INFO] [1743095821.752048848] [drone_home1.gps_publisher]: none
[gps_publisher-4] [INFO] [1743095821.755872849] [drone_home1.gps_publisher]: Updated
[gps_publisher-4] [INFO] [1743095821.801250986] [drone_home1.gps_publisher]: none
[gps_publisher-4] [INFO] [1743095821.803406447] [drone_home1.gps_publisher]: Updated
[gps_publisher-4] [INFO] [1743095821.851377620] [drone_home1.gps_publisher]: none
[gps_publisher-4] [INFO] [1743095821.853386613] [drone_home1.gps_publisher]: Updated
[gps_publisher-4] [INFO] [1743095821.902018822] [drone_home1.gps_publisher]: none
[gps_publisher-4] [INFO] [1743095821.904886422] [drone_home1.gps_publisher]: Updated
[gps_publisher-4] [INFO] [1743095821.951980076] [drone_home1.gps_publisher]: none
[gps_publisher-4] [INFO] [1743095821.955529128] [drone_home1.gps_publisher]: Updated
[gps_publisher-4] [INFO] [1743095822.001275976] [drone_home1.gps_publisher]: none
[gps_publisher-4] [INFO] [1743095822.003234697] [drone_home1.gps_publisher]: Updated
[gps_publisher-4] [INFO] [1743095822.051237058] [drone_home1.gps_publisher]: none
[gps_publisher-4] [INFO] [1743095822.052994495] [drone_home1.gps_publisher]: Updated
[gps_publisher-4] [INFO] [1743095822.101342590] [drone_home1.gps_publisher]: none
[gps_publisher-4] [INFO] [1743095822.103607683] [drone_home1.gps_publisher]: Updated
[gps_publisher-4] [INFO] [1743095822.152034787] [drone_home1.gps_publisher]: none
[gps_publisher-4] [INFO] [1743095822.155324121] [drone_home1.gps_publisher]: Updated
[gps_publisher-4] [INFO] [1743095822.201952732] [drone_home1.gps_publisher]: none
[gps_publisher-4] [INFO] [1743095822.205210706] [drone_home1.gps_publisher]: Updated
[gps_publisher-4] [INFO] [1743095822.251896981] [drone_home1.gps_publisher]: none
[gps_publisher-4] [INFO] [1743095822.255261325] [drone_home1.gps_publisher]: Updated
[gps_publisher-4] [INFO] [1743095822.301360518] [drone_home1.gps_publisher]: none
[gps_publisher-4] [INFO] [1743095822.303342759] [drone_home1.gps_publisher]: Updated
[gps_publisher-4] [INFO] [1743095822.351707302] [drone_home1.gps_publisher]: none
[gps_publisher-4] [INFO] [1743095822.354524629] [drone_home1.gps_publisher]: Updated
[gps_publisher-4] [INFO] [1743095822.402028869] [drone_home1.gps_publisher]: none
[gps_publisher-4] [INFO] [1743095822.405215386] [drone_home1.gps_publisher]: Updated
[gps_publisher-4] [INFO] [1743095822.452064064] [drone_home1.gps_publisher]: none
[gps_publisher-4] [INFO] [1743095822.455411831] [drone_home1.gps_publisher]: Updated
[gps_publisher-4] [INFO] [1743095822.502089243] [drone_home1.gps_publisher]: none
[gps_publisher-4] [INFO] [1743095822.505370545] [drone_home1.gps_publisher]: Updated
[gps_publisher-4] [INFO] [1743095822.552076084] [drone_home1.gps_publisher]: none
[gps_publisher-4] [INFO] [1743095822.555508749] [drone_home1.gps_publisher]: Updated
[gps_publisher-4] [INFO] [1743095822.601263329] [drone_home1.gps_publisher]: none
[gps_publisher-4] [INFO] [1743095822.603726826] [drone_home1.gps_publisher]: Updated
[gps_publisher-4] [INFO] [1743095822.651357565] [drone_home1.gps_publisher]: none
[gps_publisher-4] [INFO] [1743095822.653333853] [drone_home1.gps_publisher]: Updated
[gps_publisher-4] [INFO] [1743095822.702019138] [drone_home1.gps_publisher]: none
[gps_publisher-4] [INFO] [1743095822.705242583] [drone_home1.gps_publisher]: Updated
[gps_publisher-4] [INFO] [1743095822.751549460] [drone_home1.gps_publisher]: none
[gps_publisher-4] [INFO] [1743095822.753771129] [drone_home1.gps_publisher]: Updated
[gps_publisher-4] [INFO] [1743095822.801806130] [drone_home1.gps_publisher]: none
[gps_publisher-4] [INFO] [1743095822.803739794] [drone_home1.gps_publisher]: Updated
[gps_publisher-4] [INFO] [1743095822.851748171] [drone_home1.gps_publisher]: none
[gps_publisher-4] [INFO] [1743095822.854854559] [drone_home1.gps_publisher]: Updated
[gps_publisher-4] [INFO] [1743095822.901704293] [drone_home1.gps_publisher]: none
[gps_publisher-4] [INFO] [1743095822.904522643] [drone_home1.gps_publisher]: Updated
[gps_publisher-4] [INFO] [1743095822.952088901] [drone_home1.gps_publisher]: none
[gps_publisher-4] [INFO] [1743095822.955425660] [drone_home1.gps_publisher]: Updated
[gps_publisher-4] [INFO] [1743095823.001994654] [drone_home1.gps_publisher]: none
[gps_publisher-4] [INFO] [1743095823.005135633] [drone_home1.gps_publisher]: Updated
[gps_publisher-4] [INFO] [1743095823.052052972] [drone_home1.gps_publisher]: none
[gps_publisher-4] [INFO] [1743095823.055767785] [drone_home1.gps_publisher]: Updated
[gps_publisher-4] [INFO] [1743095823.101984216] [drone_home1.gps_publisher]: none
[gps_publisher-4] [INFO] [1743095823.104768390] [drone_home1.gps_publisher]: Updated
[gps_publisher-4] [INFO] [1743095823.151577471] [drone_home1.gps_publisher]: none
[gps_publisher-4] [INFO] [1743095823.153901349] [drone_home1.gps_publisher]: Updated
[gps_publisher-4] [INFO] [1743095823.201370793] [drone_home1.gps_publisher]: none
[gps_publisher-4] [INFO] [1743095823.203783984] [drone_home1.gps_publisher]: Updated
[gps_publisher-4] [INFO] [1743095823.251461688] [drone_home1.gps_publisher]: none
[gps_publisher-4] [INFO] [1743095823.253636059] [drone_home1.gps_publisher]: Updated
[gps_publisher-4] [INFO] [1743095823.301528038] [drone_home1.gps_publisher]: none
[gps_publisher-4] [INFO] [1743095823.303442885] [drone_home1.gps_publisher]: Updated
[gps_publisher-4] [INFO] [1743095823.351239311] [drone_home1.gps_publisher]: none
[gps_publisher-4] [INFO] [1743095823.353000107] [drone_home1.gps_publisher]: Updated
[gps_publisher-4] [INFO] [1743095823.401276124] [drone_home1.gps_publisher]: none
[gps_publisher-4] [INFO] [1743095823.403528545] [drone_home1.gps_publisher]: Updated
[gps_publisher-4] [INFO] [1743095823.451671440] [drone_home1.gps_publisher]: none
[gps_publisher-4] [INFO] [1743095823.454457629] [drone_home1.gps_publisher]: Updated
[gps_publisher-4] [INFO] [1743095823.501433178] [drone_home1.gps_publisher]: none
[gps_publisher-4] [INFO] [1743095823.503506619] [drone_home1.gps_publisher]: Updated
[gps_publisher-4] [INFO] [1743095823.551384198] [drone_home1.gps_publisher]: none
[gps_publisher-4] [INFO] [1743095823.553297733] [drone_home1.gps_publisher]: Updated
[gps_publisher-4] [INFO] [1743095823.601324146] [drone_home1.gps_publisher]: none
[gps_publisher-4] [INFO] [1743095823.603187473] [drone_home1.gps_publisher]: Updated
[gps_publisher-4] [INFO] [1743095823.651307007] [drone_home1.gps_publisher]: none
[gps_publisher-4] [INFO] [1743095823.653053308] [drone_home1.gps_publisher]: Updated
[gps_publisher-4] [INFO] [1743095823.701531280] [drone_home1.gps_publisher]: none
[gps_publisher-4] [INFO] [1743095823.704425599] [drone_home1.gps_publisher]: Updated
[gps_publisher-4] [INFO] [1743095823.751365339] [drone_home1.gps_publisher]: none
[gps_publisher-4] [INFO] [1743095823.753234521] [drone_home1.gps_publisher]: Updated
[gps_publisher-4] [INFO] [1743095823.801342056] [drone_home1.gps_publisher]: none
[gps_publisher-4] [INFO] [1743095823.803259271] [drone_home1.gps_publisher]: Updated
[gps_publisher-4] [INFO] [1743095823.851368469] [drone_home1.gps_publisher]: none
[gps_publisher-4] [INFO] [1743095823.853295509] [drone_home1.gps_publisher]: Updated
[gps_publisher-4] [INFO] [1743095823.901319042] [drone_home1.gps_publisher]: none
[gps_publisher-4] [INFO] [1743095823.903182880] [drone_home1.gps_publisher]: Updated
[gps_publisher-4] [INFO] [1743095823.951345424] [drone_home1.gps_publisher]: none
[gps_publisher-4] [INFO] [1743095823.953238286] [drone_home1.gps_publisher]: Updated
[gps_publisher-4] [INFO] [1743095824.001764964] [drone_home1.gps_publisher]: none
[gps_publisher-4] [INFO] [1743095824.004704307] [drone_home1.gps_publisher]: Updated
[gps_publisher-4] [INFO] [1743095824.052276429] [drone_home1.gps_publisher]: none
[gps_publisher-4] [INFO] [1743095824.055533601] [drone_home1.gps_publisher]: Updated
[gps_publisher-4] [INFO] [1743095824.101374847] [drone_home1.gps_publisher]: none
[gps_publisher-4] [INFO] [1743095824.103638244] [drone_home1.gps_publisher]: Updated
[gps_publisher-4] [INFO] [1743095824.152094828] [drone_home1.gps_publisher]: none
[gps_publisher-4] [INFO] [1743095824.155380864] [drone_home1.gps_publisher]: Updated
[gps_publisher-4] [INFO] [1743095824.202129805] [drone_home1.gps_publisher]: none
[gps_publisher-4] [INFO] [1743095824.205751623] [drone_home1.gps_publisher]: Updated
[gps_publisher-4] [INFO] [1743095824.251414595] [drone_home1.gps_publisher]: none
[gps_publisher-4] [INFO] [1743095824.253797577] [drone_home1.gps_publisher]: Updated
[gps_publisher-4] [INFO] [1743095824.301422020] [drone_home1.gps_publisher]: none
[gps_publisher-4] [INFO] [1743095824.303911148] [drone_home1.gps_publisher]: Updated
[gps_publisher-4] [INFO] [1743095824.351378052] [drone_home1.gps_publisher]: none
[gps_publisher-4] [INFO] [1743095824.353297795] [drone_home1.gps_publisher]: Updated
[gps_publisher-4] [INFO] [1743095824.401287331] [drone_home1.gps_publisher]: none
[gps_publisher-4] [INFO] [1743095824.403183394] [drone_home1.gps_publisher]: Updated
[gps_publisher-4] [INFO] [1743095824.451386854] [drone_home1.gps_publisher]: none
[gps_publisher-4] [INFO] [1743095824.453145858] [drone_home1.gps_publisher]: Updated
[gps_publisher-4] [INFO] [1743095824.501387367] [drone_home1.gps_publisher]: none
[gps_publisher-4] [INFO] [1743095824.503662251] [drone_home1.gps_publisher]: Updated
[gps_publisher-4] [INFO] [1743095824.551256357] [drone_home1.gps_publisher]: none
[gps_publisher-4] [INFO] [1743095824.554017906] [drone_home1.gps_publisher]: Updated
[gps_publisher-4] [INFO] [1743095824.601838800] [drone_home1.gps_publisher]: none
[gps_publisher-4] [INFO] [1743095824.604938785] [drone_home1.gps_publisher]: Updated
[gps_publisher-4] [INFO] [1743095824.651840880] [drone_home1.gps_publisher]: none
[gps_publisher-4] [INFO] [1743095824.655001219] [drone_home1.gps_publisher]: Updated
[gps_publisher-4] [INFO] [1743095824.701981908] [drone_home1.gps_publisher]: none
[gps_publisher-4] [INFO] [1743095824.705222152] [drone_home1.gps_publisher]: Updated
[gps_publisher-4] [INFO] [1743095824.751942868] [drone_home1.gps_publisher]: none
[gps_publisher-4] [INFO] [1743095824.755110599] [drone_home1.gps_publisher]: Updated
[gps_publisher-4] [INFO] [1743095824.801894452] [drone_home1.gps_publisher]: none
[gps_publisher-4] [INFO] [1743095824.805008774] [drone_home1.gps_publisher]: Updated
[gps_publisher-4] [INFO] [1743095824.851839732] [drone_home1.gps_publisher]: none
[gps_publisher-4] [INFO] [1743095824.854995431] [drone_home1.gps_publisher]: Updated
[gps_publisher-4] [INFO] [1743095824.901861333] [drone_home1.gps_publisher]: none
[gps_publisher-4] [INFO] [1743095824.905220587] [drone_home1.gps_publisher]: Updated
[gps_publisher-4] [INFO] [1743095824.952006904] [drone_home1.gps_publisher]: none
[gps_publisher-4] [INFO] [1743095824.955368942] [drone_home1.gps_publisher]: Updated
[gps_publisher-4] [INFO] [1743095825.001876343] [drone_home1.gps_publisher]: none
[gps_publisher-4] [INFO] [1743095825.005014825] [drone_home1.gps_publisher]: Updated
[gps_publisher-4] [INFO] [1743095825.051879788] [drone_home1.gps_publisher]: none
[gps_publisher-4] [INFO] [1743095825.055163904] [drone_home1.gps_publisher]: Updated
[gps_publisher-4] [INFO] [1743095825.101847585] [drone_home1.gps_publisher]: none
[gps_publisher-4] [INFO] [1743095825.105063571] [drone_home1.gps_publisher]: Updated
[gps_publisher-4] [INFO] [1743095825.151906742] [drone_home1.gps_publisher]: none
[gps_publisher-4] [INFO] [1743095825.155061416] [drone_home1.gps_publisher]: Updated
[gps_publisher-4] [INFO] [1743095825.201949772] [drone_home1.gps_publisher]: none
[gps_publisher-4] [INFO] [1743095825.205073725] [drone_home1.gps_publisher]: Updated
[gps_publisher-4] [INFO] [1743095825.251930912] [drone_home1.gps_publisher]: none
[gps_publisher-4] [INFO] [1743095825.255092434] [drone_home1.gps_publisher]: Updated
[gps_publisher-4] [INFO] [1743095825.301514831] [drone_home1.gps_publisher]: none
[gps_publisher-4] [INFO] [1743095825.304539934] [drone_home1.gps_publisher]: Updated
[gps_publisher-4] [INFO] [1743095825.351812552] [drone_home1.gps_publisher]: none
[gps_publisher-4] [INFO] [1743095825.354962682] [drone_home1.gps_publisher]: Updated
[gps_publisher-4] [INFO] [1743095825.401660667] [drone_home1.gps_publisher]: none
[gps_publisher-4] [INFO] [1743095825.404716459] [drone_home1.gps_publisher]: Updated
[gps_publisher-4] [INFO] [1743095825.451806386] [drone_home1.gps_publisher]: none
[gps_publisher-4] [INFO] [1743095825.454933155] [drone_home1.gps_publisher]: Updated
[gps_publisher-4] [INFO] [1743095825.501665093] [drone_home1.gps_publisher]: none
[gps_publisher-4] [INFO] [1743095825.504873143] [drone_home1.gps_publisher]: Updated
[gps_publisher-4] [INFO] [1743095825.551804540] [drone_home1.gps_publisher]: none
[gps_publisher-4] [INFO] [1743095825.554953581] [drone_home1.gps_publisher]: Updated
[gps_publisher-4] [INFO] [1743095825.601282248] [drone_home1.gps_publisher]: none
[gps_publisher-4] [INFO] [1743095825.603752847] [drone_home1.gps_publisher]: Updated
[gps_publisher-4] [INFO] [1743095825.652002088] [drone_home1.gps_publisher]: none
[gps_publisher-4] [INFO] [1743095825.655211771] [drone_home1.gps_publisher]: Updated
[gps_publisher-4] [INFO] [1743095825.701810490] [drone_home1.gps_publisher]: none
[gps_publisher-4] [INFO] [1743095825.704841546] [drone_home1.gps_publisher]: Updated
[gps_publisher-4] [INFO] [1743095825.751898161] [drone_home1.gps_publisher]: none
[gps_publisher-4] [INFO] [1743095825.755165476] [drone_home1.gps_publisher]: Updated
[gps_publisher-4] [INFO] [1743095825.801889317] [drone_home1.gps_publisher]: none
[gps_publisher-4] [INFO] [1743095825.804999126] [drone_home1.gps_publisher]: Updated
[gps_publisher-4] [INFO] [1743095825.851906618] [drone_home1.gps_publisher]: none
[gps_publisher-4] [INFO] [1743095825.855027756] [drone_home1.gps_publisher]: Updated
[gps_publisher-4] [INFO] [1743095825.901935120] [drone_home1.gps_publisher]: none
[gps_publisher-4] [INFO] [1743095825.905065473] [drone_home1.gps_publisher]: Updated
[gps_publisher-4] [INFO] [1743095825.951819779] [drone_home1.gps_publisher]: none
[gps_publisher-4] [INFO] [1743095825.954955316] [drone_home1.gps_publisher]: Updated
[gps_publisher-4] [INFO] [1743095826.002007931] [drone_home1.gps_publisher]: none
[gps_publisher-4] [INFO] [1743095826.005150187] [drone_home1.gps_publisher]: Updated
[gps_publisher-4] [INFO] [1743095826.052014564] [drone_home1.gps_publisher]: none
[gps_publisher-4] [INFO] [1743095826.055207094] [drone_home1.gps_publisher]: Updated
[gps_publisher-4] [INFO] [1743095826.102025581] [drone_home1.gps_publisher]: none
[gps_publisher-4] [INFO] [1743095826.105520676] [drone_home1.gps_publisher]: Updated
[gps_publisher-4] [INFO] [1743095826.151968950] [drone_home1.gps_publisher]: none
[gps_publisher-4] [INFO] [1743095826.155086886] [drone_home1.gps_publisher]: Updated
[gps_publisher-4] [INFO] [1743095826.201953119] [drone_home1.gps_publisher]: none
[gps_publisher-4] [INFO] [1743095826.205079791] [drone_home1.gps_publisher]: Updated
[gps_publisher-4] [INFO] [1743095826.251520257] [drone_home1.gps_publisher]: none
[gps_publisher-4] [INFO] [1743095826.254653138] [drone_home1.gps_publisher]: Updated
[gps_publisher-4] [INFO] [1743095826.301305319] [drone_home1.gps_publisher]: none
[gps_publisher-4] [INFO] [1743095826.303290534] [drone_home1.gps_publisher]: Updated
[gps_publisher-4] [INFO] [1743095826.352088252] [drone_home1.gps_publisher]: none
[gps_publisher-4] [INFO] [1743095826.358059513] [drone_home1.gps_publisher]: Updated
[gps_publisher-4] [INFO] [1743095826.401675743] [drone_home1.gps_publisher]: none
[gps_publisher-4] [INFO] [1743095826.405059476] [drone_home1.gps_publisher]: Updated
[gps_publisher-4] [INFO] [1743095826.452081711] [drone_home1.gps_publisher]: none
[gps_publisher-4] [INFO] [1743095826.455774600] [drone_home1.gps_publisher]: Updated
[gps_publisher-4] [INFO] [1743095826.501283788] [drone_home1.gps_publisher]: none
[gps_publisher-4] [INFO] [1743095826.504416092] [drone_home1.gps_publisher]: Updated
[gps_publisher-4] [INFO] [1743095826.551286037] [drone_home1.gps_publisher]: none
[gps_publisher-4] [INFO] [1743095826.553096721] [drone_home1.gps_publisher]: Updated
[gps_publisher-4] [INFO] [1743095826.601468641] [drone_home1.gps_publisher]: none
[gps_publisher-4] [INFO] [1743095826.603866982] [drone_home1.gps_publisher]: Updated
[gps_publisher-4] [INFO] [1743095826.651330408] [drone_home1.gps_publisher]: none
[gps_publisher-4] [INFO] [1743095826.653103908] [drone_home1.gps_publisher]: Updated
[gps_publisher-4] [INFO] [1743095826.701262960] [drone_home1.gps_publisher]: none
[gps_publisher-4] [INFO] [1743095826.703143597] [drone_home1.gps_publisher]: Updated
[gps_publisher-4] [INFO] [1743095826.751382043] [drone_home1.gps_publisher]: none
[gps_publisher-4] [INFO] [1743095826.753473468] [drone_home1.gps_publisher]: Updated
[gps_publisher-4] [INFO] [1743095826.801477158] [drone_home1.gps_publisher]: none
[gps_publisher-4] [INFO] [1743095826.804495765] [drone_home1.gps_publisher]: Updated
[gps_publisher-4] [INFO] [1743095826.851992599] [drone_home1.gps_publisher]: none
[gps_publisher-4] [INFO] [1743095826.854319259] [drone_home1.gps_publisher]: Updated
[gps_publisher-4] [INFO] [1743095826.901864254] [drone_home1.gps_publisher]: none
[gps_publisher-4] [INFO] [1743095826.903947103] [drone_home1.gps_publisher]: Updated
[gps_publisher-4] [INFO] [1743095826.951379680] [drone_home1.gps_publisher]: none
[gps_publisher-4] [INFO] [1743095826.953239709] [drone_home1.gps_publisher]: Updated
[gps_publisher-4] [INFO] [1743095827.001324520] [drone_home1.gps_publisher]: none
[gps_publisher-4] [INFO] [1743095827.003326919] [drone_home1.gps_publisher]: Updated
[gps_publisher-4] [INFO] [1743095827.051314438] [drone_home1.gps_publisher]: none
[gps_publisher-4] [INFO] [1743095827.053054497] [drone_home1.gps_publisher]: Updated
[gps_publisher-4] [INFO] [1743095827.101278340] [drone_home1.gps_publisher]: none
[gps_publisher-4] [INFO] [1743095827.103468165] [drone_home1.gps_publisher]: Updated
[gps_publisher-4] [INFO] [1743095827.151999117] [drone_home1.gps_publisher]: none
[gps_publisher-4] [INFO] [1743095827.154734551] [drone_home1.gps_publisher]: Updated
[gps_publisher-4] [INFO] [1743095827.201847016] [drone_home1.gps_publisher]: none
[gps_publisher-4] [INFO] [1743095827.204956440] [drone_home1.gps_publisher]: Updated
[gps_publisher-4] [INFO] [1743095827.252041865] [drone_home1.gps_publisher]: none
[gps_publisher-4] [INFO] [1743095827.255262523] [drone_home1.gps_publisher]: Updated
[gps_publisher-4] [INFO] [1743095827.301998823] [drone_home1.gps_publisher]: none
[gps_publisher-4] [INFO] [1743095827.305201176] [drone_home1.gps_publisher]: Updated
[gps_publisher-4] [INFO] [1743095827.351865794] [drone_home1.gps_publisher]: none
[gps_publisher-4] [INFO] [1743095827.355038547] [drone_home1.gps_publisher]: Updated
[gps_publisher-4] [INFO] [1743095827.401935714] [drone_home1.gps_publisher]: none
[gps_publisher-4] [INFO] [1743095827.405096338] [drone_home1.gps_publisher]: Updated
[gps_publisher-4] [INFO] [1743095827.451979232] [drone_home1.gps_publisher]: none
[gps_publisher-4] [INFO] [1743095827.455133296] [drone_home1.gps_publisher]: Updated
[gps_publisher-4] [INFO] [1743095827.501977342] [drone_home1.gps_publisher]: none
[gps_publisher-4] [INFO] [1743095827.505171855] [drone_home1.gps_publisher]: Updated
[gps_publisher-4] [INFO] [1743095827.551825242] [drone_home1.gps_publisher]: none
[gps_publisher-4] [INFO] [1743095827.555037867] [drone_home1.gps_publisher]: Updated
[gps_publisher-4] [INFO] [1743095827.601969562] [drone_home1.gps_publisher]: none
[gps_publisher-4] [INFO] [1743095827.605452783] [drone_home1.gps_publisher]: Updated
[gps_publisher-4] [INFO] [1743095827.651703860] [drone_home1.gps_publisher]: none
[gps_publisher-4] [INFO] [1743095827.654867876] [drone_home1.gps_publisher]: Updated
[gps_publisher-4] [INFO] [1743095827.701767795] [drone_home1.gps_publisher]: none
[gps_publisher-4] [INFO] [1743095827.704919331] [drone_home1.gps_publisher]: Updated
[gps_publisher-4] [INFO] [1743095827.752028085] [drone_home1.gps_publisher]: none
[gps_publisher-4] [INFO] [1743095827.755374920] [drone_home1.gps_publisher]: Updated
[gps_publisher-4] [INFO] [1743095827.801603180] [drone_home1.gps_publisher]: none
[gps_publisher-4] [INFO] [1743095827.804759964] [drone_home1.gps_publisher]: Updated
[gps_publisher-4] [INFO] [1743095827.851908431] [drone_home1.gps_publisher]: none
[gps_publisher-4] [INFO] [1743095827.855026526] [drone_home1.gps_publisher]: Updated
[gps_publisher-4] [INFO] [1743095827.901913133] [drone_home1.gps_publisher]: none
[gps_publisher-4] [INFO] [1743095827.905082877] [drone_home1.gps_publisher]: Updated
[gps_publisher-4] [INFO] [1743095827.951879594] [drone_home1.gps_publisher]: none
[gps_publisher-4] [INFO] [1743095827.955175900] [drone_home1.gps_publisher]: Updated
[gps_publisher-4] [INFO] [1743095828.002005322] [drone_home1.gps_publisher]: none
[gps_publisher-4] [INFO] [1743095828.005259931] [drone_home1.gps_publisher]: Updated
[gps_publisher-4] [INFO] [1743095828.051261842] [drone_home1.gps_publisher]: none
[gps_publisher-4] [INFO] [1743095828.053827480] [drone_home1.gps_publisher]: Updated
[gps_publisher-4] [INFO] [1743095828.102032688] [drone_home1.gps_publisher]: none
[gps_publisher-4] [INFO] [1743095828.105205792] [drone_home1.gps_publisher]: Updated
[gps_publisher-4] [INFO] [1743095828.152074404] [drone_home1.gps_publisher]: none
[gps_publisher-4] [INFO] [1743095828.155524664] [drone_home1.gps_publisher]: Updated
[gps_publisher-4] [INFO] [1743095828.201811379] [drone_home1.gps_publisher]: none
[gps_publisher-4] [INFO] [1743095828.204898466] [drone_home1.gps_publisher]: Updated
[gps_publisher-4] [INFO] [1743095828.252030761] [drone_home1.gps_publisher]: none
[gps_publisher-4] [INFO] [1743095828.255220474] [drone_home1.gps_publisher]: Updated
[gps_publisher-4] [INFO] [1743095828.301978076] [drone_home1.gps_publisher]: none
[gps_publisher-4] [INFO] [1743095828.305148908] [drone_home1.gps_publisher]: Updated
[gps_publisher-4] [INFO] [1743095828.351653770] [drone_home1.gps_publisher]: none
[gps_publisher-4] [INFO] [1743095828.354017005] [drone_home1.gps_publisher]: Updated
[gps_publisher-4] [INFO] [1743095828.402074435] [drone_home1.gps_publisher]: none
[gps_publisher-4] [INFO] [1743095828.405254035] [drone_home1.gps_publisher]: Updated
[gps_publisher-4] [INFO] [1743095828.452656895] [drone_home1.gps_publisher]: none
[gps_publisher-4] [INFO] [1743095828.455850703] [drone_home1.gps_publisher]: Updated
[gps_publisher-4] [INFO] [1743095828.501515617] [drone_home1.gps_publisher]: none
[gps_publisher-4] [INFO] [1743095828.503737570] [drone_home1.gps_publisher]: Updated
[gps_publisher-4] [INFO] [1743095828.551328785] [drone_home1.gps_publisher]: none
[gps_publisher-4] [INFO] [1743095828.553708213] [drone_home1.gps_publisher]: Updated
[gps_publisher-4] [INFO] [1743095828.601235747] [drone_home1.gps_publisher]: none
[gps_publisher-4] [INFO] [1743095828.603312642] [drone_home1.gps_publisher]: Updated
[gps_publisher-4] [INFO] [1743095828.651295286] [drone_home1.gps_publisher]: none
[gps_publisher-4] [INFO] [1743095828.653045457] [drone_home1.gps_publisher]: Updated
[gps_publisher-4] [INFO] [1743095828.701719760] [drone_home1.gps_publisher]: none
[gps_publisher-4] [INFO] [1743095828.704313847] [drone_home1.gps_publisher]: Updated
[gps_publisher-4] [INFO] [1743095828.751625729] [drone_home1.gps_publisher]: none
[gps_publisher-4] [INFO] [1743095828.753908612] [drone_home1.gps_publisher]: Updated
[gps_publisher-4] [INFO] [1743095828.801314896] [drone_home1.gps_publisher]: none
[gps_publisher-4] [INFO] [1743095828.803596594] [drone_home1.gps_publisher]: Updated
[gps_publisher-4] [INFO] [1743095828.851309539] [drone_home1.gps_publisher]: none
[gps_publisher-4] [INFO] [1743095828.853243488] [drone_home1.gps_publisher]: Updated
[gps_publisher-4] [INFO] [1743095828.901254453] [drone_home1.gps_publisher]: none
[gps_publisher-4] [INFO] [1743095828.903504599] [drone_home1.gps_publisher]: Updated
[gps_publisher-4] [INFO] [1743095828.951299753] [drone_home1.gps_publisher]: none
[gps_publisher-4] [INFO] [1743095828.953302631] [drone_home1.gps_publisher]: Updated
[gps_publisher-4] [INFO] [1743095829.001305436] [drone_home1.gps_publisher]: none
[gps_publisher-4] [INFO] [1743095829.003130679] [drone_home1.gps_publisher]: Updated
[gps_publisher-4] [INFO] [1743095829.051285316] [drone_home1.gps_publisher]: none
[gps_publisher-4] [INFO] [1743095829.053142400] [drone_home1.gps_publisher]: Updated
[gps_publisher-4] [INFO] [1743095829.101202347] [drone_home1.gps_publisher]: none
[gps_publisher-4] [INFO] [1743095829.103413932] [drone_home1.gps_publisher]: Updated
[gps_publisher-4] [INFO] [1743095829.151705851] [drone_home1.gps_publisher]: none
[gps_publisher-4] [INFO] [1743095829.154319042] [drone_home1.gps_publisher]: Updated
[gps_publisher-4] [INFO] [1743095829.201354366] [drone_home1.gps_publisher]: none
[gps_publisher-4] [INFO] [1743095829.203699905] [drone_home1.gps_publisher]: Updated
[gps_publisher-4] [INFO] [1743095829.251481321] [drone_home1.gps_publisher]: none
[gps_publisher-4] [INFO] [1743095829.253478950] [drone_home1.gps_publisher]: Updated
[gps_publisher-4] [INFO] [1743095829.301321135] [drone_home1.gps_publisher]: none
[gps_publisher-4] [INFO] [1743095829.303455343] [drone_home1.gps_publisher]: Updated
[gps_publisher-4] [INFO] [1743095829.351373848] [drone_home1.gps_publisher]: none
[gps_publisher-4] [INFO] [1743095829.353225620] [drone_home1.gps_publisher]: Updated
[gps_publisher-4] [INFO] [1743095829.401291519] [drone_home1.gps_publisher]: none
[gps_publisher-4] [INFO] [1743095829.403095482] [drone_home1.gps_publisher]: Updated
[gps_publisher-4] [INFO] [1743095829.451398313] [drone_home1.gps_publisher]: none
[gps_publisher-4] [INFO] [1743095829.453385287] [drone_home1.gps_publisher]: Updated
[gps_publisher-4] [INFO] [1743095829.501370417] [drone_home1.gps_publisher]: none
[gps_publisher-4] [INFO] [1743095829.503219597] [drone_home1.gps_publisher]: Updated
[gps_publisher-4] [INFO] [1743095829.551329593] [drone_home1.gps_publisher]: none
[gps_publisher-4] [INFO] [1743095829.553356759] [drone_home1.gps_publisher]: Updated
[gps_publisher-4] [INFO] [1743095829.601889354] [drone_home1.gps_publisher]: none
[gps_publisher-4] [INFO] [1743095829.604600402] [drone_home1.gps_publisher]: Updated
[gps_publisher-4] [INFO] [1743095829.652024916] [drone_home1.gps_publisher]: none
[gps_publisher-4] [INFO] [1743095829.655512808] [drone_home1.gps_publisher]: Updated
[gps_publisher-4] [INFO] [1743095829.701249777] [drone_home1.gps_publisher]: none
[gps_publisher-4] [INFO] [1743095829.703080236] [drone_home1.gps_publisher]: Updated
[gps_publisher-4] [INFO] [1743095829.751555550] [drone_home1.gps_publisher]: none
[gps_publisher-4] [INFO] [1743095829.753349273] [drone_home1.gps_publisher]: Updated
[gps_publisher-4] [INFO] [1743095829.801802506] [drone_home1.gps_publisher]: none
[gps_publisher-4] [INFO] [1743095829.803979819] [drone_home1.gps_publisher]: Updated
[gps_publisher-4] [INFO] [1743095829.851508366] [drone_home1.gps_publisher]: none
[gps_publisher-4] [INFO] [1743095829.853714895] [drone_home1.gps_publisher]: Updated
[gps_publisher-4] [INFO] [1743095829.901346804] [drone_home1.gps_publisher]: none
[gps_publisher-4] [INFO] [1743095829.903408435] [drone_home1.gps_publisher]: Updated
[gps_publisher-4] [INFO] [1743095829.951376477] [drone_home1.gps_publisher]: none
[gps_publisher-4] [INFO] [1743095829.953435996] [drone_home1.gps_publisher]: Updated
[gps_publisher-4] [INFO] [1743095830.001393382] [drone_home1.gps_publisher]: none
[gps_publisher-4] [INFO] [1743095830.003570630] [drone_home1.gps_publisher]: Updated
[gps_publisher-4] [INFO] [1743095830.051432997] [drone_home1.gps_publisher]: none
[gps_publisher-4] [INFO] [1743095830.053549828] [drone_home1.gps_publisher]: Updated
[gps_publisher-4] [INFO] [1743095830.101419139] [drone_home1.gps_publisher]: none
[gps_publisher-4] [INFO] [1743095830.103532962] [drone_home1.gps_publisher]: Updated
[gps_publisher-4] [INFO] [1743095830.151641316] [drone_home1.gps_publisher]: none
[gps_publisher-4] [INFO] [1743095830.154003399] [drone_home1.gps_publisher]: Updated
[gps_publisher-4] [INFO] [1743095830.201457376] [drone_home1.gps_publisher]: none
[gps_publisher-4] [INFO] [1743095830.203427709] [drone_home1.gps_publisher]: Updated
[gps_publisher-4] [INFO] [1743095830.251460606] [drone_home1.gps_publisher]: none
[gps_publisher-4] [INFO] [1743095830.253886242] [drone_home1.gps_publisher]: Updated
[gps_publisher-4] [INFO] [1743095830.301374459] [drone_home1.gps_publisher]: none
[gps_publisher-4] [INFO] [1743095830.303994401] [drone_home1.gps_publisher]: Updated
[gps_publisher-4] [INFO] [1743095830.352072131] [drone_home1.gps_publisher]: none
[gps_publisher-4] [INFO] [1743095830.355907996] [drone_home1.gps_publisher]: Updated
[gps_publisher-4] [INFO] [1743095830.402566953] [drone_home1.gps_publisher]: none
[gps_publisher-4] [INFO] [1743095830.406148765] [drone_home1.gps_publisher]: Updated
[gps_publisher-4] [INFO] [1743095830.451547448] [drone_home1.gps_publisher]: none
[gps_publisher-4] [INFO] [1743095830.454995915] [drone_home1.gps_publisher]: Updated
[gps_publisher-4] [INFO] [1743095830.502140255] [drone_home1.gps_publisher]: none
[gps_publisher-4] [INFO] [1743095830.504992809] [drone_home1.gps_publisher]: Updated
[gps_publisher-4] [INFO] [1743095830.551830328] [drone_home1.gps_publisher]: none
[gps_publisher-4] [INFO] [1743095830.554640898] [drone_home1.gps_publisher]: Updated
[gps_publisher-4] [INFO] [1743095830.601313551] [drone_home1.gps_publisher]: none
[gps_publisher-4] [INFO] [1743095830.603482671] [drone_home1.gps_publisher]: Updated
[gps_publisher-4] [INFO] [1743095830.651495984] [drone_home1.gps_publisher]: none
[gps_publisher-4] [INFO] [1743095830.653470573] [drone_home1.gps_publisher]: Updated
[gps_publisher-4] [INFO] [1743095830.701307371] [drone_home1.gps_publisher]: none
[gps_publisher-4] [INFO] [1743095830.703298953] [drone_home1.gps_publisher]: Updated
[gps_publisher-4] [INFO] [1743095830.751895922] [drone_home1.gps_publisher]: none
[gps_publisher-4] [INFO] [1743095830.754567001] [drone_home1.gps_publisher]: Updated
[gps_publisher-4] [INFO] [1743095830.801707502] [drone_home1.gps_publisher]: none
[gps_publisher-4] [INFO] [1743095830.803866861] [drone_home1.gps_publisher]: Updated
[gps_publisher-4] [INFO] [1743095830.851369159] [drone_home1.gps_publisher]: none
[gps_publisher-4] [INFO] [1743095830.853294211] [drone_home1.gps_publisher]: Updated
[gps_publisher-4] [INFO] [1743095830.901273924] [drone_home1.gps_publisher]: none
[gps_publisher-4] [INFO] [1743095830.903153823] [drone_home1.gps_publisher]: Updated
[gps_publisher-4] [INFO] [1743095830.952135022] [drone_home1.gps_publisher]: none
[gps_publisher-4] [INFO] [1743095830.955307101] [drone_home1.gps_publisher]: Updated
[gps_publisher-4] [INFO] [1743095831.001829352] [drone_home1.gps_publisher]: none
[gps_publisher-4] [INFO] [1743095831.004928437] [drone_home1.gps_publisher]: Updated
[gps_publisher-4] [INFO] [1743095831.051942430] [drone_home1.gps_publisher]: none
[gps_publisher-4] [INFO] [1743095831.055303951] [drone_home1.gps_publisher]: Updated
[gps_publisher-4] [INFO] [1743095831.101698287] [drone_home1.gps_publisher]: none
[gps_publisher-4] [INFO] [1743095831.103758093] [drone_home1.gps_publisher]: Updated
[gps_publisher-4] [INFO] [1743095831.152012840] [drone_home1.gps_publisher]: none
[gps_publisher-4] [INFO] [1743095831.155206294] [drone_home1.gps_publisher]: Updated
[gps_publisher-4] [INFO] [1743095831.202025660] [drone_home1.gps_publisher]: none
[gps_publisher-4] [INFO] [1743095831.205296843] [drone_home1.gps_publisher]: Updated
[gps_publisher-4] [INFO] [1743095831.251913647] [drone_home1.gps_publisher]: none
[gps_publisher-4] [INFO] [1743095831.255094653] [drone_home1.gps_publisher]: Updated
[gps_publisher-4] [INFO] [1743095831.301970596] [drone_home1.gps_publisher]: none
[gps_publisher-4] [INFO] [1743095831.305079441] [drone_home1.gps_publisher]: Updated
[gps_publisher-4] [INFO] [1743095831.352510976] [drone_home1.gps_publisher]: none
[gps_publisher-4] [INFO] [1743095831.356008082] [drone_home1.gps_publisher]: Updated
[gps_publisher-4] [INFO] [1743095831.402059886] [drone_home1.gps_publisher]: none
[gps_publisher-4] [INFO] [1743095831.405396766] [drone_home1.gps_publisher]: Updated
[gps_publisher-4] [INFO] [1743095831.451388088] [drone_home1.gps_publisher]: none
[gps_publisher-4] [INFO] [1743095831.453320532] [drone_home1.gps_publisher]: Updated
[gps_publisher-4] [INFO] [1743095831.501306699] [drone_home1.gps_publisher]: none
[gps_publisher-4] [INFO] [1743095831.503118853] [drone_home1.gps_publisher]: Updated
[gps_publisher-4] [INFO] [1743095831.551317983] [drone_home1.gps_publisher]: none
[gps_publisher-4] [INFO] [1743095831.553283132] [drone_home1.gps_publisher]: Updated
[gps_publisher-4] [INFO] [1743095831.601540215] [drone_home1.gps_publisher]: none
[gps_publisher-4] [INFO] [1743095831.603381490] [drone_home1.gps_publisher]: Updated
[gps_publisher-4] [INFO] [1743095831.651639597] [drone_home1.gps_publisher]: none
[gps_publisher-4] [INFO] [1743095831.654562583] [drone_home1.gps_publisher]: Updated
[gps_publisher-4] [INFO] [1743095831.701470718] [drone_home1.gps_publisher]: none
[gps_publisher-4] [INFO] [1743095831.703291257] [drone_home1.gps_publisher]: Updated
[gps_publisher-4] [INFO] [1743095831.751264720] [drone_home1.gps_publisher]: none
[gps_publisher-4] [INFO] [1743095831.753023145] [drone_home1.gps_publisher]: Updated
[gps_publisher-4] [INFO] [1743095831.801589481] [drone_home1.gps_publisher]: none
[gps_publisher-4] [INFO] [1743095831.803318722] [drone_home1.gps_publisher]: Updated
[gps_publisher-4] [INFO] [1743095831.851678910] [drone_home1.gps_publisher]: none
[gps_publisher-4] [INFO] [1743095831.853780477] [drone_home1.gps_publisher]: Updated
[gps_publisher-4] [INFO] [1743095831.901310893] [drone_home1.gps_publisher]: none
[gps_publisher-4] [INFO] [1743095831.903324138] [drone_home1.gps_publisher]: Updated
[gps_publisher-4] [INFO] [1743095831.951581893] [drone_home1.gps_publisher]: none
[gps_publisher-4] [INFO] [1743095831.953689156] [drone_home1.gps_publisher]: Updated
[gps_publisher-4] [INFO] [1743095832.001294997] [drone_home1.gps_publisher]: none
[gps_publisher-4] [INFO] [1743095832.003053455] [drone_home1.gps_publisher]: Updated
[gps_publisher-4] [INFO] [1743095832.051577188] [drone_home1.gps_publisher]: none
[gps_publisher-4] [INFO] [1743095832.053783172] [drone_home1.gps_publisher]: Updated
[gps_publisher-4] [INFO] [1743095832.101733585] [drone_home1.gps_publisher]: none
[gps_publisher-4] [INFO] [1743095832.104333046] [drone_home1.gps_publisher]: Updated
[gps_publisher-4] [INFO] [1743095832.152137346] [drone_home1.gps_publisher]: none
[gps_publisher-4] [INFO] [1743095832.154273152] [drone_home1.gps_publisher]: Updated
[gps_publisher-4] [INFO] [1743095832.201300064] [drone_home1.gps_publisher]: none
[gps_publisher-4] [INFO] [1743095832.203522848] [drone_home1.gps_publisher]: Updated
[gps_publisher-4] [INFO] [1743095832.251350444] [drone_home1.gps_publisher]: none
[gps_publisher-4] [INFO] [1743095832.254861214] [drone_home1.gps_publisher]: Updated
[gps_publisher-4] [INFO] [1743095832.301454168] [drone_home1.gps_publisher]: none
[gps_publisher-4] [INFO] [1743095832.303610550] [drone_home1.gps_publisher]: Updated
[gps_publisher-4] [INFO] [1743095832.351295360] [drone_home1.gps_publisher]: none
[gps_publisher-4] [INFO] [1743095832.353306653] [drone_home1.gps_publisher]: Updated
[gps_publisher-4] [INFO] [1743095832.402076918] [drone_home1.gps_publisher]: none
[gps_publisher-4] [INFO] [1743095832.404976511] [drone_home1.gps_publisher]: Updated
[gps_publisher-4] [INFO] [1743095832.452092801] [drone_home1.gps_publisher]: none
[gps_publisher-4] [INFO] [1743095832.455515314] [drone_home1.gps_publisher]: Updated
[gps_publisher-4] [INFO] [1743095832.502021226] [drone_home1.gps_publisher]: none
[gps_publisher-4] [INFO] [1743095832.505498812] [drone_home1.gps_publisher]: Updated
[gps_publisher-4] [INFO] [1743095832.552001429] [drone_home1.gps_publisher]: none
[gps_publisher-4] [INFO] [1743095832.555600424] [drone_home1.gps_publisher]: Updated
[gps_publisher-4] [INFO] [1743095832.602006303] [drone_home1.gps_publisher]: none
[gps_publisher-4] [INFO] [1743095832.606867013] [drone_home1.gps_publisher]: Updated
[gps_publisher-4] [INFO] [1743095832.652070155] [drone_home1.gps_publisher]: none
[gps_publisher-4] [INFO] [1743095832.655745695] [drone_home1.gps_publisher]: Updated
[gps_publisher-4] [INFO] [1743095832.701482701] [drone_home1.gps_publisher]: none
[gps_publisher-4] [INFO] [1743095832.704850941] [drone_home1.gps_publisher]: Updated
[gps_publisher-4] [INFO] [1743095832.751386582] [drone_home1.gps_publisher]: none
[gps_publisher-4] [INFO] [1743095832.753283409] [drone_home1.gps_publisher]: Updated
[gps_publisher-4] [INFO] [1743095832.801344864] [drone_home1.gps_publisher]: none
[gps_publisher-4] [INFO] [1743095832.803283036] [drone_home1.gps_publisher]: Updated
[gps_publisher-4] [INFO] [1743095832.851327627] [drone_home1.gps_publisher]: none
[gps_publisher-4] [INFO] [1743095832.853312903] [drone_home1.gps_publisher]: Updated
[gps_publisher-4] [INFO] [1743095832.901276117] [drone_home1.gps_publisher]: none
[gps_publisher-4] [INFO] [1743095832.903080142] [drone_home1.gps_publisher]: Updated
[gps_publisher-4] [INFO] [1743095832.951308032] [drone_home1.gps_publisher]: none
[gps_publisher-4] [INFO] [1743095832.953035864] [drone_home1.gps_publisher]: Updated
[gps_publisher-4] [INFO] [1743095833.001903987] [drone_home1.gps_publisher]: none
[gps_publisher-4] [INFO] [1743095833.004297941] [drone_home1.gps_publisher]: Updated
[gps_publisher-4] [INFO] [1743095833.051359725] [drone_home1.gps_publisher]: none
[gps_publisher-4] [INFO] [1743095833.053334856] [drone_home1.gps_publisher]: Updated
[gps_publisher-4] [INFO] [1743095833.102062232] [drone_home1.gps_publisher]: none
[gps_publisher-4] [INFO] [1743095833.104193654] [drone_home1.gps_publisher]: Updated
[gps_publisher-4] [INFO] [1743095833.151793717] [drone_home1.gps_publisher]: none
[gps_publisher-4] [INFO] [1743095833.153986580] [drone_home1.gps_publisher]: Updated
[gps_publisher-4] [INFO] [1743095833.201913880] [drone_home1.gps_publisher]: none
[gps_publisher-4] [INFO] [1743095833.204501693] [drone_home1.gps_publisher]: Updated
[gps_publisher-4] [INFO] [1743095833.251602453] [drone_home1.gps_publisher]: none
[gps_publisher-4] [INFO] [1743095833.254402845] [drone_home1.gps_publisher]: Updated
[gps_publisher-4] [INFO] [1743095833.301493973] [drone_home1.gps_publisher]: none
[gps_publisher-4] [INFO] [1743095833.303512625] [drone_home1.gps_publisher]: Updated
[gps_publisher-4] [INFO] [1743095833.351557431] [drone_home1.gps_publisher]: none
[gps_publisher-4] [INFO] [1743095833.353656021] [drone_home1.gps_publisher]: Updated
[gps_publisher-4] [INFO] [1743095833.401419030] [drone_home1.gps_publisher]: none
[gps_publisher-4] [INFO] [1743095833.403769592] [drone_home1.gps_publisher]: Updated
[gps_publisher-4] [INFO] [1743095833.452098241] [drone_home1.gps_publisher]: none
[gps_publisher-4] [INFO] [1743095833.455301199] [drone_home1.gps_publisher]: Updated
[gps_publisher-4] [INFO] [1743095833.502041602] [drone_home1.gps_publisher]: none
[gps_publisher-4] [INFO] [1743095833.505418066] [drone_home1.gps_publisher]: Updated
[gps_publisher-4] [INFO] [1743095833.551913153] [drone_home1.gps_publisher]: none
[gps_publisher-4] [INFO] [1743095833.555721079] [drone_home1.gps_publisher]: Updated
[gps_publisher-4] [INFO] [1743095833.601816161] [drone_home1.gps_publisher]: none
[gps_publisher-4] [INFO] [1743095833.605080943] [drone_home1.gps_publisher]: Updated
[gps_publisher-4] [INFO] [1743095833.652039846] [drone_home1.gps_publisher]: none
[gps_publisher-4] [INFO] [1743095833.655437174] [drone_home1.gps_publisher]: Updated
[gps_publisher-4] [INFO] [1743095833.701906949] [drone_home1.gps_publisher]: none
[gps_publisher-4] [INFO] [1743095833.705207956] [drone_home1.gps_publisher]: Updated
[gps_publisher-4] [INFO] [1743095833.752008584] [drone_home1.gps_publisher]: none
[gps_publisher-4] [INFO] [1743095833.755199669] [drone_home1.gps_publisher]: Updated
[gps_publisher-4] [INFO] [1743095833.801779526] [drone_home1.gps_publisher]: none
[gps_publisher-4] [INFO] [1743095833.804838417] [drone_home1.gps_publisher]: Updated
[gps_publisher-4] [INFO] [1743095833.851325057] [drone_home1.gps_publisher]: none
[gps_publisher-4] [INFO] [1743095833.853175451] [drone_home1.gps_publisher]: Updated
[gps_publisher-4] [INFO] [1743095833.901316418] [drone_home1.gps_publisher]: none
[gps_publisher-4] [INFO] [1743095833.903293246] [drone_home1.gps_publisher]: Updated
[gps_publisher-4] [INFO] [1743095833.951959852] [drone_home1.gps_publisher]: none
[gps_publisher-4] [INFO] [1743095833.955168666] [drone_home1.gps_publisher]: Updated
[gps_publisher-4] [INFO] [1743095834.001923629] [drone_home1.gps_publisher]: none
[gps_publisher-4] [INFO] [1743095834.005152570] [drone_home1.gps_publisher]: Updated
[gps_publisher-4] [INFO] [1743095834.052058087] [drone_home1.gps_publisher]: none
[gps_publisher-4] [INFO] [1743095834.055410358] [drone_home1.gps_publisher]: Updated
[gps_publisher-4] [INFO] [1743095834.101876733] [drone_home1.gps_publisher]: none
[gps_publisher-4] [INFO] [1743095834.104979240] [drone_home1.gps_publisher]: Updated
[gps_publisher-4] [INFO] [1743095834.151772884] [drone_home1.gps_publisher]: none
[gps_publisher-4] [INFO] [1743095834.155068962] [drone_home1.gps_publisher]: Updated
[gps_publisher-4] [INFO] [1743095834.201995535] [drone_home1.gps_publisher]: none
[gps_publisher-4] [INFO] [1743095834.205448384] [drone_home1.gps_publisher]: Updated
[gps_publisher-4] [INFO] [1743095834.252061513] [drone_home1.gps_publisher]: none
[gps_publisher-4] [INFO] [1743095834.255583898] [drone_home1.gps_publisher]: Updated
[gps_publisher-4] [INFO] [1743095834.301801117] [drone_home1.gps_publisher]: none
[gps_publisher-4] [INFO] [1743095834.305255149] [drone_home1.gps_publisher]: Updated
[gps_publisher-4] [INFO] [1743095834.352050521] [drone_home1.gps_publisher]: none
[gps_publisher-4] [INFO] [1743095834.355394088] [drone_home1.gps_publisher]: Updated
[gps_publisher-4] [INFO] [1743095834.401851279] [drone_home1.gps_publisher]: none
[gps_publisher-4] [INFO] [1743095834.405409984] [drone_home1.gps_publisher]: Updated
[gps_publisher-4] [INFO] [1743095834.452024553] [drone_home1.gps_publisher]: none
[gps_publisher-4] [INFO] [1743095834.455273974] [drone_home1.gps_publisher]: Updated
[gps_publisher-4] [INFO] [1743095834.501949536] [drone_home1.gps_publisher]: none
[gps_publisher-4] [INFO] [1743095834.505453585] [drone_home1.gps_publisher]: Updated
[gps_publisher-4] [INFO] [1743095834.551348592] [drone_home1.gps_publisher]: none
[gps_publisher-4] [INFO] [1743095834.554002005] [drone_home1.gps_publisher]: Updated
[gps_publisher-4] [INFO] [1743095834.602038034] [drone_home1.gps_publisher]: none
[gps_publisher-4] [INFO] [1743095834.604964027] [drone_home1.gps_publisher]: Updated
[gps_publisher-4] [INFO] [1743095834.651737222] [drone_home1.gps_publisher]: none
[gps_publisher-4] [INFO] [1743095834.655172982] [drone_home1.gps_publisher]: Updated
[gps_publisher-4] [INFO] [1743095834.701426682] [drone_home1.gps_publisher]: none
[gps_publisher-4] [INFO] [1743095834.703815804] [drone_home1.gps_publisher]: Updated
[gps_publisher-4] [INFO] [1743095834.751286289] [drone_home1.gps_publisher]: none
[gps_publisher-4] [INFO] [1743095834.753040841] [drone_home1.gps_publisher]: Updated
[gps_publisher-4] [INFO] [1743095834.801939378] [drone_home1.gps_publisher]: none
[gps_publisher-4] [INFO] [1743095834.805097502] [drone_home1.gps_publisher]: Updated
[gps_publisher-4] [INFO] [1743095834.852069452] [drone_home1.gps_publisher]: none
[gps_publisher-4] [INFO] [1743095834.855242488] [drone_home1.gps_publisher]: Updated
[gps_publisher-4] [INFO] [1743095834.902015876] [drone_home1.gps_publisher]: none
[gps_publisher-4] [INFO] [1743095834.905124367] [drone_home1.gps_publisher]: Updated
[gps_publisher-4] [INFO] [1743095834.952024188] [drone_home1.gps_publisher]: none
[gps_publisher-4] [INFO] [1743095834.955218984] [drone_home1.gps_publisher]: Updated
[gps_publisher-4] [INFO] [1743095835.002054677] [drone_home1.gps_publisher]: none
[gps_publisher-4] [INFO] [1743095835.005260801] [drone_home1.gps_publisher]: Updated
[gps_publisher-4] [INFO] [1743095835.051312922] [drone_home1.gps_publisher]: none
[gps_publisher-4] [INFO] [1743095835.053987935] [drone_home1.gps_publisher]: Updated
[gps_publisher-4] [INFO] [1743095835.101268809] [drone_home1.gps_publisher]: none
[gps_publisher-4] [INFO] [1743095835.103393958] [drone_home1.gps_publisher]: Updated
[gps_publisher-4] [INFO] [1743095835.151932194] [drone_home1.gps_publisher]: none
[gps_publisher-4] [INFO] [1743095835.156243325] [drone_home1.gps_publisher]: Updated
[gps_publisher-4] [INFO] [1743095835.201958545] [drone_home1.gps_publisher]: none
[gps_publisher-4] [INFO] [1743095835.204649430] [drone_home1.gps_publisher]: Updated
[gps_publisher-4] [INFO] [1743095835.252017346] [drone_home1.gps_publisher]: none
[gps_publisher-4] [INFO] [1743095835.255176013] [drone_home1.gps_publisher]: Updated
[gps_publisher-4] [INFO] [1743095835.302086066] [drone_home1.gps_publisher]: none
[gps_publisher-4] [INFO] [1743095835.305243582] [drone_home1.gps_publisher]: Updated
[gps_publisher-4] [INFO] [1743095835.351669020] [drone_home1.gps_publisher]: none
[gps_publisher-4] [INFO] [1743095835.354091581] [drone_home1.gps_publisher]: Updated
[gps_publisher-4] [INFO] [1743095835.401279174] [drone_home1.gps_publisher]: none
[gps_publisher-4] [INFO] [1743095835.403330018] [drone_home1.gps_publisher]: Updated
[gps_publisher-4] [INFO] [1743095835.451795901] [drone_home1.gps_publisher]: none
[gps_publisher-4] [INFO] [1743095835.453988091] [drone_home1.gps_publisher]: Updated
[gps_publisher-4] [INFO] [1743095835.501305190] [drone_home1.gps_publisher]: none
[gps_publisher-4] [INFO] [1743095835.503148479] [drone_home1.gps_publisher]: Updated
[gps_publisher-4] [INFO] [1743095835.551966366] [drone_home1.gps_publisher]: none
[gps_publisher-4] [INFO] [1743095835.555112138] [drone_home1.gps_publisher]: Updated
[gps_publisher-4] [INFO] [1743095835.601521160] [drone_home1.gps_publisher]: none
[gps_publisher-4] [INFO] [1743095835.604669331] [drone_home1.gps_publisher]: Updated
[gps_publisher-4] [INFO] [1743095835.651307796] [drone_home1.gps_publisher]: none
[gps_publisher-4] [INFO] [1743095835.653367793] [drone_home1.gps_publisher]: Updated
[gps_publisher-4] [INFO] [1743095835.701445094] [drone_home1.gps_publisher]: none
[gps_publisher-4] [INFO] [1743095835.703573923] [drone_home1.gps_publisher]: Updated
[gps_publisher-4] [INFO] [1743095835.751595415] [drone_home1.gps_publisher]: none
[gps_publisher-4] [INFO] [1743095835.753837910] [drone_home1.gps_publisher]: Updated
[gps_publisher-4] [INFO] [1743095835.801821578] [drone_home1.gps_publisher]: none
[gps_publisher-4] [INFO] [1743095835.804014728] [drone_home1.gps_publisher]: Updated
[gps_publisher-4] [INFO] [1743095835.851437588] [drone_home1.gps_publisher]: none
[gps_publisher-4] [INFO] [1743095835.853540369] [drone_home1.gps_publisher]: Updated
[gps_publisher-4] [INFO] [1743095835.901427812] [drone_home1.gps_publisher]: none
[gps_publisher-4] [INFO] [1743095835.904015495] [drone_home1.gps_publisher]: Updated
[gps_publisher-4] [INFO] [1743095835.951381778] [drone_home1.gps_publisher]: none
[gps_publisher-4] [INFO] [1743095835.953568945] [drone_home1.gps_publisher]: Updated
[gps_publisher-4] [INFO] [1743095836.001415330] [drone_home1.gps_publisher]: none
[gps_publisher-4] [INFO] [1743095836.003658305] [drone_home1.gps_publisher]: Updated
[gps_publisher-4] [INFO] [1743095836.051654157] [drone_home1.gps_publisher]: none
[gps_publisher-4] [INFO] [1743095836.053557063] [drone_home1.gps_publisher]: Updated
[gps_publisher-4] [INFO] [1743095836.101349168] [drone_home1.gps_publisher]: none
[gps_publisher-4] [INFO] [1743095836.103391980] [drone_home1.gps_publisher]: Updated
[gps_publisher-4] [INFO] [1743095836.151448056] [drone_home1.gps_publisher]: none
[gps_publisher-4] [INFO] [1743095836.153203568] [drone_home1.gps_publisher]: Updated
[gps_publisher-4] [INFO] [1743095836.201508096] [drone_home1.gps_publisher]: none
[gps_publisher-4] [INFO] [1743095836.203566268] [drone_home1.gps_publisher]: Updated
[gps_publisher-4] [INFO] [1743095836.251335941] [drone_home1.gps_publisher]: none
[gps_publisher-4] [INFO] [1743095836.253297535] [drone_home1.gps_publisher]: Updated
[gps_publisher-4] [INFO] [1743095836.301360204] [drone_home1.gps_publisher]: none
[gps_publisher-4] [INFO] [1743095836.303391016] [drone_home1.gps_publisher]: Updated
[gps_publisher-4] [INFO] [1743095836.351343251] [drone_home1.gps_publisher]: none
[gps_publisher-4] [INFO] [1743095836.353237485] [drone_home1.gps_publisher]: Updated
[gps_publisher-4] [INFO] [1743095836.401351194] [drone_home1.gps_publisher]: none
[gps_publisher-4] [INFO] [1743095836.403708634] [drone_home1.gps_publisher]: Updated
[gps_publisher-4] [INFO] [1743095836.452128268] [drone_home1.gps_publisher]: none
[gps_publisher-4] [INFO] [1743095836.455367512] [drone_home1.gps_publisher]: Updated
[gps_publisher-4] [INFO] [1743095836.501747534] [drone_home1.gps_publisher]: none
[gps_publisher-4] [INFO] [1743095836.504858136] [drone_home1.gps_publisher]: Updated
[gps_publisher-4] [INFO] [1743095836.551245166] [drone_home1.gps_publisher]: none
[gps_publisher-4] [INFO] [1743095836.552994246] [drone_home1.gps_publisher]: Updated
[gps_publisher-4] [INFO] [1743095836.601189652] [drone_home1.gps_publisher]: none
[gps_publisher-4] [INFO] [1743095836.603383250] [drone_home1.gps_publisher]: Updated
[gps_publisher-4] [INFO] [1743095836.651304381] [drone_home1.gps_publisher]: none
[gps_publisher-4] [INFO] [1743095836.653138038] [drone_home1.gps_publisher]: Updated
[gps_publisher-4] [INFO] [1743095836.701985325] [drone_home1.gps_publisher]: none
[gps_publisher-4] [INFO] [1743095836.705087703] [drone_home1.gps_publisher]: Updated
[gps_publisher-4] [INFO] [1743095836.752025077] [drone_home1.gps_publisher]: none
[gps_publisher-4] [INFO] [1743095836.755169215] [drone_home1.gps_publisher]: Updated
[gps_publisher-4] [INFO] [1743095836.801611158] [drone_home1.gps_publisher]: none
[gps_publisher-4] [INFO] [1743095836.804669312] [drone_home1.gps_publisher]: Updated
[gps_publisher-4] [INFO] [1743095836.852212901] [drone_home1.gps_publisher]: none
[gps_publisher-4] [INFO] [1743095836.855626644] [drone_home1.gps_publisher]: Updated
[gps_publisher-4] [INFO] [1743095836.901989033] [drone_home1.gps_publisher]: none
[gps_publisher-4] [INFO] [1743095836.905478137] [drone_home1.gps_publisher]: Updated
[gps_publisher-4] [INFO] [1743095836.951368200] [drone_home1.gps_publisher]: none
[gps_publisher-4] [INFO] [1743095836.953420356] [drone_home1.gps_publisher]: Updated
[gps_publisher-4] [INFO] [1743095837.001532145] [drone_home1.gps_publisher]: none
[gps_publisher-4] [INFO] [1743095837.003761551] [drone_home1.gps_publisher]: Updated
[gps_publisher-4] [INFO] [1743095837.051820724] [drone_home1.gps_publisher]: none
[gps_publisher-4] [INFO] [1743095837.054393047] [drone_home1.gps_publisher]: Updated
[gps_publisher-4] [INFO] [1743095837.101969845] [drone_home1.gps_publisher]: none
[gps_publisher-4] [INFO] [1743095837.104234675] [drone_home1.gps_publisher]: Updated
[gps_publisher-4] [INFO] [1743095837.152236535] [drone_home1.gps_publisher]: none
[gps_publisher-4] [INFO] [1743095837.154812122] [drone_home1.gps_publisher]: Updated
[gps_publisher-4] [INFO] [1743095837.201516365] [drone_home1.gps_publisher]: none
[gps_publisher-4] [INFO] [1743095837.203925613] [drone_home1.gps_publisher]: Updated
[gps_publisher-4] [INFO] [1743095837.251741198] [drone_home1.gps_publisher]: none
[gps_publisher-4] [INFO] [1743095837.253884043] [drone_home1.gps_publisher]: Updated
[gps_publisher-4] [INFO] [1743095837.301328776] [drone_home1.gps_publisher]: none
[gps_publisher-4] [INFO] [1743095837.303215745] [drone_home1.gps_publisher]: Updated
[gps_publisher-4] [INFO] [1743095837.351264710] [drone_home1.gps_publisher]: none
[gps_publisher-4] [INFO] [1743095837.353134623] [drone_home1.gps_publisher]: Updated
[gps_publisher-4] [INFO] [1743095837.401273861] [drone_home1.gps_publisher]: none
[gps_publisher-4] [INFO] [1743095837.403311456] [drone_home1.gps_publisher]: Updated
[gps_publisher-4] [INFO] [1743095837.451288228] [drone_home1.gps_publisher]: none
[gps_publisher-4] [INFO] [1743095837.453130076] [drone_home1.gps_publisher]: Updated
[gps_publisher-4] [INFO] [1743095837.501245570] [drone_home1.gps_publisher]: none
[gps_publisher-4] [INFO] [1743095837.503266013] [drone_home1.gps_publisher]: Updated
[gps_publisher-4] [INFO] [1743095837.551295777] [drone_home1.gps_publisher]: none
[gps_publisher-4] [INFO] [1743095837.553340477] [drone_home1.gps_publisher]: Updated
[gps_publisher-4] [INFO] [1743095837.601216799] [drone_home1.gps_publisher]: none
[gps_publisher-4] [INFO] [1743095837.603373788] [drone_home1.gps_publisher]: Updated
[gps_publisher-4] [INFO] [1743095837.651674340] [drone_home1.gps_publisher]: none
[gps_publisher-4] [INFO] [1743095837.654278503] [drone_home1.gps_publisher]: Updated
[gps_publisher-4] [INFO] [1743095837.701136636] [drone_home1.gps_publisher]: none
[gps_publisher-4] [INFO] [1743095837.703144343] [drone_home1.gps_publisher]: Updated
[gps_publisher-4] [INFO] [1743095837.751620193] [drone_home1.gps_publisher]: none
[gps_publisher-4] [INFO] [1743095837.753998593] [drone_home1.gps_publisher]: Updated
[gps_publisher-4] [INFO] [1743095837.801305212] [drone_home1.gps_publisher]: none
[gps_publisher-4] [INFO] [1743095837.803104276] [drone_home1.gps_publisher]: Updated
[gps_publisher-4] [INFO] [1743095837.851263706] [drone_home1.gps_publisher]: none
[gps_publisher-4] [INFO] [1743095837.853106259] [drone_home1.gps_publisher]: Updated
[gps_publisher-4] [INFO] [1743095837.901234873] [drone_home1.gps_publisher]: none
[gps_publisher-4] [INFO] [1743095837.903075185] [drone_home1.gps_publisher]: Updated
[gps_publisher-4] [INFO] [1743095837.951307896] [drone_home1.gps_publisher]: none
[gps_publisher-4] [INFO] [1743095837.953382068] [drone_home1.gps_publisher]: Updated
[gps_publisher-4] [INFO] [1743095838.001238166] [drone_home1.gps_publisher]: none
[gps_publisher-4] [INFO] [1743095838.003077647] [drone_home1.gps_publisher]: Updated
[gps_publisher-4] [INFO] [1743095838.051354287] [drone_home1.gps_publisher]: none
[gps_publisher-4] [INFO] [1743095838.053160647] [drone_home1.gps_publisher]: Updated
[gps_publisher-4] [INFO] [1743095838.101721547] [drone_home1.gps_publisher]: none
[gps_publisher-4] [INFO] [1743095838.104072522] [drone_home1.gps_publisher]: Updated
[gps_publisher-4] [INFO] [1743095838.151633984] [drone_home1.gps_publisher]: none
[gps_publisher-4] [INFO] [1743095838.153617019] [drone_home1.gps_publisher]: Updated
[gps_publisher-4] [INFO] [1743095838.201488021] [drone_home1.gps_publisher]: none
[gps_publisher-4] [INFO] [1743095838.204460477] [drone_home1.gps_publisher]: Updated
[gps_publisher-4] [INFO] [1743095838.251477388] [drone_home1.gps_publisher]: none
[gps_publisher-4] [INFO] [1743095838.253722698] [drone_home1.gps_publisher]: Updated
[gps_publisher-4] [INFO] [1743095838.301462723] [drone_home1.gps_publisher]: none
[gps_publisher-4] [INFO] [1743095838.303871331] [drone_home1.gps_publisher]: Updated
[gps_publisher-4] [INFO] [1743095838.351478554] [drone_home1.gps_publisher]: none
[gps_publisher-4] [INFO] [1743095838.353628278] [drone_home1.gps_publisher]: Updated
[gps_publisher-4] [INFO] [1743095838.402295964] [drone_home1.gps_publisher]: none
[gps_publisher-4] [INFO] [1743095838.405528454] [drone_home1.gps_publisher]: Updated
[gps_publisher-4] [INFO] [1743095838.452058927] [drone_home1.gps_publisher]: none
[gps_publisher-4] [INFO] [1743095838.455621855] [drone_home1.gps_publisher]: Updated
[gps_publisher-4] [INFO] [1743095838.502103431] [drone_home1.gps_publisher]: none
[gps_publisher-4] [INFO] [1743095838.504766570] [drone_home1.gps_publisher]: Updated
[gps_publisher-4] [INFO] [1743095838.552119550] [drone_home1.gps_publisher]: none
[gps_publisher-4] [INFO] [1743095838.555250567] [drone_home1.gps_publisher]: Updated
[gps_publisher-4] [INFO] [1743095838.601826033] [drone_home1.gps_publisher]: none
[gps_publisher-4] [INFO] [1743095838.604631478] [drone_home1.gps_publisher]: Updated
[gps_publisher-4] [INFO] [1743095838.651969994] [drone_home1.gps_publisher]: none
[gps_publisher-4] [INFO] [1743095838.654704046] [drone_home1.gps_publisher]: Updated
[gps_publisher-4] [INFO] [1743095838.702103650] [drone_home1.gps_publisher]: none
[gps_publisher-4] [INFO] [1743095838.704516738] [drone_home1.gps_publisher]: Updated
[gps_publisher-4] [INFO] [1743095838.751828374] [drone_home1.gps_publisher]: none
[gps_publisher-4] [INFO] [1743095838.754163189] [drone_home1.gps_publisher]: Updated
[gps_publisher-4] [INFO] [1743095838.801899309] [drone_home1.gps_publisher]: none
[gps_publisher-4] [INFO] [1743095838.804818004] [drone_home1.gps_publisher]: Updated
[gps_publisher-4] [INFO] [1743095838.851334045] [drone_home1.gps_publisher]: none
[gps_publisher-4] [INFO] [1743095838.853468569] [drone_home1.gps_publisher]: Updated
[gps_publisher-4] [INFO] [1743095838.901631224] [drone_home1.gps_publisher]: none
[gps_publisher-4] [INFO] [1743095838.904367324] [drone_home1.gps_publisher]: Updated
[gps_publisher-4] [INFO] [1743095838.951744528] [drone_home1.gps_publisher]: none
[gps_publisher-4] [INFO] [1743095838.954352563] [drone_home1.gps_publisher]: Updated
[gps_publisher-4] [INFO] [1743095839.001494340] [drone_home1.gps_publisher]: none
[gps_publisher-4] [INFO] [1743095839.004061733] [drone_home1.gps_publisher]: Updated
[gps_publisher-4] [INFO] [1743095839.051676885] [drone_home1.gps_publisher]: none
[gps_publisher-4] [INFO] [1743095839.054426873] [drone_home1.gps_publisher]: Updated
[gps_publisher-4] [INFO] [1743095839.102014089] [drone_home1.gps_publisher]: none
[gps_publisher-4] [INFO] [1743095839.105009680] [drone_home1.gps_publisher]: Updated
[gps_publisher-4] [INFO] [1743095839.152033688] [drone_home1.gps_publisher]: none
[gps_publisher-4] [INFO] [1743095839.154584602] [drone_home1.gps_publisher]: Updated
[gps_publisher-4] [INFO] [1743095839.201577890] [drone_home1.gps_publisher]: none
[gps_publisher-4] [INFO] [1743095839.204389606] [drone_home1.gps_publisher]: Updated
[gps_publisher-4] [INFO] [1743095839.251821300] [drone_home1.gps_publisher]: none
[gps_publisher-4] [INFO] [1743095839.254591672] [drone_home1.gps_publisher]: Updated
[gps_publisher-4] [INFO] [1743095839.301610432] [drone_home1.gps_publisher]: none
[gps_publisher-4] [INFO] [1743095839.304446982] [drone_home1.gps_publisher]: Updated
[gps_publisher-4] [INFO] [1743095839.351568751] [drone_home1.gps_publisher]: none
[gps_publisher-4] [INFO] [1743095839.354122065] [drone_home1.gps_publisher]: Updated
[gps_publisher-4] [INFO] [1743095839.401655071] [drone_home1.gps_publisher]: none
[gps_publisher-4] [INFO] [1743095839.404267970] [drone_home1.gps_publisher]: Updated
[gps_publisher-4] [INFO] [1743095839.451822833] [drone_home1.gps_publisher]: none
[gps_publisher-4] [INFO] [1743095839.454807608] [drone_home1.gps_publisher]: Updated
[gps_publisher-4] [INFO] [1743095839.502115492] [drone_home1.gps_publisher]: none
[gps_publisher-4] [INFO] [1743095839.505894645] [drone_home1.gps_publisher]: Updated
[gps_publisher-4] [INFO] [1743095839.551974417] [drone_home1.gps_publisher]: none
[gps_publisher-4] [INFO] [1743095839.555679682] [drone_home1.gps_publisher]: Updated
[gps_publisher-4] [INFO] [1743095839.601765886] [drone_home1.gps_publisher]: none
[gps_publisher-4] [INFO] [1743095839.604348607] [drone_home1.gps_publisher]: Updated
[gps_publisher-4] [INFO] [1743095839.651793165] [drone_home1.gps_publisher]: none
[gps_publisher-4] [INFO] [1743095839.654909174] [drone_home1.gps_publisher]: Updated
[gps_publisher-4] [INFO] [1743095839.701564089] [drone_home1.gps_publisher]: none
[gps_publisher-4] [INFO] [1743095839.704320445] [drone_home1.gps_publisher]: Updated
[gps_publisher-4] [INFO] [1743095839.751506120] [drone_home1.gps_publisher]: none
[gps_publisher-4] [INFO] [1743095839.754084745] [drone_home1.gps_publisher]: Updated
[gps_publisher-4] [INFO] [1743095839.801626616] [drone_home1.gps_publisher]: none
[gps_publisher-4] [INFO] [1743095839.804396189] [drone_home1.gps_publisher]: Updated
[gps_publisher-4] [INFO] [1743095839.851482950] [drone_home1.gps_publisher]: none
[gps_publisher-4] [INFO] [1743095839.854163561] [drone_home1.gps_publisher]: Updated
[gps_publisher-4] [INFO] [1743095839.901525718] [drone_home1.gps_publisher]: none
[gps_publisher-4] [INFO] [1743095839.903609041] [drone_home1.gps_publisher]: Updated
[gps_publisher-4] [INFO] [1743095839.951655814] [drone_home1.gps_publisher]: none
[gps_publisher-4] [INFO] [1743095839.954036454] [drone_home1.gps_publisher]: Updated
[gps_publisher-4] [INFO] [1743095840.001872888] [drone_home1.gps_publisher]: none
[gps_publisher-4] [INFO] [1743095840.004357977] [drone_home1.gps_publisher]: Updated
[gps_publisher-4] [INFO] [1743095840.051518716] [drone_home1.gps_publisher]: none
[gps_publisher-4] [INFO] [1743095840.054102653] [drone_home1.gps_publisher]: Updated
[gps_publisher-4] [INFO] [1743095840.101419810] [drone_home1.gps_publisher]: none
[gps_publisher-4] [INFO] [1743095840.103527837] [drone_home1.gps_publisher]: Updated
[gps_publisher-4] [INFO] [1743095840.151813711] [drone_home1.gps_publisher]: none
[gps_publisher-4] [INFO] [1743095840.154624819] [drone_home1.gps_publisher]: Updated
[gps_publisher-4] [INFO] [1743095840.201776886] [drone_home1.gps_publisher]: none
[gps_publisher-4] [INFO] [1743095840.204649787] [drone_home1.gps_publisher]: Updated
[gps_publisher-4] [INFO] [1743095840.251545019] [drone_home1.gps_publisher]: none
[gps_publisher-4] [INFO] [1743095840.253847609] [drone_home1.gps_publisher]: Updated
[gps_publisher-4] [INFO] [1743095840.301391873] [drone_home1.gps_publisher]: none
[gps_publisher-4] [INFO] [1743095840.304051619] [drone_home1.gps_publisher]: Updated
[gps_publisher-4] [INFO] [1743095840.352165490] [drone_home1.gps_publisher]: none
[gps_publisher-4] [INFO] [1743095840.355400604] [drone_home1.gps_publisher]: Updated
[gps_publisher-4] [INFO] [1743095840.402133882] [drone_home1.gps_publisher]: none
[gps_publisher-4] [INFO] [1743095840.405289283] [drone_home1.gps_publisher]: Updated
[gps_publisher-4] [INFO] [1743095840.452033600] [drone_home1.gps_publisher]: none
[gps_publisher-4] [INFO] [1743095840.455541422] [drone_home1.gps_publisher]: Updated
[gps_publisher-4] [INFO] [1743095840.502154793] [drone_home1.gps_publisher]: none
[gps_publisher-4] [INFO] [1743095840.505436628] [drone_home1.gps_publisher]: Updated
[gps_publisher-4] [INFO] [1743095840.552233042] [drone_home1.gps_publisher]: none
[gps_publisher-4] [INFO] [1743095840.554868724] [drone_home1.gps_publisher]: Updated
[gps_publisher-4] [INFO] [1743095840.601364303] [drone_home1.gps_publisher]: none
[gps_publisher-4] [INFO] [1743095840.603483434] [drone_home1.gps_publisher]: Updated
[gps_publisher-4] [INFO] [1743095840.651804764] [drone_home1.gps_publisher]: none
[gps_publisher-4] [INFO] [1743095840.654557664] [drone_home1.gps_publisher]: Updated
[gps_publisher-4] [INFO] [1743095840.704072257] [drone_home1.gps_publisher]: none
[gps_publisher-4] [INFO] [1743095840.706170908] [drone_home1.gps_publisher]: Updated
[gps_publisher-4] [INFO] [1743095840.751507656] [drone_home1.gps_publisher]: none
[gps_publisher-4] [INFO] [1743095840.754482158] [drone_home1.gps_publisher]: Updated
[gps_publisher-4] [INFO] [1743095840.801660433] [drone_home1.gps_publisher]: none
[gps_publisher-4] [INFO] [1743095840.804353236] [drone_home1.gps_publisher]: Updated
[gps_publisher-4] [INFO] [1743095840.851972861] [drone_home1.gps_publisher]: none
[gps_publisher-4] [INFO] [1743095840.855196871] [drone_home1.gps_publisher]: Updated
[gps_publisher-4] [INFO] [1743095840.901632128] [drone_home1.gps_publisher]: none
[gps_publisher-4] [INFO] [1743095840.904069760] [drone_home1.gps_publisher]: Updated
[gps_publisher-4] [INFO] [1743095840.951853387] [drone_home1.gps_publisher]: none
[gps_publisher-4] [INFO] [1743095840.954233450] [drone_home1.gps_publisher]: Updated
[gps_publisher-4] [INFO] [1743095841.001377101] [drone_home1.gps_publisher]: none
[gps_publisher-4] [INFO] [1743095841.003468743] [drone_home1.gps_publisher]: Updated
[gps_publisher-4] [INFO] [1743095841.051516303] [drone_home1.gps_publisher]: none
[gps_publisher-4] [INFO] [1743095841.053426983] [drone_home1.gps_publisher]: Updated
[gps_publisher-4] [INFO] [1743095841.101709778] [drone_home1.gps_publisher]: none
[gps_publisher-4] [INFO] [1743095841.104500054] [drone_home1.gps_publisher]: Updated
[gps_publisher-4] [INFO] [1743095841.151692178] [drone_home1.gps_publisher]: none
[gps_publisher-4] [INFO] [1743095841.154404885] [drone_home1.gps_publisher]: Updated
[gps_publisher-4] [INFO] [1743095841.202025207] [drone_home1.gps_publisher]: none
[gps_publisher-4] [INFO] [1743095841.206483984] [drone_home1.gps_publisher]: Updated
[gps_publisher-4] [INFO] [1743095841.252014359] [drone_home1.gps_publisher]: none
[gps_publisher-4] [INFO] [1743095841.255420803] [drone_home1.gps_publisher]: Updated
[gps_publisher-4] [INFO] [1743095841.301922999] [drone_home1.gps_publisher]: none
[gps_publisher-4] [INFO] [1743095841.305027070] [drone_home1.gps_publisher]: Updated
[gps_publisher-4] [INFO] [1743095841.351988248] [drone_home1.gps_publisher]: none
[gps_publisher-4] [INFO] [1743095841.355159905] [drone_home1.gps_publisher]: Updated
[gps_publisher-4] [INFO] [1743095841.401935736] [drone_home1.gps_publisher]: none
[gps_publisher-4] [INFO] [1743095841.405942667] [drone_home1.gps_publisher]: Updated
[gps_publisher-4] [INFO] [1743095841.451690133] [drone_home1.gps_publisher]: none
[gps_publisher-4] [INFO] [1743095841.454808157] [drone_home1.gps_publisher]: Updated
[gps_publisher-4] [INFO] [1743095841.502030682] [drone_home1.gps_publisher]: none
[gps_publisher-4] [INFO] [1743095841.505725385] [drone_home1.gps_publisher]: Updated
[gps_publisher-4] [INFO] [1743095841.552014970] [drone_home1.gps_publisher]: none
[gps_publisher-4] [INFO] [1743095841.555511431] [drone_home1.gps_publisher]: Updated
[gps_publisher-4] [INFO] [1743095841.602005851] [drone_home1.gps_publisher]: none
[gps_publisher-4] [INFO] [1743095841.605207748] [drone_home1.gps_publisher]: Updated
[gps_publisher-4] [INFO] [1743095841.652050428] [drone_home1.gps_publisher]: none
[gps_publisher-4] [INFO] [1743095841.655207876] [drone_home1.gps_publisher]: Updated
[gps_publisher-4] [INFO] [1743095841.701865722] [drone_home1.gps_publisher]: none
[gps_publisher-4] [INFO] [1743095841.704964097] [drone_home1.gps_publisher]: Updated
[gps_publisher-4] [INFO] [1743095841.751950939] [drone_home1.gps_publisher]: none
[gps_publisher-4] [INFO] [1743095841.755211525] [drone_home1.gps_publisher]: Updated
[gps_publisher-4] [INFO] [1743095841.802125790] [drone_home1.gps_publisher]: none
[gps_publisher-4] [INFO] [1743095841.805266470] [drone_home1.gps_publisher]: Updated
[gps_publisher-4] [INFO] [1743095841.851942268] [drone_home1.gps_publisher]: none
[gps_publisher-4] [INFO] [1743095841.855305159] [drone_home1.gps_publisher]: Updated
[gps_publisher-4] [INFO] [1743095841.901890940] [drone_home1.gps_publisher]: none
[gps_publisher-4] [INFO] [1743095841.905401065] [drone_home1.gps_publisher]: Updated
[gps_publisher-4] [INFO] [1743095841.951940445] [drone_home1.gps_publisher]: none
[gps_publisher-4] [INFO] [1743095841.955095494] [drone_home1.gps_publisher]: Updated
[gps_publisher-4] [INFO] [1743095842.001982238] [drone_home1.gps_publisher]: none
[gps_publisher-4] [INFO] [1743095842.005357705] [drone_home1.gps_publisher]: Updated
[gps_publisher-4] [INFO] [1743095842.051913335] [drone_home1.gps_publisher]: none
[gps_publisher-4] [INFO] [1743095842.055298690] [drone_home1.gps_publisher]: Updated
[gps_publisher-4] [INFO] [1743095842.101960593] [drone_home1.gps_publisher]: none
[gps_publisher-4] [INFO] [1743095842.105153625] [drone_home1.gps_publisher]: Updated
[gps_publisher-4] [INFO] [1743095842.151908298] [drone_home1.gps_publisher]: none
[gps_publisher-4] [INFO] [1743095842.155061074] [drone_home1.gps_publisher]: Updated
[gps_publisher-4] [INFO] [1743095842.201982148] [drone_home1.gps_publisher]: none
[gps_publisher-4] [INFO] [1743095842.205318991] [drone_home1.gps_publisher]: Updated
[gps_publisher-4] [INFO] [1743095842.251991486] [drone_home1.gps_publisher]: none
[gps_publisher-4] [INFO] [1743095842.255289672] [drone_home1.gps_publisher]: Updated
[gps_publisher-4] [INFO] [1743095842.301890198] [drone_home1.gps_publisher]: none
[gps_publisher-4] [INFO] [1743095842.304989565] [drone_home1.gps_publisher]: Updated
[gps_publisher-4] [INFO] [1743095842.351920912] [drone_home1.gps_publisher]: none
[gps_publisher-4] [INFO] [1743095842.355014231] [drone_home1.gps_publisher]: Updated
[gps_publisher-4] [INFO] [1743095842.401826664] [drone_home1.gps_publisher]: none
[gps_publisher-4] [INFO] [1743095842.404933104] [drone_home1.gps_publisher]: Updated
[gps_publisher-4] [INFO] [1743095842.451370780] [drone_home1.gps_publisher]: none
[gps_publisher-4] [INFO] [1743095842.453359893] [drone_home1.gps_publisher]: Updated
[gps_publisher-4] [INFO] [1743095842.501245684] [drone_home1.gps_publisher]: none
[gps_publisher-4] [INFO] [1743095842.503095531] [drone_home1.gps_publisher]: Updated
[gps_publisher-4] [INFO] [1743095842.551317102] [drone_home1.gps_publisher]: none
[gps_publisher-4] [INFO] [1743095842.553117701] [drone_home1.gps_publisher]: Updated
[gps_publisher-4] [INFO] [1743095842.601300231] [drone_home1.gps_publisher]: none
[gps_publisher-4] [INFO] [1743095842.603170527] [drone_home1.gps_publisher]: Updated
[gps_publisher-4] [INFO] [1743095842.651343106] [drone_home1.gps_publisher]: none
[gps_publisher-4] [INFO] [1743095842.653148440] [drone_home1.gps_publisher]: Updated
[gps_publisher-4] [INFO] [1743095842.701384860] [drone_home1.gps_publisher]: none
[gps_publisher-4] [INFO] [1743095842.703396693] [drone_home1.gps_publisher]: Updated
[gps_publisher-4] [INFO] [1743095842.751322644] [drone_home1.gps_publisher]: none
[gps_publisher-4] [INFO] [1743095842.753067210] [drone_home1.gps_publisher]: Updated
[gps_publisher-4] [INFO] [1743095842.801329678] [drone_home1.gps_publisher]: none
[gps_publisher-4] [INFO] [1743095842.803587530] [drone_home1.gps_publisher]: Updated
[gps_publisher-4] [INFO] [1743095842.851522506] [drone_home1.gps_publisher]: none
[gps_publisher-4] [INFO] [1743095842.853545411] [drone_home1.gps_publisher]: Updated
[gps_publisher-4] [INFO] [1743095842.901331009] [drone_home1.gps_publisher]: none
[gps_publisher-4] [INFO] [1743095842.903322778] [drone_home1.gps_publisher]: Updated
[gps_publisher-4] [INFO] [1743095842.951908738] [drone_home1.gps_publisher]: none
[gps_publisher-4] [INFO] [1743095842.953944027] [drone_home1.gps_publisher]: Updated
[gps_publisher-4] [INFO] [1743095843.002082845] [drone_home1.gps_publisher]: none
[gps_publisher-4] [INFO] [1743095843.004778111] [drone_home1.gps_publisher]: Updated
[gps_publisher-4] [INFO] [1743095843.051364327] [drone_home1.gps_publisher]: none
[gps_publisher-4] [INFO] [1743095843.053163166] [drone_home1.gps_publisher]: Updated
[gps_publisher-4] [INFO] [1743095843.101292409] [drone_home1.gps_publisher]: none
[gps_publisher-4] [INFO] [1743095843.104365471] [drone_home1.gps_publisher]: Updated
[gps_publisher-4] [INFO] [1743095843.151305420] [drone_home1.gps_publisher]: none
[gps_publisher-4] [INFO] [1743095843.153078402] [drone_home1.gps_publisher]: Updated
[gps_publisher-4] [INFO] [1743095843.201279838] [drone_home1.gps_publisher]: none
[gps_publisher-4] [INFO] [1743095843.203484250] [drone_home1.gps_publisher]: Updated
[gps_publisher-4] [INFO] [1743095843.251367282] [drone_home1.gps_publisher]: none
[gps_publisher-4] [INFO] [1743095843.255248002] [drone_home1.gps_publisher]: Updated
[gps_publisher-4] [INFO] [1743095843.301556775] [drone_home1.gps_publisher]: none
[gps_publisher-4] [INFO] [1743095843.304334858] [drone_home1.gps_publisher]: Updated
[gps_publisher-4] [INFO] [1743095843.351562938] [drone_home1.gps_publisher]: none
[gps_publisher-4] [INFO] [1743095843.354079897] [drone_home1.gps_publisher]: Updated
[gps_publisher-4] [INFO] [1743095843.401859728] [drone_home1.gps_publisher]: none
[gps_publisher-4] [INFO] [1743095843.405866882] [drone_home1.gps_publisher]: Updated
[gps_publisher-4] [INFO] [1743095843.451456382] [drone_home1.gps_publisher]: none
[gps_publisher-4] [INFO] [1743095843.454431843] [drone_home1.gps_publisher]: Updated
[gps_publisher-4] [INFO] [1743095843.502002903] [drone_home1.gps_publisher]: none
[gps_publisher-4] [INFO] [1743095843.505175967] [drone_home1.gps_publisher]: Updated
[gps_publisher-4] [INFO] [1743095843.551503364] [drone_home1.gps_publisher]: none
[gps_publisher-4] [INFO] [1743095843.553685023] [drone_home1.gps_publisher]: Updated
[gps_publisher-4] [INFO] [1743095843.601403669] [drone_home1.gps_publisher]: none
[gps_publisher-4] [INFO] [1743095843.604196664] [drone_home1.gps_publisher]: Updated
[gps_publisher-4] [INFO] [1743095843.651407624] [drone_home1.gps_publisher]: none
[gps_publisher-4] [INFO] [1743095843.653499394] [drone_home1.gps_publisher]: Updated
[gps_publisher-4] [INFO] [1743095843.701309049] [drone_home1.gps_publisher]: none
[gps_publisher-4] [INFO] [1743095843.703173969] [drone_home1.gps_publisher]: Updated
[gps_publisher-4] [INFO] [1743095843.751690961] [drone_home1.gps_publisher]: none
[gps_publisher-4] [INFO] [1743095843.753550664] [drone_home1.gps_publisher]: Updated
[gps_publisher-4] [INFO] [1743095843.801298367] [drone_home1.gps_publisher]: none
[gps_publisher-4] [INFO] [1743095843.803260535] [drone_home1.gps_publisher]: Updated
[gps_publisher-4] [INFO] [1743095843.851755415] [drone_home1.gps_publisher]: none
[gps_publisher-4] [INFO] [1743095843.854155157] [drone_home1.gps_publisher]: Updated
[gps_publisher-4] [INFO] [1743095843.901829035] [drone_home1.gps_publisher]: none
[gps_publisher-4] [INFO] [1743095843.904912721] [drone_home1.gps_publisher]: Updated
[gps_publisher-4] [INFO] [1743095843.951723740] [drone_home1.gps_publisher]: none
[gps_publisher-4] [INFO] [1743095843.954810339] [drone_home1.gps_publisher]: Updated
[gps_publisher-4] [INFO] [1743095844.002521465] [drone_home1.gps_publisher]: none
[gps_publisher-4] [INFO] [1743095844.005811458] [drone_home1.gps_publisher]: Updated
[gps_publisher-4] [INFO] [1743095844.052361795] [drone_home1.gps_publisher]: none
[gps_publisher-4] [INFO] [1743095844.054861698] [drone_home1.gps_publisher]: Updated
[gps_publisher-4] [INFO] [1743095844.102019947] [drone_home1.gps_publisher]: none
[gps_publisher-4] [INFO] [1743095844.105157970] [drone_home1.gps_publisher]: Updated
[gps_publisher-4] [INFO] [1743095844.152572702] [drone_home1.gps_publisher]: none
[gps_publisher-4] [INFO] [1743095844.157890848] [drone_home1.gps_publisher]: Updated
[gps_publisher-4] [INFO] [1743095844.201287706] [drone_home1.gps_publisher]: none
[gps_publisher-4] [INFO] [1743095844.203073776] [drone_home1.gps_publisher]: Updated
[gps_publisher-4] [INFO] [1743095844.251270726] [drone_home1.gps_publisher]: none
[gps_publisher-4] [INFO] [1743095844.253001947] [drone_home1.gps_publisher]: Updated
[gps_publisher-4] [INFO] [1743095844.301270642] [drone_home1.gps_publisher]: none
[gps_publisher-4] [INFO] [1743095844.303045448] [drone_home1.gps_publisher]: Updated
[gps_publisher-4] [INFO] [1743095844.351312255] [drone_home1.gps_publisher]: none
[gps_publisher-4] [INFO] [1743095844.353473818] [drone_home1.gps_publisher]: Updated
[gps_publisher-4] [INFO] [1743095844.402037844] [drone_home1.gps_publisher]: none
[gps_publisher-4] [INFO] [1743095844.405183067] [drone_home1.gps_publisher]: Updated
[gps_publisher-4] [INFO] [1743095844.451911678] [drone_home1.gps_publisher]: none
[gps_publisher-4] [INFO] [1743095844.455044485] [drone_home1.gps_publisher]: Updated
[gps_publisher-4] [INFO] [1743095844.501940267] [drone_home1.gps_publisher]: none
[gps_publisher-4] [INFO] [1743095844.505035857] [drone_home1.gps_publisher]: Updated
[gps_publisher-4] [INFO] [1743095844.551910839] [drone_home1.gps_publisher]: none
[gps_publisher-4] [INFO] [1743095844.555437378] [drone_home1.gps_publisher]: Updated
[gps_publisher-4] [INFO] [1743095844.602036708] [drone_home1.gps_publisher]: none
[gps_publisher-4] [INFO] [1743095844.605168267] [drone_home1.gps_publisher]: Updated
[gps_publisher-4] [INFO] [1743095844.652137266] [drone_home1.gps_publisher]: none
[gps_publisher-4] [INFO] [1743095844.655588157] [drone_home1.gps_publisher]: Updated
[gps_publisher-4] [INFO] [1743095844.702010556] [drone_home1.gps_publisher]: none
[gps_publisher-4] [INFO] [1743095844.705468103] [drone_home1.gps_publisher]: Updated
[gps_publisher-4] [INFO] [1743095844.752020361] [drone_home1.gps_publisher]: none
[gps_publisher-4] [INFO] [1743095844.755192656] [drone_home1.gps_publisher]: Updated
[gps_publisher-4] [INFO] [1743095844.801424045] [drone_home1.gps_publisher]: none
[gps_publisher-4] [INFO] [1743095844.803836587] [drone_home1.gps_publisher]: Updated
[gps_publisher-4] [INFO] [1743095844.851958080] [drone_home1.gps_publisher]: none
[gps_publisher-4] [INFO] [1743095844.855889489] [drone_home1.gps_publisher]: Updated
[gps_publisher-4] [INFO] [1743095844.901874507] [drone_home1.gps_publisher]: none
[gps_publisher-4] [INFO] [1743095844.905152468] [drone_home1.gps_publisher]: Updated
[gps_publisher-4] [INFO] [1743095844.951901080] [drone_home1.gps_publisher]: none
[gps_publisher-4] [INFO] [1743095844.955202624] [drone_home1.gps_publisher]: Updated
[gps_publisher-4] [INFO] [1743095845.001887107] [drone_home1.gps_publisher]: none
[gps_publisher-4] [INFO] [1743095845.005040650] [drone_home1.gps_publisher]: Updated
[gps_publisher-4] [INFO] [1743095845.051807592] [drone_home1.gps_publisher]: none
[gps_publisher-4] [INFO] [1743095845.054937039] [drone_home1.gps_publisher]: Updated
[gps_publisher-4] [INFO] [1743095845.101939280] [drone_home1.gps_publisher]: none
[gps_publisher-4] [INFO] [1743095845.106436391] [drone_home1.gps_publisher]: Updated
[gps_publisher-4] [INFO] [1743095845.151303982] [drone_home1.gps_publisher]: none
[gps_publisher-4] [INFO] [1743095845.153144196] [drone_home1.gps_publisher]: Updated
[gps_publisher-4] [INFO] [1743095845.201841754] [drone_home1.gps_publisher]: none
[gps_publisher-4] [INFO] [1743095845.203815314] [drone_home1.gps_publisher]: Updated
[gps_publisher-4] [INFO] [1743095845.251864128] [drone_home1.gps_publisher]: none
[gps_publisher-4] [INFO] [1743095845.254539905] [drone_home1.gps_publisher]: Updated
[gps_publisher-4] [INFO] [1743095845.301398176] [drone_home1.gps_publisher]: none
[gps_publisher-4] [INFO] [1743095845.303487290] [drone_home1.gps_publisher]: Updated
[gps_publisher-4] [INFO] [1743095845.352100878] [drone_home1.gps_publisher]: none
[gps_publisher-4] [INFO] [1743095845.355007570] [drone_home1.gps_publisher]: Updated
[gps_publisher-4] [INFO] [1743095845.402042772] [drone_home1.gps_publisher]: none
[gps_publisher-4] [INFO] [1743095845.405248251] [drone_home1.gps_publisher]: Updated
[gps_publisher-4] [INFO] [1743095845.451552403] [drone_home1.gps_publisher]: none
[gps_publisher-4] [INFO] [1743095845.454607001] [drone_home1.gps_publisher]: Updated
[gps_publisher-4] [INFO] [1743095845.501783644] [drone_home1.gps_publisher]: none
[gps_publisher-4] [INFO] [1743095845.504857026] [drone_home1.gps_publisher]: Updated
[gps_publisher-4] [INFO] [1743095845.551915459] [drone_home1.gps_publisher]: none
[gps_publisher-4] [INFO] [1743095845.555084298] [drone_home1.gps_publisher]: Updated
[gps_publisher-4] [INFO] [1743095845.601885193] [drone_home1.gps_publisher]: none
[gps_publisher-4] [INFO] [1743095845.605058224] [drone_home1.gps_publisher]: Updated
[gps_publisher-4] [INFO] [1743095845.651420393] [drone_home1.gps_publisher]: none
[gps_publisher-4] [INFO] [1743095845.653407905] [drone_home1.gps_publisher]: Updated
[gps_publisher-4] [INFO] [1743095845.701955541] [drone_home1.gps_publisher]: none
[gps_publisher-4] [INFO] [1743095845.705080859] [drone_home1.gps_publisher]: Updated
[gps_publisher-4] [INFO] [1743095845.751794361] [drone_home1.gps_publisher]: none
[gps_publisher-4] [INFO] [1743095845.754907135] [drone_home1.gps_publisher]: Updated
[gps_publisher-4] [INFO] [1743095845.801896864] [drone_home1.gps_publisher]: none
[gps_publisher-4] [INFO] [1743095845.805095911] [drone_home1.gps_publisher]: Updated
[gps_publisher-4] [INFO] [1743095845.851897254] [drone_home1.gps_publisher]: none
[gps_publisher-4] [INFO] [1743095845.855204878] [drone_home1.gps_publisher]: Updated
[gps_publisher-4] [INFO] [1743095845.901758666] [drone_home1.gps_publisher]: none
[gps_publisher-4] [INFO] [1743095845.904821231] [drone_home1.gps_publisher]: Updated
[gps_publisher-4] [INFO] [1743095845.951746255] [drone_home1.gps_publisher]: none
[gps_publisher-4] [INFO] [1743095845.954846421] [drone_home1.gps_publisher]: Updated
[gps_publisher-4] [INFO] [1743095846.001965752] [drone_home1.gps_publisher]: none
[gps_publisher-4] [INFO] [1743095846.007390106] [drone_home1.gps_publisher]: Updated
[gps_publisher-4] [INFO] [1743095846.051888438] [drone_home1.gps_publisher]: none
[gps_publisher-4] [INFO] [1743095846.055032253] [drone_home1.gps_publisher]: Updated
[gps_publisher-4] [INFO] [1743095846.101855350] [drone_home1.gps_publisher]: none
[gps_publisher-4] [INFO] [1743095846.104941723] [drone_home1.gps_publisher]: Updated
[gps_publisher-4] [INFO] [1743095846.151901654] [drone_home1.gps_publisher]: none
[gps_publisher-4] [INFO] [1743095846.155079676] [drone_home1.gps_publisher]: Updated
[gps_publisher-4] [INFO] [1743095846.202200121] [drone_home1.gps_publisher]: none
[gps_publisher-4] [INFO] [1743095846.205530657] [drone_home1.gps_publisher]: Updated
[gps_publisher-4] [INFO] [1743095846.252025238] [drone_home1.gps_publisher]: none
[gps_publisher-4] [INFO] [1743095846.255307134] [drone_home1.gps_publisher]: Updated
[gps_publisher-4] [INFO] [1743095846.301969269] [drone_home1.gps_publisher]: none
[gps_publisher-4] [INFO] [1743095846.305192668] [drone_home1.gps_publisher]: Updated
[gps_publisher-4] [INFO] [1743095846.352035606] [drone_home1.gps_publisher]: none
[gps_publisher-4] [INFO] [1743095846.355407519] [drone_home1.gps_publisher]: Updated
[gps_publisher-4] [INFO] [1743095846.401570800] [drone_home1.gps_publisher]: none
[gps_publisher-4] [INFO] [1743095846.404057326] [drone_home1.gps_publisher]: Updated
[gps_publisher-4] [INFO] [1743095846.451909107] [drone_home1.gps_publisher]: none
[gps_publisher-4] [INFO] [1743095846.455182267] [drone_home1.gps_publisher]: Updated
[gps_publisher-4] [INFO] [1743095846.502025684] [drone_home1.gps_publisher]: none
[gps_publisher-4] [INFO] [1743095846.505278300] [drone_home1.gps_publisher]: Updated
[gps_publisher-4] [INFO] [1743095846.551967251] [drone_home1.gps_publisher]: none
[gps_publisher-4] [INFO] [1743095846.555684800] [drone_home1.gps_publisher]: Updated
[gps_publisher-4] [INFO] [1743095846.601877138] [drone_home1.gps_publisher]: none
[gps_publisher-4] [INFO] [1743095846.605059832] [drone_home1.gps_publisher]: Updated
[gps_publisher-4] [INFO] [1743095846.652058292] [drone_home1.gps_publisher]: none
[gps_publisher-4] [INFO] [1743095846.655701824] [drone_home1.gps_publisher]: Updated
[gps_publisher-4] [INFO] [1743095846.702022355] [drone_home1.gps_publisher]: none
[gps_publisher-4] [INFO] [1743095846.705634335] [drone_home1.gps_publisher]: Updated
[gps_publisher-4] [INFO] [1743095846.752034162] [drone_home1.gps_publisher]: none
[gps_publisher-4] [INFO] [1743095846.755304186] [drone_home1.gps_publisher]: Updated
[gps_publisher-4] [INFO] [1743095846.801989329] [drone_home1.gps_publisher]: none
[gps_publisher-4] [INFO] [1743095846.805353306] [drone_home1.gps_publisher]: Updated
[gps_publisher-4] [INFO] [1743095846.852039346] [drone_home1.gps_publisher]: none
[gps_publisher-4] [INFO] [1743095846.855243513] [drone_home1.gps_publisher]: Updated
[gps_publisher-4] [INFO] [1743095846.902022193] [drone_home1.gps_publisher]: none
[gps_publisher-4] [INFO] [1743095846.905385370] [drone_home1.gps_publisher]: Updated
[gps_publisher-4] [INFO] [1743095846.952003600] [drone_home1.gps_publisher]: none
[gps_publisher-4] [INFO] [1743095846.955684861] [drone_home1.gps_publisher]: Updated
[gps_publisher-4] [INFO] [1743095847.001877038] [drone_home1.gps_publisher]: none
[gps_publisher-4] [INFO] [1743095847.005337656] [drone_home1.gps_publisher]: Updated
[gps_publisher-4] [INFO] [1743095847.052002826] [drone_home1.gps_publisher]: none
[gps_publisher-4] [INFO] [1743095847.055376562] [drone_home1.gps_publisher]: Updated
[gps_publisher-4] [INFO] [1743095847.101976387] [drone_home1.gps_publisher]: none
[gps_publisher-4] [INFO] [1743095847.105610895] [drone_home1.gps_publisher]: Updated
[gps_publisher-4] [INFO] [1743095847.151997757] [drone_home1.gps_publisher]: none
[gps_publisher-4] [INFO] [1743095847.155374821] [drone_home1.gps_publisher]: Updated
[gps_publisher-4] [INFO] [1743095847.201951510] [drone_home1.gps_publisher]: none
[gps_publisher-4] [INFO] [1743095847.205132316] [drone_home1.gps_publisher]: Updated
[gps_publisher-4] [INFO] [1743095847.252034608] [drone_home1.gps_publisher]: none
[gps_publisher-4] [INFO] [1743095847.255380857] [drone_home1.gps_publisher]: Updated
[gps_publisher-4] [INFO] [1743095847.302004810] [drone_home1.gps_publisher]: none
[gps_publisher-4] [INFO] [1743095847.305476531] [drone_home1.gps_publisher]: Updated
[gps_publisher-4] [INFO] [1743095847.352081156] [drone_home1.gps_publisher]: none
[gps_publisher-4] [INFO] [1743095847.355422956] [drone_home1.gps_publisher]: Updated
[gps_publisher-4] [INFO] [1743095847.401505495] [drone_home1.gps_publisher]: none
[gps_publisher-4] [INFO] [1743095847.404278136] [drone_home1.gps_publisher]: Updated
[gps_publisher-4] [INFO] [1743095847.451616210] [drone_home1.gps_publisher]: none
[gps_publisher-4] [INFO] [1743095847.454110256] [drone_home1.gps_publisher]: Updated
[gps_publisher-4] [INFO] [1743095847.501559691] [drone_home1.gps_publisher]: none
[gps_publisher-4] [INFO] [1743095847.504212011] [drone_home1.gps_publisher]: Updated
[gps_publisher-4] [INFO] [1743095847.551497316] [drone_home1.gps_publisher]: none
[gps_publisher-4] [INFO] [1743095847.553834496] [drone_home1.gps_publisher]: Updated
[gps_publisher-4] [INFO] [1743095847.601594494] [drone_home1.gps_publisher]: none
[gps_publisher-4] [INFO] [1743095847.604335231] [drone_home1.gps_publisher]: Updated
[gps_publisher-4] [INFO] [1743095847.651569752] [drone_home1.gps_publisher]: none
[gps_publisher-4] [INFO] [1743095847.653968821] [drone_home1.gps_publisher]: Updated
[gps_publisher-4] [INFO] [1743095847.701559121] [drone_home1.gps_publisher]: none
[gps_publisher-4] [INFO] [1743095847.704054799] [drone_home1.gps_publisher]: Updated
[gps_publisher-4] [INFO] [1743095847.751600203] [drone_home1.gps_publisher]: none
[gps_publisher-4] [INFO] [1743095847.754156874] [drone_home1.gps_publisher]: Updated
[gps_publisher-4] [INFO] [1743095847.801302177] [drone_home1.gps_publisher]: none
[gps_publisher-4] [INFO] [1743095847.803252697] [drone_home1.gps_publisher]: Updated
[gps_publisher-4] [INFO] [1743095847.851232474] [drone_home1.gps_publisher]: none
[gps_publisher-4] [INFO] [1743095847.853342036] [drone_home1.gps_publisher]: Updated
[gps_publisher-4] [INFO] [1743095847.901585816] [drone_home1.gps_publisher]: none
[gps_publisher-4] [INFO] [1743095847.903988853] [drone_home1.gps_publisher]: Updated
[gps_publisher-4] [INFO] [1743095847.951511025] [drone_home1.gps_publisher]: none
[gps_publisher-4] [INFO] [1743095847.953792076] [drone_home1.gps_publisher]: Updated
[gps_publisher-4] [INFO] [1743095848.001214567] [drone_home1.gps_publisher]: none
[gps_publisher-4] [INFO] [1743095848.003261407] [drone_home1.gps_publisher]: Updated
[gps_publisher-4] [INFO] [1743095848.051360252] [drone_home1.gps_publisher]: none
[gps_publisher-4] [INFO] [1743095848.053403765] [drone_home1.gps_publisher]: Updated
[gps_publisher-4] [INFO] [1743095848.101133518] [drone_home1.gps_publisher]: none
[gps_publisher-4] [INFO] [1743095848.103002308] [drone_home1.gps_publisher]: Updated
[gps_publisher-4] [INFO] [1743095848.151271427] [drone_home1.gps_publisher]: none
[gps_publisher-4] [INFO] [1743095848.153264731] [drone_home1.gps_publisher]: Updated
[gps_publisher-4] [INFO] [1743095848.201259607] [drone_home1.gps_publisher]: none
[gps_publisher-4] [INFO] [1743095848.203034412] [drone_home1.gps_publisher]: Updated
[gps_publisher-4] [INFO] [1743095848.251260235] [drone_home1.gps_publisher]: none
[gps_publisher-4] [INFO] [1743095848.253167073] [drone_home1.gps_publisher]: Updated
[gps_publisher-4] [INFO] [1743095848.301212670] [drone_home1.gps_publisher]: none
[gps_publisher-4] [INFO] [1743095848.303042900] [drone_home1.gps_publisher]: Updated
[gps_publisher-4] [INFO] [1743095848.351301939] [drone_home1.gps_publisher]: none
[gps_publisher-4] [INFO] [1743095848.353140553] [drone_home1.gps_publisher]: Updated
[gps_publisher-4] [INFO] [1743095848.401252998] [drone_home1.gps_publisher]: none
[gps_publisher-4] [INFO] [1743095848.403042651] [drone_home1.gps_publisher]: Updated
[gps_publisher-4] [INFO] [1743095848.451364795] [drone_home1.gps_publisher]: none
[gps_publisher-4] [INFO] [1743095848.453418228] [drone_home1.gps_publisher]: Updated
[gps_publisher-4] [INFO] [1743095848.501304846] [drone_home1.gps_publisher]: none
[gps_publisher-4] [INFO] [1743095848.503207173] [drone_home1.gps_publisher]: Updated
[gps_publisher-4] [INFO] [1743095848.551200769] [drone_home1.gps_publisher]: none
[gps_publisher-4] [INFO] [1743095848.553011766] [drone_home1.gps_publisher]: Updated
[gps_publisher-4] [INFO] [1743095848.601233941] [drone_home1.gps_publisher]: none
[gps_publisher-4] [INFO] [1743095848.603183020] [drone_home1.gps_publisher]: Updated
[gps_publisher-4] [INFO] [1743095848.651283145] [drone_home1.gps_publisher]: none
[gps_publisher-4] [INFO] [1743095848.653153632] [drone_home1.gps_publisher]: Updated
[gps_publisher-4] [INFO] [1743095848.701284861] [drone_home1.gps_publisher]: none
[gps_publisher-4] [INFO] [1743095848.703208564] [drone_home1.gps_publisher]: Updated
[gps_publisher-4] [INFO] [1743095848.751395634] [drone_home1.gps_publisher]: none
[gps_publisher-4] [INFO] [1743095848.753377706] [drone_home1.gps_publisher]: Updated
[gps_publisher-4] [INFO] [1743095848.801454759] [drone_home1.gps_publisher]: none
[gps_publisher-4] [INFO] [1743095848.803908420] [drone_home1.gps_publisher]: Updated
[gps_publisher-4] [INFO] [1743095848.851366394] [drone_home1.gps_publisher]: none
[gps_publisher-4] [INFO] [1743095848.853362226] [drone_home1.gps_publisher]: Updated
[gps_publisher-4] [INFO] [1743095848.901947636] [drone_home1.gps_publisher]: none
[gps_publisher-4] [INFO] [1743095848.905101242] [drone_home1.gps_publisher]: Updated
[gps_publisher-4] [INFO] [1743095848.951991689] [drone_home1.gps_publisher]: none
[gps_publisher-4] [INFO] [1743095848.955197327] [drone_home1.gps_publisher]: Updated
[gps_publisher-4] [INFO] [1743095849.001235188] [drone_home1.gps_publisher]: none
[gps_publisher-4] [INFO] [1743095849.003080138] [drone_home1.gps_publisher]: Updated
[gps_publisher-4] [INFO] [1743095849.051203682] [drone_home1.gps_publisher]: none
[gps_publisher-4] [INFO] [1743095849.053291834] [drone_home1.gps_publisher]: Updated
[gps_publisher-4] [INFO] [1743095849.101381586] [drone_home1.gps_publisher]: none
[gps_publisher-4] [INFO] [1743095849.103788142] [drone_home1.gps_publisher]: Updated
[gps_publisher-4] [INFO] [1743095849.152022408] [drone_home1.gps_publisher]: none
[gps_publisher-4] [INFO] [1743095849.155274926] [drone_home1.gps_publisher]: Updated
[gps_publisher-4] [INFO] [1743095849.201942453] [drone_home1.gps_publisher]: none
[gps_publisher-4] [INFO] [1743095849.205094042] [drone_home1.gps_publisher]: Updated
[gps_publisher-4] [INFO] [1743095849.252048452] [drone_home1.gps_publisher]: none
[gps_publisher-4] [INFO] [1743095849.255266890] [drone_home1.gps_publisher]: Updated
[gps_publisher-4] [INFO] [1743095849.301968466] [drone_home1.gps_publisher]: none
[gps_publisher-4] [INFO] [1743095849.305364442] [drone_home1.gps_publisher]: Updated
[gps_publisher-4] [INFO] [1743095849.352024289] [drone_home1.gps_publisher]: none
[gps_publisher-4] [INFO] [1743095849.355240519] [drone_home1.gps_publisher]: Updated
[gps_publisher-4] [INFO] [1743095849.401307110] [drone_home1.gps_publisher]: none
[gps_publisher-4] [INFO] [1743095849.405235989] [drone_home1.gps_publisher]: Updated
[gps_publisher-4] [INFO] [1743095849.451965468] [drone_home1.gps_publisher]: none
[gps_publisher-4] [INFO] [1743095849.455160034] [drone_home1.gps_publisher]: Updated
[gps_publisher-4] [INFO] [1743095849.501631623] [drone_home1.gps_publisher]: none
[gps_publisher-4] [INFO] [1743095849.504648938] [drone_home1.gps_publisher]: Updated
[gps_publisher-4] [INFO] [1743095849.551745302] [drone_home1.gps_publisher]: none
[gps_publisher-4] [INFO] [1743095849.554835227] [drone_home1.gps_publisher]: Updated
[gps_publisher-4] [INFO] [1743095849.601596515] [drone_home1.gps_publisher]: none
[gps_publisher-4] [INFO] [1743095849.604634758] [drone_home1.gps_publisher]: Updated
[gps_publisher-4] [INFO] [1743095849.651634385] [drone_home1.gps_publisher]: none
[gps_publisher-4] [INFO] [1743095849.654861399] [drone_home1.gps_publisher]: Updated
[gps_publisher-4] [INFO] [1743095849.701814754] [drone_home1.gps_publisher]: none
[gps_publisher-4] [INFO] [1743095849.705568398] [drone_home1.gps_publisher]: Updated
[gps_publisher-4] [INFO] [1743095849.751839152] [drone_home1.gps_publisher]: none
[gps_publisher-4] [INFO] [1743095849.755555516] [drone_home1.gps_publisher]: Updated
[gps_publisher-4] [INFO] [1743095849.801850590] [drone_home1.gps_publisher]: none
[gps_publisher-4] [INFO] [1743095849.805657099] [drone_home1.gps_publisher]: Updated
[gps_publisher-4] [INFO] [1743095849.852264818] [drone_home1.gps_publisher]: none
[gps_publisher-4] [INFO] [1743095849.856385314] [drone_home1.gps_publisher]: Updated
[gps_publisher-4] [INFO] [1743095849.901408054] [drone_home1.gps_publisher]: none
[gps_publisher-4] [INFO] [1743095849.904452218] [drone_home1.gps_publisher]: Updated
[gps_publisher-4] [INFO] [1743095849.951286786] [drone_home1.gps_publisher]: none
[gps_publisher-4] [INFO] [1743095849.953390427] [drone_home1.gps_publisher]: Updated
[gps_publisher-4] [INFO] [1743095850.001188752] [drone_home1.gps_publisher]: none
[gps_publisher-4] [INFO] [1743095850.002976197] [drone_home1.gps_publisher]: Updated
[gps_publisher-4] [INFO] [1743095850.051278809] [drone_home1.gps_publisher]: none
[gps_publisher-4] [INFO] [1743095850.053038574] [drone_home1.gps_publisher]: Updated
[gps_publisher-4] [INFO] [1743095850.101252450] [drone_home1.gps_publisher]: none
[gps_publisher-4] [INFO] [1743095850.103003766] [drone_home1.gps_publisher]: Updated
[gps_publisher-4] [INFO] [1743095850.151318892] [drone_home1.gps_publisher]: none
[gps_publisher-4] [INFO] [1743095850.153079520] [drone_home1.gps_publisher]: Updated
[gps_publisher-4] [INFO] [1743095850.201271572] [drone_home1.gps_publisher]: none
[gps_publisher-4] [INFO] [1743095850.203051657] [drone_home1.gps_publisher]: Updated
[gps_publisher-4] [INFO] [1743095850.252115494] [drone_home1.gps_publisher]: none
[gps_publisher-4] [INFO] [1743095850.255374637] [drone_home1.gps_publisher]: Updated
[gps_publisher-4] [INFO] [1743095850.301676010] [drone_home1.gps_publisher]: none
[gps_publisher-4] [INFO] [1743095850.304294025] [drone_home1.gps_publisher]: Updated
[gps_publisher-4] [INFO] [1743095850.351801972] [drone_home1.gps_publisher]: none
[gps_publisher-4] [INFO] [1743095850.354883448] [drone_home1.gps_publisher]: Updated
[gps_publisher-4] [INFO] [1743095850.402217090] [drone_home1.gps_publisher]: none
[gps_publisher-4] [INFO] [1743095850.404969698] [drone_home1.gps_publisher]: Updated
[gps_publisher-4] [INFO] [1743095850.451859623] [drone_home1.gps_publisher]: none
[gps_publisher-4] [INFO] [1743095850.454988459] [drone_home1.gps_publisher]: Updated
[gps_publisher-4] [INFO] [1743095850.501824495] [drone_home1.gps_publisher]: none
[gps_publisher-4] [INFO] [1743095850.504578831] [drone_home1.gps_publisher]: Updated
[gps_publisher-4] [INFO] [1743095850.554073810] [drone_home1.gps_publisher]: none
[gps_publisher-4] [INFO] [1743095850.557349688] [drone_home1.gps_publisher]: Updated
[gps_publisher-4] [INFO] [1743095850.601705439] [drone_home1.gps_publisher]: none
[gps_publisher-4] [INFO] [1743095850.604112059] [drone_home1.gps_publisher]: Updated
[gps_publisher-4] [INFO] [1743095850.652034924] [drone_home1.gps_publisher]: none
[gps_publisher-4] [INFO] [1743095850.655337970] [drone_home1.gps_publisher]: Updated
[gps_publisher-4] [INFO] [1743095850.701304268] [drone_home1.gps_publisher]: none
[gps_publisher-4] [INFO] [1743095850.703149058] [drone_home1.gps_publisher]: Updated
[gps_publisher-4] [INFO] [1743095850.751432758] [drone_home1.gps_publisher]: none
[gps_publisher-4] [INFO] [1743095850.753604784] [drone_home1.gps_publisher]: Updated
[gps_publisher-4] [INFO] [1743095850.802050694] [drone_home1.gps_publisher]: none
[gps_publisher-4] [INFO] [1743095850.805339405] [drone_home1.gps_publisher]: Updated
[gps_publisher-4] [INFO] [1743095850.852031471] [drone_home1.gps_publisher]: none
[gps_publisher-4] [INFO] [1743095850.855518488] [drone_home1.gps_publisher]: Updated
[gps_publisher-4] [INFO] [1743095850.902139193] [drone_home1.gps_publisher]: none
[gps_publisher-4] [INFO] [1743095850.905675234] [drone_home1.gps_publisher]: Updated
[gps_publisher-4] [INFO] [1743095850.951304472] [drone_home1.gps_publisher]: none
[gps_publisher-4] [INFO] [1743095850.953089645] [drone_home1.gps_publisher]: Updated
[gps_publisher-4] [INFO] [1743095851.001277248] [drone_home1.gps_publisher]: none
[gps_publisher-4] [INFO] [1743095851.003450394] [drone_home1.gps_publisher]: Updated
[gps_publisher-4] [INFO] [1743095851.051859339] [drone_home1.gps_publisher]: none
[gps_publisher-4] [INFO] [1743095851.054710732] [drone_home1.gps_publisher]: Updated
[gps_publisher-4] [INFO] [1743095851.101872526] [drone_home1.gps_publisher]: none
[gps_publisher-4] [INFO] [1743095851.104981778] [drone_home1.gps_publisher]: Updated
[gps_publisher-4] [INFO] [1743095851.151765617] [drone_home1.gps_publisher]: none
[gps_publisher-4] [INFO] [1743095851.154859573] [drone_home1.gps_publisher]: Updated
[gps_publisher-4] [INFO] [1743095851.202405212] [drone_home1.gps_publisher]: none
[gps_publisher-4] [INFO] [1743095851.205524320] [drone_home1.gps_publisher]: Updated
[gps_publisher-4] [INFO] [1743095851.251911609] [drone_home1.gps_publisher]: none
[gps_publisher-4] [INFO] [1743095851.255174655] [drone_home1.gps_publisher]: Updated
[gps_publisher-4] [INFO] [1743095851.301898525] [drone_home1.gps_publisher]: none
[gps_publisher-4] [INFO] [1743095851.305008449] [drone_home1.gps_publisher]: Updated
[gps_publisher-4] [INFO] [1743095851.351840992] [drone_home1.gps_publisher]: none
[gps_publisher-4] [INFO] [1743095851.354979588] [drone_home1.gps_publisher]: Updated
[gps_publisher-4] [INFO] [1743095851.401873891] [drone_home1.gps_publisher]: none
[gps_publisher-4] [INFO] [1743095851.405182986] [drone_home1.gps_publisher]: Updated
[gps_publisher-4] [INFO] [1743095851.452116714] [drone_home1.gps_publisher]: none
[gps_publisher-4] [INFO] [1743095851.455312687] [drone_home1.gps_publisher]: Updated
[gps_publisher-4] [INFO] [1743095851.501970220] [drone_home1.gps_publisher]: none
[gps_publisher-4] [INFO] [1743095851.505474964] [drone_home1.gps_publisher]: Updated
[gps_publisher-4] [INFO] [1743095851.552117041] [drone_home1.gps_publisher]: none
[gps_publisher-4] [INFO] [1743095851.555466040] [drone_home1.gps_publisher]: Updated
[gps_publisher-4] [INFO] [1743095851.601863633] [drone_home1.gps_publisher]: none
[gps_publisher-4] [INFO] [1743095851.604938485] [drone_home1.gps_publisher]: Updated
[gps_publisher-4] [INFO] [1743095851.652072759] [drone_home1.gps_publisher]: none
[gps_publisher-4] [INFO] [1743095851.655241692] [drone_home1.gps_publisher]: Updated
[gps_publisher-4] [INFO] [1743095851.701865689] [drone_home1.gps_publisher]: none
[gps_publisher-4] [INFO] [1743095851.704977149] [drone_home1.gps_publisher]: Updated
[gps_publisher-4] [INFO] [1743095851.751755163] [drone_home1.gps_publisher]: none
[gps_publisher-4] [INFO] [1743095851.754822526] [drone_home1.gps_publisher]: Updated
[gps_publisher-4] [INFO] [1743095851.802002209] [drone_home1.gps_publisher]: none
[gps_publisher-4] [INFO] [1743095851.805102533] [drone_home1.gps_publisher]: Updated
[gps_publisher-4] [INFO] [1743095851.851969476] [drone_home1.gps_publisher]: none
[gps_publisher-4] [INFO] [1743095851.855111785] [drone_home1.gps_publisher]: Updated
[gps_publisher-4] [INFO] [1743095851.901912839] [drone_home1.gps_publisher]: none
[gps_publisher-4] [INFO] [1743095851.905061324] [drone_home1.gps_publisher]: Updated
[gps_publisher-4] [INFO] [1743095851.951999916] [drone_home1.gps_publisher]: none
[gps_publisher-4] [INFO] [1743095851.955108944] [drone_home1.gps_publisher]: Updated
[gps_publisher-4] [INFO] [1743095852.002006383] [drone_home1.gps_publisher]: none
[gps_publisher-4] [INFO] [1743095852.005156147] [drone_home1.gps_publisher]: Updated
[gps_publisher-4] [INFO] [1743095852.052042318] [drone_home1.gps_publisher]: none
[gps_publisher-4] [INFO] [1743095852.056317023] [drone_home1.gps_publisher]: Updated
[gps_publisher-4] [INFO] [1743095852.102025100] [drone_home1.gps_publisher]: none
[gps_publisher-4] [INFO] [1743095852.105179729] [drone_home1.gps_publisher]: Updated
[gps_publisher-4] [INFO] [1743095852.152050187] [drone_home1.gps_publisher]: none
[gps_publisher-4] [INFO] [1743095852.155198415] [drone_home1.gps_publisher]: Updated
[gps_publisher-4] [INFO] [1743095852.202066378] [drone_home1.gps_publisher]: none
[gps_publisher-4] [INFO] [1743095852.205234094] [drone_home1.gps_publisher]: Updated
[gps_publisher-4] [INFO] [1743095852.252137161] [drone_home1.gps_publisher]: none
[gps_publisher-4] [INFO] [1743095852.255364046] [drone_home1.gps_publisher]: Updated
[gps_publisher-4] [INFO] [1743095852.301303422] [drone_home1.gps_publisher]: none
[gps_publisher-4] [INFO] [1743095852.303098290] [drone_home1.gps_publisher]: Updated
[gps_publisher-4] [INFO] [1743095852.351331260] [drone_home1.gps_publisher]: none
[gps_publisher-4] [INFO] [1743095852.353095569] [drone_home1.gps_publisher]: Updated
[gps_publisher-4] [INFO] [1743095852.401288538] [drone_home1.gps_publisher]: none
[gps_publisher-4] [INFO] [1743095852.403030638] [drone_home1.gps_publisher]: Updated
[gps_publisher-4] [INFO] [1743095852.451323769] [drone_home1.gps_publisher]: none
[gps_publisher-4] [INFO] [1743095852.453101518] [drone_home1.gps_publisher]: Updated
[gps_publisher-4] [INFO] [1743095852.501248183] [drone_home1.gps_publisher]: none
[gps_publisher-4] [INFO] [1743095852.503037547] [drone_home1.gps_publisher]: Updated
[gps_publisher-4] [INFO] [1743095852.551316374] [drone_home1.gps_publisher]: none
[gps_publisher-4] [INFO] [1743095852.553106635] [drone_home1.gps_publisher]: Updated
[gps_publisher-4] [INFO] [1743095852.601267252] [drone_home1.gps_publisher]: none
[gps_publisher-4] [INFO] [1743095852.603078537] [drone_home1.gps_publisher]: Updated
[gps_publisher-4] [INFO] [1743095852.651320627] [drone_home1.gps_publisher]: none
[gps_publisher-4] [INFO] [1743095852.653151528] [drone_home1.gps_publisher]: Updated
[gps_publisher-4] [INFO] [1743095852.701282257] [drone_home1.gps_publisher]: none
[gps_publisher-4] [INFO] [1743095852.703078949] [drone_home1.gps_publisher]: Updated
[gps_publisher-4] [INFO] [1743095852.751311792] [drone_home1.gps_publisher]: none
[gps_publisher-4] [INFO] [1743095852.753107748] [drone_home1.gps_publisher]: Updated
[gps_publisher-4] [INFO] [1743095852.801283758] [drone_home1.gps_publisher]: none
[gps_publisher-4] [INFO] [1743095852.803098403] [drone_home1.gps_publisher]: Updated
[gps_publisher-4] [INFO] [1743095852.851309548] [drone_home1.gps_publisher]: none
[gps_publisher-4] [INFO] [1743095852.853063489] [drone_home1.gps_publisher]: Updated
[gps_publisher-4] [INFO] [1743095852.901236778] [drone_home1.gps_publisher]: none
[gps_publisher-4] [INFO] [1743095852.903404163] [drone_home1.gps_publisher]: Updated
[gps_publisher-4] [INFO] [1743095852.951270761] [drone_home1.gps_publisher]: none
[gps_publisher-4] [INFO] [1743095852.953153470] [drone_home1.gps_publisher]: Updated
[gps_publisher-4] [INFO] [1743095853.001184070] [drone_home1.gps_publisher]: none
[gps_publisher-4] [INFO] [1743095853.003044795] [drone_home1.gps_publisher]: Updated
[gps_publisher-4] [INFO] [1743095853.051280513] [drone_home1.gps_publisher]: none
[gps_publisher-4] [INFO] [1743095853.053440057] [drone_home1.gps_publisher]: Updated
[gps_publisher-4] [INFO] [1743095853.101229370] [drone_home1.gps_publisher]: none
[gps_publisher-4] [INFO] [1743095853.103355154] [drone_home1.gps_publisher]: Updated
[gps_publisher-4] [INFO] [1743095853.151246835] [drone_home1.gps_publisher]: none
[gps_publisher-4] [INFO] [1743095853.153143913] [drone_home1.gps_publisher]: Updated
[gps_publisher-4] [INFO] [1743095853.201194508] [drone_home1.gps_publisher]: none
[gps_publisher-4] [INFO] [1743095853.203093922] [drone_home1.gps_publisher]: Updated
[gps_publisher-4] [INFO] [1743095853.251248006] [drone_home1.gps_publisher]: none
[gps_publisher-4] [INFO] [1743095853.253223869] [drone_home1.gps_publisher]: Updated
[gps_publisher-4] [INFO] [1743095853.301256064] [drone_home1.gps_publisher]: none
[gps_publisher-4] [INFO] [1743095853.303303031] [drone_home1.gps_publisher]: Updated
[gps_publisher-4] [INFO] [1743095853.351280250] [drone_home1.gps_publisher]: none
[gps_publisher-4] [INFO] [1743095853.353323345] [drone_home1.gps_publisher]: Updated
[gps_publisher-4] [INFO] [1743095853.401120177] [drone_home1.gps_publisher]: none
[gps_publisher-4] [INFO] [1743095853.403160425] [drone_home1.gps_publisher]: Updated
[gps_publisher-4] [INFO] [1743095853.451248076] [drone_home1.gps_publisher]: none
[gps_publisher-4] [INFO] [1743095853.453260643] [drone_home1.gps_publisher]: Updated
[gps_publisher-4] [INFO] [1743095853.501224326] [drone_home1.gps_publisher]: none
[gps_publisher-4] [INFO] [1743095853.503268605] [drone_home1.gps_publisher]: Updated
[gps_publisher-4] [INFO] [1743095853.551200831] [drone_home1.gps_publisher]: none
[gps_publisher-4] [INFO] [1743095853.553258934] [drone_home1.gps_publisher]: Updated
[gps_publisher-4] [INFO] [1743095853.601237689] [drone_home1.gps_publisher]: none
[gps_publisher-4] [INFO] [1743095853.603254608] [drone_home1.gps_publisher]: Updated
[gps_publisher-4] [INFO] [1743095853.651365620] [drone_home1.gps_publisher]: none
[gps_publisher-4] [INFO] [1743095853.653183944] [drone_home1.gps_publisher]: Updated
[gps_publisher-4] [INFO] [1743095853.701327085] [drone_home1.gps_publisher]: none
[gps_publisher-4] [INFO] [1743095853.703190850] [drone_home1.gps_publisher]: Updated
[gps_publisher-4] [INFO] [1743095853.751260869] [drone_home1.gps_publisher]: none
[gps_publisher-4] [INFO] [1743095853.752982681] [drone_home1.gps_publisher]: Updated
[gps_publisher-4] [INFO] [1743095853.801323232] [drone_home1.gps_publisher]: none
[gps_publisher-4] [INFO] [1743095853.803168277] [drone_home1.gps_publisher]: Updated
[gps_publisher-4] [INFO] [1743095853.851320601] [drone_home1.gps_publisher]: none
[gps_publisher-4] [INFO] [1743095853.853155758] [drone_home1.gps_publisher]: Updated
[gps_publisher-4] [INFO] [1743095853.901236562] [drone_home1.gps_publisher]: none
[gps_publisher-4] [INFO] [1743095853.902979429] [drone_home1.gps_publisher]: Updated
[gps_publisher-4] [INFO] [1743095853.951328716] [drone_home1.gps_publisher]: none
[gps_publisher-4] [INFO] [1743095853.953138401] [drone_home1.gps_publisher]: Updated
[gps_publisher-4] [INFO] [1743095854.001337510] [drone_home1.gps_publisher]: none
[gps_publisher-4] [INFO] [1743095854.003191227] [drone_home1.gps_publisher]: Updated
[gps_publisher-4] [INFO] [1743095854.051290906] [drone_home1.gps_publisher]: none
[gps_publisher-4] [INFO] [1743095854.053006509] [drone_home1.gps_publisher]: Updated
[gps_publisher-4] [INFO] [1743095854.101418576] [drone_home1.gps_publisher]: none
[gps_publisher-4] [INFO] [1743095854.103418695] [drone_home1.gps_publisher]: Updated
[gps_publisher-4] [INFO] [1743095854.151759593] [drone_home1.gps_publisher]: none
[gps_publisher-4] [INFO] [1743095854.153683358] [drone_home1.gps_publisher]: Updated
[gps_publisher-4] [INFO] [1743095854.201300088] [drone_home1.gps_publisher]: none
[gps_publisher-4] [INFO] [1743095854.203170093] [drone_home1.gps_publisher]: Updated
[gps_publisher-4] [INFO] [1743095854.251279693] [drone_home1.gps_publisher]: none
[gps_publisher-4] [INFO] [1743095854.253018144] [drone_home1.gps_publisher]: Updated
[gps_publisher-4] [INFO] [1743095854.301198848] [drone_home1.gps_publisher]: none
[gps_publisher-4] [INFO] [1743095854.302942420] [drone_home1.gps_publisher]: Updated
[gps_publisher-4] [INFO] [1743095854.351284790] [drone_home1.gps_publisher]: none
[gps_publisher-4] [INFO] [1743095854.353038474] [drone_home1.gps_publisher]: Updated
[gps_publisher-4] [INFO] [1743095854.401232586] [drone_home1.gps_publisher]: none
[gps_publisher-4] [INFO] [1743095854.403019806] [drone_home1.gps_publisher]: Updated
[gps_publisher-4] [INFO] [1743095854.452092681] [drone_home1.gps_publisher]: none
[gps_publisher-4] [INFO] [1743095854.455751186] [drone_home1.gps_publisher]: Updated
[gps_publisher-4] [INFO] [1743095854.501862523] [drone_home1.gps_publisher]: none
[gps_publisher-4] [INFO] [1743095854.507907007] [drone_home1.gps_publisher]: Updated
[gps_publisher-4] [INFO] [1743095854.552195635] [drone_home1.gps_publisher]: none
[gps_publisher-4] [INFO] [1743095854.555655674] [drone_home1.gps_publisher]: Updated
[gps_publisher-4] [INFO] [1743095854.602243720] [drone_home1.gps_publisher]: none
[gps_publisher-4] [INFO] [1743095854.605720688] [drone_home1.gps_publisher]: Updated
[gps_publisher-4] [INFO] [1743095854.652040859] [drone_home1.gps_publisher]: none
[gps_publisher-4] [INFO] [1743095854.655312352] [drone_home1.gps_publisher]: Updated
[gps_publisher-4] [INFO] [1743095854.702044367] [drone_home1.gps_publisher]: none
[gps_publisher-4] [INFO] [1743095854.705653784] [drone_home1.gps_publisher]: Updated
[gps_publisher-4] [INFO] [1743095854.751372989] [drone_home1.gps_publisher]: none
[gps_publisher-4] [INFO] [1743095854.753204945] [drone_home1.gps_publisher]: Updated
[gps_publisher-4] [INFO] [1743095854.801828726] [drone_home1.gps_publisher]: none
[gps_publisher-4] [INFO] [1743095854.804688439] [drone_home1.gps_publisher]: Updated
[gps_publisher-4] [INFO] [1743095854.851934636] [drone_home1.gps_publisher]: none
[gps_publisher-4] [INFO] [1743095854.855544853] [drone_home1.gps_publisher]: Updated
[gps_publisher-4] [INFO] [1743095854.902142147] [drone_home1.gps_publisher]: none
[gps_publisher-4] [INFO] [1743095854.905328135] [drone_home1.gps_publisher]: Updated
[gps_publisher-4] [INFO] [1743095854.952115640] [drone_home1.gps_publisher]: none
[gps_publisher-4] [INFO] [1743095854.955367676] [drone_home1.gps_publisher]: Updated
[gps_publisher-4] [INFO] [1743095855.002252526] [drone_home1.gps_publisher]: none
[gps_publisher-4] [INFO] [1743095855.005568659] [drone_home1.gps_publisher]: Updated
[gps_publisher-4] [INFO] [1743095855.051523126] [drone_home1.gps_publisher]: none
[gps_publisher-4] [INFO] [1743095855.053890128] [drone_home1.gps_publisher]: Updated
[gps_publisher-4] [INFO] [1743095855.102035916] [drone_home1.gps_publisher]: none
[gps_publisher-4] [INFO] [1743095855.105335089] [drone_home1.gps_publisher]: Updated
[gps_publisher-4] [INFO] [1743095855.152079772] [drone_home1.gps_publisher]: none
[gps_publisher-4] [INFO] [1743095855.155320384] [drone_home1.gps_publisher]: Updated
[gps_publisher-4] [INFO] [1743095855.202020204] [drone_home1.gps_publisher]: none
[gps_publisher-4] [INFO] [1743095855.205000749] [drone_home1.gps_publisher]: Updated
[gps_publisher-4] [INFO] [1743095855.252037660] [drone_home1.gps_publisher]: none
[gps_publisher-4] [INFO] [1743095855.256384589] [drone_home1.gps_publisher]: Updated
[gps_publisher-4] [INFO] [1743095855.301941835] [drone_home1.gps_publisher]: none
[gps_publisher-4] [INFO] [1743095855.305476786] [drone_home1.gps_publisher]: Updated
[gps_publisher-4] [INFO] [1743095855.352099229] [drone_home1.gps_publisher]: none
[gps_publisher-4] [INFO] [1743095855.355462786] [drone_home1.gps_publisher]: Updated
[gps_publisher-4] [INFO] [1743095855.401958507] [drone_home1.gps_publisher]: none
[gps_publisher-4] [INFO] [1743095855.405129615] [drone_home1.gps_publisher]: Updated
[gps_publisher-4] [INFO] [1743095855.452018204] [drone_home1.gps_publisher]: none
[gps_publisher-4] [INFO] [1743095855.455654501] [drone_home1.gps_publisher]: Updated
[gps_publisher-4] [INFO] [1743095855.502286511] [drone_home1.gps_publisher]: none
[gps_publisher-4] [INFO] [1743095855.505622964] [drone_home1.gps_publisher]: Updated
[gps_publisher-4] [INFO] [1743095855.552055324] [drone_home1.gps_publisher]: none
[gps_publisher-4] [INFO] [1743095855.555617380] [drone_home1.gps_publisher]: Updated
[gps_publisher-4] [INFO] [1743095855.601201123] [drone_home1.gps_publisher]: none
[gps_publisher-4] [INFO] [1743095855.603180281] [drone_home1.gps_publisher]: Updated
[gps_publisher-4] [INFO] [1743095855.651358581] [drone_home1.gps_publisher]: none
[gps_publisher-4] [INFO] [1743095855.653510541] [drone_home1.gps_publisher]: Updated
[gps_publisher-4] [INFO] [1743095855.701235011] [drone_home1.gps_publisher]: none
[gps_publisher-4] [INFO] [1743095855.703100792] [drone_home1.gps_publisher]: Updated
[gps_publisher-4] [INFO] [1743095855.751285652] [drone_home1.gps_publisher]: none
[gps_publisher-4] [INFO] [1743095855.753117929] [drone_home1.gps_publisher]: Updated
[gps_publisher-4] [INFO] [1743095855.801358373] [drone_home1.gps_publisher]: none
[gps_publisher-4] [INFO] [1743095855.803467036] [drone_home1.gps_publisher]: Updated
[gps_publisher-4] [INFO] [1743095855.851361077] [drone_home1.gps_publisher]: none
[gps_publisher-4] [INFO] [1743095855.853322955] [drone_home1.gps_publisher]: Updated
[gps_publisher-4] [INFO] [1743095855.901201187] [drone_home1.gps_publisher]: none
[gps_publisher-4] [INFO] [1743095855.903441884] [drone_home1.gps_publisher]: Updated
[gps_publisher-4] [INFO] [1743095855.951628184] [drone_home1.gps_publisher]: none
[gps_publisher-4] [INFO] [1743095855.953683375] [drone_home1.gps_publisher]: Updated
[gps_publisher-4] [INFO] [1743095856.001361413] [drone_home1.gps_publisher]: none
[gps_publisher-4] [INFO] [1743095856.003597822] [drone_home1.gps_publisher]: Updated
[gps_publisher-4] [INFO] [1743095856.051827478] [drone_home1.gps_publisher]: none
[gps_publisher-4] [INFO] [1743095856.053851245] [drone_home1.gps_publisher]: Updated
[gps_publisher-4] [INFO] [1743095856.101240731] [drone_home1.gps_publisher]: none
[gps_publisher-4] [INFO] [1743095856.103269938] [drone_home1.gps_publisher]: Updated
[gps_publisher-4] [INFO] [1743095856.151489994] [drone_home1.gps_publisher]: none
[gps_publisher-4] [INFO] [1743095856.153655170] [drone_home1.gps_publisher]: Updated
[gps_publisher-4] [INFO] [1743095856.201541654] [drone_home1.gps_publisher]: none
[gps_publisher-4] [INFO] [1743095856.204086450] [drone_home1.gps_publisher]: Updated
[gps_publisher-4] [INFO] [1743095856.251587266] [drone_home1.gps_publisher]: none
[gps_publisher-4] [INFO] [1743095856.254092062] [drone_home1.gps_publisher]: Updated
[gps_publisher-4] [INFO] [1743095856.301534989] [drone_home1.gps_publisher]: none
[gps_publisher-4] [INFO] [1743095856.304171690] [drone_home1.gps_publisher]: Updated
[gps_publisher-4] [INFO] [1743095856.352123103] [drone_home1.gps_publisher]: none
[gps_publisher-4] [INFO] [1743095856.355439748] [drone_home1.gps_publisher]: Updated
[gps_publisher-4] [INFO] [1743095856.402053930] [drone_home1.gps_publisher]: none
[gps_publisher-4] [INFO] [1743095856.405224845] [drone_home1.gps_publisher]: Updated
[gps_publisher-4] [INFO] [1743095856.452050677] [drone_home1.gps_publisher]: none
[gps_publisher-4] [INFO] [1743095856.455285081] [drone_home1.gps_publisher]: Updated
[gps_publisher-4] [INFO] [1743095856.502451973] [drone_home1.gps_publisher]: none
[gps_publisher-4] [INFO] [1743095856.506174255] [drone_home1.gps_publisher]: Updated
[gps_publisher-4] [INFO] [1743095856.552187438] [drone_home1.gps_publisher]: none
[gps_publisher-4] [INFO] [1743095856.555418290] [drone_home1.gps_publisher]: Updated
[gps_publisher-4] [INFO] [1743095856.601868950] [drone_home1.gps_publisher]: none
[gps_publisher-4] [INFO] [1743095856.605513726] [drone_home1.gps_publisher]: Updated
[gps_publisher-4] [INFO] [1743095856.651326748] [drone_home1.gps_publisher]: none
[gps_publisher-4] [INFO] [1743095856.653660885] [drone_home1.gps_publisher]: Updated
[gps_publisher-4] [INFO] [1743095856.701786412] [drone_home1.gps_publisher]: none
[gps_publisher-4] [INFO] [1743095856.704421961] [drone_home1.gps_publisher]: Updated
[gps_publisher-4] [INFO] [1743095856.751410740] [drone_home1.gps_publisher]: none
[gps_publisher-4] [INFO] [1743095856.753875151] [drone_home1.gps_publisher]: Updated
[gps_publisher-4] [INFO] [1743095856.801218333] [drone_home1.gps_publisher]: none
[gps_publisher-4] [INFO] [1743095856.803166931] [drone_home1.gps_publisher]: Updated
[gps_publisher-4] [INFO] [1743095856.851266985] [drone_home1.gps_publisher]: none
[gps_publisher-4] [INFO] [1743095856.853127166] [drone_home1.gps_publisher]: Updated
[gps_publisher-4] [INFO] [1743095856.901210292] [drone_home1.gps_publisher]: none
[gps_publisher-4] [INFO] [1743095856.903120713] [drone_home1.gps_publisher]: Updated
[gps_publisher-4] [INFO] [1743095856.951244416] [drone_home1.gps_publisher]: none
[gps_publisher-4] [INFO] [1743095856.953331799] [drone_home1.gps_publisher]: Updated
[gps_publisher-4] [INFO] [1743095857.001242924] [drone_home1.gps_publisher]: none
[gps_publisher-4] [INFO] [1743095857.003487525] [drone_home1.gps_publisher]: Updated
[gps_publisher-4] [INFO] [1743095857.051346836] [drone_home1.gps_publisher]: none
[gps_publisher-4] [INFO] [1743095857.053395531] [drone_home1.gps_publisher]: Updated
[gps_publisher-4] [INFO] [1743095857.101346748] [drone_home1.gps_publisher]: none
[gps_publisher-4] [INFO] [1743095857.103418866] [drone_home1.gps_publisher]: Updated
[gps_publisher-4] [INFO] [1743095857.152154604] [drone_home1.gps_publisher]: none
[gps_publisher-4] [INFO] [1743095857.154784873] [drone_home1.gps_publisher]: Updated
[gps_publisher-4] [INFO] [1743095857.201348202] [drone_home1.gps_publisher]: none
[gps_publisher-4] [INFO] [1743095857.203500962] [drone_home1.gps_publisher]: Updated
[gps_publisher-4] [INFO] [1743095857.251302929] [drone_home1.gps_publisher]: none
[gps_publisher-4] [INFO] [1743095857.253085412] [drone_home1.gps_publisher]: Updated
[gps_publisher-4] [INFO] [1743095857.301319224] [drone_home1.gps_publisher]: none
[gps_publisher-4] [INFO] [1743095857.303258542] [drone_home1.gps_publisher]: Updated
[gps_publisher-4] [INFO] [1743095857.351484193] [drone_home1.gps_publisher]: none
[gps_publisher-4] [INFO] [1743095857.353472791] [drone_home1.gps_publisher]: Updated
[gps_publisher-4] [INFO] [1743095857.401265350] [drone_home1.gps_publisher]: none
[gps_publisher-4] [INFO] [1743095857.403284028] [drone_home1.gps_publisher]: Updated
[gps_publisher-4] [INFO] [1743095857.451267469] [drone_home1.gps_publisher]: none
[gps_publisher-4] [INFO] [1743095857.453042657] [drone_home1.gps_publisher]: Updated
[gps_publisher-4] [INFO] [1743095857.501274357] [drone_home1.gps_publisher]: none
[gps_publisher-4] [INFO] [1743095857.503603630] [drone_home1.gps_publisher]: Updated
[gps_publisher-4] [INFO] [1743095857.552418088] [drone_home1.gps_publisher]: none
[gps_publisher-4] [INFO] [1743095857.555443946] [drone_home1.gps_publisher]: Updated
[gps_publisher-4] [INFO] [1743095857.601350724] [drone_home1.gps_publisher]: none
[gps_publisher-4] [INFO] [1743095857.603157688] [drone_home1.gps_publisher]: Updated
[gps_publisher-4] [INFO] [1743095857.651312043] [drone_home1.gps_publisher]: none
[gps_publisher-4] [INFO] [1743095857.654021448] [drone_home1.gps_publisher]: Updated
[gps_publisher-4] [INFO] [1743095857.701427027] [drone_home1.gps_publisher]: none
[gps_publisher-4] [INFO] [1743095857.703265639] [drone_home1.gps_publisher]: Updated
[gps_publisher-4] [INFO] [1743095857.751660733] [drone_home1.gps_publisher]: none
[gps_publisher-4] [INFO] [1743095857.753804917] [drone_home1.gps_publisher]: Updated
[gps_publisher-4] [INFO] [1743095857.801257856] [drone_home1.gps_publisher]: none
[gps_publisher-4] [INFO] [1743095857.803083828] [drone_home1.gps_publisher]: Updated
[gps_publisher-4] [INFO] [1743095857.851265447] [drone_home1.gps_publisher]: none
[gps_publisher-4] [INFO] [1743095857.853059867] [drone_home1.gps_publisher]: Updated
[gps_publisher-4] [INFO] [1743095857.901367919] [drone_home1.gps_publisher]: none
[gps_publisher-4] [INFO] [1743095857.903948268] [drone_home1.gps_publisher]: Updated
[gps_publisher-4] [INFO] [1743095857.952993256] [drone_home1.gps_publisher]: none
[gps_publisher-4] [INFO] [1743095857.955237345] [drone_home1.gps_publisher]: Updated
[gps_publisher-4] [INFO] [1743095858.001297725] [drone_home1.gps_publisher]: none
[gps_publisher-4] [INFO] [1743095858.004664610] [drone_home1.gps_publisher]: Updated
[gps_publisher-4] [INFO] [1743095858.051345985] [drone_home1.gps_publisher]: none
[gps_publisher-4] [INFO] [1743095858.053453528] [drone_home1.gps_publisher]: Updated
[gps_publisher-4] [INFO] [1743095858.101383492] [drone_home1.gps_publisher]: none
[gps_publisher-4] [INFO] [1743095858.103453787] [drone_home1.gps_publisher]: Updated
[gps_publisher-4] [INFO] [1743095858.151403912] [drone_home1.gps_publisher]: none
[gps_publisher-4] [INFO] [1743095858.153318812] [drone_home1.gps_publisher]: Updated
[gps_publisher-4] [INFO] [1743095858.201304681] [drone_home1.gps_publisher]: none
[gps_publisher-4] [INFO] [1743095858.203183806] [drone_home1.gps_publisher]: Updated
[gps_publisher-4] [INFO] [1743095858.251399373] [drone_home1.gps_publisher]: none
[gps_publisher-4] [INFO] [1743095858.253277282] [drone_home1.gps_publisher]: Updated
[gps_publisher-4] [INFO] [1743095858.301332688] [drone_home1.gps_publisher]: none
[gps_publisher-4] [INFO] [1743095858.303232901] [drone_home1.gps_publisher]: Updated
[gps_publisher-4] [INFO] [1743095858.351329587] [drone_home1.gps_publisher]: none
[gps_publisher-4] [INFO] [1743095858.353213863] [drone_home1.gps_publisher]: Updated
[gps_publisher-4] [INFO] [1743095858.401275349] [drone_home1.gps_publisher]: none
[gps_publisher-4] [INFO] [1743095858.403080233] [drone_home1.gps_publisher]: Updated
[gps_publisher-4] [INFO] [1743095858.451527259] [drone_home1.gps_publisher]: none
[gps_publisher-4] [INFO] [1743095858.453861684] [drone_home1.gps_publisher]: Updated
[gps_publisher-4] [INFO] [1743095858.501315932] [drone_home1.gps_publisher]: none
[gps_publisher-4] [INFO] [1743095858.503324114] [drone_home1.gps_publisher]: Updated
[gps_publisher-4] [INFO] [1743095858.551309311] [drone_home1.gps_publisher]: none
[gps_publisher-4] [INFO] [1743095858.553271892] [drone_home1.gps_publisher]: Updated
[gps_publisher-4] [INFO] [1743095858.601309153] [drone_home1.gps_publisher]: none
[gps_publisher-4] [INFO] [1743095858.603149878] [drone_home1.gps_publisher]: Updated
[gps_publisher-4] [INFO] [1743095858.651558951] [drone_home1.gps_publisher]: none
[gps_publisher-4] [INFO] [1743095858.653364027] [drone_home1.gps_publisher]: Updated
[gps_publisher-4] [INFO] [1743095858.701333640] [drone_home1.gps_publisher]: none
[gps_publisher-4] [INFO] [1743095858.703679585] [drone_home1.gps_publisher]: Updated
[gps_publisher-4] [INFO] [1743095858.751335019] [drone_home1.gps_publisher]: none
[gps_publisher-4] [INFO] [1743095858.753836166] [drone_home1.gps_publisher]: Updated
[gps_publisher-4] [INFO] [1743095858.801326990] [drone_home1.gps_publisher]: none
[gps_publisher-4] [INFO] [1743095858.803206722] [drone_home1.gps_publisher]: Updated
[gps_publisher-4] [INFO] [1743095858.851357265] [drone_home1.gps_publisher]: none
[gps_publisher-4] [INFO] [1743095858.853204421] [drone_home1.gps_publisher]: Updated
[gps_publisher-4] [INFO] [1743095858.901304307] [drone_home1.gps_publisher]: none
[gps_publisher-4] [INFO] [1743095858.903158536] [drone_home1.gps_publisher]: Updated
[gps_publisher-4] [INFO] [1743095858.951316439] [drone_home1.gps_publisher]: none
[gps_publisher-4] [INFO] [1743095858.953405261] [drone_home1.gps_publisher]: Updated
[gps_publisher-4] [INFO] [1743095859.001291321] [drone_home1.gps_publisher]: none
[gps_publisher-4] [INFO] [1743095859.003339792] [drone_home1.gps_publisher]: Updated
[gps_publisher-4] [INFO] [1743095859.051311993] [drone_home1.gps_publisher]: none
[gps_publisher-4] [INFO] [1743095859.053276014] [drone_home1.gps_publisher]: Updated
[gps_publisher-4] [INFO] [1743095859.101333240] [drone_home1.gps_publisher]: none
[gps_publisher-4] [INFO] [1743095859.103394318] [drone_home1.gps_publisher]: Updated
[gps_publisher-4] [INFO] [1743095859.151386616] [drone_home1.gps_publisher]: none
[gps_publisher-4] [INFO] [1743095859.154192278] [drone_home1.gps_publisher]: Updated
[gps_publisher-4] [INFO] [1743095859.201302838] [drone_home1.gps_publisher]: none
[gps_publisher-4] [INFO] [1743095859.203086921] [drone_home1.gps_publisher]: Updated
[gps_publisher-4] [INFO] [1743095859.251222868] [drone_home1.gps_publisher]: none
[gps_publisher-4] [INFO] [1743095859.252975687] [drone_home1.gps_publisher]: Updated
[gps_publisher-4] [INFO] [1743095859.301190930] [drone_home1.gps_publisher]: none
[gps_publisher-4] [INFO] [1743095859.302980006] [drone_home1.gps_publisher]: Updated
[gps_publisher-4] [INFO] [1743095859.351458836] [drone_home1.gps_publisher]: none
[gps_publisher-4] [INFO] [1743095859.353920687] [drone_home1.gps_publisher]: Updated
[gps_publisher-4] [INFO] [1743095859.401262097] [drone_home1.gps_publisher]: none
[gps_publisher-4] [INFO] [1743095859.403054276] [drone_home1.gps_publisher]: Updated
[gps_publisher-4] [INFO] [1743095859.451565715] [drone_home1.gps_publisher]: none
[gps_publisher-4] [INFO] [1743095859.453872620] [drone_home1.gps_publisher]: Updated
[gps_publisher-4] [INFO] [1743095859.501890773] [drone_home1.gps_publisher]: none
[gps_publisher-4] [INFO] [1743095859.505724223] [drone_home1.gps_publisher]: Updated
[gps_publisher-4] [INFO] [1743095859.551536016] [drone_home1.gps_publisher]: none
[gps_publisher-4] [INFO] [1743095859.553874122] [drone_home1.gps_publisher]: Updated
[gps_publisher-4] [INFO] [1743095859.601290253] [drone_home1.gps_publisher]: none
[gps_publisher-4] [INFO] [1743095859.603258594] [drone_home1.gps_publisher]: Updated
[gps_publisher-4] [INFO] [1743095859.651312460] [drone_home1.gps_publisher]: none
[gps_publisher-4] [INFO] [1743095859.653249441] [drone_home1.gps_publisher]: Updated
[gps_publisher-4] [INFO] [1743095859.702039891] [drone_home1.gps_publisher]: none
[gps_publisher-4] [INFO] [1743095859.705234869] [drone_home1.gps_publisher]: Updated
[gps_publisher-4] [INFO] [1743095859.751237737] [drone_home1.gps_publisher]: none
[gps_publisher-4] [INFO] [1743095859.753000572] [drone_home1.gps_publisher]: Updated
[gps_publisher-4] [INFO] [1743095859.801208328] [drone_home1.gps_publisher]: none
[gps_publisher-4] [INFO] [1743095859.803038587] [drone_home1.gps_publisher]: Updated
[gps_publisher-4] [INFO] [1743095859.851318536] [drone_home1.gps_publisher]: none
[gps_publisher-4] [INFO] [1743095859.853103835] [drone_home1.gps_publisher]: Updated
[gps_publisher-4] [INFO] [1743095859.901379559] [drone_home1.gps_publisher]: none
[gps_publisher-4] [INFO] [1743095859.903288412] [drone_home1.gps_publisher]: Updated
[gps_publisher-4] [INFO] [1743095859.951456775] [drone_home1.gps_publisher]: none
[gps_publisher-4] [INFO] [1743095859.953600798] [drone_home1.gps_publisher]: Updated
[gps_publisher-4] [INFO] [1743095860.001459462] [drone_home1.gps_publisher]: none
[gps_publisher-4] [INFO] [1743095860.003869728] [drone_home1.gps_publisher]: Updated
[gps_publisher-4] [INFO] [1743095860.052128616] [drone_home1.gps_publisher]: none
[gps_publisher-4] [INFO] [1743095860.055688079] [drone_home1.gps_publisher]: Updated
[gps_publisher-4] [INFO] [1743095860.101869281] [drone_home1.gps_publisher]: none
[gps_publisher-4] [INFO] [1743095860.104988898] [drone_home1.gps_publisher]: Updated
[gps_publisher-4] [INFO] [1743095860.151941212] [drone_home1.gps_publisher]: none
[gps_publisher-4] [INFO] [1743095860.155065278] [drone_home1.gps_publisher]: Updated
[gps_publisher-4] [INFO] [1743095860.202053785] [drone_home1.gps_publisher]: none
[gps_publisher-4] [INFO] [1743095860.205230523] [drone_home1.gps_publisher]: Updated
[gps_publisher-4] [INFO] [1743095860.252097076] [drone_home1.gps_publisher]: none
[gps_publisher-4] [INFO] [1743095860.255647578] [drone_home1.gps_publisher]: Updated
[gps_publisher-4] [INFO] [1743095860.301951565] [drone_home1.gps_publisher]: none
[gps_publisher-4] [INFO] [1743095860.305453171] [drone_home1.gps_publisher]: Updated
[gps_publisher-4] [INFO] [1743095860.351910344] [drone_home1.gps_publisher]: none
[gps_publisher-4] [INFO] [1743095860.355395501] [drone_home1.gps_publisher]: Updated
[gps_publisher-4] [INFO] [1743095860.401909603] [drone_home1.gps_publisher]: none
[gps_publisher-4] [INFO] [1743095860.405071813] [drone_home1.gps_publisher]: Updated
[gps_publisher-4] [INFO] [1743095860.452069888] [drone_home1.gps_publisher]: none
[gps_publisher-4] [INFO] [1743095860.455624614] [drone_home1.gps_publisher]: Updated
[gps_publisher-4] [INFO] [1743095860.501995290] [drone_home1.gps_publisher]: none
[gps_publisher-4] [INFO] [1743095860.505160668] [drone_home1.gps_publisher]: Updated
[gps_publisher-4] [INFO] [1743095860.552059125] [drone_home1.gps_publisher]: none
[gps_publisher-4] [INFO] [1743095860.555267608] [drone_home1.gps_publisher]: Updated
[gps_publisher-4] [INFO] [1743095860.601840142] [drone_home1.gps_publisher]: none
[gps_publisher-4] [INFO] [1743095860.603882852] [drone_home1.gps_publisher]: Updated
[gps_publisher-4] [INFO] [1743095860.651740232] [drone_home1.gps_publisher]: none
[gps_publisher-4] [INFO] [1743095860.654936170] [drone_home1.gps_publisher]: Updated
[gps_publisher-4] [INFO] [1743095860.701886948] [drone_home1.gps_publisher]: none
[gps_publisher-4] [INFO] [1743095860.704950245] [drone_home1.gps_publisher]: Updated
[gps_publisher-4] [INFO] [1743095860.752018337] [drone_home1.gps_publisher]: none
[gps_publisher-4] [INFO] [1743095860.755248004] [drone_home1.gps_publisher]: Updated
[gps_publisher-4] [INFO] [1743095860.801939483] [drone_home1.gps_publisher]: none
[gps_publisher-4] [INFO] [1743095860.805064893] [drone_home1.gps_publisher]: Updated
[gps_publisher-4] [INFO] [1743095860.851978998] [drone_home1.gps_publisher]: none
[gps_publisher-4] [INFO] [1743095860.855201465] [drone_home1.gps_publisher]: Updated
[gps_publisher-4] [INFO] [1743095860.901963537] [drone_home1.gps_publisher]: none
[gps_publisher-4] [INFO] [1743095860.905090515] [drone_home1.gps_publisher]: Updated
[gps_publisher-4] [INFO] [1743095860.952078157] [drone_home1.gps_publisher]: none
[gps_publisher-4] [INFO] [1743095860.955370865] [drone_home1.gps_publisher]: Updated
[gps_publisher-4] [INFO] [1743095861.002012648] [drone_home1.gps_publisher]: none
[gps_publisher-4] [INFO] [1743095861.005191210] [drone_home1.gps_publisher]: Updated
[gps_publisher-4] [INFO] [1743095861.052110432] [drone_home1.gps_publisher]: none
[gps_publisher-4] [INFO] [1743095861.055365155] [drone_home1.gps_publisher]: Updated
[gps_publisher-4] [INFO] [1743095861.101988822] [drone_home1.gps_publisher]: none
[gps_publisher-4] [INFO] [1743095861.105151640] [drone_home1.gps_publisher]: Updated
[gps_publisher-4] [INFO] [1743095861.152038126] [drone_home1.gps_publisher]: none
[gps_publisher-4] [INFO] [1743095861.155356049] [drone_home1.gps_publisher]: Updated
[gps_publisher-4] [INFO] [1743095861.201903075] [drone_home1.gps_publisher]: none
[gps_publisher-4] [INFO] [1743095861.205077509] [drone_home1.gps_publisher]: Updated
[gps_publisher-4] [INFO] [1743095861.251991643] [drone_home1.gps_publisher]: none
[gps_publisher-4] [INFO] [1743095861.255326879] [drone_home1.gps_publisher]: Updated
[gps_publisher-4] [INFO] [1743095861.301984402] [drone_home1.gps_publisher]: none
[gps_publisher-4] [INFO] [1743095861.305224373] [drone_home1.gps_publisher]: Updated
[gps_publisher-4] [INFO] [1743095861.352016362] [drone_home1.gps_publisher]: none
[gps_publisher-4] [INFO] [1743095861.355320685] [drone_home1.gps_publisher]: Updated
[gps_publisher-4] [INFO] [1743095861.401985537] [drone_home1.gps_publisher]: none
[gps_publisher-4] [INFO] [1743095861.405228739] [drone_home1.gps_publisher]: Updated
[gps_publisher-4] [INFO] [1743095861.452051928] [drone_home1.gps_publisher]: none
[gps_publisher-4] [INFO] [1743095861.455332892] [drone_home1.gps_publisher]: Updated
[gps_publisher-4] [INFO] [1743095861.501995151] [drone_home1.gps_publisher]: none
[gps_publisher-4] [INFO] [1743095861.505216209] [drone_home1.gps_publisher]: Updated
[gps_publisher-4] [INFO] [1743095861.552038727] [drone_home1.gps_publisher]: none
[gps_publisher-4] [INFO] [1743095861.555327274] [drone_home1.gps_publisher]: Updated
[gps_publisher-4] [INFO] [1743095861.601881948] [drone_home1.gps_publisher]: none
[gps_publisher-4] [INFO] [1743095861.605025054] [drone_home1.gps_publisher]: Updated
[gps_publisher-4] [INFO] [1743095861.652063125] [drone_home1.gps_publisher]: none
[gps_publisher-4] [INFO] [1743095861.655313112] [drone_home1.gps_publisher]: Updated
[gps_publisher-4] [INFO] [1743095861.701984427] [drone_home1.gps_publisher]: none
[gps_publisher-4] [INFO] [1743095861.705180078] [drone_home1.gps_publisher]: Updated
[gps_publisher-4] [INFO] [1743095861.752021027] [drone_home1.gps_publisher]: none
[gps_publisher-4] [INFO] [1743095861.755236581] [drone_home1.gps_publisher]: Updated
[gps_publisher-4] [INFO] [1743095861.801980474] [drone_home1.gps_publisher]: none
[gps_publisher-4] [INFO] [1743095861.805078107] [drone_home1.gps_publisher]: Updated
[gps_publisher-4] [INFO] [1743095861.851992561] [drone_home1.gps_publisher]: none
[gps_publisher-4] [INFO] [1743095861.855655480] [drone_home1.gps_publisher]: Updated
[gps_publisher-4] [INFO] [1743095861.902063913] [drone_home1.gps_publisher]: none
[gps_publisher-4] [INFO] [1743095861.905280779] [drone_home1.gps_publisher]: Updated
[gps_publisher-4] [INFO] [1743095861.952069184] [drone_home1.gps_publisher]: none
[gps_publisher-4] [INFO] [1743095861.955334339] [drone_home1.gps_publisher]: Updated
[gps_publisher-4] [INFO] [1743095862.002057911] [drone_home1.gps_publisher]: none
[gps_publisher-4] [INFO] [1743095862.005131256] [drone_home1.gps_publisher]: Updated
[gps_publisher-4] [INFO] [1743095862.051340291] [drone_home1.gps_publisher]: none
[gps_publisher-4] [INFO] [1743095862.053515994] [drone_home1.gps_publisher]: Updated
[gps_publisher-4] [INFO] [1743095862.101347095] [drone_home1.gps_publisher]: none
[gps_publisher-4] [INFO] [1743095862.103586542] [drone_home1.gps_publisher]: Updated
[gps_publisher-4] [INFO] [1743095862.151619661] [drone_home1.gps_publisher]: none
[gps_publisher-4] [INFO] [1743095862.154143624] [drone_home1.gps_publisher]: Updated
[gps_publisher-4] [INFO] [1743095862.201399454] [drone_home1.gps_publisher]: none
[gps_publisher-4] [INFO] [1743095862.203532469] [drone_home1.gps_publisher]: Updated
[gps_publisher-4] [INFO] [1743095862.251402545] [drone_home1.gps_publisher]: none
[gps_publisher-4] [INFO] [1743095862.253522728] [drone_home1.gps_publisher]: Updated
[gps_publisher-4] [INFO] [1743095862.301180674] [drone_home1.gps_publisher]: none
[gps_publisher-4] [INFO] [1743095862.302979414] [drone_home1.gps_publisher]: Updated
[gps_publisher-4] [INFO] [1743095862.351215190] [drone_home1.gps_publisher]: none
[gps_publisher-4] [INFO] [1743095862.353063338] [drone_home1.gps_publisher]: Updated
[gps_publisher-4] [INFO] [1743095862.401288618] [drone_home1.gps_publisher]: none
[gps_publisher-4] [INFO] [1743095862.403196863] [drone_home1.gps_publisher]: Updated
[gps_publisher-4] [INFO] [1743095862.451470048] [drone_home1.gps_publisher]: none
[gps_publisher-4] [INFO] [1743095862.453515990] [drone_home1.gps_publisher]: Updated
[gps_publisher-4] [INFO] [1743095862.501346418] [drone_home1.gps_publisher]: none
[gps_publisher-4] [INFO] [1743095862.503401640] [drone_home1.gps_publisher]: Updated
[gps_publisher-4] [INFO] [1743095862.551474119] [drone_home1.gps_publisher]: none
[gps_publisher-4] [INFO] [1743095862.553553021] [drone_home1.gps_publisher]: Updated
[gps_publisher-4] [INFO] [1743095862.601549147] [drone_home1.gps_publisher]: none
[gps_publisher-4] [INFO] [1743095862.604032021] [drone_home1.gps_publisher]: Updated
[gps_publisher-4] [INFO] [1743095862.651511630] [drone_home1.gps_publisher]: none
[gps_publisher-4] [INFO] [1743095862.653798182] [drone_home1.gps_publisher]: Updated
[gps_publisher-4] [INFO] [1743095862.702012263] [drone_home1.gps_publisher]: none
[gps_publisher-4] [INFO] [1743095862.705465227] [drone_home1.gps_publisher]: Updated
[gps_publisher-4] [INFO] [1743095862.752040218] [drone_home1.gps_publisher]: none
[gps_publisher-4] [INFO] [1743095862.755536032] [drone_home1.gps_publisher]: Updated
[gps_publisher-4] [INFO] [1743095862.801984173] [drone_home1.gps_publisher]: none
[gps_publisher-4] [INFO] [1743095862.805383249] [drone_home1.gps_publisher]: Updated
[gps_publisher-4] [INFO] [1743095862.851923328] [drone_home1.gps_publisher]: none
[gps_publisher-4] [INFO] [1743095862.855196099] [drone_home1.gps_publisher]: Updated
[gps_publisher-4] [INFO] [1743095862.901994932] [drone_home1.gps_publisher]: none
[gps_publisher-4] [INFO] [1743095862.905216470] [drone_home1.gps_publisher]: Updated
[gps_publisher-4] [INFO] [1743095862.951976967] [drone_home1.gps_publisher]: none
[gps_publisher-4] [INFO] [1743095862.955252714] [drone_home1.gps_publisher]: Updated
[gps_publisher-4] [INFO] [1743095863.001896122] [drone_home1.gps_publisher]: none
[gps_publisher-4] [INFO] [1743095863.005329694] [drone_home1.gps_publisher]: Updated
[gps_publisher-4] [INFO] [1743095863.051300964] [drone_home1.gps_publisher]: none
[gps_publisher-4] [INFO] [1743095863.053220216] [drone_home1.gps_publisher]: Updated
[gps_publisher-4] [INFO] [1743095863.101359508] [drone_home1.gps_publisher]: none
[gps_publisher-4] [INFO] [1743095863.105940837] [drone_home1.gps_publisher]: Updated
[gps_publisher-4] [INFO] [1743095863.151949578] [drone_home1.gps_publisher]: none
[gps_publisher-4] [INFO] [1743095863.155517744] [drone_home1.gps_publisher]: Updated
[gps_publisher-4] [INFO] [1743095863.201970458] [drone_home1.gps_publisher]: none
[gps_publisher-4] [INFO] [1743095863.205141788] [drone_home1.gps_publisher]: Updated
[gps_publisher-4] [INFO] [1743095863.251878601] [drone_home1.gps_publisher]: none
[gps_publisher-4] [INFO] [1743095863.255045387] [drone_home1.gps_publisher]: Updated
[gps_publisher-4] [INFO] [1743095863.301912057] [drone_home1.gps_publisher]: none
[gps_publisher-4] [INFO] [1743095863.305042586] [drone_home1.gps_publisher]: Updated
[gps_publisher-4] [INFO] [1743095863.351846760] [drone_home1.gps_publisher]: none
[gps_publisher-4] [INFO] [1743095863.354978858] [drone_home1.gps_publisher]: Updated
[gps_publisher-4] [INFO] [1743095863.401815128] [drone_home1.gps_publisher]: none
[gps_publisher-4] [INFO] [1743095863.404924121] [drone_home1.gps_publisher]: Updated
[gps_publisher-4] [INFO] [1743095863.451916681] [drone_home1.gps_publisher]: none
[gps_publisher-4] [INFO] [1743095863.455085642] [drone_home1.gps_publisher]: Updated
[gps_publisher-4] [INFO] [1743095863.501894520] [drone_home1.gps_publisher]: none
[gps_publisher-4] [INFO] [1743095863.505026074] [drone_home1.gps_publisher]: Updated
[gps_publisher-4] [INFO] [1743095863.551935625] [drone_home1.gps_publisher]: none
[gps_publisher-4] [INFO] [1743095863.555157899] [drone_home1.gps_publisher]: Updated
[gps_publisher-4] [INFO] [1743095863.601892376] [drone_home1.gps_publisher]: none
[gps_publisher-4] [INFO] [1743095863.605034841] [drone_home1.gps_publisher]: Updated
[gps_publisher-4] [INFO] [1743095863.652027817] [drone_home1.gps_publisher]: none
[gps_publisher-4] [INFO] [1743095863.655189899] [drone_home1.gps_publisher]: Updated
[gps_publisher-4] [INFO] [1743095863.701850167] [drone_home1.gps_publisher]: none
[gps_publisher-4] [INFO] [1743095863.704955224] [drone_home1.gps_publisher]: Updated
[gps_publisher-4] [INFO] [1743095863.751913416] [drone_home1.gps_publisher]: none
[gps_publisher-4] [INFO] [1743095863.755162442] [drone_home1.gps_publisher]: Updated
[gps_publisher-4] [INFO] [1743095863.802008889] [drone_home1.gps_publisher]: none
[gps_publisher-4] [INFO] [1743095863.805199706] [drone_home1.gps_publisher]: Updated
[gps_publisher-4] [INFO] [1743095863.852049417] [drone_home1.gps_publisher]: none
[gps_publisher-4] [INFO] [1743095863.855222154] [drone_home1.gps_publisher]: Updated
[gps_publisher-4] [INFO] [1743095863.901871351] [drone_home1.gps_publisher]: none
[gps_publisher-4] [INFO] [1743095863.905095193] [drone_home1.gps_publisher]: Updated
[gps_publisher-4] [INFO] [1743095863.951890759] [drone_home1.gps_publisher]: none
[gps_publisher-4] [INFO] [1743095863.955038056] [drone_home1.gps_publisher]: Updated
[gps_publisher-4] [INFO] [1743095864.001921143] [drone_home1.gps_publisher]: none
[gps_publisher-4] [INFO] [1743095864.005016632] [drone_home1.gps_publisher]: Updated
[gps_publisher-4] [INFO] [1743095864.051986020] [drone_home1.gps_publisher]: none
[gps_publisher-4] [INFO] [1743095864.055117029] [drone_home1.gps_publisher]: Updated
[gps_publisher-4] [INFO] [1743095864.102219923] [drone_home1.gps_publisher]: none
[gps_publisher-4] [INFO] [1743095864.105283571] [drone_home1.gps_publisher]: Updated
[gps_publisher-4] [INFO] [1743095864.152042782] [drone_home1.gps_publisher]: none
[gps_publisher-4] [INFO] [1743095864.155475426] [drone_home1.gps_publisher]: Updated
[gps_publisher-4] [INFO] [1743095864.201924713] [drone_home1.gps_publisher]: none
[gps_publisher-4] [INFO] [1743095864.205034473] [drone_home1.gps_publisher]: Updated
[gps_publisher-4] [INFO] [1743095864.251856628] [drone_home1.gps_publisher]: none
[gps_publisher-4] [INFO] [1743095864.255012693] [drone_home1.gps_publisher]: Updated
[gps_publisher-4] [INFO] [1743095864.301871457] [drone_home1.gps_publisher]: none
[gps_publisher-4] [INFO] [1743095864.304989153] [drone_home1.gps_publisher]: Updated
[gps_publisher-4] [INFO] [1743095864.351934862] [drone_home1.gps_publisher]: none
[gps_publisher-4] [INFO] [1743095864.355121583] [drone_home1.gps_publisher]: Updated
[gps_publisher-4] [INFO] [1743095864.401821241] [drone_home1.gps_publisher]: none
[gps_publisher-4] [INFO] [1743095864.404892505] [drone_home1.gps_publisher]: Updated
[gps_publisher-4] [INFO] [1743095864.451955143] [drone_home1.gps_publisher]: none
[gps_publisher-4] [INFO] [1743095864.455113992] [drone_home1.gps_publisher]: Updated
[gps_publisher-4] [INFO] [1743095864.501889394] [drone_home1.gps_publisher]: none
[gps_publisher-4] [INFO] [1743095864.505037875] [drone_home1.gps_publisher]: Updated
[gps_publisher-4] [INFO] [1743095864.552062144] [drone_home1.gps_publisher]: none
[gps_publisher-4] [INFO] [1743095864.555744007] [drone_home1.gps_publisher]: Updated
[gps_publisher-4] [INFO] [1743095864.601996460] [drone_home1.gps_publisher]: none
[gps_publisher-4] [INFO] [1743095864.605148653] [drone_home1.gps_publisher]: Updated
[gps_publisher-4] [INFO] [1743095864.652008857] [drone_home1.gps_publisher]: none
[gps_publisher-4] [INFO] [1743095864.655307451] [drone_home1.gps_publisher]: Updated
[gps_publisher-4] [INFO] [1743095864.701908132] [drone_home1.gps_publisher]: none
[gps_publisher-4] [INFO] [1743095864.705033829] [drone_home1.gps_publisher]: Updated
[gps_publisher-4] [INFO] [1743095864.751989201] [drone_home1.gps_publisher]: none
[gps_publisher-4] [INFO] [1743095864.755150322] [drone_home1.gps_publisher]: Updated
[gps_publisher-4] [INFO] [1743095864.802082270] [drone_home1.gps_publisher]: none
[gps_publisher-4] [INFO] [1743095864.805311712] [drone_home1.gps_publisher]: Updated
[gps_publisher-4] [INFO] [1743095864.851948457] [drone_home1.gps_publisher]: none
[gps_publisher-4] [INFO] [1743095864.855706417] [drone_home1.gps_publisher]: Updated
[gps_publisher-4] [INFO] [1743095864.901767252] [drone_home1.gps_publisher]: none
[gps_publisher-4] [INFO] [1743095864.904862356] [drone_home1.gps_publisher]: Updated
[gps_publisher-4] [INFO] [1743095864.951993154] [drone_home1.gps_publisher]: none
[gps_publisher-4] [INFO] [1743095864.955170404] [drone_home1.gps_publisher]: Updated
[gps_publisher-4] [INFO] [1743095865.001981967] [drone_home1.gps_publisher]: none
[gps_publisher-4] [INFO] [1743095865.005130512] [drone_home1.gps_publisher]: Updated
[gps_publisher-4] [INFO] [1743095865.052034232] [drone_home1.gps_publisher]: none
[gps_publisher-4] [INFO] [1743095865.055524765] [drone_home1.gps_publisher]: Updated
[gps_publisher-4] [INFO] [1743095865.101930272] [drone_home1.gps_publisher]: none
[gps_publisher-4] [INFO] [1743095865.105441253] [drone_home1.gps_publisher]: Updated
[gps_publisher-4] [INFO] [1743095865.152018442] [drone_home1.gps_publisher]: none
[gps_publisher-4] [INFO] [1743095865.155543695] [drone_home1.gps_publisher]: Updated
[gps_publisher-4] [INFO] [1743095865.201923538] [drone_home1.gps_publisher]: none
[gps_publisher-4] [INFO] [1743095865.205177268] [drone_home1.gps_publisher]: Updated
[gps_publisher-4] [INFO] [1743095865.251412438] [drone_home1.gps_publisher]: none
[gps_publisher-4] [INFO] [1743095865.254044561] [drone_home1.gps_publisher]: Updated
[gps_publisher-4] [INFO] [1743095865.301330302] [drone_home1.gps_publisher]: none
[gps_publisher-4] [INFO] [1743095865.303725847] [drone_home1.gps_publisher]: Updated
[gps_publisher-4] [INFO] [1743095865.351604010] [drone_home1.gps_publisher]: none
[gps_publisher-4] [INFO] [1743095865.353890530] [drone_home1.gps_publisher]: Updated
[gps_publisher-4] [INFO] [1743095865.401543634] [drone_home1.gps_publisher]: none
[gps_publisher-4] [INFO] [1743095865.403841674] [drone_home1.gps_publisher]: Updated
[gps_publisher-4] [INFO] [1743095865.451436058] [drone_home1.gps_publisher]: none
[gps_publisher-4] [INFO] [1743095865.453433807] [drone_home1.gps_publisher]: Updated
[gps_publisher-4] [INFO] [1743095865.501293409] [drone_home1.gps_publisher]: none
[gps_publisher-4] [INFO] [1743095865.503339607] [drone_home1.gps_publisher]: Updated
[gps_publisher-4] [INFO] [1743095865.551321643] [drone_home1.gps_publisher]: none
[gps_publisher-4] [INFO] [1743095865.553793924] [drone_home1.gps_publisher]: Updated
[gps_publisher-4] [INFO] [1743095865.601997691] [drone_home1.gps_publisher]: none
[gps_publisher-4] [INFO] [1743095865.604368051] [drone_home1.gps_publisher]: Updated
[gps_publisher-4] [INFO] [1743095865.651884258] [drone_home1.gps_publisher]: none
[gps_publisher-4] [INFO] [1743095865.654982083] [drone_home1.gps_publisher]: Updated
[gps_publisher-4] [INFO] [1743095865.701826795] [drone_home1.gps_publisher]: none
[gps_publisher-4] [INFO] [1743095865.704923179] [drone_home1.gps_publisher]: Updated
[gps_publisher-4] [INFO] [1743095865.752019702] [drone_home1.gps_publisher]: none
[gps_publisher-4] [INFO] [1743095865.755713852] [drone_home1.gps_publisher]: Updated
[gps_publisher-4] [INFO] [1743095865.801908638] [drone_home1.gps_publisher]: none
[gps_publisher-4] [INFO] [1743095865.804994846] [drone_home1.gps_publisher]: Updated
[gps_publisher-4] [INFO] [1743095865.851919751] [drone_home1.gps_publisher]: none
[gps_publisher-4] [INFO] [1743095865.855225353] [drone_home1.gps_publisher]: Updated
[gps_publisher-4] [INFO] [1743095865.901927888] [drone_home1.gps_publisher]: none
[gps_publisher-4] [INFO] [1743095865.905025744] [drone_home1.gps_publisher]: Updated
[gps_publisher-4] [INFO] [1743095865.952063578] [drone_home1.gps_publisher]: none
[gps_publisher-4] [INFO] [1743095865.955977603] [drone_home1.gps_publisher]: Updated
[gps_publisher-4] [INFO] [1743095866.001815969] [drone_home1.gps_publisher]: none
[gps_publisher-4] [INFO] [1743095866.005360069] [drone_home1.gps_publisher]: Updated
[gps_publisher-4] [INFO] [1743095866.051924008] [drone_home1.gps_publisher]: none
[gps_publisher-4] [INFO] [1743095866.055446540] [drone_home1.gps_publisher]: Updated
[gps_publisher-4] [INFO] [1743095866.101875661] [drone_home1.gps_publisher]: none
[gps_publisher-4] [INFO] [1743095866.105196655] [drone_home1.gps_publisher]: Updated
[gps_publisher-4] [INFO] [1743095866.152125909] [drone_home1.gps_publisher]: none
[gps_publisher-4] [INFO] [1743095866.155925852] [drone_home1.gps_publisher]: Updated
[gps_publisher-4] [INFO] [1743095866.201880248] [drone_home1.gps_publisher]: none
[gps_publisher-4] [INFO] [1743095866.205646335] [drone_home1.gps_publisher]: Updated
[gps_publisher-4] [INFO] [1743095866.251949183] [drone_home1.gps_publisher]: none
[gps_publisher-4] [INFO] [1743095866.255770182] [drone_home1.gps_publisher]: Updated
[gps_publisher-4] [INFO] [1743095866.301836899] [drone_home1.gps_publisher]: none
[gps_publisher-4] [INFO] [1743095866.305483977] [drone_home1.gps_publisher]: Updated
[gps_publisher-4] [INFO] [1743095866.352498352] [drone_home1.gps_publisher]: none
[gps_publisher-4] [INFO] [1743095866.356753500] [drone_home1.gps_publisher]: Updated
[gps_publisher-4] [INFO] [1743095866.401749614] [drone_home1.gps_publisher]: none
[gps_publisher-4] [INFO] [1743095866.405142833] [drone_home1.gps_publisher]: Updated
[gps_publisher-4] [INFO] [1743095866.451718099] [drone_home1.gps_publisher]: none
[gps_publisher-4] [INFO] [1743095866.454839955] [drone_home1.gps_publisher]: Updated
[gps_publisher-4] [INFO] [1743095866.501622488] [drone_home1.gps_publisher]: none
[gps_publisher-4] [INFO] [1743095866.504612119] [drone_home1.gps_publisher]: Updated
[gps_publisher-4] [INFO] [1743095866.551636734] [drone_home1.gps_publisher]: none
[gps_publisher-4] [INFO] [1743095866.554745790] [drone_home1.gps_publisher]: Updated
[gps_publisher-4] [INFO] [1743095866.601824517] [drone_home1.gps_publisher]: none
[gps_publisher-4] [INFO] [1743095866.605036135] [drone_home1.gps_publisher]: Updated
[gps_publisher-4] [INFO] [1743095866.652002541] [drone_home1.gps_publisher]: none
[gps_publisher-4] [INFO] [1743095866.655158253] [drone_home1.gps_publisher]: Updated
[gps_publisher-4] [INFO] [1743095866.701711759] [drone_home1.gps_publisher]: none
[gps_publisher-4] [INFO] [1743095866.704771695] [drone_home1.gps_publisher]: Updated
[gps_publisher-4] [INFO] [1743095866.751617908] [drone_home1.gps_publisher]: none
[gps_publisher-4] [INFO] [1743095866.754782261] [drone_home1.gps_publisher]: Updated
[gps_publisher-4] [INFO] [1743095866.801964830] [drone_home1.gps_publisher]: none
[gps_publisher-4] [INFO] [1743095866.805426401] [drone_home1.gps_publisher]: Updated
[gps_publisher-4] [INFO] [1743095866.851178139] [drone_home1.gps_publisher]: none
[gps_publisher-4] [INFO] [1743095866.853311441] [drone_home1.gps_publisher]: Updated
[gps_publisher-4] [INFO] [1743095866.901907048] [drone_home1.gps_publisher]: none
[gps_publisher-4] [INFO] [1743095866.904968968] [drone_home1.gps_publisher]: Updated
[gps_publisher-4] [INFO] [1743095866.951832429] [drone_home1.gps_publisher]: none
[gps_publisher-4] [INFO] [1743095866.955278705] [drone_home1.gps_publisher]: Updated
[gps_publisher-4] [INFO] [1743095867.001740306] [drone_home1.gps_publisher]: none
[gps_publisher-4] [INFO] [1743095867.004961203] [drone_home1.gps_publisher]: Updated
[gps_publisher-4] [INFO] [1743095867.051785877] [drone_home1.gps_publisher]: none
[gps_publisher-4] [INFO] [1743095867.055294873] [drone_home1.gps_publisher]: Updated
[gps_publisher-4] [INFO] [1743095867.101850584] [drone_home1.gps_publisher]: none
[gps_publisher-4] [INFO] [1743095867.105253531] [drone_home1.gps_publisher]: Updated
[gps_publisher-4] [INFO] [1743095867.151850811] [drone_home1.gps_publisher]: none
[gps_publisher-4] [INFO] [1743095867.155354719] [drone_home1.gps_publisher]: Updated
[gps_publisher-4] [INFO] [1743095867.201984575] [drone_home1.gps_publisher]: none
[gps_publisher-4] [INFO] [1743095867.205272449] [drone_home1.gps_publisher]: Updated
[gps_publisher-4] [INFO] [1743095867.252000322] [drone_home1.gps_publisher]: none
[gps_publisher-4] [INFO] [1743095867.255473285] [drone_home1.gps_publisher]: Updated
[gps_publisher-4] [INFO] [1743095867.301498975] [drone_home1.gps_publisher]: none
[gps_publisher-4] [INFO] [1743095867.303403187] [drone_home1.gps_publisher]: Updated
[gps_publisher-4] [INFO] [1743095867.351272991] [drone_home1.gps_publisher]: none
[gps_publisher-4] [INFO] [1743095867.353036529] [drone_home1.gps_publisher]: Updated
[gps_publisher-4] [INFO] [1743095867.401307842] [drone_home1.gps_publisher]: none
[gps_publisher-4] [INFO] [1743095867.403082996] [drone_home1.gps_publisher]: Updated
[gps_publisher-4] [INFO] [1743095867.451266372] [drone_home1.gps_publisher]: none
[gps_publisher-4] [INFO] [1743095867.453021174] [drone_home1.gps_publisher]: Updated
[gps_publisher-4] [INFO] [1743095867.501242374] [drone_home1.gps_publisher]: none
[gps_publisher-4] [INFO] [1743095867.502995384] [drone_home1.gps_publisher]: Updated
[gps_publisher-4] [INFO] [1743095867.551373482] [drone_home1.gps_publisher]: none
[gps_publisher-4] [INFO] [1743095867.553253790] [drone_home1.gps_publisher]: Updated
[gps_publisher-4] [INFO] [1743095867.601264236] [drone_home1.gps_publisher]: none
[gps_publisher-4] [INFO] [1743095867.602992413] [drone_home1.gps_publisher]: Updated
[gps_publisher-4] [INFO] [1743095867.651406096] [drone_home1.gps_publisher]: none
[gps_publisher-4] [INFO] [1743095867.653539366] [drone_home1.gps_publisher]: Updated
[gps_publisher-4] [INFO] [1743095867.701745622] [drone_home1.gps_publisher]: none
[gps_publisher-4] [INFO] [1743095867.704578579] [drone_home1.gps_publisher]: Updated
[gps_publisher-4] [INFO] [1743095867.751614679] [drone_home1.gps_publisher]: none
[gps_publisher-4] [INFO] [1743095867.755124443] [drone_home1.gps_publisher]: Updated
[gps_publisher-4] [INFO] [1743095867.801216277] [drone_home1.gps_publisher]: none
[gps_publisher-4] [INFO] [1743095867.803040104] [drone_home1.gps_publisher]: Updated
[gps_publisher-4] [INFO] [1743095867.851279960] [drone_home1.gps_publisher]: none
[gps_publisher-4] [INFO] [1743095867.853052555] [drone_home1.gps_publisher]: Updated
[gps_publisher-4] [INFO] [1743095867.901551966] [drone_home1.gps_publisher]: none
[gps_publisher-4] [INFO] [1743095867.903662868] [drone_home1.gps_publisher]: Updated
[gps_publisher-4] [INFO] [1743095867.951658817] [drone_home1.gps_publisher]: none
[gps_publisher-4] [INFO] [1743095867.954017850] [drone_home1.gps_publisher]: Updated
[gps_publisher-4] [INFO] [1743095868.001255520] [drone_home1.gps_publisher]: none
[gps_publisher-4] [INFO] [1743095868.003021746] [drone_home1.gps_publisher]: Updated
[gps_publisher-4] [INFO] [1743095868.051351169] [drone_home1.gps_publisher]: none
[gps_publisher-4] [INFO] [1743095868.053265588] [drone_home1.gps_publisher]: Updated
[gps_publisher-4] [INFO] [1743095868.101159774] [drone_home1.gps_publisher]: none
[gps_publisher-4] [INFO] [1743095868.102892624] [drone_home1.gps_publisher]: Updated
[gps_publisher-4] [INFO] [1743095868.151991238] [drone_home1.gps_publisher]: none
[gps_publisher-4] [INFO] [1743095868.155194407] [drone_home1.gps_publisher]: Updated
[gps_publisher-4] [INFO] [1743095868.201942021] [drone_home1.gps_publisher]: none
[gps_publisher-4] [INFO] [1743095868.204538464] [drone_home1.gps_publisher]: Updated
[gps_publisher-4] [INFO] [1743095868.251582305] [drone_home1.gps_publisher]: none
[gps_publisher-4] [INFO] [1743095868.253997913] [drone_home1.gps_publisher]: Updated
[gps_publisher-4] [INFO] [1743095868.301556704] [drone_home1.gps_publisher]: none
[gps_publisher-4] [INFO] [1743095868.304496062] [drone_home1.gps_publisher]: Updated
[gps_publisher-4] [INFO] [1743095868.351634048] [drone_home1.gps_publisher]: none
[gps_publisher-4] [INFO] [1743095868.354026937] [drone_home1.gps_publisher]: Updated
[gps_publisher-4] [INFO] [1743095868.401541375] [drone_home1.gps_publisher]: none
[gps_publisher-4] [INFO] [1743095868.403850262] [drone_home1.gps_publisher]: Updated
[gps_publisher-4] [INFO] [1743095868.452062339] [drone_home1.gps_publisher]: none
[gps_publisher-4] [INFO] [1743095868.454532349] [drone_home1.gps_publisher]: Updated
[gps_publisher-4] [INFO] [1743095868.501553534] [drone_home1.gps_publisher]: none
[gps_publisher-4] [INFO] [1743095868.504566269] [drone_home1.gps_publisher]: Updated
[gps_publisher-4] [INFO] [1743095868.551795040] [drone_home1.gps_publisher]: none
[gps_publisher-4] [INFO] [1743095868.554964672] [drone_home1.gps_publisher]: Updated
[gps_publisher-4] [INFO] [1743095868.601759135] [drone_home1.gps_publisher]: none
[gps_publisher-4] [INFO] [1743095868.605072385] [drone_home1.gps_publisher]: Updated
[gps_publisher-4] [INFO] [1743095868.651897888] [drone_home1.gps_publisher]: none
[gps_publisher-4] [INFO] [1743095868.655030720] [drone_home1.gps_publisher]: Updated
[gps_publisher-4] [INFO] [1743095868.701675901] [drone_home1.gps_publisher]: none
[gps_publisher-4] [INFO] [1743095868.704698172] [drone_home1.gps_publisher]: Updated
[gps_publisher-4] [INFO] [1743095868.751986143] [drone_home1.gps_publisher]: none
[gps_publisher-4] [INFO] [1743095868.755175296] [drone_home1.gps_publisher]: Updated
[gps_publisher-4] [INFO] [1743095868.801737084] [drone_home1.gps_publisher]: none
[gps_publisher-4] [INFO] [1743095868.805246656] [drone_home1.gps_publisher]: Updated
[gps_publisher-4] [INFO] [1743095868.851946622] [drone_home1.gps_publisher]: none
[gps_publisher-4] [INFO] [1743095868.855205919] [drone_home1.gps_publisher]: Updated
[gps_publisher-4] [INFO] [1743095868.901920061] [drone_home1.gps_publisher]: none
[gps_publisher-4] [INFO] [1743095868.905101630] [drone_home1.gps_publisher]: Updated
[gps_publisher-4] [INFO] [1743095868.951976733] [drone_home1.gps_publisher]: none
[gps_publisher-4] [INFO] [1743095868.955143710] [drone_home1.gps_publisher]: Updated
[gps_publisher-4] [INFO] [1743095869.001850651] [drone_home1.gps_publisher]: none
[gps_publisher-4] [INFO] [1743095869.005473568] [drone_home1.gps_publisher]: Updated
[gps_publisher-4] [INFO] [1743095869.051970265] [drone_home1.gps_publisher]: none
[gps_publisher-4] [INFO] [1743095869.055520701] [drone_home1.gps_publisher]: Updated
[gps_publisher-4] [INFO] [1743095869.102026038] [drone_home1.gps_publisher]: none
[gps_publisher-4] [INFO] [1743095869.106018591] [drone_home1.gps_publisher]: Updated
[gps_publisher-4] [INFO] [1743095869.151509934] [drone_home1.gps_publisher]: none
[gps_publisher-4] [INFO] [1743095869.153655939] [drone_home1.gps_publisher]: Updated
[gps_publisher-4] [INFO] [1743095869.201345768] [drone_home1.gps_publisher]: none
[gps_publisher-4] [INFO] [1743095869.203363613] [drone_home1.gps_publisher]: Updated
[gps_publisher-4] [INFO] [1743095869.251377701] [drone_home1.gps_publisher]: none
[gps_publisher-4] [INFO] [1743095869.253194904] [drone_home1.gps_publisher]: Updated
[gps_publisher-4] [INFO] [1743095869.301370818] [drone_home1.gps_publisher]: none
[gps_publisher-4] [INFO] [1743095869.303418647] [drone_home1.gps_publisher]: Updated
[gps_publisher-4] [INFO] [1743095869.352010053] [drone_home1.gps_publisher]: none
[gps_publisher-4] [INFO] [1743095869.355372679] [drone_home1.gps_publisher]: Updated
[gps_publisher-4] [INFO] [1743095869.401658078] [drone_home1.gps_publisher]: none
[gps_publisher-4] [INFO] [1743095869.403513520] [drone_home1.gps_publisher]: Updated
[gps_publisher-4] [INFO] [1743095869.451943709] [drone_home1.gps_publisher]: none
[gps_publisher-4] [INFO] [1743095869.455391392] [drone_home1.gps_publisher]: Updated
[gps_publisher-4] [INFO] [1743095869.501981114] [drone_home1.gps_publisher]: none
[gps_publisher-4] [INFO] [1743095869.505207995] [drone_home1.gps_publisher]: Updated
[gps_publisher-4] [INFO] [1743095869.551857429] [drone_home1.gps_publisher]: none
[gps_publisher-4] [INFO] [1743095869.555065526] [drone_home1.gps_publisher]: Updated
[gps_publisher-4] [INFO] [1743095869.602002387] [drone_home1.gps_publisher]: none
[gps_publisher-4] [INFO] [1743095869.604800879] [drone_home1.gps_publisher]: Updated
[gps_publisher-4] [INFO] [1743095869.651236648] [drone_home1.gps_publisher]: none
[gps_publisher-4] [INFO] [1743095869.653175291] [drone_home1.gps_publisher]: Updated
[gps_publisher-4] [INFO] [1743095869.701444646] [drone_home1.gps_publisher]: none
[gps_publisher-4] [INFO] [1743095869.703810206] [drone_home1.gps_publisher]: Updated
[gps_publisher-4] [INFO] [1743095869.751351202] [drone_home1.gps_publisher]: none
[gps_publisher-4] [INFO] [1743095869.753472023] [drone_home1.gps_publisher]: Updated
[gps_publisher-4] [INFO] [1743095869.801264189] [drone_home1.gps_publisher]: none
[gps_publisher-4] [INFO] [1743095869.803263506] [drone_home1.gps_publisher]: Updated
[gps_publisher-4] [INFO] [1743095869.851561437] [drone_home1.gps_publisher]: none
[gps_publisher-4] [INFO] [1743095869.853960277] [drone_home1.gps_publisher]: Updated
[gps_publisher-4] [INFO] [1743095869.901709339] [drone_home1.gps_publisher]: none
[gps_publisher-4] [INFO] [1743095869.904083187] [drone_home1.gps_publisher]: Updated
[gps_publisher-4] [INFO] [1743095869.951446037] [drone_home1.gps_publisher]: none
[gps_publisher-4] [INFO] [1743095869.953905678] [drone_home1.gps_publisher]: Updated
[gps_publisher-4] [INFO] [1743095870.001848213] [drone_home1.gps_publisher]: none
[gps_publisher-4] [INFO] [1743095870.004369615] [drone_home1.gps_publisher]: Updated
[gps_publisher-4] [INFO] [1743095870.051698094] [drone_home1.gps_publisher]: none
[gps_publisher-4] [INFO] [1743095870.054300744] [drone_home1.gps_publisher]: Updated
[gps_publisher-4] [INFO] [1743095870.101553670] [drone_home1.gps_publisher]: none
[gps_publisher-4] [INFO] [1743095870.104310946] [drone_home1.gps_publisher]: Updated
[gps_publisher-4] [INFO] [1743095870.151255228] [drone_home1.gps_publisher]: none
[gps_publisher-4] [INFO] [1743095870.153091247] [drone_home1.gps_publisher]: Updated
[gps_publisher-4] [INFO] [1743095870.201393559] [drone_home1.gps_publisher]: none
[gps_publisher-4] [INFO] [1743095870.203751375] [drone_home1.gps_publisher]: Updated
[gps_publisher-4] [INFO] [1743095870.251343153] [drone_home1.gps_publisher]: none
[gps_publisher-4] [INFO] [1743095870.253473414] [drone_home1.gps_publisher]: Updated
[gps_publisher-4] [INFO] [1743095870.301350602] [drone_home1.gps_publisher]: none
[gps_publisher-4] [INFO] [1743095870.303188573] [drone_home1.gps_publisher]: Updated
[gps_publisher-4] [INFO] [1743095870.351267779] [drone_home1.gps_publisher]: none
[gps_publisher-4] [INFO] [1743095870.353158102] [drone_home1.gps_publisher]: Updated
[gps_publisher-4] [INFO] [1743095870.401261181] [drone_home1.gps_publisher]: none
[gps_publisher-4] [INFO] [1743095870.403038415] [drone_home1.gps_publisher]: Updated
[gps_publisher-4] [INFO] [1743095870.451169621] [drone_home1.gps_publisher]: none
[gps_publisher-4] [INFO] [1743095870.452927079] [drone_home1.gps_publisher]: Updated
[gps_publisher-4] [INFO] [1743095870.501187695] [drone_home1.gps_publisher]: none
[gps_publisher-4] [INFO] [1743095870.503014690] [drone_home1.gps_publisher]: Updated
[gps_publisher-4] [INFO] [1743095870.551240617] [drone_home1.gps_publisher]: none
[gps_publisher-4] [INFO] [1743095870.553081884] [drone_home1.gps_publisher]: Updated
[gps_publisher-4] [INFO] [1743095870.601281859] [drone_home1.gps_publisher]: none
[gps_publisher-4] [INFO] [1743095870.603136374] [drone_home1.gps_publisher]: Updated
[gps_publisher-4] [INFO] [1743095870.651296125] [drone_home1.gps_publisher]: none
[gps_publisher-4] [INFO] [1743095870.653114159] [drone_home1.gps_publisher]: Updated
[gps_publisher-4] [INFO] [1743095870.701214102] [drone_home1.gps_publisher]: none
[gps_publisher-4] [INFO] [1743095870.703456044] [drone_home1.gps_publisher]: Updated
[gps_publisher-4] [INFO] [1743095870.751209359] [drone_home1.gps_publisher]: none
[gps_publisher-4] [INFO] [1743095870.752945729] [drone_home1.gps_publisher]: Updated
[gps_publisher-4] [INFO] [1743095870.801234345] [drone_home1.gps_publisher]: none
[gps_publisher-4] [INFO] [1743095870.802998683] [drone_home1.gps_publisher]: Updated
[gps_publisher-4] [INFO] [1743095870.851285027] [drone_home1.gps_publisher]: none
[gps_publisher-4] [INFO] [1743095870.853081845] [drone_home1.gps_publisher]: Updated
[gps_publisher-4] [INFO] [1743095870.901272029] [drone_home1.gps_publisher]: none
[gps_publisher-4] [INFO] [1743095870.903075215] [drone_home1.gps_publisher]: Updated
[gps_publisher-4] [INFO] [1743095870.951304631] [drone_home1.gps_publisher]: none
[gps_publisher-4] [INFO] [1743095870.953163369] [drone_home1.gps_publisher]: Updated
[gps_publisher-4] [INFO] [1743095871.001184431] [drone_home1.gps_publisher]: none
[gps_publisher-4] [INFO] [1743095871.003049826] [drone_home1.gps_publisher]: Updated
[gps_publisher-4] [INFO] [1743095871.051571530] [drone_home1.gps_publisher]: none
[gps_publisher-4] [INFO] [1743095871.053659327] [drone_home1.gps_publisher]: Updated
[gps_publisher-4] [INFO] [1743095871.101407071] [drone_home1.gps_publisher]: none
[gps_publisher-4] [INFO] [1743095871.103555509] [drone_home1.gps_publisher]: Updated
[gps_publisher-4] [INFO] [1743095871.151501975] [drone_home1.gps_publisher]: none
[gps_publisher-4] [INFO] [1743095871.153738189] [drone_home1.gps_publisher]: Updated
[gps_publisher-4] [INFO] [1743095871.201530606] [drone_home1.gps_publisher]: none
[gps_publisher-4] [INFO] [1743095871.203901798] [drone_home1.gps_publisher]: Updated
[gps_publisher-4] [INFO] [1743095871.251671782] [drone_home1.gps_publisher]: none
[gps_publisher-4] [INFO] [1743095871.254146655] [drone_home1.gps_publisher]: Updated
[gps_publisher-4] [INFO] [1743095871.301611133] [drone_home1.gps_publisher]: none
[gps_publisher-4] [INFO] [1743095871.303970036] [drone_home1.gps_publisher]: Updated
[gps_publisher-4] [INFO] [1743095871.351464850] [drone_home1.gps_publisher]: none
[gps_publisher-4] [INFO] [1743095871.353587047] [drone_home1.gps_publisher]: Updated
[gps_publisher-4] [INFO] [1743095871.401524425] [drone_home1.gps_publisher]: none
[gps_publisher-4] [INFO] [1743095871.403962082] [drone_home1.gps_publisher]: Updated
[gps_publisher-4] [INFO] [1743095871.452494666] [drone_home1.gps_publisher]: none
[gps_publisher-4] [INFO] [1743095871.455265958] [drone_home1.gps_publisher]: Updated
[gps_publisher-4] [INFO] [1743095871.502066172] [drone_home1.gps_publisher]: none
[gps_publisher-4] [INFO] [1743095871.504757655] [drone_home1.gps_publisher]: Updated
[gps_publisher-4] [INFO] [1743095871.552734042] [drone_home1.gps_publisher]: none
[gps_publisher-4] [INFO] [1743095871.557364841] [drone_home1.gps_publisher]: Updated
[gps_publisher-4] [INFO] [1743095871.601729639] [drone_home1.gps_publisher]: none
[gps_publisher-4] [INFO] [1743095871.605010280] [drone_home1.gps_publisher]: Updated
[gps_publisher-4] [INFO] [1743095871.652148706] [drone_home1.gps_publisher]: none
[gps_publisher-4] [INFO] [1743095871.655334370] [drone_home1.gps_publisher]: Updated
[gps_publisher-4] [INFO] [1743095871.701976823] [drone_home1.gps_publisher]: none
[gps_publisher-4] [INFO] [1743095871.705336665] [drone_home1.gps_publisher]: Updated
[gps_publisher-4] [INFO] [1743095871.751975662] [drone_home1.gps_publisher]: none
[gps_publisher-4] [INFO] [1743095871.755208014] [drone_home1.gps_publisher]: Updated
[gps_publisher-4] [INFO] [1743095871.801879587] [drone_home1.gps_publisher]: none
[gps_publisher-4] [INFO] [1743095871.804993027] [drone_home1.gps_publisher]: Updated
[gps_publisher-4] [INFO] [1743095871.851963035] [drone_home1.gps_publisher]: none
[gps_publisher-4] [INFO] [1743095871.855145211] [drone_home1.gps_publisher]: Updated
[gps_publisher-4] [INFO] [1743095871.902047123] [drone_home1.gps_publisher]: none
[gps_publisher-4] [INFO] [1743095871.905187346] [drone_home1.gps_publisher]: Updated
[gps_publisher-4] [INFO] [1743095871.952058442] [drone_home1.gps_publisher]: none
[gps_publisher-4] [INFO] [1743095871.955239658] [drone_home1.gps_publisher]: Updated
[gps_publisher-4] [INFO] [1743095872.001305561] [drone_home1.gps_publisher]: none
[gps_publisher-4] [INFO] [1743095872.005638053] [drone_home1.gps_publisher]: Updated
[gps_publisher-4] [INFO] [1743095872.052105557] [drone_home1.gps_publisher]: none
[gps_publisher-4] [INFO] [1743095872.055318581] [drone_home1.gps_publisher]: Updated
[gps_publisher-4] [INFO] [1743095872.101329026] [drone_home1.gps_publisher]: none
[gps_publisher-4] [INFO] [1743095872.103088275] [drone_home1.gps_publisher]: Updated
[gps_publisher-4] [INFO] [1743095872.151294709] [drone_home1.gps_publisher]: none
[gps_publisher-4] [INFO] [1743095872.153153352] [drone_home1.gps_publisher]: Updated
[gps_publisher-4] [INFO] [1743095872.201389611] [drone_home1.gps_publisher]: none
[gps_publisher-4] [INFO] [1743095872.204014053] [drone_home1.gps_publisher]: Updated
[gps_publisher-4] [INFO] [1743095872.251842467] [drone_home1.gps_publisher]: none
[gps_publisher-4] [INFO] [1743095872.254078938] [drone_home1.gps_publisher]: Updated
[gps_publisher-4] [INFO] [1743095872.301407059] [drone_home1.gps_publisher]: none
[gps_publisher-4] [INFO] [1743095872.303528040] [drone_home1.gps_publisher]: Updated
[gps_publisher-4] [INFO] [1743095872.351668490] [drone_home1.gps_publisher]: none
[gps_publisher-4] [INFO] [1743095872.353722110] [drone_home1.gps_publisher]: Updated
[gps_publisher-4] [INFO] [1743095872.401380155] [drone_home1.gps_publisher]: none
[gps_publisher-4] [INFO] [1743095872.403340078] [drone_home1.gps_publisher]: Updated
[gps_publisher-4] [INFO] [1743095872.451486480] [drone_home1.gps_publisher]: none
[gps_publisher-4] [INFO] [1743095872.453527172] [drone_home1.gps_publisher]: Updated
[gps_publisher-4] [INFO] [1743095872.501326115] [drone_home1.gps_publisher]: none
[gps_publisher-4] [INFO] [1743095872.503489624] [drone_home1.gps_publisher]: Updated
[gps_publisher-4] [INFO] [1743095872.551716347] [drone_home1.gps_publisher]: none
[gps_publisher-4] [INFO] [1743095872.554453526] [drone_home1.gps_publisher]: Updated
[gps_publisher-4] [INFO] [1743095872.601675086] [drone_home1.gps_publisher]: none
[gps_publisher-4] [INFO] [1743095872.603890340] [drone_home1.gps_publisher]: Updated
[gps_publisher-4] [INFO] [1743095872.651434400] [drone_home1.gps_publisher]: none
[gps_publisher-4] [INFO] [1743095872.653502325] [drone_home1.gps_publisher]: Updated
[gps_publisher-4] [INFO] [1743095872.701283155] [drone_home1.gps_publisher]: none
[gps_publisher-4] [INFO] [1743095872.703144517] [drone_home1.gps_publisher]: Updated
[gps_publisher-4] [INFO] [1743095872.751375240] [drone_home1.gps_publisher]: none
[gps_publisher-4] [INFO] [1743095872.753260731] [drone_home1.gps_publisher]: Updated
[gps_publisher-4] [INFO] [1743095872.801310011] [drone_home1.gps_publisher]: none
[gps_publisher-4] [INFO] [1743095872.803225742] [drone_home1.gps_publisher]: Updated
[gps_publisher-4] [INFO] [1743095872.851255215] [drone_home1.gps_publisher]: none
[gps_publisher-4] [INFO] [1743095872.853133409] [drone_home1.gps_publisher]: Updated
[gps_publisher-4] [INFO] [1743095872.901243715] [drone_home1.gps_publisher]: none
[gps_publisher-4] [INFO] [1743095872.903047061] [drone_home1.gps_publisher]: Updated
[gps_publisher-4] [INFO] [1743095872.951322360] [drone_home1.gps_publisher]: none
[gps_publisher-4] [INFO] [1743095872.953238315] [drone_home1.gps_publisher]: Updated
[gps_publisher-4] [INFO] [1743095873.001971378] [drone_home1.gps_publisher]: none
[gps_publisher-4] [INFO] [1743095873.005137490] [drone_home1.gps_publisher]: Updated
[gps_publisher-4] [INFO] [1743095873.052027652] [drone_home1.gps_publisher]: none
[gps_publisher-4] [INFO] [1743095873.055187364] [drone_home1.gps_publisher]: Updated
[gps_publisher-4] [INFO] [1743095873.102068054] [drone_home1.gps_publisher]: none
[gps_publisher-4] [INFO] [1743095873.105263542] [drone_home1.gps_publisher]: Updated
[gps_publisher-4] [INFO] [1743095873.152068584] [drone_home1.gps_publisher]: none
[gps_publisher-4] [INFO] [1743095873.155766381] [drone_home1.gps_publisher]: Updated
[gps_publisher-4] [INFO] [1743095873.201956408] [drone_home1.gps_publisher]: none
[gps_publisher-4] [INFO] [1743095873.205365914] [drone_home1.gps_publisher]: Updated
[gps_publisher-4] [INFO] [1743095873.252032331] [drone_home1.gps_publisher]: none
[gps_publisher-4] [INFO] [1743095873.255280235] [drone_home1.gps_publisher]: Updated
[gps_publisher-4] [INFO] [1743095873.301400790] [drone_home1.gps_publisher]: none
[gps_publisher-4] [INFO] [1743095873.304053904] [drone_home1.gps_publisher]: Updated
[gps_publisher-4] [INFO] [1743095873.352083406] [drone_home1.gps_publisher]: none
[gps_publisher-4] [INFO] [1743095873.355611537] [drone_home1.gps_publisher]: Updated
[gps_publisher-4] [INFO] [1743095873.401998655] [drone_home1.gps_publisher]: none
[gps_publisher-4] [INFO] [1743095873.406280969] [drone_home1.gps_publisher]: Updated
[gps_publisher-4] [INFO] [1743095873.452074929] [drone_home1.gps_publisher]: none
[gps_publisher-4] [INFO] [1743095873.455705973] [drone_home1.gps_publisher]: Updated
[gps_publisher-4] [INFO] [1743095873.502177571] [drone_home1.gps_publisher]: none
[gps_publisher-4] [INFO] [1743095873.505791911] [drone_home1.gps_publisher]: Updated
[gps_publisher-4] [INFO] [1743095873.551554159] [drone_home1.gps_publisher]: none
[gps_publisher-4] [INFO] [1743095873.553693892] [drone_home1.gps_publisher]: Updated
[gps_publisher-4] [INFO] [1743095873.601897412] [drone_home1.gps_publisher]: none
[gps_publisher-4] [INFO] [1743095873.605194148] [drone_home1.gps_publisher]: Updated
[gps_publisher-4] [INFO] [1743095873.652034167] [drone_home1.gps_publisher]: none
[gps_publisher-4] [INFO] [1743095873.655749339] [drone_home1.gps_publisher]: Updated
[gps_publisher-4] [INFO] [1743095873.701548355] [drone_home1.gps_publisher]: none
[gps_publisher-4] [INFO] [1743095873.703779193] [drone_home1.gps_publisher]: Updated
[gps_publisher-4] [INFO] [1743095873.751290066] [drone_home1.gps_publisher]: none
[gps_publisher-4] [INFO] [1743095873.753133380] [drone_home1.gps_publisher]: Updated
[gps_publisher-4] [INFO] [1743095873.801317348] [drone_home1.gps_publisher]: none
[gps_publisher-4] [INFO] [1743095873.803267191] [drone_home1.gps_publisher]: Updated
[gps_publisher-4] [INFO] [1743095873.852033148] [drone_home1.gps_publisher]: none
[gps_publisher-4] [INFO] [1743095873.855241980] [drone_home1.gps_publisher]: Updated
[gps_publisher-4] [INFO] [1743095873.901967757] [drone_home1.gps_publisher]: none
[gps_publisher-4] [INFO] [1743095873.905121069] [drone_home1.gps_publisher]: Updated
[gps_publisher-4] [INFO] [1743095873.951991039] [drone_home1.gps_publisher]: none
[gps_publisher-4] [INFO] [1743095873.955616899] [drone_home1.gps_publisher]: Updated
[gps_publisher-4] [INFO] [1743095874.001877647] [drone_home1.gps_publisher]: none
[gps_publisher-4] [INFO] [1743095874.005055663] [drone_home1.gps_publisher]: Updated
[gps_publisher-4] [INFO] [1743095874.052018208] [drone_home1.gps_publisher]: none
[gps_publisher-4] [INFO] [1743095874.055228896] [drone_home1.gps_publisher]: Updated
[gps_publisher-4] [INFO] [1743095874.102013391] [drone_home1.gps_publisher]: none
[gps_publisher-4] [INFO] [1743095874.105227855] [drone_home1.gps_publisher]: Updated
[gps_publisher-4] [INFO] [1743095874.152049790] [drone_home1.gps_publisher]: none
[gps_publisher-4] [INFO] [1743095874.155688866] [drone_home1.gps_publisher]: Updated
[gps_publisher-4] [INFO] [1743095874.202014157] [drone_home1.gps_publisher]: none
[gps_publisher-4] [INFO] [1743095874.205331630] [drone_home1.gps_publisher]: Updated
[gps_publisher-4] [INFO] [1743095874.252072252] [drone_home1.gps_publisher]: none
[gps_publisher-4] [INFO] [1743095874.255713696] [drone_home1.gps_publisher]: Updated
[gps_publisher-4] [INFO] [1743095874.302011467] [drone_home1.gps_publisher]: none
[gps_publisher-4] [INFO] [1743095874.305180746] [drone_home1.gps_publisher]: Updated
[gps_publisher-4] [INFO] [1743095874.352122139] [drone_home1.gps_publisher]: none
[gps_publisher-4] [INFO] [1743095874.355388347] [drone_home1.gps_publisher]: Updated
[gps_publisher-4] [INFO] [1743095874.401287746] [drone_home1.gps_publisher]: none
[gps_publisher-4] [INFO] [1743095874.403191220] [drone_home1.gps_publisher]: Updated
[gps_publisher-4] [INFO] [1743095874.451534547] [drone_home1.gps_publisher]: none
[gps_publisher-4] [INFO] [1743095874.453980043] [drone_home1.gps_publisher]: Updated
[gps_publisher-4] [INFO] [1743095874.501605027] [drone_home1.gps_publisher]: none
[gps_publisher-4] [INFO] [1743095874.504167996] [drone_home1.gps_publisher]: Updated
[gps_publisher-4] [INFO] [1743095874.551493712] [drone_home1.gps_publisher]: none
[gps_publisher-4] [INFO] [1743095874.553743431] [drone_home1.gps_publisher]: Updated
[gps_publisher-4] [INFO] [1743095874.601479711] [drone_home1.gps_publisher]: none
[gps_publisher-4] [INFO] [1743095874.604050713] [drone_home1.gps_publisher]: Updated
[gps_publisher-4] [INFO] [1743095874.651260204] [drone_home1.gps_publisher]: none
[gps_publisher-4] [INFO] [1743095874.653266112] [drone_home1.gps_publisher]: Updated
[gps_publisher-4] [INFO] [1743095874.701234907] [drone_home1.gps_publisher]: none
[gps_publisher-4] [INFO] [1743095874.703031085] [drone_home1.gps_publisher]: Updated
[gps_publisher-4] [INFO] [1743095874.751255754] [drone_home1.gps_publisher]: none
[gps_publisher-4] [INFO] [1743095874.753004763] [drone_home1.gps_publisher]: Updated
[gps_publisher-4] [INFO] [1743095874.801177304] [drone_home1.gps_publisher]: none
[gps_publisher-4] [INFO] [1743095874.802976458] [drone_home1.gps_publisher]: Updated
[gps_publisher-4] [INFO] [1743095874.851295112] [drone_home1.gps_publisher]: none
[gps_publisher-4] [INFO] [1743095874.853416637] [drone_home1.gps_publisher]: Updated
[gps_publisher-4] [INFO] [1743095874.901261175] [drone_home1.gps_publisher]: none
[gps_publisher-4] [INFO] [1743095874.903241642] [drone_home1.gps_publisher]: Updated
[gps_publisher-4] [INFO] [1743095874.951347655] [drone_home1.gps_publisher]: none
[gps_publisher-4] [INFO] [1743095874.953284218] [drone_home1.gps_publisher]: Updated
[gps_publisher-4] [INFO] [1743095875.001266101] [drone_home1.gps_publisher]: none
[gps_publisher-4] [INFO] [1743095875.003166184] [drone_home1.gps_publisher]: Updated
[gps_publisher-4] [INFO] [1743095875.051248001] [drone_home1.gps_publisher]: none
[gps_publisher-4] [INFO] [1743095875.053167956] [drone_home1.gps_publisher]: Updated
[gps_publisher-4] [INFO] [1743095875.101204942] [drone_home1.gps_publisher]: none
[gps_publisher-4] [INFO] [1743095875.103251266] [drone_home1.gps_publisher]: Updated
[gps_publisher-4] [INFO] [1743095875.151279291] [drone_home1.gps_publisher]: none
[gps_publisher-4] [INFO] [1743095875.153065164] [drone_home1.gps_publisher]: Updated
[gps_publisher-4] [INFO] [1743095875.201279655] [drone_home1.gps_publisher]: none
[gps_publisher-4] [INFO] [1743095875.203199866] [drone_home1.gps_publisher]: Updated
[gps_publisher-4] [INFO] [1743095875.251375125] [drone_home1.gps_publisher]: none
[gps_publisher-4] [INFO] [1743095875.253986798] [drone_home1.gps_publisher]: Updated
[gps_publisher-4] [INFO] [1743095875.301424642] [drone_home1.gps_publisher]: none
[gps_publisher-4] [INFO] [1743095875.303760953] [drone_home1.gps_publisher]: Updated
[gps_publisher-4] [INFO] [1743095875.351396846] [drone_home1.gps_publisher]: none
[gps_publisher-4] [INFO] [1743095875.353367233] [drone_home1.gps_publisher]: Updated
[gps_publisher-4] [INFO] [1743095875.401164120] [drone_home1.gps_publisher]: none
[gps_publisher-4] [INFO] [1743095875.402940938] [drone_home1.gps_publisher]: Updated
[gps_publisher-4] [INFO] [1743095875.451260166] [drone_home1.gps_publisher]: none
[gps_publisher-4] [INFO] [1743095875.454246979] [drone_home1.gps_publisher]: Updated
[gps_publisher-4] [INFO] [1743095875.501917209] [drone_home1.gps_publisher]: none
[gps_publisher-4] [INFO] [1743095875.505030295] [drone_home1.gps_publisher]: Updated
[gps_publisher-4] [INFO] [1743095875.551486273] [drone_home1.gps_publisher]: none
[gps_publisher-4] [INFO] [1743095875.553773815] [drone_home1.gps_publisher]: Updated
[gps_publisher-4] [INFO] [1743095875.601583246] [drone_home1.gps_publisher]: none
[gps_publisher-4] [INFO] [1743095875.604048487] [drone_home1.gps_publisher]: Updated
[gps_publisher-4] [INFO] [1743095875.651606075] [drone_home1.gps_publisher]: none
[gps_publisher-4] [INFO] [1743095875.654261525] [drone_home1.gps_publisher]: Updated
[gps_publisher-4] [INFO] [1743095875.702031628] [drone_home1.gps_publisher]: none
[gps_publisher-4] [INFO] [1743095875.705172715] [drone_home1.gps_publisher]: Updated
[gps_publisher-4] [INFO] [1743095875.752045400] [drone_home1.gps_publisher]: none
[gps_publisher-4] [INFO] [1743095875.755191607] [drone_home1.gps_publisher]: Updated
[gps_publisher-4] [INFO] [1743095875.802032485] [drone_home1.gps_publisher]: none
[gps_publisher-4] [INFO] [1743095875.805180196] [drone_home1.gps_publisher]: Updated
[gps_publisher-4] [INFO] [1743095875.851968657] [drone_home1.gps_publisher]: none
[gps_publisher-4] [INFO] [1743095875.855115888] [drone_home1.gps_publisher]: Updated
[gps_publisher-4] [INFO] [1743095875.901962397] [drone_home1.gps_publisher]: none
[gps_publisher-4] [INFO] [1743095875.905165277] [drone_home1.gps_publisher]: Updated
[gps_publisher-4] [INFO] [1743095875.951929193] [drone_home1.gps_publisher]: none
[gps_publisher-4] [INFO] [1743095875.955071848] [drone_home1.gps_publisher]: Updated
[gps_publisher-4] [INFO] [1743095876.002509051] [drone_home1.gps_publisher]: none
[gps_publisher-4] [INFO] [1743095876.005710075] [drone_home1.gps_publisher]: Updated
